pattern_id,route_id,direction_id,n_stops,n_trips,headway_min,run_time_min,first_dep_s,last_dep_s,route_short_name
0,991,0,13,98,9.795918367346939,34.983333333333334,19200,81000,89-C
1,991,1,12,101,9.504950495049505,34.983333333333334,18000,79200,89-C
2,998,1,7,40,24.0,25.0,25500,78600,150
3,1324,0,42,128,7.5,90.0,16500,79200,290-E
4,999,0,28,17,56.470588235294116,70.0,25500,81000,13-C
5,1324,1,38,127,7.559055118110236,89.98333333333333,15000,78600,290-E
6,1325,0,45,29,33.10344827586207,94.0,35400,72600,290-E SBS-PTH
7,999,1,28,19,50.526315789473685,70.0,21600,75600,13-C
8,1325,1,41,27,35.55555555555556,94.0,21960,56160,290-E SBS-PTH
9,1326,0,49,1,960.0,89.98333333333333,41700,41700,290-Z
10,1326,1,45,1,960.0,90.0,34500,34500,290-Z
11,1328,0,9,3,320.0,19.0,21660,31860,PTH-JLOW
12,1328,1,8,1,960.0,19.0,74700,74700,PTH-JLOW
13,1330,0,29,1,960.0,40.0,33600,33600,402-D JLOW-VSD-SBS
14,1331,0,32,3,320.0,70.0,36300,56700,290-T SBS-AGLO
15,1331,1,28,2,480.0,69.98333333333333,42300,52200,290-T SBS-AGLO
16,1333,0,29,1,960.0,84.98333333333333,63000,63000,285-B
17,1333,1,32,1,960.0,79.98333333333333,28800,28800,285-B
18,1334,0,28,2,480.0,70.0,19800,69600,285-B RMGH-KBS
19,1335,0,60,2,480.0,135.0,28200,72300,226-VB
20,1335,1,59,1,960.0,120.0,20700,20700,226-VB
21,1337,0,63,2,480.0,134.99166666666667,27000,68700,226-Y
22,1337,1,62,2,480.0,132.5,18900,60300,226-Y
23,1340,1,38,1,960.0,90.0,30600,30600,227 SBS-KMT FLY-RMH
24,1344,0,44,1,960.0,84.0,40800,40800,501-C HBLB-D12G
25,1345,1,10,1,960.0,14.983333333333333,59700,59700,VLO1-KGR
26,1347,0,62,2,480.0,127.48333333333333,23400,68400,298-MK
27,1347,1,63,2,480.0,120.0,16800,60000,298-MK
28,1348,0,60,33,29.09090909090909,114.98333333333333,17400,73200,298-MP
29,1348,1,60,32,30.0,115.0,18000,74700,298-MP
30,1350,0,42,3,320.0,89.98333333333333,23700,72900,227-A
31,1350,1,42,3,320.0,89.98333333333333,18900,67200,227-A
32,1352,0,49,5,192.0,104.98333333333333,26100,72000,227-BA
33,1352,1,47,5,192.0,105.0,19800,64200,227-BA
34,1353,0,50,5,192.0,89.98333333333333,17400,58800,227-B
35,1353,1,48,5,192.0,90.0,25800,72900,227-B
36,1354,1,28,1,960.0,55.0,18300,18300,227-C
37,1355,0,40,3,320.0,85.0,24600,75300,227-D
38,1355,1,38,3,320.0,85.0,19800,68700,227-D
39,1356,0,43,4,240.0,80.0,25500,75000,227-E
40,1356,1,42,4,240.0,80.0,20700,69300,227-E
41,1357,0,44,3,320.0,89.98333333333333,23700,72300,227-F
42,1000,0,40,48,20.0,99.98333333333333,17700,80100,KBS-3C
43,1357,1,40,3,320.0,90.0,18000,63900,227-F
44,1358,0,35,2,480.0,69.98333333333333,42900,58500,227-G
45,1358,1,31,1,960.0,70.0,50700,50700,227-G
46,1361,0,44,5,192.0,80.0,16500,73800,227-H
47,1361,1,41,4,240.0,85.0,21000,72900,227-H
48,1362,0,42,7,137.14285714285714,90.0,19200,69600,227-HA
49,1362,1,40,7,137.14285714285714,89.98333333333333,14700,63900,227-HA
50,1363,0,36,5,192.0,74.98333333333333,21900,72600,227-J
51,1363,1,34,5,192.0,74.98333333333333,18000,67800,227-J
52,1364,0,47,1,960.0,90.0,27300,27300,227-K
53,1364,1,44,3,320.0,90.0,21600,69000,227-K
54,1366,0,42,7,137.14285714285714,79.98333333333333,19800,76200,227-N
55,1366,1,40,7,137.14285714285714,80.0,15300,71100,227-N
56,1367,0,34,107,8.97196261682243,75.0,16200,80400,401-A
57,1367,1,33,104,9.23076923076923,69.98333333333333,15600,79500,401-A
58,1368,0,44,1,960.0,90.0,29400,29400,227-NA
59,1368,1,43,1,960.0,90.0,35100,35100,227-NA
60,1369,0,44,1,960.0,90.0,73500,73500,227-P
61,1369,1,42,1,960.0,75.0,18000,18000,227-P
62,1370,0,41,2,480.0,90.0,33300,45600,227-Q
63,1370,1,39,2,480.0,90.0,27600,39900,227-Q
64,1371,0,41,3,320.0,79.98333333333333,21600,73500,227-R
65,1371,1,41,3,320.0,75.0,17100,66000,227-R
66,1372,0,41,1,960.0,90.0,58200,58200,227-RB
67,1372,1,39,1,960.0,90.0,30300,30300,227-RB
68,1373,0,45,5,192.0,90.0,22200,58500,227-RC
69,1373,1,43,3,320.0,89.98333333333333,39900,63300,227-RC
70,1374,0,49,1,960.0,99.98333333333333,37800,37800,227-S
71,1374,1,47,1,960.0,100.0,44100,44100,227-S
72,1375,0,37,4,240.0,70.0,22800,75300,227-T
73,1375,1,35,4,240.0,77.49166666666666,18000,68700,227-T
74,1378,0,2,65,14.76923076923077,1.0,21000,67200,D17-CLO
75,1378,1,2,71,13.52112676056338,1.0,21540,79140,D17-CLO
76,1383,1,46,1,960.0,115.0,29100,29100,227-A SBS-MYS
77,1384,0,43,1,960.0,78.0,49320,49320,227-A BEML5-MYS
78,1387,0,40,123,7.804878048780488,100.0,14400,76200,248
79,1000,1,37,37,25.945945945945947,100.0,23400,79200,KBS-3C
80,1387,1,35,124,7.741935483870968,95.0,16200,81000,248
81,1388,0,42,1,960.0,85.0,34500,34500,227-P KBS-HNG
82,1388,1,41,1,960.0,90.0,53700,53700,227-P KBS-HNG
83,1389,0,53,2,480.0,102.49166666666666,25500,61200,227-VB
84,1389,1,50,3,320.0,95.0,19800,53700,227-VB
85,1391,0,48,1,960.0,104.98333333333333,53400,53400,227-W
86,1391,1,46,1,960.0,105.0,29700,29700,227-W
87,1392,0,36,3,320.0,75.0,26400,73500,227-Y
88,1392,1,34,3,320.0,74.98333333333333,21600,68100,227-Y
89,1393,0,56,2,480.0,145.0,25500,68400,227-Z
90,1393,1,55,2,480.0,132.49166666666667,18000,57900,227-Z
91,1394,0,55,2,480.0,127.5,24300,68400,227-ZA
92,1394,1,50,2,480.0,117.5,18000,32400,227-ZA
93,1396,0,39,5,192.0,75.0,20400,71400,228
94,1396,1,37,4,240.0,77.49166666666666,16500,64800,228
95,1397,0,44,8,120.0,87.49166666666666,21000,73800,228-A
96,1397,1,43,8,120.0,90.0,19800,75300,228-A
97,1398,0,41,6,160.0,82.49166666666666,23400,75300,228-B
98,1398,1,40,8,120.0,85.0,18900,69900,228-B
99,1399,0,56,43,22.325581395348838,89.98333333333333,15300,75000,213-V
100,1399,1,55,36,26.666666666666668,89.98333333333333,21600,74100,213-V
101,1401,0,9,1,960.0,13.983333333333333,30360,30360,D36G-KNGP
102,1402,0,41,3,320.0,79.98333333333333,25800,76500,228-C
103,1402,1,40,3,320.0,75.0,21000,70200,228-C
104,1403,0,42,4,240.0,77.49166666666666,25200,78300,228-E
105,1403,1,41,3,320.0,79.98333333333333,20700,71700,228-E
106,1404,0,46,3,320.0,85.0,28200,77100,228-F
107,1404,1,45,3,320.0,85.0,22800,70500,228-F
108,1405,0,41,2,480.0,75.0,23700,60900,228-G
109,1405,1,39,2,480.0,74.99166666666666,19200,54300,228-G
110,1406,0,40,3,320.0,84.98333333333333,22500,72300,228-H
111,1406,1,40,1,960.0,84.98333333333333,64800,64800,228-H
112,1407,0,38,1,960.0,80.0,37500,37500,228-J
113,1001,0,2,73,13.150684931506849,5.0,21000,68400,D2-SNBS
114,1407,1,38,1,960.0,80.0,42600,42600,228-J
115,1365,0,47,3,320.0,85.0,22500,76500,227-L
116,1365,1,46,3,320.0,80.0,17400,68400,227-L
117,1409,0,45,1,960.0,90.0,32400,32400,228-C DKH-SBS
118,1411,0,20,5,192.0,60.0,20700,72900,288-C
119,1411,1,22,5,192.0,60.0,24300,76800,288-C
120,1412,0,29,1,960.0,80.0,43500,43500,402
121,1413,0,33,6,160.0,69.98333333333333,24900,70200,404-C
122,1413,1,34,6,160.0,69.98333333333333,30000,74700,404-C
123,1414,0,28,2,480.0,59.0,72900,74100,284-B
124,1415,0,7,23,41.73913043478261,8.983333333333333,16800,54660,PTH-YSTF
125,1415,1,7,18,53.333333333333336,9.0,44100,84000,PTH-YSTF
126,1418,0,44,48,20.0,90.0,19800,75900,280-F
127,1418,1,47,39,24.615384615384617,90.0,18000,75900,280-F
128,1419,0,68,62,15.483870967741936,120.0,18600,72900,401-R
129,1419,1,67,62,15.483870967741936,120.0,19500,73800,401-R
130,1421,0,53,2,480.0,104.98333333333333,27000,27900,280-F YSTF-HSK
131,1420,0,43,1,960.0,99.98333333333333,27600,27600,227-RC CDPC-KBS-KMT
132,1423,0,17,58,16.551724137931036,35.0,20100,79800,289-A
133,1423,1,17,60,16.0,34.983333333333334,18000,77700,289-A
134,1417,0,37,7,137.14285714285714,74.98333333333333,21900,77100,229
135,1417,1,36,6,160.0,75.0,17100,70200,229
136,1424,0,14,2,480.0,31.491666666666667,50160,50460,234-A CLO-KMT
137,1425,0,34,4,240.0,72.49166666666666,21600,60300,229-B
138,1425,1,33,4,240.0,69.98333333333333,26100,75900,229-B
139,1426,0,35,1,960.0,70.0,71400,71400,229-B KBS-DVG
140,1426,1,32,1,960.0,75.0,66600,66600,229-B KBS-DVG
141,1410,1,46,1,960.0,99.98333333333333,30600,30600,228-E SBS-TPR
142,1427,0,63,14,68.57142857142857,120.0,18000,65700,401-AM
143,1427,1,62,16,60.0,120.0,24600,73200,401-AM
144,1428,0,32,7,137.14285714285714,58.983333333333334,26460,58200,401-AM PTH-PSS
145,1428,1,33,4,240.0,60.0,41100,51300,401-AM PTH-PSS
146,1429,0,45,4,240.0,89.98333333333333,22800,70800,229-D
147,1429,1,44,5,192.0,90.0,18000,62100,229-D
148,1430,1,31,2,480.0,69.98333333333333,29700,59100,230
149,1432,0,30,5,192.0,60.0,23400,72000,230-A
150,1432,1,29,5,192.0,60.0,19800,66000,230-A
151,1433,0,41,4,240.0,77.49166666666666,24300,74700,231
152,1433,1,39,4,240.0,77.5,19800,69600,231
153,1436,0,49,2,480.0,99.98333333333333,38100,54000,231-K
154,1436,1,48,2,480.0,102.49166666666666,30000,44400,231-K
155,1437,0,40,1,960.0,100.0,28200,28200,228-G KCP-KBS
156,1438,0,45,3,320.0,84.98333333333333,23100,75300,231-B
157,1438,1,42,1,960.0,79.98333333333333,18000,18000,231-B
158,1439,0,44,1,960.0,105.0,28500,28500,231-B BNKP-KBS
159,1440,0,42,2,480.0,87.49166666666666,17100,27600,228-H TPR-KMT-KBS
160,1442,0,46,2,480.0,84.98333333333333,23700,70500,231-C
161,1442,1,43,1,960.0,74.98333333333333,18900,18900,231-C
162,1443,0,45,1,960.0,100.0,28800,28800,231-C MRGP-KMT-KBS
163,1444,0,45,2,480.0,90.0,24000,72900,231-D
164,1444,1,44,2,480.0,89.98333333333333,18900,65700,231-D
165,1445,0,44,3,320.0,89.98333333333333,30300,77700,231-E
166,1445,1,43,3,320.0,85.0,23400,71700,231-E
167,1446,0,48,1,960.0,115.0,57600,57600,231-E BDD-KMT
168,1447,0,46,3,320.0,99.98333333333333,21300,72000,231-F
169,1447,1,46,3,320.0,110.0,16200,61800,231-F
170,1448,0,45,4,240.0,87.5,26700,73800,231-G
171,1448,1,42,3,320.0,90.0,21600,66000,231-G
172,1450,0,38,3,320.0,75.0,22200,74700,231-H
173,1450,1,37,4,240.0,64.98333333333333,18600,68400,231-H
174,1451,1,49,1,960.0,110.0,32700,32700,231-J
175,1452,0,14,1,960.0,28.983333333333334,30660,30660,231-J D36G-GDH
176,1453,0,49,2,480.0,107.49166666666666,27900,61800,231-M
177,1454,0,26,6,160.0,50.0,21300,78300,234
178,1454,1,25,5,192.0,49.983333333333334,18600,74400,234
179,1455,0,27,5,192.0,55.0,27900,63000,234 KMT-UDB
180,1455,1,27,5,192.0,60.0,31800,66900,234 KMT-UDB
181,1456,0,28,62,15.483870967741936,55.0,18000,79200,234-A
182,1456,1,26,55,17.454545454545453,55.0,18000,76800,234-A
183,1460,0,26,38,25.263157894736842,54.983333333333334,19500,77400,234-E
184,1460,1,29,27,35.55555555555556,69.98333333333333,16200,70500,234-E
185,1001,1,2,82,11.707317073170731,5.0,19500,80400,D2-SNBS
186,1462,0,28,11,87.27272727272727,70.0,21900,61800,234-E KMT FLY
187,1465,0,26,6,160.0,54.983333333333334,19500,72300,234-EC
188,1465,1,29,6,160.0,69.98333333333333,22500,75900,234-EC
189,1468,0,30,2,480.0,64.49166666666666,37800,74100,225-B SBS-BEML5
190,1469,0,35,6,160.0,60.0,23100,79200,234-C
191,1469,1,34,6,160.0,59.983333333333334,19800,73800,234-C
192,1471,0,42,2,480.0,89.99166666666666,31200,67800,226-C BNKP-KMT
193,1471,1,43,1,960.0,79.98333333333333,26100,26100,226-C BNKP-KMT
194,1473,0,58,1,960.0,120.0,20400,20400,226-V KBS-HGH
195,1476,0,26,1,960.0,65.0,67800,67800,237-C
196,1476,1,23,2,480.0,57.49166666666667,27000,34500,237-C
197,1478,0,24,6,160.0,50.0,32100,72600,238-C
198,1478,1,23,7,137.14285714285714,50.0,23100,67800,238-C
199,1479,0,6,1,960.0,9.0,28260,28260,D31G-BMBS
200,1479,1,6,1,960.0,4.983333333333333,64800,64800,D31G-BMBS
201,1483,0,53,3,320.0,89.98333333333333,39000,51000,401-B HRPC-YHKOT
202,1483,1,54,3,320.0,90.0,31800,43800,401-B HRPC-YHKOT
203,1484,0,56,6,160.0,90.0,36900,55500,401-E
204,1484,1,55,6,160.0,100.0,28200,48300,401-E
205,1485,0,7,4,240.0,4.0,32460,53460,CLO-RPCLO
206,1487,0,36,13,73.84615384615384,71.98333333333333,16800,57960,298-M PTH-DVH
207,1487,1,37,16,60.0,69.0,35400,70500,298-M PTH-DVH
208,1493,0,2,30,32.0,1.0,21600,73500,D19-ELC
209,1493,1,2,33,29.09090909090909,1.0,18840,77340,D19-ELC
210,1494,0,2,76,12.631578947368421,1.0,21600,75540,D38-D38G
211,1494,1,2,80,12.0,1.0,21540,78840,D38-D38G
212,1495,0,17,14,68.57142857142857,46.5,22860,54360,360 D38G-ATB
213,1495,1,17,15,64.0,48.983333333333334,36000,72900,360 D38G-ATB
214,1496,0,14,1,960.0,38.983333333333334,34260,34260,D38G-HLG-ATB
215,1496,1,14,1,960.0,38.983333333333334,71400,71400,D38G-HLG-ATB
216,1497,0,2,68,14.117647058823529,1.0,21600,59100,D32-SRN
217,1497,1,2,63,15.238095238095237,1.0,37740,79140,D32-SRN
218,1498,0,11,47,20.425531914893618,29.0,23760,59160,360 SRN-ATB
219,1498,1,11,46,20.869565217391305,28.983333333333334,36300,78000,360 SRN-ATB
220,1499,1,36,2,480.0,79.0,41400,60900,KBS-3A KRM-ATB
221,1500,0,40,2,480.0,94.99166666666666,49800,63900,349-C
222,1500,1,36,2,480.0,94.98333333333333,32100,58200,349-C
223,1501,0,39,12,80.0,89.0,36300,81300,KBS-3C FLYOVER
224,1501,1,35,12,80.0,89.0,17100,51060,KBS-3C FLYOVER
225,1507,0,53,147,6.530612244897959,100.0,16800,79200,502-H
226,1507,1,50,143,6.713286713286713,100.0,16200,78000,502-H
227,1002,0,23,2,480.0,62.49166666666667,24900,66900,333-C
228,1002,1,20,4,240.0,60.0,21600,51900,333-C
229,1004,0,52,28,34.285714285714285,129.98333333333332,20100,79200,361-C
230,1508,0,39,129,7.441860465116279,99.98333333333333,15000,78300,600-F
231,1508,1,39,135,7.111111111111111,99.98333333333333,16800,80100,600-F
232,1004,1,50,25,38.4,129.98333333333332,20400,69600,361-C
233,1509,0,35,4,240.0,84.98333333333333,26400,67500,600-F FLYOVER
234,1509,1,34,4,240.0,85.0,27000,69000,600-F FLYOVER
235,1511,0,21,1,960.0,29.0,54060,54060,D31G-MGH
236,1511,1,20,1,960.0,30.0,44100,44100,D31G-MGH
237,1513,0,25,4,240.0,60.0,21300,64200,286-D
238,1513,1,27,5,192.0,60.0,18000,60300,286-D
239,1514,0,18,2,480.0,23.0,28320,49320,286-D PTH-SRP
240,1514,1,18,1,960.0,23.983333333333334,63300,63300,286-D PTH-SRP
241,1515,0,25,1,960.0,60.0,33600,33600,286-E
242,1515,1,27,1,960.0,60.0,29700,29700,286-E
243,1516,0,18,1,960.0,39.0,27060,27060,286-E PTH-SVKTN
244,1516,1,18,1,960.0,39.0,62400,62400,286-E PTH-SVKTN
245,1517,0,23,3,320.0,50.0,39000,54900,286-E SVKTN-KBS
246,1518,0,18,3,320.0,50.0,29400,51900,286-G
247,1518,1,20,3,320.0,50.0,42000,58500,286-G
248,1519,0,22,1,960.0,60.0,36600,36600,286-G KMT-KBS-JKR
249,1519,1,24,1,960.0,60.0,32700,32700,286-G KMT-KBS-JKR
250,1520,0,26,4,240.0,52.5,32400,60600,286-H
251,1520,1,25,4,240.0,52.5,28800,57000,286-H
252,1521,0,10,1,960.0,19.0,27360,27360,285 PTH-JKLO
253,1521,1,9,2,480.0,19.0,63000,63900,285 PTH-JKLO
254,1522,0,20,11,87.27272727272727,50.0,26100,68700,288-H
255,1522,1,22,11,87.27272727272727,50.0,29400,72000,288-H
256,1526,0,14,1,960.0,13.983333333333333,30360,30360,PTH-VRP-TDL
257,1526,1,13,1,960.0,14.0,69000,69000,PTH-VRP-TDL
258,1527,1,29,1,960.0,75.0,57600,57600,297-G
259,1529,0,45,1,960.0,105.0,51000,51000,297-G KBS-DCH
260,1529,1,47,1,960.0,109.98333333333333,31200,31200,297-G KBS-DCH
261,1530,0,30,3,320.0,80.0,36000,61200,402-A
262,1530,1,32,3,320.0,79.98333333333333,30900,56100,402-A
263,1531,0,7,2,480.0,8.983333333333333,61500,66000,ATR-PTH
264,1531,1,7,1,960.0,9.0,30060,30060,ATR-PTH
265,1533,0,46,73,13.150684931506849,94.98333333333333,18000,80700,G-10
266,1533,1,42,69,13.91304347826087,95.0,14400,79800,G-10
267,1005,0,17,20,48.0,45.0,26100,68700,37
268,1534,0,21,6,160.0,59.983333333333334,23700,73800,286-A
269,1534,1,23,5,192.0,60.0,20400,67500,286-A
270,1535,0,16,6,160.0,49.983333333333334,21900,68100,286-AA
271,1535,1,17,6,160.0,45.0,24600,71700,286-AA
272,1164,0,43,80,12.0,90.0,13500,80400,258-C
273,1164,1,44,79,12.151898734177216,89.98333333333333,15300,79500,258-C
274,1005,1,18,24,40.0,40.0,23400,73200,37
275,1538,0,36,2,480.0,69.98333333333333,54900,63900,235-K KBS-RMS
276,1538,1,36,1,960.0,70.0,59400,59400,235-K KBS-RMS
277,1540,0,25,2,480.0,80.0,34800,57600,286-B
278,1540,1,28,2,480.0,77.5,29700,51300,286-B
279,1543,0,22,1,960.0,50.0,68100,68100,286-D SRP-KBS
280,1544,0,2,63,15.238095238095237,1.0,21000,68580,D45-D45G
281,1544,1,2,76,12.631578947368421,1.0,21240,79140,D45-D45G
282,1545,0,39,9,106.66666666666667,84.98333333333333,19500,66000,290-T
283,1545,1,36,8,120.0,85.0,24600,66000,290-T
284,1546,0,46,1,960.0,99.98333333333333,72000,72000,290-E KMT-YHKOT
285,1546,1,43,2,480.0,79.99166666666666,18000,54900,290-E KMT-YHKOT
286,1547,0,47,2,480.0,87.99166666666666,21660,28980,290-E PTH-KMT
287,1547,1,50,1,960.0,98.98333333333333,62100,62100,290-E PTH-KMT
288,1548,0,2,66,14.545454545454545,5.0,15900,75900,D22-PSS
289,1006,0,4,9,106.66666666666667,15.0,38400,68100,KMT-SNBS
290,1548,1,2,71,13.52112676056338,5.0,40200,85800,D22-PSS
291,1549,0,2,75,12.8,5.0,21300,71400,D9-PSS
292,1006,1,6,8,120.0,15.0,23400,51300,KMT-SNBS
293,1549,1,2,81,11.851851851851851,5.0,20400,79500,D9-PSS
294,1007,0,31,81,11.851851851851851,75.0,22200,79200,G-3
295,1550,0,26,1,960.0,50.0,19200,19200,401-PS
296,1550,1,27,1,960.0,60.0,74700,74700,401-PS
297,1551,0,2,65,14.76923076923077,1.0,21600,56700,D15-KRM
298,1551,1,2,79,12.151898734177216,1.0,24300,79440,D15-KRM
299,1552,0,2,66,14.545454545454545,1.0,21000,67500,D26-YBS
300,1552,1,2,78,12.307692307692308,1.0,22440,79740,D26-YBS
301,1553,0,26,81,11.851851851851851,60.0,18000,81000,252
302,1553,1,26,75,12.8,59.983333333333334,15000,81300,252
303,1502,0,53,4,240.0,102.5,18900,74400,253-E
304,1502,1,57,3,320.0,105.0,18300,67800,253-E
305,1554,0,53,5,192.0,109.98333333333333,27300,62700,253-G
306,1554,1,55,7,137.14285714285714,109.98333333333333,21600,55800,253-G
307,1555,0,31,1,960.0,59.983333333333334,21600,21600,285-M YHK-DBP
308,1555,1,32,2,480.0,69.98333333333333,73800,74100,285-M YHK-DBP
309,1556,0,2,60,16.0,1.0,21000,57900,D30-PTN
310,1556,1,2,71,13.52112676056338,1.0,37740,80640,D30-PTN
311,1558,0,78,118,8.135593220338983,129.98333333333332,15000,73800,401-K
312,1558,1,78,112,8.571428571428571,124.98333333333333,15600,77700,401-K
313,1007,1,33,73,13.150684931506849,74.98333333333333,18000,72600,G-3
314,1562,0,29,1,960.0,77.98333333333333,26220,26220,401-K D31G-GKVK
315,1563,0,7,1,960.0,15.0,56700,56700,YHKOT-GKVK
316,1563,1,6,1,960.0,20.0,32700,32700,YHKOT-GKVK
317,1564,0,41,6,160.0,89.98333333333333,71100,80400,248-PS
318,1564,1,35,7,137.14285714285714,80.0,14400,21600,248-PS
319,1565,0,74,1,960.0,100.0,21600,21600,401-KA
320,1567,0,35,99,9.696969696969697,69.98333333333333,18000,78000,176
321,1567,1,38,98,9.795918367346939,79.98333333333333,17100,77400,176
322,1568,0,2,41,23.414634146341463,1.0,21300,56400,D14-RTN
323,1568,1,2,53,18.11320754716981,1.0,41040,79140,D14-RTN
324,1569,0,25,40,24.0,45.0,22500,73200,75-B
325,1569,1,26,35,27.428571428571427,45.0,25200,76200,75-B
326,1570,0,28,2,480.0,48.483333333333334,26460,27420,75-B CLO-MBS
327,1570,1,28,5,192.0,49.0,41400,64500,75-B CLO-MBS
328,1571,1,40,1,960.0,78.98333333333333,64500,64500,176 CLO-KVB
329,1489,0,23,58,16.551724137931036,50.0,20400,81300,111
330,1489,1,23,55,17.454545454545453,50.0,18000,76200,111
331,1490,0,22,47,20.425531914893618,45.0,18000,79200,111-C
332,1490,1,22,45,21.333333333333332,44.983333333333334,18000,77100,111-C
333,1575,0,2,74,12.972972972972974,1.0,20700,80040,D33-PPLO
334,1008,0,27,75,12.8,65.0,17400,78600,171-G
335,1575,1,2,93,10.32258064516129,1.0,19140,80340,D33-PPLO
336,1576,0,22,184,5.217391304347826,50.0,16200,81000,375-D
337,1576,1,22,174,5.517241379310345,50.0,16200,80400,375-D
338,1578,0,18,18,53.333333333333336,29.0,21960,66960,242 D31G-KMT
339,1578,1,18,6,160.0,30.0,36600,43800,242 D31G-KMT
340,1112,0,35,19,50.526315789473685,59.0,21360,54660,242 D35G-KMT
341,1112,1,38,17,56.470588235294116,58.983333333333334,34500,76200,242 D35G-KMT
342,1491,0,14,30,32.0,30.0,23400,77400,112-A
343,1491,1,13,28,34.285714285714285,30.0,21600,75600,112-A
344,1577,0,12,25,38.4,14.0,21660,59400,242 D35G-TVK
345,1577,1,12,20,48.0,14.0,39600,78900,242 D35G-TVK
346,1581,0,24,34,28.235294117647058,49.983333333333334,18000,75900,114
347,1581,1,23,36,26.666666666666668,49.983333333333334,20400,75000,114
348,1582,0,22,33,29.09090909090909,29.983333333333334,27900,73500,114-A
349,1582,1,21,25,38.4,29.983333333333334,21000,65100,114-A
350,1008,1,21,81,11.851851851851851,65.0,16500,78000,171-G
351,1583,0,21,21,45.714285714285715,45.0,24900,75000,114-B
352,1583,1,21,21,45.714285714285715,45.0,24300,72900,114-B
353,1584,0,20,60,16.0,50.0,18000,81900,114-C
354,1584,1,22,58,16.551724137931036,47.5,18000,81300,114-C
355,1586,0,24,5,192.0,49.983333333333334,37800,67500,114-G
356,1586,1,25,5,192.0,50.0,34200,63900,114-G
357,1589,0,41,1,960.0,85.0,74100,74100,242-U KBS-LKSMP
358,1589,1,42,2,480.0,84.98333333333333,34800,68700,242-U KBS-LKSMP
359,1590,0,30,7,137.14285714285714,50.0,22500,76200,243-D
360,1590,1,31,6,160.0,52.49166666666667,19200,71100,243-D
361,1591,0,10,5,192.0,25.0,20100,64200,119
362,1591,1,9,4,240.0,25.0,33900,66000,119
363,1593,0,42,2,480.0,120.0,26100,28800,NICE-6
364,1593,1,46,2,480.0,120.0,62100,64800,NICE-6
365,1594,0,17,4,240.0,40.0,45000,62700,119-B
366,1594,1,17,4,240.0,40.0,30000,60000,119-B
367,1595,0,28,21,45.714285714285715,50.0,34500,76800,80-G
368,1595,1,26,11,87.27272727272727,49.983333333333334,22680,63000,80-G
369,1596,0,56,5,192.0,105.0,26400,63900,293-K
370,1596,1,55,5,192.0,100.0,21000,70500,293-K
371,1599,0,49,2,480.0,92.5,24000,25200,242-E
372,1599,1,47,3,320.0,90.0,18300,59700,242-E
373,1602,0,19,20,48.0,45.0,24300,78600,95
374,1602,1,23,19,50.526315789473685,45.0,21600,72300,95
375,1603,0,56,3,320.0,119.98333333333333,24900,67500,342-M
376,1603,1,55,3,320.0,120.0,18600,56400,342-M
377,1607,0,53,53,18.11320754716981,120.0,14400,78000,265
378,1608,0,25,11,87.27272727272727,55.0,25800,81000,252-E
379,1608,1,27,13,73.84615384615384,50.0,22500,81600,252-E
380,1610,0,10,4,240.0,17.491666666666667,63600,67800,252 LGR-PSS
381,1610,1,12,3,320.0,15.0,31500,55800,252 LGR-PSS
382,1612,0,27,58,16.551724137931036,60.0,21600,78300,252-A
383,1612,1,27,57,16.842105263157894,60.0,20400,77700,252-A
384,1617,0,2,1,960.0,55.0,25200,25200,SJBHS-07
385,1617,1,2,1,960.0,55.0,54900,54900,SJBHS-07
386,1618,0,29,1,960.0,70.0,36300,36300,251-D
387,1618,1,33,1,960.0,69.98333333333333,57000,57000,251-D
388,1621,0,30,140,6.857142857142857,55.0,17400,83700,252-F
389,1621,1,27,142,6.76056338028169,54.983333333333334,14400,81000,252-F
390,1623,0,13,1,960.0,9.0,22860,22860,PPLO-VSP-KSLO
391,1624,0,22,2,480.0,41.0,51960,52620,248 D31G-JHC
392,1009,0,38,47,20.425531914893618,79.98333333333333,20700,81000,G-4
393,1625,0,25,42,22.857142857142858,45.0,19800,77100,252-H
394,1625,1,26,43,22.325581395348838,45.0,17400,73500,252-H
395,1626,0,18,1,960.0,19.0,69000,69000,401-M PSS-KTS-D31G
396,1626,1,20,1,960.0,19.0,51060,51060,401-M PSS-KTS-D31G
397,1631,0,29,1,960.0,69.98333333333333,63600,63600,13-F
398,1631,1,32,1,960.0,70.0,33600,33600,13-F
399,1632,0,35,4,240.0,65.0,29100,65400,13-H
400,1632,1,33,4,240.0,64.99166666666666,33900,69900,13-H
401,1633,0,47,35,27.428571428571427,99.98333333333333,18000,67200,258
402,1633,1,50,41,23.414634146341463,100.0,17100,74400,258
403,1634,0,33,3,320.0,75.0,36900,60900,13-J
404,1634,1,34,3,320.0,74.98333333333333,32100,55800,13-J
405,1636,0,34,91,10.54945054945055,60.0,19800,81300,258-CB
406,1636,1,35,83,11.566265060240964,59.983333333333334,18000,75900,258-CB
407,1637,0,67,1,960.0,139.98333333333332,68400,68400,258 KMT-CMDR
408,1637,1,70,1,960.0,105.0,19800,19800,258 KMT-CMDR
409,1638,0,28,3,320.0,80.0,37800,62100,13-K
410,1638,1,29,3,320.0,80.0,32400,57000,13-K
411,1639,0,2,7,137.14285714285714,5.0,25500,66600,D40-D40G
412,1639,1,2,2,480.0,5.0,51000,65700,D40-D40G
413,1643,0,10,2,480.0,18.983333333333334,29160,32760,D6G-NRG
414,1644,1,59,1,960.0,119.98333333333333,29700,29700,258-J
415,1646,0,47,1,960.0,80.0,63900,63900,258-C VSD FLY
416,1646,1,48,1,960.0,80.0,31200,31200,258-C VSD FLY
417,1647,0,27,17,56.470588235294116,60.0,23700,68700,250-A
418,1647,1,30,14,68.57142857142857,59.983333333333334,27600,73200,250-A
419,1651,0,31,106,9.056603773584905,60.0,18000,79200,401
420,1009,1,36,46,20.869565217391305,79.98333333333333,16800,75600,G-4
421,1651,1,31,107,8.97196261682243,59.983333333333334,18000,79200,401
422,1652,0,44,96,10.0,64.98333333333333,18000,78300,401-KB
423,1652,1,44,98,9.795918367346939,64.98333333333333,18300,75900,401-KB
424,1655,0,2,70,13.714285714285714,1.0,21600,76740,D8-YBS
425,1655,1,2,83,11.566265060240964,1.0,14340,80040,D8-YBS
426,1013,0,44,60,16.0,114.98333333333333,14400,77100,342-F
427,1660,0,19,6,160.0,52.49166666666667,24300,69600,143-A
428,1660,1,16,6,160.0,54.983333333333334,27300,73200,143-A
429,1663,0,19,4,240.0,39.0,64500,76500,143 KMT-NSR-KRM
430,1663,1,16,6,160.0,38.983333333333334,22560,48660,143 KMT-NSR-KRM
431,1665,0,17,3,320.0,39.0,58800,69600,144-E SBS-NRG-D15
432,1665,1,13,2,480.0,34.0,29760,50160,144-E SBS-NRG-D15
433,1666,0,21,5,192.0,50.0,32100,63900,141-K
434,1666,1,17,5,192.0,50.0,28800,60300,141-K
435,1668,0,25,3,320.0,59.983333333333334,24900,52500,144-G
436,1668,1,26,2,480.0,59.983333333333334,28800,38100,144-G
437,1669,0,15,1,960.0,35.0,36300,36300,145
438,1670,1,19,1,960.0,50.0,48600,48600,146-F
439,1659,0,31,141,6.808510638297872,80.0,17400,79800,410-FA
440,1659,1,32,157,6.114649681528663,79.98333333333333,18000,79800,410-FA
441,1672,0,22,2,480.0,49.483333333333334,46800,75300,410-FG MRMS-YTTMC
442,1672,1,23,4,240.0,49.5,43500,72000,410-FG MRMS-YTTMC
443,1674,0,2,76,12.631578947368421,5.0,20700,67500,D20-BSK
444,1674,1,2,90,10.666666666666666,5.0,21600,79800,D20-BSK
445,1675,0,2,69,13.91304347826087,1.0,21000,59100,D4-SGH
446,1013,1,42,53,18.11320754716981,114.98333333333333,15300,78600,342-F
447,1675,1,2,69,13.91304347826087,1.0,39540,80040,D4-SGH
448,1676,0,31,10,96.0,54.983333333333334,16800,58800,375-H SGH-KGR
449,1676,1,30,10,96.0,55.0,32100,79800,375-H SGH-KGR
450,1677,0,15,51,18.823529411764707,40.0,23400,76200,155
451,1677,1,12,51,18.823529411764707,40.0,20700,73500,155
452,1680,0,20,7,137.14285714285714,59.0,41700,75600,121-BA SBS-KMTFLY-CLO
453,1680,1,18,2,480.0,54.0,22860,27060,121-BA SBS-KMTFLY-CLO
454,1681,0,14,27,35.55555555555556,39.983333333333334,25200,74100,15-A
455,1681,1,15,30,32.0,37.5,23100,76200,15-A
456,1683,0,21,29,33.10344827586207,55.0,16200,78600,15-E
457,1683,1,19,27,35.55555555555556,55.0,18900,76200,15-E
458,1684,0,33,2,480.0,64.0,37800,72300,15-E KBS-PPLO
459,1684,1,31,2,480.0,54.0,21660,48060,15-E KBS-PPLO
460,1686,0,21,1,960.0,60.0,63900,63900,15-E VSD-KSLO
461,1686,1,20,1,960.0,55.0,32700,32700,15-E VSD-KSLO
462,1687,0,23,25,38.4,60.0,20700,78900,15-G
463,1687,1,21,24,40.0,60.0,18000,75600,15-G
464,1692,0,2,59,16.271186440677965,1.0,25200,66900,D18-WFTTMC
465,1692,1,2,60,16.0,1.0,6000,78600,D18-WFTTMC
466,1695,0,44,105,9.142857142857142,99.98333333333333,24600,73200,V-500CA
467,1014,0,47,2,480.0,90.0,52800,55800,335-E
468,1014,1,44,2,480.0,90.0,35700,40200,335-E
469,1015,0,17,49,19.591836734693878,45.0,22800,76500,12
470,1695,1,43,110,8.727272727272727,99.98333333333333,24900,73200,V-500CA
471,1696,0,50,54,17.77777777777778,105.0,32700,80400,V-500CK
472,1696,1,47,47,20.425531914893618,104.98333333333333,18000,70800,V-500CK
473,1697,0,26,13,73.84615384615384,105.0,21300,79200,KIA-4
474,1697,1,25,13,73.84615384615384,104.98333333333333,13800,75600,KIA-4
475,1698,0,35,14,68.57142857142857,114.98333333333333,10800,67500,KIA-4A
476,1698,1,34,14,68.57142857142857,114.98333333333333,300,79800,KIA-4A
477,1699,0,32,12,80.0,134.99166666666667,18000,73800,KIA-6
478,1699,1,36,16,60.0,120.0,3600,76200,KIA-6
479,1700,0,34,3,320.0,119.0,47460,55560,KIA-6W
480,1701,0,31,6,160.0,122.5,12600,66600,KIA-6A
481,1701,1,28,4,240.0,127.5,20700,53400,KIA-6A
482,1702,0,25,23,41.73913043478261,110.0,15300,78600,KIA-15
483,1702,1,23,18,53.333333333333336,109.98333333333333,22500,74400,KIA-15
484,1703,1,28,5,192.0,110.0,1800,82200,KIA-15A
485,1705,0,35,104,9.23076923076923,100.0,18900,76200,V-500D
486,1015,1,14,51,18.823529411764707,45.0,21600,73200,12
487,1705,1,35,95,10.105263157894736,100.0,19500,81300,V-500D
488,1706,0,27,114,8.421052631578947,60.0,18000,81600,G-7
489,1706,1,28,114,8.421052631578947,60.0,18000,79800,G-7
490,992,0,40,4,240.0,97.5,24600,64800,333-E
491,1709,0,40,78,12.307692307692308,100.0,17700,81000,KBS-12HK
492,1709,1,39,80,12.0,95.0,14400,79200,KBS-12HK
493,1710,0,13,4,240.0,30.0,33600,63600,87
494,1710,1,13,5,192.0,30.0,31200,66900,87
495,1711,0,2,11,87.27272727272727,5.0,26400,53400,D39-HSK
496,1711,1,5,53,18.11320754716981,5.0,37500,76500,D39-HSK
497,1016,0,36,3,320.0,89.98333333333333,19800,54600,331
498,1016,1,37,3,320.0,89.98333333333333,25500,76500,331
499,1713,0,32,27,35.55555555555556,90.0,30300,70200,500-C
500,1018,0,36,46,20.869565217391305,89.98333333333333,22500,79200,SBS-1K
501,1713,1,34,27,35.55555555555556,90.0,24600,63900,500-C
502,1715,0,52,2,480.0,150.0,32400,34200,500-AD
503,1717,0,2,41,23.414634146341463,1.0,20700,54300,D23-KLN
504,1717,1,2,56,17.142857142857142,1.0,39240,78840,D23-KLN
505,992,1,37,4,240.0,97.48333333333333,30900,71100,333-E
506,1718,0,34,25,38.4,90.0,19200,66000,500-BA
507,1718,1,34,25,38.4,90.0,24600,73200,500-BA
508,1719,0,40,1,960.0,110.0,33600,33600,242-B SBS-TVK
509,1722,0,46,29,33.10344827586207,129.0,17100,65400,500-DJ
510,1722,1,46,25,38.4,130.0,23700,75000,500-DJ
511,1721,0,59,3,320.0,140.0,38700,42300,326-E
512,1721,1,53,3,320.0,140.0,28500,32100,326-E
513,1723,0,47,13,73.84615384615384,89.98333333333333,19800,75600,334-E
514,1723,1,46,13,73.84615384615384,95.0,18600,73500,334-E
515,1724,0,36,4,240.0,87.5,14400,67200,KBS-13K
516,1724,1,35,3,320.0,99.98333333333333,60300,74700,KBS-13K
517,1725,0,11,62,15.483870967741936,35.0,22200,78900,94
518,1725,1,11,65,14.76923076923077,35.0,21000,79200,94
519,1726,0,48,4,240.0,124.99166666666666,31500,51600,500-BC
520,1726,1,49,4,240.0,125.0,41400,59100,500-BC
521,1728,0,17,3,320.0,55.0,46800,48000,500-QP
522,1728,1,17,3,320.0,60.0,42900,44100,500-QP
523,1730,0,26,2,480.0,55.0,27900,65400,242-B KBS-JSN
524,1730,1,26,2,480.0,55.0,33000,69000,242-B KBS-JSN
525,1732,1,64,88,10.909090909090908,99.98333333333333,15300,78600,328-H
526,1018,1,37,43,22.325581395348838,89.98333333333333,16200,73500,SBS-1K
527,994,0,2,57,16.842105263157894,5.0,21600,59400,D3-SNBS
528,1733,0,47,1,960.0,90.0,41100,41100,12F-5
529,1733,1,45,2,480.0,90.0,24900,27000,12F-5
530,1734,0,31,7,137.14285714285714,59.0,26760,50760,328-H D41G-ATB
531,1734,1,31,1,960.0,74.0,61800,61800,328-H D41G-ATB
532,1736,0,36,5,192.0,64.0,26760,51360,328-H D41G-HSK
533,1736,1,35,5,192.0,64.0,41400,68100,328-H D41G-HSK
534,1738,0,21,15,64.0,49.983333333333334,27000,73800,138
535,1738,1,19,12,80.0,50.0,24000,69000,138
536,1739,0,16,16,60.0,35.0,25200,75600,139
537,1739,1,16,17,56.470588235294116,34.983333333333334,22800,72900,139
538,1740,1,22,2,480.0,60.0,32100,33300,138 KBS-VSD-JBN
539,1741,0,23,18,53.333333333333336,55.0,21000,78600,201-Q
540,1741,1,23,18,53.333333333333336,54.983333333333334,18000,74400,201-Q
541,1742,0,8,1,960.0,19.0,30660,30660,138 D6G-JBN
542,1742,1,8,4,240.0,13.983333333333333,44700,78000,138 D6G-JBN
543,1743,0,34,2,480.0,72.49166666666666,30300,68100,257-A HKH-KBS
544,1744,1,18,1,960.0,30.0,20400,20400,140-A
545,1746,0,16,10,96.0,34.0,46200,77400,144-E SBS-NLS-KRM
546,1746,1,13,9,106.66666666666667,24.0,22560,50700,144-E SBS-NLS-KRM
547,1747,0,19,19,50.526315789473685,39.983333333333334,22500,71400,140-E
548,1747,1,16,18,53.333333333333336,34.983333333333334,27600,74100,140-E
549,1751,0,25,101,9.504950495049505,69.98333333333333,16200,81000,45-D
550,1751,1,24,104,9.23076923076923,69.98333333333333,17400,80100,45-D
551,1019,0,47,65,14.76923076923077,100.0,16200,78000,KBS-1I
552,1753,1,17,1,960.0,55.0,32400,32400,121-BA
553,1752,0,42,6,160.0,129.99166666666667,28200,71700,500-QD
554,1752,1,42,6,160.0,135.0,19800,62700,500-QD
555,1754,0,23,36,26.666666666666668,69.98333333333333,16200,74100,500-Q
556,1754,1,24,38,25.263157894736842,69.98333333333333,20100,78600,500-Q
557,1755,0,16,1,960.0,50.0,30600,30600,123
558,1756,0,18,1,960.0,55.0,60000,60000,122
559,1756,1,16,2,480.0,57.49166666666667,35400,63600,122
560,1757,0,31,64,15.0,85.0,15900,77700,300-H
561,1757,1,30,58,16.551724137931036,85.0,16200,81600,300-H
562,1758,0,13,5,192.0,50.0,24900,69300,126
563,1758,1,19,5,192.0,50.0,27900,72600,126
564,1763,1,22,1,960.0,65.0,33900,33900,168-E KBS-VSD-JBN
565,1765,0,9,12,80.0,13.983333333333333,22560,52860,89-A YTTMC-CVN
566,1765,1,9,9,106.66666666666667,14.0,39000,78300,89-A YTTMC-CVN
567,1767,0,41,1,960.0,54.983333333333334,20100,20100,176-CA
568,1768,0,36,3,320.0,80.0,30300,59400,176-E
569,1768,1,38,2,480.0,74.99166666666666,35400,47400,176-E
570,1771,0,21,81,11.851851851851851,65.0,18000,78300,25-A
571,1771,1,21,76,12.631578947368421,60.0,19500,80400,25-A
572,1773,0,61,33,29.09090909090909,140.0,18900,77100,201
573,1773,1,60,38,25.263157894736842,139.98333333333332,19800,72000,201
574,1774,0,33,56,17.142857142857142,94.98333333333333,18000,69000,500-L
575,1774,1,32,64,15.0,95.0,21900,74700,500-L
576,1777,0,36,4,240.0,54.0,21660,53160,378 D34G-KGR
577,1777,1,35,4,240.0,51.5,38700,65100,378 D34G-KGR
578,1778,0,39,6,160.0,70.0,35700,71100,201 SRN-VVKN
579,1778,1,41,1,960.0,70.0,71400,71400,201 SRN-VVKN
580,1779,0,24,1,960.0,29.0,30960,30960,201 SGH-SRN
581,1779,1,22,1,960.0,24.0,70500,70500,201 SGH-SRN
582,1781,0,37,47,20.425531914893618,90.0,21600,77100,501-BH
583,1019,1,44,63,15.238095238095237,99.98333333333333,15600,76800,KBS-1I
584,1781,1,39,46,20.869565217391305,90.0,16200,71100,501-BH
585,1782,0,40,1,960.0,63.983333333333334,51660,51660,501-BH D35G-HBL
586,1782,1,40,1,960.0,68.98333333333333,40200,40200,501-BH D35G-HBL
587,1787,0,33,23,41.73913043478261,75.0,17700,69300,201-G
588,1787,1,33,21,45.714285714285715,74.98333333333333,21000,74700,201-G
589,1788,0,2,60,16.0,1.0,21000,66900,D6-D6G
590,1788,1,2,77,12.467532467532468,1.0,20340,79140,D6-D6G
591,1789,0,22,105,9.142857142857142,59.983333333333334,14400,81000,MF-5
592,1789,1,23,107,8.97196261682243,54.983333333333334,16200,82800,MF-5
593,1790,0,29,3,320.0,69.98333333333333,42000,65100,600-CK
594,1790,1,28,3,320.0,69.98333333333333,33000,69000,600-CK
595,1791,1,31,1,960.0,70.0,27000,27000,600-CH
596,1796,1,14,3,320.0,18.983333333333334,40200,76200,D6G-CVRN
597,1800,1,30,1,960.0,69.0,60600,60600,201-G D6G-BSK
598,1803,0,2,67,14.328358208955224,1.0,21600,71040,D34-D34G
599,1803,1,2,81,11.851851851851851,1.0,19440,79740,D34-D34G
600,1020,0,55,41,23.414634146341463,119.98333333333333,14400,62400,356-M
601,1804,0,30,4,240.0,49.0,47760,52260,378 D34G-ELC
602,1804,1,28,2,480.0,51.49166666666667,43800,75600,378 D34G-ELC
603,1805,0,2,47,20.425531914893618,1.0,21000,55200,D24-D24G
604,1805,1,2,59,16.271186440677965,1.0,21240,79140,D24-D24G
605,1807,0,56,2,480.0,84.99166666666666,27900,77100,214-E
606,1807,1,55,4,240.0,90.0,21000,71400,214-E
607,1808,1,63,1,960.0,120.0,72000,72000,258-S KBS-RDH
608,1817,0,24,1,960.0,60.0,30600,30600,210-B KTNR-KMT-VSD
609,1818,0,2,44,21.818181818181817,1.0,18000,60300,D44-ANP10
610,1818,1,2,59,16.271186440677965,1.0,38640,78900,D44-ANP10
611,1820,0,32,14,68.57142857142857,70.0,21900,76500,215
612,1820,1,30,15,64.0,70.0,18600,70500,215
613,1821,0,33,72,13.333333333333334,69.98333333333333,16200,78900,215-H
614,1821,1,30,62,15.483870967741936,69.98333333333333,16500,79200,215-H
615,1822,0,31,6,160.0,59.0,37200,76800,215-H KBS-D34G
616,1822,1,29,5,192.0,54.0,21660,52560,215-H KBS-D34G
617,1823,0,26,9,106.66666666666667,49.0,21660,55860,215-C D34G-KMT
618,1020,1,53,39,24.615384615384617,119.98333333333333,14400,78900,356-M
619,1823,1,26,5,192.0,59.0,37500,74700,215-C D34G-KMT
620,1824,0,30,1,960.0,65.0,35700,35700,348-C
621,1829,0,36,1,960.0,80.0,31500,31500,223-E SBS-RMS
622,1829,1,32,1,960.0,85.0,26100,26100,223-E SBS-RMS
623,1832,0,53,2,480.0,104.98333333333333,23100,54000,226-K KMT-KRNHL
624,1832,1,52,2,480.0,107.49166666666666,28800,63000,226-K KMT-KRNHL
625,1833,0,28,3,320.0,49.983333333333334,36300,43500,MF-41
626,1833,1,28,3,320.0,45.0,33300,58500,MF-41
627,1834,0,69,4,240.0,120.0,25500,73800,242-TC
628,1834,1,66,5,192.0,120.0,19800,63600,242-TC
629,1835,0,34,3,320.0,75.0,38400,60300,227-RA
630,1835,1,36,3,320.0,84.98333333333333,32700,54900,227-RA
631,1838,0,30,6,160.0,60.0,23400,76500,238-UA
632,1838,1,25,4,240.0,64.99166666666666,19800,72000,238-UA
633,1839,0,29,12,80.0,49.983333333333334,26100,69600,238-UC
634,1839,1,28,13,73.84615384615384,50.0,25200,72900,238-UC
635,1840,0,52,10,96.0,79.98333333333333,21900,67500,211
636,1840,1,51,11,87.27272727272727,84.98333333333333,18000,58800,211
637,1841,0,59,6,160.0,90.0,33300,63600,213-K
638,1841,1,59,5,192.0,90.0,31500,61500,213-K
639,1842,0,28,8,120.0,64.0,39600,75000,215 KMT-KKC-D44
640,1842,1,27,9,106.66666666666667,64.0,27060,54120,215 KMT-KKC-D44
641,1843,0,26,39,24.615384615384617,64.98333333333333,18000,79200,215-K
642,1843,1,25,44,21.818181818181817,65.0,18000,76200,215-K
643,1844,1,55,1,960.0,89.98333333333333,31800,31800,211-B
644,1845,0,42,3,320.0,75.0,32700,59700,211-BA
645,1845,1,40,4,240.0,67.49166666666666,53100,73200,211-BA
646,1847,0,64,5,192.0,119.98333333333333,27900,51300,213-WA
647,1847,1,64,3,320.0,125.0,37800,59700,213-WA
648,1848,0,57,2,480.0,82.49166666666666,19200,48600,211-D
649,1848,1,54,1,960.0,75.0,14400,14400,211-D
650,1849,0,13,1,960.0,9.0,24360,24360,238-UC D31G-VSL
651,1850,0,58,2,480.0,82.5,23100,61800,211-DA
652,1850,1,56,2,480.0,79.98333333333333,18000,29700,211-DA
653,1851,0,57,2,480.0,87.48333333333333,22200,64500,211-E
654,1851,1,55,2,480.0,85.0,17100,27600,211-E
655,1853,0,58,2,480.0,87.5,19800,56700,211-G
656,1853,1,57,3,320.0,90.0,14400,48900,211-G
657,1852,0,35,3,320.0,59.983333333333334,37200,60900,238-W
658,1852,1,34,4,240.0,59.983333333333334,33300,64800,238-W
659,1854,0,10,1,960.0,13.983333333333333,32160,32160,238-W D31G-NRP
660,1855,0,29,4,240.0,49.983333333333334,31200,54000,238-Y
661,1855,1,28,5,192.0,49.983333333333334,27900,57300,238-Y
662,1856,0,35,7,137.14285714285714,60.0,24300,76500,240
663,1856,1,33,7,137.14285714285714,60.0,20700,70500,240
664,1857,0,9,1,960.0,14.0,54360,54360,240-E D35G-BKH
665,1858,0,35,1,960.0,80.0,35100,35100,240-A
666,1858,1,33,1,960.0,79.98333333333333,30000,30000,240-A
667,1859,0,23,2,480.0,52.5,56100,63000,240-BA
668,1859,1,22,2,480.0,54.983333333333334,27900,59400,240-BA
669,1860,0,7,1,960.0,14.0,27060,27060,240-BA D31G-MMN
670,1861,0,31,6,160.0,65.0,22200,77100,240-C
671,1861,1,29,6,160.0,62.49166666666667,18600,72300,240-C
672,1862,0,10,3,320.0,13.983333333333333,26460,52260,240-C D35G-KCH
673,1862,1,10,3,320.0,14.0,44100,65700,240-C D35G-KCH
674,1863,0,53,1,960.0,69.98333333333333,19200,19200,502-HB
675,1863,1,53,1,960.0,95.0,23700,23700,502-HB
676,1865,0,36,4,240.0,62.5,19500,78600,240-E
677,1865,1,34,5,192.0,65.0,16200,72300,240-E
678,1867,0,24,6,160.0,52.49166666666667,19200,72300,240-H
679,1867,1,25,5,192.0,50.0,16200,68400,240-H
680,1869,0,57,4,240.0,79.98333333333333,23100,69000,211-H
681,1869,1,53,4,240.0,92.49166666666666,18000,62100,211-H
682,1870,0,54,1,960.0,70.0,75000,75000,211-P
683,1870,1,52,1,960.0,75.0,20400,20400,211-P
684,1871,0,48,4,240.0,85.0,23400,69600,211-J
685,1871,1,48,4,240.0,84.98333333333333,18000,56100,211-J
686,1872,0,57,2,480.0,90.0,33300,64500,211-K
687,1872,1,54,2,480.0,90.0,27600,57300,211-K
688,1873,0,59,3,320.0,89.98333333333333,27000,72900,213
689,1873,1,57,2,480.0,87.5,21600,67200,213
690,1874,0,33,1,960.0,65.0,41100,41100,215-BA KBS-BCMC
691,1874,1,29,1,960.0,65.0,49500,49500,215-BA KBS-BCMC
692,1876,0,67,1,960.0,99.98333333333333,21000,21000,213-K KBS-GAT
693,1876,1,63,3,320.0,100.0,27600,75900,213-K KBS-GAT
694,1878,0,48,5,192.0,74.98333333333333,23700,71400,213-B
695,1878,1,43,5,192.0,75.0,21600,70500,213-B
696,1879,0,73,3,320.0,120.0,24600,69600,211-N
697,1879,1,70,3,320.0,115.0,18000,61200,211-N
698,1880,0,66,3,320.0,109.98333333333333,27900,74700,211-NA
699,1880,1,64,3,320.0,105.0,20700,68400,211-NA
700,1881,0,58,2,480.0,89.98333333333333,23400,57600,211-Q
701,1881,1,56,3,320.0,90.0,18000,50100,211-Q
702,1882,0,41,8,120.0,79.98333333333333,21300,75300,212
703,1882,1,38,7,137.14285714285714,80.0,16800,70200,212
704,1011,0,27,55,17.454545454545453,59.983333333333334,18600,79500,343
705,1883,0,64,1,960.0,89.98333333333333,46800,46800,211-R
706,1883,1,61,1,960.0,104.98333333333333,29400,29400,211-R
707,1884,1,64,1,960.0,130.0,36000,36000,211-RA
708,1885,0,76,1,960.0,140.0,24600,24600,240-M
709,1885,1,74,2,480.0,132.49166666666667,17400,61800,240-M
710,1887,0,43,2,480.0,75.0,37200,55200,211-T
711,1887,1,43,2,480.0,72.5,30900,42000,211-T
712,1890,0,33,1,960.0,60.0,30600,30600,211-UB JLO-KHCV
713,1892,0,56,3,320.0,94.98333333333333,23100,63600,214-H
714,1892,1,56,5,192.0,95.0,17100,57600,214-H
715,1893,0,24,8,120.0,57.5,31200,61800,240-R
716,1893,1,25,8,120.0,55.0,27600,57900,240-R
717,1894,0,37,9,106.66666666666667,70.0,26400,75000,241
718,1894,1,35,9,106.66666666666667,69.98333333333333,21000,70500,241
719,1895,0,57,1,960.0,89.98333333333333,74100,74100,212-B
720,1895,1,55,1,960.0,100.0,17400,17400,212-B
721,1896,0,54,4,240.0,87.48333333333333,43200,69600,214-C
722,1896,1,53,3,320.0,89.98333333333333,48300,61800,214-C
723,1897,0,50,2,480.0,85.0,31500,70800,214-D KMT-TRL
724,1897,1,49,2,480.0,82.49166666666666,15300,63600,214-D KMT-TRL
725,1898,0,30,9,106.66666666666667,64.98333333333333,22800,69600,241-B
726,1898,1,31,9,106.66666666666667,65.0,18900,63300,241-B
727,1899,0,28,5,192.0,60.0,21900,75300,241-C
728,1899,1,31,5,192.0,60.0,18000,71100,241-C
729,1901,0,48,3,320.0,84.98333333333333,17100,66000,212-D
730,1901,1,45,3,320.0,85.0,22200,72900,212-D
731,1902,0,26,4,240.0,57.49166666666667,36000,62700,241-CB
732,1902,1,27,4,240.0,57.5,32100,58800,241-CB
733,1903,0,49,6,160.0,89.98333333333333,21600,66600,212-M
734,1903,1,49,6,160.0,89.98333333333333,27000,73800,212-M
735,1906,0,56,2,480.0,87.49166666666666,70800,75900,213-A
736,1906,1,56,2,480.0,82.49166666666666,17400,63600,213-A
737,1907,0,48,3,320.0,65.0,20400,56400,213-C
738,1907,1,47,2,480.0,67.48333333333333,16200,26100,213-C
739,1908,0,18,4,240.0,45.0,28500,67500,24-A
740,1908,1,19,4,240.0,44.983333333333334,25500,64500,24-A
741,1909,0,33,6,160.0,60.0,24900,75900,241-CD
742,1909,1,32,6,160.0,57.49166666666667,21600,71400,241-CD
743,1910,0,23,4,240.0,52.49166666666667,33900,65700,241-CN
744,1910,1,24,4,240.0,52.49166666666667,30600,62100,241-CN
745,1911,0,69,1,960.0,109.98333333333333,53400,53400,213-D
746,1911,1,66,1,960.0,109.98333333333333,30600,30600,213-D
747,1912,0,11,1,960.0,18.983333333333334,29160,29160,D35G-ABDVN
748,1912,1,11,1,960.0,18.983333333333334,69300,69300,D35G-ABDVN
749,1916,0,22,2,480.0,50.0,27900,28800,241-D
750,1916,1,23,1,960.0,50.0,67800,67800,241-D
751,1918,0,60,3,320.0,100.0,27300,72600,213-F
752,1918,1,59,3,320.0,90.0,21600,64800,213-F
753,1921,0,63,2,480.0,94.99166666666666,25500,66900,213-H
754,1921,1,62,3,320.0,99.98333333333333,19800,56700,213-H
755,1922,0,69,1,960.0,90.0,19800,19800,213-H KBS-BHKVL
756,1922,1,66,2,480.0,112.5,25500,73200,213-H KBS-BHKVL
757,1923,0,61,2,480.0,89.98333333333333,63600,76500,213-J
758,1923,1,60,2,480.0,92.49166666666666,29400,69900,213-J
759,1927,0,66,2,480.0,92.5,21300,58500,213-M
760,1927,1,64,2,480.0,85.0,16200,27000,213-M
761,1928,0,62,2,480.0,94.99166666666666,22800,55800,213-N
762,1928,1,60,1,960.0,85.0,17400,17400,213-N
763,1929,0,25,3,320.0,55.0,34500,51600,241-E
764,1929,1,24,4,240.0,55.0,30300,57000,241-E
765,1930,0,67,3,320.0,109.98333333333333,30600,70800,213-P
766,1930,1,66,2,480.0,112.49166666666666,22500,61800,213-P
767,1931,0,10,1,960.0,19.0,28560,28560,241-E D35G-LKMB
768,1933,0,64,3,320.0,100.0,22200,69000,213-QA
769,1933,1,63,2,480.0,99.99166666666666,16200,28200,213-QA
770,1934,0,55,3,320.0,90.0,24300,68700,213-R
771,1934,1,54,3,320.0,90.0,19500,63000,213-R
772,1935,0,63,1,960.0,104.0,26160,26160,213-V SGH-HRH
773,1935,1,61,3,320.0,100.0,60300,74700,213-V SGH-HRH
774,1937,0,75,2,480.0,139.98333333333332,27300,67500,213-W
775,1937,1,74,3,320.0,135.0,18900,57900,213-W
776,1938,0,51,2,480.0,94.99166666666666,27600,61800,214
777,1938,1,51,2,480.0,84.98333333333333,21900,33300,214
778,1940,0,60,1,960.0,90.0,25200,25200,214-A
779,1940,1,58,1,960.0,85.0,19800,19800,214-A
780,1941,0,54,2,480.0,100.0,20700,61200,214-B
781,1941,1,53,2,480.0,84.99166666666666,16200,53700,214-B
782,1944,0,41,4,240.0,69.98333333333333,21900,75300,214-DA
783,1944,1,41,4,240.0,67.49166666666666,18000,69300,214-DA
784,1945,0,29,1,960.0,64.0,64800,64800,210-FA
785,1945,1,30,1,960.0,58.983333333333334,28560,28560,210-FA
786,1946,0,59,1,960.0,110.0,29400,29400,214-G
787,1946,1,58,2,480.0,105.0,21600,52800,214-G
788,1947,0,55,1,960.0,69.0,25260,25260,214-G D44-SMH-GTH
789,1948,0,52,4,240.0,79.98333333333333,25200,75000,214-J
790,1948,1,50,4,240.0,79.98333333333333,19800,68400,214-J
791,1950,0,63,3,320.0,105.0,24600,68700,214-L
792,1950,1,62,3,320.0,105.0,18000,60600,214-L
793,1951,0,32,3,320.0,60.0,34500,53700,241-G KBS-SGH
794,1951,1,33,3,320.0,59.983333333333334,30300,48300,241-G KBS-SGH
795,1952,0,21,4,240.0,47.483333333333334,18900,77400,241-H
796,1952,1,21,3,320.0,44.983333333333334,16200,72000,241-H
797,1953,0,75,3,320.0,129.98333333333332,22800,65700,241-M
798,1953,1,73,2,480.0,129.99166666666667,15300,55500,241-M
799,1954,0,30,6,160.0,57.49166666666667,23700,76200,241-N
800,1954,1,28,6,160.0,57.49166666666667,20700,69900,241-N
801,1958,0,23,18,53.333333333333336,59.0,36000,68100,366 KMT-D34G
802,1958,1,20,13,73.84615384615384,59.0,23460,55860,366 KMT-D34G
803,1965,0,27,2,480.0,67.48333333333333,26400,66000,241-Q
804,1965,1,25,3,320.0,69.98333333333333,22200,61500,241-Q
805,1955,0,35,6,160.0,67.49166666666666,21300,77100,241-P
806,1955,1,33,6,160.0,69.98333333333333,18000,72600,241-P
807,1967,0,41,9,106.66666666666667,90.0,19800,71700,258-CC
808,1967,1,42,8,120.0,90.0,18000,63300,258-CC
809,1968,0,60,13,73.84615384615384,119.98333333333333,18000,54000,258-DN
810,1968,1,61,10,96.0,118.5,18000,68400,258-DN
811,1970,0,69,8,120.0,150.0,34200,70500,258-DN KBS-DBSP
812,1970,1,68,11,87.27272727272727,149.98333333333332,16200,73800,258-DN KBS-DBSP
813,1974,0,27,19,50.526315789473685,59.0,23700,70500,375-H
814,1974,1,28,17,56.470588235294116,54.983333333333334,27600,73200,375-H
815,1993,0,36,2,480.0,72.48333333333333,22800,58200,365-K
816,1993,1,33,3,320.0,75.0,27300,63000,365-K
817,1996,0,32,1,960.0,60.0,63000,63000,365-R
818,1996,1,29,1,960.0,59.983333333333334,66900,66900,365-R
819,1997,0,53,1,960.0,115.0,57000,57000,365-S
820,1997,1,50,1,960.0,114.98333333333333,30300,30300,365-S
821,2005,0,36,2,480.0,90.0,26700,71700,365-B
822,2005,1,33,2,480.0,87.49166666666666,19800,32400,365-B
823,2002,0,55,2,480.0,107.49166666666666,32700,48000,365-Q
824,2002,1,52,2,480.0,109.98333333333333,41100,56100,365-Q
825,1986,0,61,1,960.0,104.98333333333333,21900,21900,258-A
826,1991,0,57,1,960.0,89.98333333333333,76200,76200,258-F
827,1991,1,57,2,480.0,94.98333333333333,28800,55500,258-F
828,2014,0,59,2,480.0,114.99166666666666,24000,71400,258-G
829,2014,1,62,2,480.0,105.0,18300,62400,258-G
830,2015,0,60,2,480.0,99.98333333333333,23700,72300,258-GA
831,2015,1,62,2,480.0,94.98333333333333,18000,64500,258-GA
832,2004,0,74,1,960.0,129.98333333333332,51600,51600,258-M
833,2004,1,75,2,480.0,112.49166666666666,15000,18000,258-M
834,2017,1,62,1,960.0,130.0,25500,25500,258-MC
835,2018,0,34,8,120.0,77.49166666666666,18000,74100,258-MD
836,2018,1,34,8,120.0,77.48333333333333,17700,73800,258-MD
837,2008,0,45,9,106.66666666666667,90.0,25200,72300,258-N
838,2008,1,45,12,80.0,90.0,19800,65100,258-N
839,2003,0,54,3,320.0,99.98333333333333,24300,71100,258-P
840,2003,1,56,2,480.0,92.49166666666666,18900,63300,258-P
841,2019,0,60,3,320.0,109.98333333333333,25200,71700,258-Q
842,2019,1,63,2,480.0,119.99166666666666,18900,61500,258-Q
843,2020,0,56,1,960.0,89.98333333333333,23700,23700,258-QA
844,2020,1,55,1,960.0,90.0,18000,18000,258-QA
845,2021,0,53,3,320.0,114.98333333333333,21600,70500,365-W
846,2021,1,50,3,320.0,95.0,16200,60000,365-W
847,2022,0,61,1,960.0,119.98333333333333,39300,39300,258-R
848,2022,1,64,2,480.0,124.98333333333333,29700,50100,258-R
849,2024,0,67,2,480.0,119.99166666666666,23700,53400,258-SA
850,2024,1,70,1,960.0,90.0,18000,18000,258-SA
851,2026,0,61,2,480.0,107.49166666666666,23700,71100,258-TA
852,2026,1,61,1,960.0,90.0,18000,18000,258-TA
853,2027,0,43,22,43.63636363636363,84.98333333333333,24600,69300,V-365
854,1011,1,25,49,19.591836734693878,60.0,17400,77100,343
855,2027,1,38,22,43.63636363636363,85.0,19800,64500,V-365
856,2028,0,65,1,960.0,120.0,55200,55200,258-TC
857,2028,1,65,1,960.0,119.98333333333333,33000,33000,258-TC
858,2030,1,58,1,960.0,104.98333333333333,29100,29100,258-U
859,2032,0,70,1,960.0,120.0,24600,24600,258-V
860,2032,1,73,1,960.0,104.98333333333333,18000,18000,258-V
861,2033,0,61,1,960.0,140.0,40200,40200,258-VA
862,2033,1,60,3,320.0,144.98333333333332,27000,52200,258-VA
863,2038,0,38,1,960.0,85.0,30600,30600,285
864,2038,1,41,2,480.0,79.98333333333333,18600,25500,285
865,2037,0,44,2,480.0,94.98333333333333,28500,75300,285-R
866,2037,1,48,2,480.0,94.99166666666666,22800,67500,285-R
867,2043,0,28,1,960.0,79.98333333333333,65700,65700,285-AA
868,2043,1,31,1,960.0,79.98333333333333,70800,70800,285-AA
869,2044,0,34,2,480.0,77.5,20700,55500,285-A
870,2044,1,37,1,960.0,60.0,16800,16800,285-A
871,2045,0,44,2,480.0,109.98333333333333,56100,72000,285-CA
872,2045,1,46,2,480.0,104.99166666666666,29700,63000,285-CA
873,2047,0,44,1,960.0,100.0,25500,25500,285-CC
874,2049,0,50,1,960.0,100.0,24600,24600,258-YA
875,2049,1,52,2,480.0,100.0,30900,66000,258-YA
876,2046,0,46,1,960.0,90.0,33600,33600,285-V
877,2046,1,47,1,960.0,90.0,27900,27900,285-V
878,2051,0,37,1,960.0,90.0,23100,23100,285-D
879,2051,1,39,1,960.0,79.98333333333333,18000,18000,285-D
880,2052,0,38,1,960.0,90.0,59400,59400,285-W
881,2052,1,42,1,960.0,89.98333333333333,27600,27600,285-W
882,2053,0,39,1,960.0,100.0,62400,62400,285-YA
883,2053,1,42,2,480.0,102.49166666666666,28800,55200,285-YA
884,2057,0,54,1,960.0,130.0,26100,26100,285-RB
885,2057,1,57,1,960.0,115.0,19200,19200,285-RB
886,2060,0,39,1,960.0,90.0,72000,72000,285-E
887,2060,1,41,2,480.0,92.5,27900,66300,285-E
888,2061,1,39,1,960.0,94.98333333333333,27900,27900,285-F
889,2062,0,42,3,320.0,90.0,22500,63300,285-G
890,2062,1,45,3,320.0,89.98333333333333,17400,57600,285-G
891,2063,0,37,2,480.0,99.98333333333333,57000,71100,285-H
892,2063,1,39,2,480.0,97.49166666666666,49500,63300,285-H
893,2066,0,42,2,480.0,95.0,27300,72000,285-JB
894,2066,1,44,2,480.0,89.98333333333333,21600,64800,285-JB
895,2067,0,43,1,960.0,99.98333333333333,21000,21000,285-JC
896,2067,1,45,1,960.0,109.98333333333333,28800,28800,285-JC
897,2069,0,61,1,960.0,135.0,68400,68400,258-WA
898,2069,1,63,2,480.0,127.49166666666666,28800,58500,258-WA
899,2071,1,44,1,960.0,105.0,31500,31500,285-KA
900,2070,1,59,1,960.0,109.98333333333333,28500,28500,258-VC
901,2073,0,33,3,320.0,90.0,30000,51600,342
902,2073,1,32,3,320.0,89.98333333333333,37200,58200,342
903,2075,0,56,3,320.0,110.0,22200,69600,258-VF
904,2075,1,58,2,480.0,100.0,16500,61200,258-VF
905,2080,0,37,2,480.0,89.98333333333333,33300,46200,285-X
906,2080,1,40,2,480.0,89.98333333333333,40500,51900,285-X
907,2081,0,38,3,320.0,100.0,23700,71100,342-B
908,2081,1,37,3,320.0,110.0,18900,62700,342-B
909,2082,0,32,2,480.0,82.5,21600,73800,342-C
910,2082,1,31,2,480.0,82.49166666666666,17100,26400,342-C
911,2084,0,23,4,240.0,59.983333333333334,25200,74400,285-ME
912,2084,1,23,4,240.0,60.0,19800,59700,285-ME
913,2087,0,48,2,480.0,109.98333333333333,62400,64800,285-MF
914,2087,1,51,2,480.0,99.99166666666666,18900,57600,285-MF
915,2088,0,44,3,320.0,120.0,25500,72300,342-E
916,2088,1,43,3,320.0,120.0,20400,62700,342-E
917,2086,0,42,2,480.0,100.0,19500,58500,285-P
918,2086,1,44,3,320.0,100.0,14400,50700,285-P
919,2091,0,43,2,480.0,110.0,19500,67500,342-G
920,2091,1,36,2,480.0,99.98333333333333,14400,60000,342-G
921,2092,0,10,9,106.66666666666667,50.0,32400,73500,285-MH
922,2092,1,9,9,106.66666666666667,50.0,30900,73500,285-MH
923,2093,0,29,24,40.0,70.0,31200,74400,342-H
924,2093,1,27,22,43.63636363636363,69.98333333333333,18600,68400,342-H
925,2095,0,37,3,320.0,89.98333333333333,21000,73200,342-J
926,2095,1,36,3,320.0,100.0,16200,66300,342-J
927,2094,0,31,1,960.0,120.0,26400,26400,285-MJ
928,2094,1,28,1,960.0,120.0,57600,57600,285-MJ
929,2090,0,48,3,320.0,115.0,25500,71700,342-Y
930,2090,1,46,2,480.0,112.49166666666666,19800,61500,342-Y
931,2099,0,37,3,320.0,95.0,33900,71400,285-N
932,2099,1,39,3,320.0,95.0,27900,63900,285-N
933,2098,0,44,2,480.0,99.99166666666666,21900,73500,342-Z
934,2098,1,44,3,320.0,124.98333333333333,16800,64200,342-Z
935,1975,0,48,2,480.0,89.98333333333333,39600,52800,258-C KBS-NMGRS
936,1975,1,48,2,480.0,90.0,32400,45600,258-C KBS-NMGRS
937,2101,0,2,85,11.294117647058824,1.0,21000,74400,D13-KMK
938,2101,1,2,95,10.105263157894736,1.0,8940,84720,D13-KMK
939,2103,0,50,4,240.0,89.98333333333333,19800,63600,500-J
940,2103,1,50,4,240.0,90.0,25200,70200,500-J
941,2105,0,28,87,11.03448275862069,54.983333333333334,19500,76800,276
942,1021,0,49,6,160.0,100.0,18000,68700,500-CK
943,2105,1,28,82,11.707317073170731,55.0,18600,77400,276
944,1021,1,48,7,137.14285714285714,110.0,24600,75900,500-CK
945,2107,0,31,21,45.714285714285715,58.983333333333334,21060,66660,276 D45G-VRP-KBS
946,2107,1,31,13,73.84615384615384,58.983333333333334,36600,75900,276 D45G-VRP-KBS
947,1022,0,32,4,240.0,70.0,20400,77400,343-E
948,2108,0,2,51,18.823529411764707,1.0,21600,66300,D25-D25G
949,1022,1,27,4,240.0,65.0,19500,71400,343-E
950,2108,1,2,65,14.76923076923077,1.0,29100,80340,D25-D25G
951,1024,0,38,57,16.842105263157894,85.0,20100,78000,500-F
952,2109,0,31,1,960.0,44.983333333333334,25680,25680,276 VSD
953,2113,0,33,9,106.66666666666667,79.98333333333333,26700,61200,210-G
954,2113,1,35,10,96.0,79.98333333333333,31800,67800,210-G
955,2114,0,26,16,60.0,60.0,22500,81000,210-R
956,2114,1,24,14,68.57142857142857,60.0,18900,75600,210-R
957,2116,0,27,77,12.467532467532468,70.0,18000,78900,210-N
958,2116,1,25,72,13.333333333333334,75.0,18000,79200,210-N
959,2118,0,26,3,320.0,59.983333333333334,33600,52500,210-Q
960,2118,1,29,3,320.0,60.0,37500,56400,210-Q
961,2119,0,25,57,16.842105263157894,70.0,20400,81600,210-P
962,2119,1,24,55,17.454545454545453,75.0,18600,78000,210-P
963,2124,0,31,37,25.945945945945947,104.98333333333333,300,79200,KIA-10
964,2124,1,30,41,23.414634146341463,104.98333333333333,300,79200,KIA-10
965,2125,0,13,2,480.0,40.0,51600,57000,35
966,2125,1,11,2,480.0,40.0,54300,59700,35
967,2126,0,5,40,24.0,20.0,31200,72000,V-129
968,2126,1,6,42,22.857142857142858,20.0,29400,70200,V-129
969,2133,0,13,1,960.0,45.0,63900,63900,35 VSD-KMT-KSGP
970,2133,1,12,1,960.0,45.0,33300,33300,35 VSD-KMT-KSGP
971,2130,0,39,6,160.0,17.5,28200,35400,VW-226KBS
972,2130,1,38,6,160.0,15.0,29700,62100,VW-226KBS
973,2135,0,20,33,29.09090909090909,45.0,20100,77400,36-A
974,1024,1,37,57,16.842105263157894,84.98333333333333,18000,75000,500-F
975,2135,1,19,34,28.235294117647058,45.0,18000,74700,36-A
976,2136,0,70,10,96.0,179.98333333333332,1200,48900,KIA-8C
977,2136,1,56,12,80.0,179.98333333333332,6600,65400,KIA-8C
978,2139,0,19,4,240.0,42.49166666666667,30900,56100,36-D
979,2139,1,18,4,240.0,42.5,33900,59100,36-D
980,2142,0,21,60,16.0,50.0,21600,75600,43-B
981,2142,1,21,62,15.483870967741936,50.0,18900,70500,43-B
982,2143,0,24,2,480.0,67.5,34200,62700,600-QA
983,2143,1,24,2,480.0,67.48333333333333,38400,67200,600-QA
984,2145,0,16,2,480.0,32.5,47100,57000,80
985,2145,1,15,2,480.0,32.483333333333334,44700,54900,80
986,2153,0,44,28,34.285714285714285,105.0,18000,67200,V-342F
987,2153,1,42,27,35.55555555555556,110.0,23700,75000,V-342F
988,2154,0,55,2,480.0,119.98333333333333,26100,44400,V-356M
989,2154,1,53,2,480.0,117.49166666666666,33600,57000,V-356M
990,2157,0,28,1,960.0,60.0,26100,26100,V-G7
991,2157,1,28,1,960.0,60.0,30000,30000,V-G7
992,2162,0,19,13,73.84615384615384,44.0,32160,64560,V-BMT13-BSK-RMM
993,2162,1,19,9,106.66666666666667,44.0,30000,45900,V-BMT13-BSK-RMM
994,2164,0,47,31,30.967741935483872,110.0,300,77100,KIA-5
995,2164,1,35,29,33.10344827586207,110.0,1800,79800,KIA-5
996,2166,0,38,39,24.615384615384617,90.0,19800,76500,MKT-12HK
997,2166,1,37,35,27.428571428571427,90.0,17700,73800,MKT-12HK
998,2170,0,46,29,33.10344827586207,120.0,19200,70200,V-500A
999,2170,1,45,38,25.263157894736842,115.0,21600,75000,V-500A
1000,2193,0,36,33,29.09090909090909,110.0,900,77700,KIA-7A
1001,2193,1,35,33,29.09090909090909,109.98333333333333,6600,77700,KIA-7A
1002,2195,0,45,3,320.0,90.0,20400,74100,263
1003,2195,1,49,2,480.0,92.48333333333333,20400,66000,263
1004,2196,0,6,3,320.0,4.0,22200,66360,D25G-HSRKEB
1005,2196,1,6,4,240.0,4.5,3900,58800,D25G-HSRKEB
1006,1026,0,47,66,14.545454545454545,119.98333333333333,18000,78600,500-A
1007,2194,0,30,17,56.470588235294116,65.0,24300,77400,266-T
1008,2194,1,28,18,53.333333333333336,65.0,20700,71700,266-T
1009,2197,0,2,2,480.0,4.5,31860,68100,D25G-HSRBDA
1010,2197,1,2,2,480.0,4.5,17100,72900,D25G-HSRBDA
1011,2199,0,50,10,96.0,114.0,27660,48960,V-500A D13G-BSK-HBL
1012,2199,1,49,10,96.0,119.0,38100,66600,V-500A D13G-BSK-HBL
1013,2200,0,47,56,17.142857142857142,149.98333333333332,600,75600,KIA-8
1014,2200,1,45,69,13.91304347826087,150.0,1200,78600,KIA-8
1015,2203,0,19,3,320.0,55.0,25800,46800,25-E
1016,2203,1,21,2,480.0,52.5,36900,50100,25-E
1017,2204,0,32,4,240.0,77.5,22800,67500,266-Q
1018,2204,1,33,3,320.0,74.98333333333333,27300,73500,266-Q
1019,2209,0,56,1,960.0,119.98333333333333,32400,32400,VW-226HSR
1020,2209,1,58,1,960.0,105.0,66600,66600,VW-226HSR
1021,2211,0,22,8,120.0,39.0,25260,55260,V-342F D25G-KBS
1022,2211,1,23,7,137.14285714285714,39.0,28800,69900,V-342F D25G-KBS
1023,2220,0,34,12,80.0,87.49166666666666,26100,76500,317-G
1024,2220,1,34,8,120.0,89.98333333333333,17100,70800,317-G
1025,2217,0,20,2,480.0,69.98333333333333,32100,60600,25-H
1026,2217,1,23,2,480.0,67.49166666666666,37800,65100,25-H
1027,2223,0,36,13,73.84615384615384,115.0,6000,78600,KIA-8A
1028,2223,1,39,15,64.0,114.98333333333333,1800,78000,KIA-8A
1029,2224,0,23,6,160.0,60.0,25800,68400,330-M
1030,2224,1,23,6,160.0,60.0,29700,72900,330-M
1031,2227,0,28,2,480.0,85.0,36000,50400,333-H
1032,2227,1,25,1,960.0,90.0,60300,60300,333-H
1033,1266,1,24,1,960.0,79.98333333333333,38100,38100,336
1034,2228,0,20,2,480.0,50.0,28200,54600,2-E
1035,2228,1,19,3,320.0,49.983333333333334,51300,67800,2-E
1036,2229,0,37,3,320.0,70.0,22500,49500,217-D
1037,2229,1,34,3,320.0,70.0,27300,54300,217-D
1038,2238,0,51,1,960.0,119.98333333333333,75600,75600,500-CF
1039,2238,1,50,1,960.0,119.98333333333333,18000,18000,500-CF
1040,2242,0,41,4,240.0,95.0,29400,64200,V-317A
1041,2242,1,37,4,240.0,95.0,36000,71700,V-317A
1042,2243,0,21,29,33.10344827586207,55.0,21300,78600,366-A
1043,2243,1,19,28,34.285714285714285,55.0,18000,75000,366-A
1044,2246,0,61,23,41.73913043478261,120.0,21300,78300,366-Z
1045,2246,1,59,22,43.63636363636363,115.0,17100,73800,366-Z
1046,2248,0,40,3,320.0,105.0,19800,69600,V-333E
1047,2248,1,37,5,192.0,90.0,25200,76800,V-333E
1048,2252,0,20,22,43.63636363636363,39.983333333333334,21600,68700,V-MF6
1049,2252,1,19,22,43.63636363636363,40.0,24300,71400,V-MF6
1050,2254,0,29,122,7.868852459016393,70.0,18900,81300,300-E
1051,2254,1,28,126,7.619047619047619,70.0,18000,78900,300-E
1052,1026,1,45,66,14.545454545454545,119.98333333333333,16800,74700,500-A
1053,2255,0,18,72,13.333333333333334,50.0,23100,80700,304-K
1054,2255,1,20,68,14.117647058823529,50.0,20400,75900,304-K
1055,994,1,2,66,14.545454545454545,5.0,39300,79500,D3-SNBS
1056,2256,0,21,18,53.333333333333336,49.983333333333334,18000,57600,304-K KRPGH-CNS
1057,2256,1,22,17,56.470588235294116,49.983333333333334,37800,83100,304-K KRPGH-CNS
1058,2257,0,46,2,480.0,92.5,44400,59400,366-E
1059,2257,1,44,2,480.0,94.99166666666666,52200,67200,366-E
1060,2258,0,31,5,192.0,70.0,22500,78600,367-D
1061,2258,1,29,5,192.0,70.0,18600,72600,367-D
1062,2259,0,22,11,87.27272727272727,60.0,23400,63000,215-A
1063,2259,1,21,11,87.27272727272727,60.0,19500,72300,215-A
1064,2261,0,38,97,9.896907216494846,85.0,18600,80700,V-500F
1065,2261,1,37,104,9.23076923076923,84.98333333333333,18000,78900,V-500F
1066,2260,0,30,5,192.0,75.0,24600,62700,367-B
1067,2260,1,28,5,192.0,74.98333333333333,29400,68700,367-B
1068,2262,0,21,1,960.0,49.983333333333334,54600,54600,V-25A
1069,2262,1,22,1,960.0,50.0,31500,31500,V-25A
1070,2266,0,32,2,480.0,60.0,33300,51000,218-A
1071,2266,1,32,3,320.0,75.0,28500,56700,218-A
1072,2268,0,55,26,36.92307692307692,120.0,14700,78000,248-BA
1073,2268,1,51,22,43.63636363636363,129.98333333333332,14400,75600,248-BA
1074,2269,0,2,1,960.0,40.0,24600,24600,KWS-6
1075,2269,1,2,1,960.0,40.0,57600,57600,KWS-6
1076,2271,0,2,77,12.467532467532468,5.0,17700,60600,D29-KRPGH
1077,2271,1,2,88,10.909090909090908,5.0,600,85800,D29-KRPGH
1078,1029,0,33,34,28.235294117647058,59.983333333333334,19500,80100,362-C
1079,2275,0,33,3,320.0,70.0,24300,64200,248-F
1080,2275,1,26,3,320.0,69.98333333333333,27600,68700,248-F
1081,2274,0,49,3,320.0,85.0,25200,73500,216
1082,2274,1,48,3,320.0,84.98333333333333,19800,66600,216
1083,2281,0,36,4,240.0,89.98333333333333,27300,65100,501-L
1084,2281,1,36,2,480.0,90.0,33000,59400,501-L
1085,2282,0,55,2,480.0,112.49166666666666,33000,62100,248-J
1086,2282,1,53,2,480.0,109.98333333333333,26100,53100,248-J
1087,2284,0,49,2,480.0,84.98333333333333,22500,53100,248-L
1088,2284,1,43,2,480.0,104.99166666666666,27600,60300,248-L
1089,2286,0,44,2,480.0,85.0,29700,42600,248-N
1090,2286,1,40,2,480.0,85.0,24600,36900,248-N
1091,2285,0,51,1,960.0,89.98333333333333,63600,63600,216-A
1092,2285,1,51,2,480.0,89.98333333333333,28200,57900,216-A
1093,2288,0,65,5,192.0,139.98333333333332,21000,63300,502-A
1094,2288,1,65,5,192.0,134.98333333333332,31500,71400,502-A
1095,2289,0,48,2,480.0,77.49166666666666,21600,73500,216-B
1096,2289,1,48,2,480.0,80.0,17100,66900,216-B
1097,2287,0,33,21,45.714285714285715,80.0,23100,69000,410-FC
1098,2287,1,31,21,45.714285714285715,80.0,18600,63600,410-FC
1099,2290,0,48,2,480.0,92.49166666666666,21600,36000,215-Z
1100,2290,1,47,2,480.0,102.48333333333333,27300,66600,215-Z
1101,2291,0,61,1,960.0,100.0,20700,20700,214-C KBS-MKD
1102,2291,1,57,2,480.0,102.49166666666666,14400,27300,214-C KBS-MKD
1103,2292,0,46,4,240.0,94.99166666666666,20400,70200,248-P
1104,2292,1,41,4,240.0,89.98333333333333,24900,78000,248-P
1105,2294,0,47,1,960.0,89.98333333333333,25500,25500,248-T
1106,2294,1,43,1,960.0,100.0,31200,31200,248-T
1107,2293,0,24,4,240.0,70.0,27600,63000,364-A
1108,2293,1,23,4,240.0,59.983333333333334,32100,69000,364-A
1109,2295,0,47,3,320.0,90.0,23700,73500,248-V
1110,2295,1,41,4,240.0,97.5,18000,66900,248-V
1111,2298,0,26,3,320.0,59.983333333333334,24000,39600,364-B
1112,2298,1,28,6,160.0,60.0,31200,66300,364-B
1113,2302,0,19,13,73.84615384615384,50.0,25800,72300,45-G
1114,2302,1,17,13,73.84615384615384,50.0,28200,75900,45-G
1115,2303,0,20,6,160.0,52.49166666666667,23700,72000,43-A
1116,2303,1,20,6,160.0,55.0,26700,68400,43-A
1117,2305,0,26,2,480.0,67.49166666666666,26400,63300,215-BA
1118,2305,1,25,1,960.0,75.0,68100,68100,215-BA
1119,2306,0,33,1,960.0,75.0,36900,36900,215-BA KBS-BCMCLO
1120,2306,1,29,1,960.0,75.0,30600,30600,215-BA KBS-BCMCLO
1121,2307,0,32,12,80.0,80.0,22200,73500,215-KA
1122,2307,1,32,10,96.0,79.98333333333333,18000,66900,215-KA
1123,2308,0,26,3,320.0,69.98333333333333,26700,64500,215-BC
1124,2308,1,25,4,240.0,69.98333333333333,22800,70500,215-BC
1125,2311,0,26,2,480.0,54.99166666666667,38400,55500,215-X
1126,2311,1,25,2,480.0,49.99166666666667,18900,59400,215-X
1127,2313,0,69,1,960.0,139.98333333333332,54000,54000,248-Y
1128,2314,0,31,10,96.0,65.0,25500,74400,250
1129,2314,1,35,14,68.57142857142857,64.98333333333333,21600,68400,250
1130,2315,0,48,2,480.0,87.48333333333333,20100,50700,255-C
1131,2315,1,51,1,960.0,80.0,15000,15000,255-C
1132,2316,0,28,4,240.0,75.0,18000,66000,215-U
1133,2316,1,29,4,240.0,75.0,22500,70800,215-U
1134,2319,0,30,5,192.0,70.0,34800,62100,250-B
1135,2319,1,31,6,160.0,64.99166666666666,30900,59100,250-B
1136,2317,0,70,2,480.0,124.99166666666666,20700,49800,248-Z
1137,2317,1,65,1,960.0,170.0,59400,59400,248-Z
1138,2320,0,28,4,240.0,62.5,21900,64500,215-T
1139,2320,1,26,5,192.0,59.983333333333334,25800,69000,215-T
1140,2321,0,56,2,480.0,120.0,37800,70800,253-G KMT-KNW
1141,2321,1,61,1,960.0,119.98333333333333,61800,61800,253-G KMT-KNW
1142,2322,0,30,2,480.0,70.0,65100,75600,215-R
1143,2322,1,26,2,480.0,70.0,27900,69600,215-R
1144,2323,1,71,1,960.0,170.0,28200,28200,248-Z KMT-KNW
1145,2325,0,20,4,240.0,34.983333333333334,38700,55200,215-NG
1146,2325,1,20,4,240.0,35.0,41400,57600,215-NG
1147,2326,0,32,2,480.0,85.0,24900,62100,285-K KBS-SDNH
1148,2326,1,35,2,480.0,85.0,28800,31500,285-K KBS-SDNH
1149,2327,0,26,2,480.0,59.983333333333334,34800,44100,250-CA
1150,2327,1,28,2,480.0,60.0,40200,49500,250-CA
1151,2328,0,28,7,137.14285714285714,85.0,33300,59400,215-NE
1152,2328,1,27,5,192.0,70.0,40800,52200,215-NE
1153,2329,0,25,2,480.0,70.0,28800,62700,250-CC
1154,2329,1,28,3,320.0,69.98333333333333,24300,69300,250-CC
1155,1029,1,28,32,30.0,60.0,18900,74100,362-C
1156,2331,0,32,3,320.0,69.98333333333333,33600,57000,250-DT
1157,2331,1,34,3,320.0,64.98333333333333,28800,51300,250-DT
1158,2330,0,28,9,106.66666666666667,65.0,24900,63900,215-ND
1159,2330,1,27,7,137.14285714285714,64.98333333333333,28800,57900,215-ND
1160,2332,0,28,24,40.0,60.0,18600,79200,215-C
1161,2332,1,27,24,40.0,59.983333333333334,15000,81000,215-C
1162,2335,1,5,1,960.0,15.0,28800,28800,KMT-BCGHS
1163,2336,0,31,5,192.0,70.0,21300,75600,250-D
1164,2336,1,32,5,192.0,69.98333333333333,18000,69600,250-D
1165,2337,0,24,2,480.0,69.99166666666666,26100,36600,215-E
1166,2337,1,23,2,480.0,72.5,30300,41400,215-E
1167,2343,0,34,3,320.0,75.0,32700,67500,250-E
1168,2343,1,36,2,480.0,75.0,27900,62700,250-E
1169,2191,0,46,25,38.4,119.98333333333333,23700,79800,265-A
1170,2346,0,37,3,320.0,85.0,35700,61200,250-F
1171,2346,1,38,3,320.0,80.0,30300,55800,250-F
1172,2348,0,27,4,240.0,60.0,31500,54900,364-G
1173,2348,1,29,5,192.0,60.0,27600,58800,364-G
1174,2213,0,32,6,160.0,80.0,20100,75300,263-G
1175,2213,1,33,5,192.0,70.0,16200,69300,263-G
1176,2351,0,21,19,50.526315789473685,45.0,27300,70500,215-CA JMS-JSD
1177,2351,1,20,21,45.714285714285715,45.0,24300,67200,215-CA JMS-JSD
1178,2352,0,20,1,960.0,59.983333333333334,62400,62400,250-L
1179,2352,1,21,2,480.0,54.983333333333334,25200,66300,250-L
1180,2354,0,24,4,240.0,59.983333333333334,29700,56400,43-C
1181,2354,1,23,4,240.0,60.0,32700,60300,43-C
1182,2356,0,15,3,320.0,28.983333333333334,47760,51060,365 D34G-BNP
1183,2356,1,17,7,137.14285714285714,29.0,38400,68700,365 D34G-BNP
1184,2357,0,28,2,480.0,48.983333333333334,49260,53160,215 D34G-KKC-KMT
1185,2357,1,29,2,480.0,51.5,39600,75900,215 D34G-KKC-KMT
1186,2359,0,27,2,480.0,39.5,38100,56100,365 KBS-D34G
1187,2359,1,23,6,160.0,58.99166666666667,29460,54060,365 KBS-D34G
1188,2358,0,22,6,160.0,69.98333333333333,27000,74400,43-D
1189,2360,0,24,5,192.0,59.983333333333334,22200,75000,250-M
1190,2360,1,25,5,192.0,60.0,18600,69600,250-M
1191,2363,0,60,2,480.0,114.99166666666666,70800,73500,VV-240M KBS-MGD
1192,2363,1,60,2,480.0,110.0,27000,28800,VV-240M KBS-MGD
1193,2361,0,26,1,960.0,60.0,38100,38100,43-J
1194,2361,1,26,2,480.0,60.0,42000,57300,43-J
1195,2365,0,25,4,240.0,59.983333333333334,24900,65400,250-N
1196,2365,1,26,4,240.0,60.0,28800,69300,250-N
1197,2373,0,42,17,56.470588235294116,85.0,21600,79200,368
1198,2373,1,41,15,64.0,90.0,17400,72000,368
1199,2374,0,49,3,320.0,89.98333333333333,25500,72300,242-H
1200,2374,1,47,3,320.0,90.0,19800,65100,242-H
1201,2376,0,42,1,960.0,75.0,74700,74700,242-J KBS-DMH
1202,2376,1,42,1,960.0,85.0,67500,67500,242-J KBS-DMH
1203,2375,0,20,1,960.0,34.0,26160,26160,BEML5-KMB
1204,2377,0,48,2,480.0,80.0,24000,51600,242-J
1205,2377,1,47,2,480.0,77.5,19200,29100,242-J
1206,2379,0,49,2,480.0,95.0,37800,58500,242-JK
1207,2379,1,47,2,480.0,89.98333333333333,30600,43500,242-JK
1208,2381,0,58,3,320.0,90.0,21900,77400,242-L
1209,2381,1,56,3,320.0,120.0,17100,67800,242-L
1210,2382,1,25,2,480.0,43.983333333333334,31260,51060,368 SBS-D34G
1211,2383,0,57,3,320.0,104.98333333333333,25500,73500,242-LA
1212,2383,1,54,3,320.0,95.0,19800,66900,242-LA
1213,2384,0,53,2,480.0,134.99166666666667,27300,73500,304-Z
1214,2384,1,51,2,480.0,124.98333333333333,20700,63000,304-Z
1215,2388,0,40,3,320.0,79.98333333333333,20700,21900,G-4 SBS-BNP
1216,2388,1,36,3,320.0,80.0,76500,80100,G-4 SBS-BNP
1217,2387,0,24,11,87.27272727272727,59.983333333333334,27300,70800,45-E
1218,1030,0,12,70,13.714285714285714,35.0,23700,74100,143
1219,2387,1,24,11,87.27272727272727,60.0,23400,67200,45-E
1220,2389,0,27,1,960.0,74.0,72900,72900,364-G KBS-D34G
1221,2389,1,29,1,960.0,73.98333333333333,22860,22860,364-G KBS-D34G
1222,2391,0,24,22,43.63636363636363,60.0,27600,69000,45-F
1223,2391,1,22,21,45.714285714285715,60.0,25200,69000,45-F
1224,1819,0,33,5,192.0,74.0,35400,64800,215-NC
1225,1819,1,30,3,320.0,68.98333333333333,27660,49560,215-NC
1226,2392,0,31,8,120.0,70.0,21300,76200,215-N
1227,2392,1,28,5,192.0,70.0,17100,69900,215-N
1228,2397,0,26,6,160.0,54.983333333333334,18600,69900,210-X
1229,2397,1,23,7,137.14285714285714,55.0,22200,75000,210-X
1230,2398,0,32,5,192.0,69.98333333333333,25200,78300,210-WA
1231,2398,1,29,5,192.0,70.0,20700,73500,210-WA
1232,2399,0,24,23,41.73913043478261,54.983333333333334,18900,73200,210-U
1233,2399,1,22,22,43.63636363636363,55.0,18900,77100,210-U
1234,2400,0,32,2,480.0,80.0,32400,54600,210-T
1235,2400,1,34,2,480.0,80.0,39000,59700,210-T
1236,2401,0,30,14,68.57142857142857,69.98333333333333,20400,79800,210-NP
1237,2401,1,28,12,80.0,70.0,20400,76800,210-NP
1238,2402,0,24,2,480.0,60.0,63300,72600,210-KA
1239,2402,1,22,3,320.0,59.983333333333334,33000,68700,210-KA
1240,2403,0,51,2,480.0,132.49166666666667,24000,37200,304-V
1241,2403,1,51,2,480.0,132.5,29100,71100,304-V
1242,2404,0,50,2,480.0,119.99166666666666,25500,74100,304-Q
1243,2404,1,50,2,480.0,124.99166666666666,18900,63600,304-Q
1244,2405,0,48,2,480.0,117.49166666666666,27300,76800,304-H
1245,2405,1,47,2,480.0,122.5,20700,66600,304-H
1246,2406,0,42,3,320.0,109.98333333333333,24600,73800,304-N
1247,2406,1,43,2,480.0,102.49166666666666,19800,65700,304-N
1248,2408,0,48,1,960.0,130.0,38400,38400,304-X
1249,2408,1,47,2,480.0,124.99166666666666,28800,46500,304-X
1250,2409,0,47,1,960.0,129.98333333333332,27300,27300,304-P
1251,2409,1,48,1,960.0,119.98333333333333,19800,19800,304-P
1252,2412,0,35,2,480.0,74.0,44700,72600,210-WA KBS-BEML5
1253,2412,1,32,2,480.0,64.5,22560,49200,210-WA KBS-BEML5
1254,2415,0,46,3,320.0,104.98333333333333,20100,72600,304-E
1255,2415,1,46,3,320.0,139.98333333333332,14400,63900,304-E
1256,2416,0,26,12,80.0,61.49166666666667,37500,70200,45-D KBS-PPLO
1257,2416,1,26,4,240.0,59.0,21660,48960,45-D KBS-PPLO
1258,2417,0,39,2,480.0,94.99166666666666,23400,75900,304-D
1259,2417,1,40,3,320.0,110.0,18900,67500,304-D
1260,2418,0,48,2,480.0,134.98333333333332,29400,57300,304-J
1261,2418,1,46,1,960.0,94.98333333333333,23400,23400,304-J
1262,2421,0,18,1,960.0,54.983333333333334,36000,36000,315 SNBS-KRPGH
1263,2421,1,17,1,960.0,55.0,60300,60300,315 SNBS-KRPGH
1264,2420,0,55,1,960.0,150.0,27600,27600,304-M
1265,2420,1,55,1,960.0,110.0,20700,20700,304-M
1266,2419,1,17,1,960.0,34.0,39900,39900,BEML5-KSLOW
1267,2422,0,40,3,320.0,110.0,17100,55500,304-B
1268,2422,1,39,2,480.0,109.98333333333333,22200,72600,304-B
1269,2423,0,55,1,960.0,90.0,17700,17700,304-VA
1270,2423,1,55,2,480.0,122.5,16800,23400,304-VA
1271,2426,0,35,19,50.526315789473685,90.0,21300,77700,304-VB
1272,2426,1,37,16,60.0,89.98333333333333,19800,71700,304-VB
1273,2427,0,43,2,480.0,107.5,27300,42300,304-VK
1274,2427,1,45,2,480.0,105.0,35700,50400,304-VK
1275,2431,0,57,10,96.0,155.0,16800,77400,KIA-8E
1276,2431,1,52,7,137.14285714285714,160.0,21600,66000,KIA-8E
1277,2430,0,55,1,960.0,170.0,29700,29700,306-MH
1278,2430,1,54,1,960.0,130.0,21600,21600,306-MH
1279,2432,0,28,5,192.0,59.983333333333334,28800,77400,210-J
1280,2432,1,25,2,480.0,52.483333333333334,18000,67200,210-J
1281,2433,0,46,1,960.0,100.0,18900,18900,306-S
1282,2433,1,47,2,480.0,119.98333333333333,25200,68400,306-S
1283,2434,1,28,1,960.0,64.98333333333333,33000,33000,210-J VSD
1284,2436,0,44,1,960.0,130.0,32100,32100,306-D
1285,2436,1,44,1,960.0,120.0,24600,24600,306-D
1286,2437,0,46,1,960.0,120.0,23100,23100,306-T
1287,2437,1,46,1,960.0,79.98333333333333,18000,18000,306-T
1288,2438,0,46,1,960.0,115.0,21600,21600,306-C
1289,2438,1,47,2,480.0,107.48333333333333,16200,28800,306-C
1290,2439,0,48,2,480.0,100.0,20700,54600,306-B
1291,2439,1,50,1,960.0,99.98333333333333,14400,14400,306-B
1292,2440,0,41,2,480.0,120.0,27000,63600,306-K
1293,2440,1,42,2,480.0,102.49166666666666,21600,56100,306-K
1294,2441,0,22,1,960.0,60.0,35100,35100,284-C
1295,2441,1,24,1,960.0,60.0,42300,42300,284-C
1296,2444,0,23,5,192.0,49.983333333333334,30600,61200,210-D
1297,2444,1,23,4,240.0,49.983333333333334,36000,57600,210-D
1298,1260,1,31,4,240.0,85.0,59400,64500,285-MA PTML-CVB
1299,2445,0,40,1,960.0,99.98333333333333,54000,54000,285-M PTML-DVH
1300,2446,1,66,1,960.0,159.98333333333332,61200,61200,285-M KBS-DVH
1301,2447,0,35,3,320.0,70.0,15000,72300,210-E KBS-CEC
1302,2447,1,31,3,320.0,60.0,18900,77100,210-E KBS-CEC
1303,2449,0,47,20,48.0,99.98333333333333,18000,76500,500-CA
1304,2449,1,42,20,48.0,100.0,18000,76200,500-CA
1305,2450,0,32,10,96.0,69.98333333333333,21900,78900,210-E
1306,2450,1,29,9,106.66666666666667,70.0,18000,72600,210-E
1307,2451,0,23,1,960.0,59.983333333333334,65400,65400,284-C CVB-JDLO
1308,2456,0,52,1,960.0,109.98333333333333,65400,65400,285-MA SNBS-DBP
1309,2456,1,54,1,960.0,119.98333333333333,56400,56400,285-MA SNBS-DBP
1310,2458,0,18,1,960.0,49.983333333333334,26100,26100,285-MP PTML-NAGH
1311,2459,1,45,1,960.0,109.98333333333333,29400,29400,285-MP KBS-NAGH
1312,2461,0,36,2,480.0,76.49166666666666,60300,63600,210-G SBS-ISRLO-PPLO
1313,2461,1,38,3,320.0,70.0,22860,28860,210-G SBS-ISRLO-PPLO
1314,2463,0,23,1,960.0,58.983333333333334,32460,32460,32 PPLO-TRN-SBS
1315,2463,1,26,1,960.0,59.0,66600,66600,32 PPLO-TRN-SBS
1316,2464,0,15,4,240.0,45.0,36000,63600,50
1317,2464,1,16,4,240.0,50.0,32700,59400,50
1318,2465,0,16,1,960.0,40.0,51900,51900,285-R PTML-CLH
1319,2465,1,16,1,960.0,40.0,42600,42600,285-R PTML-CLH
1320,2466,0,30,16,60.0,60.0,22500,65700,250-P
1321,2466,1,30,17,56.470588235294116,60.0,26100,69600,250-P
1322,2470,0,2,53,18.11320754716981,5.0,23100,56700,D46-PTML
1323,2470,1,2,49,19.591836734693878,5.0,38100,76500,D46-PTML
1324,2469,0,46,3,320.0,114.98333333333333,21900,70200,370
1325,2469,1,44,3,320.0,105.0,16200,61200,370
1326,2334,0,20,12,80.0,45.0,24300,55500,285-M PTLM-DBP
1327,2334,1,20,15,64.0,44.983333333333334,38100,67200,285-M PTLM-DBP
1328,2474,0,33,1,960.0,90.0,46200,46200,500-CF BSK-HSS
1329,2476,0,3,44,21.818181818181817,5.0,23100,54600,D47-MDR
1330,2476,1,3,48,20.0,5.0,37500,76800,D47-MDR
1331,1030,1,10,73,13.150684931506849,35.0,21600,74100,143
1332,2475,0,49,4,240.0,117.5,25200,74700,370-A
1333,2475,1,47,3,320.0,110.0,19200,39000,370-A
1334,2478,0,27,5,192.0,55.0,19500,74400,250-S
1335,2478,1,28,4,240.0,50.0,16500,68400,250-S
1336,2479,0,24,3,320.0,60.0,27300,28800,328-H HSS-KDG
1337,2480,0,31,4,240.0,64.99166666666666,24900,68400,250-SA
1338,2480,1,31,3,320.0,60.0,21000,60300,250-SA
1339,2482,0,35,14,68.57142857142857,100.0,32700,80400,500-L BSK-KRPGH
1340,2482,1,34,16,60.0,94.98333333333333,18000,61200,500-L BSK-KRPGH
1341,2483,0,45,1,960.0,105.0,49200,49200,370-B
1342,2483,1,43,2,480.0,105.0,31500,57300,370-B
1343,2485,0,34,2,480.0,76.49166666666666,35700,36300,SBS-1K KDG-D6G
1344,2486,0,32,4,240.0,80.0,23700,69600,250-SB
1345,2486,1,32,3,320.0,80.0,29700,75600,250-SB
1346,2487,0,48,2,480.0,89.98333333333333,50700,72600,371-A
1347,2487,1,46,1,960.0,90.0,19800,19800,371-A
1348,2494,0,52,2,480.0,100.0,18600,40800,371-D
1349,2494,1,48,1,960.0,110.0,24300,24300,371-D
1350,2496,0,27,2,480.0,60.0,41700,74100,251-C
1351,2496,1,28,2,480.0,60.0,37800,70200,251-C
1352,2495,0,58,2,480.0,130.0,27900,59700,372
1353,2495,1,56,3,320.0,120.0,21000,67800,372
1354,2499,0,20,12,80.0,47.5,30000,70200,MF-6
1355,2499,1,19,11,87.27272727272727,45.0,34500,73500,MF-6
1356,2501,0,41,21,45.714285714285715,69.98333333333333,22200,66900,502-F
1357,2501,1,38,18,53.333333333333336,69.98333333333333,26700,72300,502-F
1358,2503,0,48,3,320.0,85.0,20100,53100,251-G
1359,2503,1,49,1,960.0,89.98333333333333,73800,73800,251-G
1360,2502,0,52,3,320.0,110.0,24600,70200,372-B
1361,2502,1,50,3,320.0,110.0,18900,61800,372-B
1362,2504,0,31,10,96.0,66.5,25800,76500,210-NA
1363,2504,1,27,13,73.84615384615384,74.0,22260,70800,210-NA
1364,2506,0,34,1,960.0,84.98333333333333,58200,58200,210-NB
1365,2506,1,31,2,480.0,79.99166666666666,33300,63600,210-NB
1366,2507,0,9,1,960.0,20.0,48900,48900,210-X BSK-CNDRN
1367,2508,0,58,3,320.0,109.98333333333333,22200,51900,372-E
1368,2508,1,56,1,960.0,119.98333333333333,30600,30600,372-E
1369,2509,0,52,2,480.0,110.0,22500,71700,251-M
1370,2509,1,56,1,960.0,100.0,16200,16200,251-M
1371,2505,0,42,2,480.0,84.98333333333333,37800,57600,372-C
1372,2505,1,40,2,480.0,85.0,30900,52500,372-C
1373,2511,0,50,3,320.0,109.98333333333333,23700,73200,253-A
1374,2511,1,51,3,320.0,104.98333333333333,18000,63600,253-A
1375,2510,0,46,1,960.0,85.0,20700,20700,372-F
1376,2510,1,43,1,960.0,110.0,27600,27600,372-F
1377,2516,0,43,1,960.0,80.0,74700,74700,502-PS
1378,2516,1,39,1,960.0,64.98333333333333,18000,18000,502-PS
1379,2514,0,47,13,73.84615384615384,109.0,19500,70500,253-B
1380,2514,1,51,13,73.84615384615384,109.0,19800,70500,253-B
1381,2519,0,52,3,320.0,110.0,23100,72300,372-J
1382,2519,1,50,3,320.0,110.0,17400,63900,372-J
1383,2522,0,60,3,320.0,119.98333333333333,20100,72900,372-M
1384,2522,1,58,3,320.0,109.98333333333333,13200,63300,372-M
1385,2523,0,37,33,29.09090909090909,90.0,18000,80100,410-K
1386,2523,1,35,37,25.945945945945947,89.98333333333333,18000,78300,410-K
1387,2525,0,45,2,480.0,94.98333333333333,24000,75600,253-D
1388,2525,1,48,2,480.0,92.49166666666666,18600,67800,253-D
1389,2526,0,39,2,480.0,80.0,77100,79200,410-K BSK-PSBS
1390,2526,1,36,2,480.0,64.98333333333333,19800,21600,410-K BSK-PSBS
1391,2527,0,30,21,45.714285714285715,50.0,29100,59400,276-A
1392,2527,1,29,16,60.0,49.983333333333334,32700,63000,276-A
1393,2528,0,31,1,960.0,60.0,65400,65400,276-AB
1394,2528,1,31,1,960.0,65.0,28800,28800,276-AB
1395,2532,1,54,1,960.0,105.0,18000,18000,253-F
1396,2533,0,20,5,192.0,49.983333333333334,22200,65700,276-C
1397,2533,1,19,5,192.0,49.983333333333334,25200,69000,276-C
1398,2534,0,42,14,68.57142857142857,85.0,35400,73800,276-F
1399,2534,1,40,12,80.0,79.98333333333333,14400,75600,276-F
1400,2536,0,15,41,23.414634146341463,34.983333333333334,21300,74400,MF-34
1401,2536,1,15,41,23.414634146341463,35.0,23400,77100,MF-34
1402,2538,0,12,1,960.0,19.0,31860,31860,D36G-GFGC
1403,2539,0,15,54,17.77777777777778,20.0,25500,80700,MF-40
1404,2539,1,14,54,17.77777777777778,19.983333333333334,24000,78900,MF-40
1405,2540,0,19,67,14.328358208955224,45.0,21000,75600,MF-12
1406,2540,1,21,69,13.91304347826087,45.0,18600,75300,MF-12
1407,1023,0,40,75,12.8,100.0,14400,80700,KBS-1K
1408,2541,0,2,3,320.0,5.0,20700,51600,D41-GNJR
1409,2541,1,2,4,240.0,5.0,38700,59400,D41-GNJR
1410,2543,0,24,6,160.0,34.983333333333334,30600,69300,MF-36
1411,2543,1,23,5,192.0,34.983333333333334,28200,66900,MF-36
1412,2548,0,38,28,34.285714285714285,89.98333333333333,19800,77700,253-J
1413,2548,1,39,25,38.4,89.98333333333333,18300,74400,253-J
1414,2556,0,30,1,960.0,59.0,64200,64200,276-A SBS-VRP-D45
1415,2556,1,30,1,960.0,59.0,27060,27060,276-A SBS-VRP-D45
1416,2558,0,56,2,480.0,140.0,32100,51000,253-LB
1417,2558,1,58,2,480.0,140.0,42300,61800,253-LB
1418,2557,0,21,3,320.0,45.0,33600,61200,34-B
1419,2557,1,22,2,480.0,47.49166666666667,30300,56400,34-B
1420,2559,0,37,42,22.857142857142858,65.0,23100,80100,273
1421,2559,1,33,45,21.333333333333332,65.0,18000,74400,273
1422,2561,0,47,1,960.0,89.98333333333333,79200,79200,253-P
1423,2561,1,51,1,960.0,89.98333333333333,23400,23400,253-P
1424,2562,0,43,3,320.0,100.0,49200,70200,600-KB Fly
1425,2562,1,48,3,320.0,95.0,31200,43500,600-KB Fly
1426,2563,0,27,5,192.0,70.0,34500,74400,333-F
1427,2563,1,24,4,240.0,64.98333333333333,40500,68700,333-F
1428,2564,1,48,1,960.0,99.98333333333333,30600,30600,253-R
1429,2567,0,38,3,320.0,95.0,34500,60900,333-K
1430,2567,1,35,3,320.0,94.98333333333333,28500,53400,333-K
1431,2566,0,26,17,56.470588235294116,49.983333333333334,25200,72000,273-C
1432,2566,1,26,15,64.0,50.0,28500,75300,273-C
1433,2569,0,14,1,960.0,24.0,45300,45300,401 YHKOT-D45G
1434,2569,1,14,1,960.0,18.983333333333334,52260,52260,401 YHKOT-D45G
1435,2571,0,38,1,960.0,59.0,48660,48660,248-V D35G-STH
1436,2576,0,26,1,960.0,53.983333333333334,25260,25260,250-DT D45G-KDGC
1437,2576,1,27,1,960.0,54.0,61800,61800,250-DT D45G-KDGC
1438,2577,0,30,4,240.0,57.5,33600,44400,273-PS
1439,2577,1,27,4,240.0,55.0,39000,48000,273-PS
1440,2583,0,37,2,480.0,92.5,36300,49800,333-N
1441,2583,1,34,3,320.0,95.0,30300,57000,333-N
1442,2584,0,43,31,30.967741935483872,89.98333333333333,16500,76500,290-EY
1443,2584,1,41,36,26.666666666666668,90.0,21000,80400,290-EY
1444,2587,0,22,18,53.333333333333336,45.0,21600,77700,302
1445,2587,1,20,20,48.0,45.0,21600,77700,302
1446,2590,0,38,40,24.0,79.98333333333333,18000,70800,507-DY
1447,2590,1,41,37,25.945945945945947,80.0,21900,77400,507-DY
1448,2592,0,55,2,480.0,119.98333333333333,36600,40200,335-G
1449,2592,1,59,4,240.0,124.99166666666666,27000,51300,335-G
1450,2595,1,60,1,960.0,129.98333333333332,27600,27600,335-M
1451,2596,0,33,5,192.0,59.983333333333334,43500,69300,298-MY DVH-YHKOT
1452,2596,1,32,7,137.14285714285714,60.0,38400,73200,298-MY DVH-YHKOT
1453,2601,0,30,4,240.0,58.983333333333334,42900,66600,276-E SBS-D45G
1454,2601,1,31,5,192.0,59.0,25260,50760,276-E SBS-D45G
1455,2606,0,4,1,960.0,4.0,28260,28260,D45G-DBH
1456,2606,1,4,1,960.0,4.0,69000,69000,D45G-DBH
1457,2607,1,38,1,960.0,100.0,30000,30000,280-E
1458,2609,1,48,1,960.0,109.98333333333333,63000,63000,253-V
1459,2610,0,30,7,137.14285714285714,64.0,21660,52260,266 D45G-MSP-KMT
1460,2610,1,31,5,192.0,69.0,37800,66900,266 D45G-MSP-KMT
1461,2608,0,54,1,960.0,100.0,42300,42300,293
1462,2608,1,51,1,960.0,100.0,36000,36000,293
1463,2611,0,2,34,28.235294117647058,5.0,21900,56100,D50-DVHNBS
1464,2611,1,2,34,28.235294117647058,5.0,38100,77400,D50-DVHNBS
1465,2612,1,44,1,960.0,105.0,29400,29400,253-W
1466,2615,0,43,1,960.0,90.0,23700,23700,254
1467,2616,0,43,2,480.0,89.98333333333333,32400,66600,251-G KBS-MTKR
1468,2616,1,44,3,320.0,89.98333333333333,26700,60900,251-G KBS-MTKR
1469,2618,0,57,8,120.0,95.0,22500,70500,374-MA
1470,2618,1,55,7,137.14285714285714,100.0,27900,70500,374-MA
1471,2619,0,40,3,320.0,90.0,22800,73500,254-A
1472,2619,1,43,3,320.0,90.0,18000,65400,254-A
1473,2620,0,38,2,480.0,77.49166666666666,22500,72000,254-B
1474,2620,1,41,3,320.0,79.98333333333333,18300,65400,254-B
1475,2621,0,39,2,480.0,90.0,24900,38100,254-D
1476,2621,1,42,2,480.0,92.5,19800,30000,254-D
1477,2622,0,34,3,320.0,85.0,21600,70200,254-E
1478,2622,1,37,3,320.0,84.98333333333333,26700,77100,254-E
1479,2623,0,48,4,240.0,99.98333333333333,18900,69600,255
1480,2623,1,51,4,240.0,89.98333333333333,14400,61800,255
1481,2624,0,50,6,160.0,99.98333333333333,25200,72000,255-A
1482,2624,1,52,6,160.0,99.98333333333333,20100,65400,255-A
1483,2625,0,50,2,480.0,99.0,49860,54060,280-F PTH-HSK
1484,2625,1,51,3,320.0,104.0,38700,61200,280-F PTH-HSK
1485,2626,0,46,2,480.0,82.48333333333333,20700,54300,255-D
1486,2626,1,47,2,480.0,82.49166666666666,15600,25800,255-D
1487,2627,0,49,23,41.73913043478261,94.98333333333333,19800,75900,289-F
1488,2627,1,49,21,45.714285714285715,95.0,21600,75600,289-F
1489,2628,0,49,5,192.0,100.0,21300,64800,255-E
1490,2628,1,52,3,320.0,104.98333333333333,32100,50100,255-E
1491,2629,0,53,1,960.0,94.0,21360,21360,289-F PTH-HSK
1492,2629,1,54,1,960.0,98.98333333333333,72600,72600,289-F PTH-HSK
1493,2632,0,47,3,320.0,79.98333333333333,26100,77100,255-J
1494,2635,0,23,34,28.235294117647058,45.0,26400,67800,290-EN
1495,2635,1,23,34,28.235294117647058,44.983333333333334,29400,70800,290-EN
1496,2636,0,65,1,960.0,109.98333333333333,30600,30600,255-N
1497,2636,1,69,1,960.0,104.98333333333333,39000,39000,255-N
1498,2637,0,27,3,320.0,90.0,31500,57900,280-K
1499,2637,1,27,3,320.0,90.0,25800,52200,280-K
1500,2639,0,61,12,80.0,115.0,28500,75600,298-MV
1501,2639,1,60,12,80.0,115.0,21300,67500,298-MV
1502,1023,1,37,71,13.52112676056338,99.98333333333333,14400,80700,KBS-1K
1503,2642,0,33,5,192.0,80.0,21900,73200,280-L
1504,2642,1,31,4,240.0,80.0,17100,66600,280-L
1505,2643,1,19,1,960.0,28.983333333333334,38100,38100,280-L YPH-PTH
1506,2644,0,33,4,240.0,50.0,51000,63900,256-F
1507,2646,0,67,1,960.0,135.0,54600,54600,256-MA
1508,2646,1,69,1,960.0,134.98333333333332,29100,29100,256-MA
1509,2655,0,40,3,320.0,90.0,25200,76200,257
1510,2655,1,42,3,320.0,90.0,20700,69000,257
1511,2656,0,30,26,36.92307692307692,80.0,19800,75300,281-AP
1512,2656,1,30,25,38.4,80.0,19800,72300,281-AP
1513,2657,0,31,1,960.0,79.98333333333333,37500,37500,257-B
1514,2657,1,36,2,480.0,75.0,32400,47700,257-B
1515,2661,0,39,3,320.0,90.0,36900,62700,257-C
1516,2661,1,41,3,320.0,90.0,30900,57000,257-C
1517,2662,0,7,1,960.0,7.983333333333333,23520,23520,287-A RTNPS-HBLB
1518,2665,1,19,2,480.0,52.49166666666667,52500,62400,302-GA
1519,2666,0,27,12,80.0,69.0,18000,63900,281-AP PTH-KIAS
1520,2666,1,28,14,68.57142857142857,70.0,32400,79500,281-AP PTH-KIAS
1521,2668,0,42,1,960.0,100.0,36600,36600,281-F KBS-MYH-HNS
1522,2668,1,43,1,960.0,100.0,28800,28800,281-F KBS-MYH-HNS
1523,2670,0,2,1,960.0,60.0,25200,25200,BCGS-20
1524,2670,1,2,1,960.0,60.0,53700,53700,BCGS-20
1525,2669,0,63,2,480.0,105.0,24300,62100,242-M
1526,2669,1,62,1,960.0,105.0,31800,31800,242-M
1527,2671,1,6,1,960.0,9.983333333333333,29100,29100,KBS-BCGHS
1528,2674,0,7,6,160.0,9.0,21960,33660,210-P PPLO-CKLS
1529,2674,1,8,7,137.14285714285714,9.0,48900,78000,210-P PPLO-CKLS
1530,2677,0,28,2,480.0,71.49166666666666,67200,74700,210-KA KBS-PPLO
1531,2677,1,24,2,480.0,71.49166666666666,22860,52560,210-KA KBS-PPLO
1532,2679,0,21,3,320.0,64.98333333333333,40800,59400,210-NG
1533,2679,1,21,3,320.0,74.98333333333333,45000,64200,210-NG
1534,2680,0,26,3,320.0,65.0,37500,54900,210-NH
1535,2680,1,23,3,320.0,70.0,42300,62400,210-NH
1536,2683,0,31,1,960.0,80.0,42000,42000,300-C
1537,2684,0,5,31,30.967741935483872,5.0,21300,55500,D24-KRPGH
1538,2684,1,4,36,26.666666666666668,5.0,39000,78600,D24-KRPGH
1539,2687,0,43,12,80.0,110.0,24600,75300,360
1540,2687,1,40,16,60.0,109.98333333333333,17100,66900,360
1541,2689,0,54,13,73.84615384615384,129.0,21660,71700,600-F BEML5-ATB
1542,2689,1,53,13,73.84615384615384,123.98333333333333,20100,72000,600-F BEML5-ATB
1543,2691,0,23,7,137.14285714285714,45.0,22800,76800,300-D
1544,2691,1,18,7,137.14285714285714,45.0,20100,72000,300-D
1545,2695,0,39,5,192.0,109.98333333333333,32400,50700,600-F BSK-OMC
1546,2695,1,40,5,192.0,105.0,40800,59400,600-F BSK-OMC
1547,2697,0,43,31,30.967741935483872,100.0,22200,71700,KBS-3F
1548,2697,1,39,31,30.967741935483872,100.0,30000,75300,KBS-3F
1549,2693,0,47,1,960.0,95.0,21000,21000,360-C
1550,2693,1,44,1,960.0,130.0,63300,63300,360-C
1551,2696,0,18,3,320.0,39.0,62100,74100,293 SBS-LGP-KLN
1552,2696,1,15,4,240.0,34.49166666666667,29760,59700,293 SBS-LGP-KLN
1553,2698,0,8,21,45.714285714285715,14.0,22560,54660,500-D D10G-HBLB
1554,2698,1,8,18,53.333333333333336,13.983333333333333,39900,76500,500-D D10G-HBLB
1555,2699,0,39,1,960.0,75.0,27000,27000,NICE-5
1556,2699,1,43,1,960.0,89.98333333333333,63900,63900,NICE-5
1557,2702,0,42,2,480.0,117.5,53700,56700,360-D
1558,2702,1,39,2,480.0,120.0,29700,32400,360-D
1559,2701,0,28,4,240.0,69.98333333333333,40200,50700,500-BA YTTMC-MTK-KRPGH
1560,2701,1,28,4,240.0,69.98333333333333,45000,55500,500-BA YTTMC-MTK-KRPGH
1561,2703,0,36,3,320.0,89.98333333333333,34500,59700,349
1562,2703,1,33,3,320.0,90.0,26400,54000,349
1563,2704,0,49,7,137.14285714285714,109.98333333333333,29100,56100,600-CA
1564,2704,1,49,6,160.0,112.49166666666666,26400,57600,600-CA
1565,2709,0,46,48,20.0,120.0,16500,76500,360-K
1566,2709,1,43,52,18.46153846153846,120.0,18000,74700,360-K
1567,2710,0,39,12,80.0,89.98333333333333,24000,66000,600-FC
1568,2710,1,39,12,80.0,90.0,18900,71400,600-FC
1569,2712,0,23,1,960.0,60.0,63000,63000,296
1570,2712,1,22,2,480.0,54.983333333333334,28800,59400,296
1571,2672,0,62,1,960.0,110.0,55200,55200,242-MA
1572,2672,1,60,1,960.0,109.98333333333333,27300,27300,242-MA
1573,2706,0,46,1,960.0,109.98333333333333,74100,74100,360-D KMT-ATB-KMLP
1574,2706,1,43,1,960.0,100.0,19200,19200,360-D KMT-ATB-KMLP
1575,2673,0,57,2,480.0,99.98333333333333,21600,70500,242-MA KBS-SLVR
1576,2673,1,56,2,480.0,97.49166666666666,16200,63600,242-MA KBS-SLVR
1577,2715,0,37,4,240.0,69.98333333333333,20400,73800,242-N
1578,2715,1,35,4,240.0,70.0,16500,68100,242-N
1579,2716,0,34,7,137.14285714285714,79.98333333333333,27600,57900,300-HA
1580,2716,1,31,6,160.0,74.98333333333333,29100,53100,300-HA
1581,2718,0,52,1,960.0,100.0,20100,20100,242-P
1582,2718,1,50,2,480.0,85.0,15600,26700,242-P
1583,2717,0,52,2,480.0,130.0,33000,33900,503-A
1584,2717,1,52,2,480.0,130.0,42000,42600,503-A
1585,2720,0,2,1,960.0,55.0,24900,24900,BELGS-30
1586,2721,0,45,1,960.0,100.0,71400,71400,242-P KBS-HVLH
1587,2719,0,48,1,960.0,100.0,22800,22800,360-E
1588,2719,1,45,1,960.0,119.98333333333333,29100,29100,360-E
1589,2724,0,45,3,320.0,80.0,24300,53400,242-Q
1590,2724,1,43,2,480.0,80.0,19800,29400,242-Q
1591,2725,0,17,110,8.727272727272727,45.0,15300,82800,300-MV
1592,1031,1,42,2,480.0,90.0,63000,64500,335-E SNBS-KDG
1593,2725,1,14,113,8.495575221238939,45.0,12600,83100,300-MV
1594,1034,0,13,13,73.84615384615384,30.0,26100,74400,96-B
1595,2732,0,39,1,960.0,84.98333333333333,74100,74100,242-Q KBS-GGH
1596,2732,1,40,1,960.0,84.98333333333333,67800,67800,242-Q KBS-GGH
1597,2734,0,48,3,320.0,84.98333333333333,23100,63300,242-R
1598,2734,1,45,3,320.0,90.0,18300,57600,242-R
1599,2731,0,50,3,320.0,109.98333333333333,23100,74700,360-H
1600,2731,1,47,2,480.0,117.49166666666666,17400,64200,360-H
1601,2736,0,47,2,480.0,94.99166666666666,36300,60900,242-RA
1602,2736,1,45,1,960.0,89.98333333333333,43500,43500,242-RA
1603,2738,0,37,44,21.818181818181817,100.0,18000,69300,500-CH
1604,1034,1,13,11,87.27272727272727,29.983333333333334,24000,72300,96-B
1605,2738,1,37,40,24.0,100.0,23100,75600,500-CH
1606,2741,0,40,3,320.0,105.0,21300,71400,323-F
1607,2741,1,37,4,240.0,110.0,16200,63000,323-F
1608,2743,0,26,5,192.0,69.98333333333333,23400,69000,45-DG
1609,2743,1,25,5,192.0,70.0,28200,75600,45-DG
1610,2740,0,2,1,960.0,4.0,54660,54660,45-D PPLO-GTLO
1611,2740,1,2,1,960.0,4.0,47400,47400,45-D PPLO-GTLO
1612,2748,0,54,2,480.0,150.0,25800,56100,360-J
1613,2748,1,50,2,480.0,99.99166666666666,14400,18900,360-J
1614,2751,1,2,1,960.0,5.0,67200,67200,D24G-KRPGH
1615,2752,0,6,2,480.0,9.0,42600,45900,SJH-KRMTTMC
1616,2754,1,34,1,960.0,80.0,26700,26700,301-F
1617,2759,0,47,7,137.14285714285714,99.98333333333333,31500,70800,G-8
1618,1035,0,21,13,73.84615384615384,55.0,20700,76200,36-B
1619,2759,1,46,7,137.14285714285714,100.0,25200,64500,G-8
1620,2764,1,29,2,480.0,69.98333333333333,37800,62400,252 PSS-KMT
1621,2767,0,19,1,960.0,40.0,23700,23700,250-E PSS-TMH
1622,2770,0,21,1,960.0,35.0,27900,27900,250-F PSS-SSHL
1623,2770,1,22,1,960.0,35.0,66600,66600,250-F PSS-SSHL
1624,2772,0,59,4,240.0,159.0,27960,30660,500-DC D32 SRYN-HBLB
1625,2775,0,40,9,106.66666666666667,104.98333333333333,18000,69600,500-QK
1626,2775,1,39,10,96.0,100.0,22800,78000,500-QK
1627,2780,0,16,1,960.0,25.0,48000,48000,250-S PSS-GLB
1628,2780,1,17,1,960.0,25.0,37800,37800,250-S PSS-GLB
1629,2781,0,29,2,480.0,57.483333333333334,30300,57300,250-S GBL-VSD-KBS
1630,2781,1,32,1,960.0,69.98333333333333,63900,63900,250-S GBL-VSD-KBS
1631,2783,0,38,1,960.0,85.0,73500,73500,257-D
1632,2783,1,40,1,960.0,90.0,29400,29400,257-D
1633,2785,0,27,2,480.0,69.0,60300,68700,360 CPR-KRM
1634,2786,1,22,1,960.0,29.983333333333334,39900,39900,250-SB PSS-SVG
1635,2787,0,12,2,480.0,12.5,22800,26400,251-C PSS-RPS-LGR
1636,2787,1,13,1,960.0,10.0,78000,78000,251-C PSS-RPS-LGR
1637,2788,0,35,2,480.0,70.0,33600,34800,301-E SBS-TCP-KRPGH
1638,2788,1,32,3,320.0,70.0,29100,51000,301-E SBS-TCP-KRPGH
1639,2792,0,32,14,68.57142857142857,59.983333333333334,21300,76200,251-E
1640,2792,1,32,14,68.57142857142857,70.0,17700,70200,251-E
1641,2790,0,35,1,960.0,65.0,22500,22500,301
1642,2790,1,31,1,960.0,65.0,18300,18300,301
1643,2791,0,30,26,36.92307692307692,97.49166666666666,19800,69600,TR-4
1644,2791,1,30,22,43.63636363636363,94.98333333333333,24300,77100,TR-4
1645,1035,1,21,12,80.0,55.0,18000,72900,36-B
1646,2795,0,2,10,96.0,2.0,24600,53700,D27-JAPC
1647,2795,1,2,11,87.27272727272727,1.0,42840,78240,D27-JAPC
1648,2796,0,29,5,192.0,55.0,30000,80400,301 SBS-MRG
1649,2796,1,25,4,240.0,55.0,26700,68400,301 SBS-MRG
1650,2799,0,32,5,192.0,69.98333333333333,23700,75300,301-A
1651,2799,1,27,5,192.0,60.0,19800,69900,301-A
1652,2801,0,40,4,240.0,104.99166666666666,18900,67200,TR-4A
1653,2801,1,37,4,240.0,105.0,24000,74100,TR-4A
1654,2800,0,51,2,480.0,99.98333333333333,37800,54900,301-D
1655,2800,1,48,2,480.0,100.0,30600,46200,301-D
1656,2802,0,38,110,8.727272727272727,80.0,17700,80400,K-2
1657,1036,1,6,1,960.0,15.0,64200,64200,SNBS-CORP-KMT
1658,1037,0,30,12,80.0,59.983333333333334,28800,60300,171
1659,2802,1,35,105,9.142857142857142,80.0,18000,80400,K-2
1660,1037,1,24,17,56.470588235294116,59.983333333333334,33000,64500,171
1661,2804,1,50,1,960.0,115.0,29700,29700,251-M KLP-KBS
1662,2808,0,55,2,480.0,131.48333333333332,52260,54960,500-A PPLO-HBLB
1663,2808,1,54,1,960.0,128.0,35100,35100,500-A PPLO-HBLB
1664,2809,0,21,1,960.0,40.0,55500,55500,296-D
1665,2809,1,18,2,480.0,39.983333333333334,51300,66000,296-D
1666,2810,1,23,1,960.0,34.0,39300,39300,319-C D24G-KDG
1667,2813,0,35,5,192.0,59.983333333333334,23100,76200,252-FC
1668,2813,1,35,6,160.0,60.0,19500,72300,252-FC
1669,2811,0,50,1,960.0,120.0,24000,24000,360-N
1670,2811,1,47,1,960.0,95.0,18000,18000,360-N
1671,2812,0,38,1,960.0,115.0,61500,61500,317-A KBS-VSD-HSK
1672,2812,1,40,1,960.0,105.0,30300,30300,317-A KBS-VSD-HSK
1673,2814,0,31,7,137.14285714285714,84.98333333333333,32100,60300,500-FB
1674,2814,1,30,8,120.0,85.0,29700,54900,500-FB
1675,2815,0,26,1,960.0,55.0,54900,54900,75-H
1676,2816,0,23,2,480.0,41.0,23520,68160,317 D24G-HSK
1677,2816,1,23,2,480.0,49.0,63600,73800,317 D24G-HSK
1678,2818,0,12,1,960.0,29.0,52860,52860,310-E D24G-KNG
1679,2818,1,11,1,960.0,29.0,46200,46200,310-E D24G-KNG
1680,2820,0,17,2,480.0,45.0,46800,52800,310
1681,2820,1,15,2,480.0,47.5,49800,57300,310
1682,2822,0,23,6,160.0,67.49166666666666,23100,79200,310-E
1683,2822,1,21,6,160.0,67.49166666666666,19800,73800,310-E
1684,2826,0,25,2,480.0,60.0,31500,64500,252-L
1685,2826,1,25,2,480.0,59.983333333333334,27600,60600,252-L
1686,2830,0,3,1,960.0,4.0,28260,28260,D10G-BBSP
1687,2830,1,5,1,960.0,3.9833333333333334,24960,24960,D10G-BBSP
1688,2834,0,25,22,43.63636363636363,60.0,23100,77400,302-A
1689,2834,1,22,22,43.63636363636363,59.983333333333334,19800,70800,302-A
1690,2833,0,46,1,960.0,115.0,25200,25200,360-Q
1691,2833,1,43,1,960.0,94.98333333333333,19200,19200,360-Q
1692,2835,0,42,10,96.0,83.98333333333333,21000,56760,276 PTH-VRP-KBS
1693,2835,1,43,10,96.0,84.49166666666666,42300,78300,276 PTH-VRP-KBS
1694,2836,0,28,2,480.0,52.5,30900,63000,252-RA
1695,2836,1,28,3,320.0,70.0,27000,66000,252-RA
1696,2838,0,8,1,960.0,19.0,66660,66660,G-3 D6G-BGR
1697,2840,0,30,4,240.0,62.5,33600,60600,292-C
1698,2840,1,29,4,240.0,62.49166666666667,29400,56400,292-C
1699,2841,0,49,7,137.14285714285714,120.0,20700,48900,500-HC
1700,1039,0,40,26,36.92307692307692,99.98333333333333,18000,75300,342-A
1701,2841,1,51,12,80.0,119.98333333333333,25800,75600,500-HC
1702,2842,0,57,1,960.0,139.98333333333332,56400,56400,360-S
1703,2842,1,54,1,960.0,139.98333333333332,30300,30300,360-S
1704,2844,1,32,1,960.0,79.98333333333333,54000,54000,502-C GGP-RMN-KRPGH
1705,2847,0,46,4,240.0,112.5,32400,50100,500-HG
1706,2847,1,46,4,240.0,112.49166666666666,41400,58500,500-HG
1707,2851,1,57,1,960.0,110.0,31200,31200,242-TA
1708,2854,0,36,30,32.0,90.0,17100,72900,500-HK
1709,2854,1,36,33,29.09090909090909,89.98333333333333,16200,74700,500-HK
1710,2855,0,52,1,960.0,99.98333333333333,61200,61200,242-TA KBS-MTK
1711,2857,0,57,1,960.0,104.98333333333333,51600,51600,242-TB
1712,2857,1,54,2,480.0,104.98333333333333,30600,58200,242-TB
1713,2859,1,46,1,960.0,110.0,31500,31500,361-B
1714,2861,0,31,1,960.0,54.983333333333334,53700,53700,253-D PSS-TRN
1715,2861,1,30,1,960.0,55.0,42900,42900,253-D PSS-TRN
1716,2863,0,42,7,137.14285714285714,64.98333333333333,21900,76200,201 VVK-SNR
1717,2863,1,40,8,120.0,69.98333333333333,18000,71700,201 VVK-SNR
1718,2864,0,41,1,960.0,80.0,36300,36300,253-D KBS-TNS
1719,2864,1,42,1,960.0,105.0,29700,29700,253-D KBS-TNS
1720,2866,0,50,4,240.0,119.98333333333333,65700,68700,361-C FLYOVER
1721,2866,1,45,5,192.0,110.0,27900,32400,361-C FLYOVER
1722,2867,0,28,3,320.0,54.983333333333334,40200,59700,302-G
1723,2867,1,24,3,320.0,55.0,36300,54300,302-G
1724,2860,0,48,2,480.0,82.49166666666666,24000,62100,242-U
1725,2860,1,45,3,320.0,84.98333333333333,19200,56700,242-U
1726,2870,0,29,13,73.84615384615384,69.98333333333333,22200,67500,60-E
1727,2870,1,31,12,80.0,70.0,26100,66600,60-E
1728,2872,0,41,6,160.0,99.98333333333333,27600,67200,500-LA
1729,2872,1,43,4,240.0,99.98333333333333,21300,60900,500-LA
1730,2874,0,31,5,192.0,78.98333333333333,14400,69360,502-CT YTTMC-GGP-KRPMS
1731,2874,1,30,4,240.0,63.983333333333334,10800,80400,502-CT YTTMC-GGP-KRPMS
1732,2876,0,29,4,240.0,60.0,26700,64800,302-E
1733,2876,1,26,4,240.0,60.0,30300,69000,302-E
1734,2879,0,25,4,240.0,55.0,32400,61800,303-G
1735,2879,1,21,4,240.0,54.983333333333334,28800,58200,303-G
1736,2880,0,9,1,960.0,14.0,27960,27960,303-G KLN-OST
1737,2880,1,8,1,960.0,13.0,65100,65100,303-G KLN-OST
1738,2882,0,45,2,480.0,120.0,22500,72000,304
1739,2882,1,46,2,480.0,107.5,17100,62400,304
1740,2892,0,24,18,53.333333333333336,55.0,22800,77400,302-B
1741,2892,1,23,17,56.470588235294116,54.983333333333334,19800,73500,302-B
1742,2893,0,35,3,320.0,85.0,45000,50100,308 KMS-KBS
1743,2893,1,38,1,960.0,84.98333333333333,36900,36900,308 KMS-KBS
1744,2894,0,31,4,240.0,67.49166666666666,33000,61500,60-L
1745,2894,1,34,4,240.0,70.0,38400,66300,60-L
1746,2895,0,2,8,120.0,5.0,25800,52800,D47-KMSD
1747,2895,1,2,11,87.27272727272727,5.0,39300,65100,D47-KMSD
1748,1039,1,39,29,33.10344827586207,100.0,22500,74700,342-A
1749,2898,0,48,3,320.0,100.0,21600,57000,242-Y
1750,2898,1,47,4,240.0,100.0,27600,63300,242-Y
1751,2899,0,5,1,960.0,15.0,25800,25800,SBNS-KMT
1752,2899,1,6,4,240.0,15.0,39900,75300,SBNS-KMT
1753,2901,0,33,1,960.0,68.98333333333333,37500,37500,308 SBS-KMS
1754,2904,0,34,1,960.0,89.98333333333333,51000,51000,308 KMS-KMT
1755,2904,1,36,2,480.0,89.99166666666666,34800,36000,308 KMS-KMT
1756,2905,0,40,1,960.0,69.98333333333333,24600,24600,304-V MDR-CKT
1757,2905,1,40,1,960.0,74.98333333333333,60000,60000,304-V MDR-CKT
1758,2903,0,47,1,960.0,110.0,51000,51000,242-Z
1759,2903,1,46,1,960.0,110.0,28800,28800,242-Z
1760,2908,0,54,3,320.0,115.0,22800,72900,242-ZB
1761,2908,1,52,3,320.0,120.0,17100,65400,242-ZB
1762,2910,0,61,2,480.0,144.98333333333332,21900,68400,242-ZC
1763,2910,1,59,2,480.0,127.49166666666666,15300,30300,242-ZC
1764,2909,0,47,8,120.0,102.48333333333333,18000,73200,316-B
1765,2909,1,44,6,160.0,102.49166666666666,23100,69600,316-B
1766,2914,0,45,5,192.0,99.98333333333333,27300,59100,316
1767,2914,1,43,3,320.0,100.0,18000,63900,316
1768,2916,0,40,2,480.0,94.0,28260,29460,304-VB D24G-CKT
1769,2916,1,41,2,480.0,102.0,60300,61500,304-VB D24G-CKT
1770,2917,0,50,3,320.0,90.0,23700,72900,242-T
1771,2917,1,50,3,320.0,100.0,18900,65700,242-T
1772,2918,1,25,1,960.0,5.0,56100,56100,317-A D24G-KBS
1773,2920,0,48,3,320.0,105.0,19500,66900,242-ZD
1774,2920,1,48,3,320.0,104.98333333333333,25200,73500,242-ZD
1775,2922,0,25,1,960.0,59.983333333333334,79800,79800,243-A
1776,2922,1,24,1,960.0,60.0,19800,19800,243-A
1777,2925,0,34,6,160.0,59.983333333333334,28500,72900,243-B
1778,2925,1,33,6,160.0,60.0,24600,69000,243-B
1779,2926,0,45,3,320.0,104.98333333333333,26700,70800,335-H
1780,2926,1,45,4,240.0,97.49166666666666,21000,62700,335-H
1781,2929,0,42,1,960.0,97.98333333333333,25320,25320,304-Q D24G-GNLU
1782,2929,1,38,2,480.0,94.48333333333333,34800,59100,304-Q D24G-GNLU
1783,2930,0,35,2,480.0,62.49166666666667,33900,43500,243-C
1784,2930,1,36,2,480.0,64.99166666666666,29400,39600,243-C
1785,2933,0,23,5,192.0,49.983333333333334,30300,70800,243-F
1786,2933,1,23,5,192.0,50.0,27000,66600,243-F
1787,2935,0,16,1,960.0,23.983333333333334,24960,24960,243-F D35G-GKH
1788,2935,1,16,1,960.0,23.983333333333334,74700,74700,243-F D35G-GKH
1789,2936,0,33,1,960.0,74.0,28260,28260,60-E CLO-BTM
1790,2936,1,35,2,480.0,73.99166666666666,60900,72300,60-E CLO-BTM
1791,2939,0,27,7,137.14285714285714,60.0,24600,80700,243-J
1792,2939,1,27,8,120.0,60.0,21300,77700,243-J
1793,2940,0,29,1,960.0,75.0,63900,63900,243-J VSD
1794,2942,0,40,1,960.0,100.0,54900,54900,500-Q MDR-CJP
1795,2942,1,40,1,960.0,99.98333333333333,38700,38700,500-Q MDR-CJP
1796,2943,0,20,5,192.0,49.983333333333334,25800,66000,43
1797,2943,1,20,6,160.0,52.49166666666667,29100,71100,43
1798,2945,1,34,1,960.0,84.98333333333333,30600,30600,243-J CVB-BVN
1799,2948,0,44,3,320.0,100.0,26400,54600,500-QN
1800,2948,1,42,3,320.0,99.98333333333333,32700,60900,500-QN
1801,2950,0,23,22,43.63636363636363,54.983333333333334,25200,81000,243-L
1802,2950,1,23,21,45.714285714285715,55.0,21600,75900,243-L
1803,2952,0,2,1,960.0,60.0,25200,25200,STJHS-4
1804,2952,1,2,1,960.0,60.0,53400,53400,STJHS-4
1805,2951,0,28,1,960.0,54.0,25260,25260,304-X D41G-ARH
1806,2954,0,11,1,960.0,45.0,29100,29100,STJHS-HBLB
1807,2953,0,21,1,960.0,54.983333333333334,34200,34200,43-A VPC-VSD-KBS
1808,2955,0,5,1,960.0,15.0,52200,52200,SBS-SJHSTMS
1809,2957,0,25,3,320.0,80.0,35700,60300,500-TA
1810,2957,1,25,3,320.0,79.98333333333333,30600,53400,500-TA
1811,2959,0,41,2,480.0,94.99166666666666,17700,71100,305
1812,2959,1,41,3,320.0,115.0,12600,63300,305
1813,2958,0,19,1,960.0,60.0,63900,63900,43-A VSD-VKNN
1814,2962,0,42,2,480.0,99.99166666666666,21300,72300,305-A
1815,2962,1,42,3,320.0,114.98333333333333,16200,63000,305-A
1816,2963,0,8,1,960.0,20.0,75600,75600,43-A VVKN-BSK
1817,2963,1,8,1,960.0,20.0,49200,49200,43-A VVKN-BSK
1818,2965,0,46,2,480.0,107.49166666666666,18900,71100,305-B
1819,2965,1,46,3,320.0,129.98333333333332,13500,61200,305-B
1820,2967,0,46,12,80.0,89.99166666666666,27900,58800,507-D
1821,2967,1,47,12,80.0,85.0,33900,64800,507-D
1822,2972,0,30,2,480.0,59.0,24960,50160,305-F D24G-NDVC
1823,2972,1,31,1,960.0,74.0,61200,61200,305-F D24G-NDVC
1824,2973,0,73,6,160.0,180.0,28500,35700,500-DG
1825,2973,1,73,9,106.66666666666667,179.98333333333332,52200,59400,500-DG
1826,2974,0,44,2,480.0,120.0,20100,57300,305-G
1827,2974,1,45,2,480.0,99.99166666666666,15000,27000,305-G
1828,2975,0,38,4,240.0,100.0,23700,74700,305-H
1829,2975,1,40,4,240.0,102.48333333333333,18900,66600,305-H
1830,2977,0,46,2,480.0,107.5,18600,54000,305-K
1831,2977,1,49,2,480.0,124.99166666666666,24300,61800,305-K
1832,2980,0,51,1,960.0,129.98333333333332,25500,25500,305-L
1833,2980,1,49,1,960.0,100.0,19200,19200,305-L
1834,2983,0,51,1,960.0,115.0,53100,53100,305-M
1835,2994,0,49,2,480.0,132.49166666666667,24300,55800,305-N
1836,1042,0,5,23,41.73913043478261,10.0,22200,66300,13 SNBS-BGRD
1837,2994,1,51,1,960.0,99.98333333333333,18000,18000,305-N
1838,2996,0,2,1,960.0,55.0,21000,21000,BEML A-1
1839,2997,0,49,1,960.0,124.98333333333333,26100,26100,305-P
1840,2997,1,50,1,960.0,100.0,19800,19800,305-P
1841,2999,0,50,1,960.0,135.0,21600,21600,305-Q
1842,2999,1,50,1,960.0,100.0,15300,15300,305-Q
1843,3000,0,28,5,192.0,48.983333333333334,25560,52860,356-Z D38-ANK
1844,3000,1,27,4,240.0,48.983333333333334,40800,67800,356-Z D38-ANK
1845,3001,0,47,1,960.0,119.98333333333333,23400,23400,305-R
1846,3001,1,48,1,960.0,90.0,17700,17700,305-R
1847,3008,0,41,2,480.0,134.99166666666667,22500,62100,305-V
1848,3008,1,41,3,320.0,119.98333333333333,18000,54000,305-V
1849,3006,0,43,24,40.0,95.0,26100,71100,510
1850,3007,0,43,3,320.0,80.0,33000,57000,401-AE
1851,3007,1,43,3,320.0,79.98333333333333,27900,51900,401-AE
1852,3010,0,43,4,240.0,115.0,24000,79500,306
1853,3010,1,43,4,240.0,122.49166666666666,18900,70200,306
1854,3009,0,42,27,35.55555555555556,95.0,23100,76200,510-A
1855,3013,1,48,1,960.0,89.98333333333333,16200,16200,306-A
1856,3014,0,37,1,960.0,88.98333333333333,48360,48360,306-A D24G-LDMS
1857,3017,1,37,2,480.0,82.98333333333333,36300,38400,328-HB D41G-HLS
1858,3015,0,43,1,960.0,99.98333333333333,74400,74400,361-D
1859,3018,0,52,1,960.0,105.0,59700,59700,401-AL MHC-DBP
1860,3021,1,42,1,960.0,90.0,19800,19800,361-D KBS-CDH
1861,3020,0,37,71,13.52112676056338,74.98333333333333,21600,77400,515
1862,3020,1,36,70,13.714285714285714,75.0,18000,76200,515
1863,1042,1,4,14,68.57142857142857,10.0,39000,78000,13 SNBS-BGRD
1864,3022,0,45,1,960.0,120.0,24900,24900,306-E
1865,3022,1,47,1,960.0,90.0,19200,19200,306-E
1866,3024,0,42,1,960.0,104.0,48660,48660,306-MA D24G-JYM
1867,3025,0,36,2,480.0,83.98333333333333,37500,64500,349 D38-LMG-KBS
1868,3025,1,29,2,480.0,88.98333333333333,50460,52260,349 D38-LMG-KBS
1869,3026,0,47,1,960.0,100.0,18000,18000,306-E KBS-NYK
1870,3026,1,48,1,960.0,99.98333333333333,73200,73200,306-E KBS-NYK
1871,3029,0,47,1,960.0,129.98333333333332,32100,32100,306-F
1872,3029,1,46,1,960.0,120.0,24600,24600,306-F
1873,3032,0,47,1,960.0,105.0,18000,18000,306-F KBS-BRH
1874,3032,1,47,1,960.0,134.98333333333332,74100,74100,306-F KBS-BRH
1875,3033,0,29,1,960.0,68.0,52620,52620,306-F D41G-BRH
1876,3033,1,28,1,960.0,59.0,41700,41700,306-F D41G-BRH
1877,1512,0,50,50,19.2,90.0,18000,78300,401-AN
1878,1512,1,48,46,20.869565217391305,100.0,19800,77400,401-AN
1879,3034,0,48,2,480.0,112.49166666666666,27000,70800,306-G
1880,3034,1,48,2,480.0,117.48333333333333,21000,62100,306-G
1881,3036,0,47,2,480.0,127.5,26100,56700,306-J
1882,3036,1,47,1,960.0,90.0,20400,20400,306-J
1883,3037,0,50,1,960.0,120.0,30300,30300,306-L
1884,3037,1,50,1,960.0,119.98333333333333,22800,22800,306-L
1885,3040,0,53,1,960.0,99.98333333333333,16500,16500,306-L KBS-MSD
1886,3040,1,52,1,960.0,129.98333333333332,69600,69600,306-L KBS-MSD
1887,3041,0,46,3,320.0,130.0,21600,75600,360-K KSR-ATB
1888,3043,0,32,1,960.0,64.0,51960,51960,306-L D41G-MSD
1889,3043,1,32,1,960.0,63.983333333333334,39300,39300,306-L D41G-MSD
1890,3045,0,24,2,480.0,34.99166666666667,48600,53100,211 BSK-VLS
1891,3045,1,23,2,480.0,30.0,29400,31500,211 BSK-VLS
1892,3048,0,49,4,240.0,117.49166666666666,20700,69900,306-M
1893,1044,0,65,36,26.666666666666668,130.0,25200,72600,501-A
1894,3048,1,49,5,192.0,150.0,16200,59100,306-M
1895,3050,0,7,8,120.0,3.9833333333333334,43800,78900,HPN-CLO
1896,3050,1,7,9,106.66666666666667,4.0,21360,52560,HPN-CLO
1897,3046,0,40,3,320.0,89.98333333333333,15300,19200,500-EB SMVR-ELCW
1898,3046,1,45,3,320.0,100.0,70800,74100,500-EB SMVR-ELCW
1899,3052,0,51,1,960.0,115.0,21000,21000,306-MA
1900,3053,0,35,4,240.0,77.5,22800,69000,362-C SBS-YLH
1901,3053,1,30,4,240.0,77.5,26700,74100,362-C SBS-YLH
1902,3055,0,2,1,960.0,45.0,21300,21300,KVM-3
1903,3055,1,2,1,960.0,55.0,45600,45600,KVM-3
1904,3057,0,16,1,960.0,50.0,48300,48300,319-J TNF-DNR
1905,3057,1,17,1,960.0,50.0,51600,51600,319-J TNF-DNR
1906,3058,0,18,1,960.0,38.0,27720,27720,311 D24G-SBS
1907,3063,0,20,2,480.0,28.983333333333334,24360,46260,KRMTTMC-BGR
1908,3063,1,20,2,480.0,26.5,39600,58800,KRMTTMC-BGR
1909,3065,0,51,2,480.0,132.49166666666667,25500,52500,306-P
1910,3065,1,50,1,960.0,120.0,18000,18000,306-P
1911,3067,0,39,1,960.0,104.98333333333333,27000,27000,306-Q
1912,3067,1,40,2,480.0,89.99166666666666,22200,33600,306-Q
1913,3070,0,30,2,480.0,60.0,47700,57600,362-CA
1914,3070,1,25,2,480.0,60.0,52200,61500,362-CA
1915,3074,0,27,5,192.0,49.0,23160,52560,319 D24G-KDG
1916,3074,1,24,10,96.0,53.983333333333334,39900,73800,319 D24G-KDG
1917,3076,0,38,4,240.0,87.5,22800,75300,307
1918,3076,1,36,4,240.0,99.98333333333333,18900,67500,307
1919,3077,0,41,1,960.0,99.98333333333333,27900,27900,KBS-3A VVK-ATB
1920,3080,0,49,1,960.0,109.98333333333333,72300,72300,253-F KBS-KLD
1921,3081,0,48,1,960.0,119.98333333333333,21600,21600,305-M KMT-TBH
1922,3081,1,47,1,960.0,99.98333333333333,15300,15300,305-M KMT-TBH
1923,3084,0,32,2,480.0,84.99166666666666,24300,72000,307-C
1924,3084,1,28,1,960.0,69.98333333333333,19800,19800,307-C
1925,3087,0,40,4,240.0,80.0,24300,72000,308
1926,3087,1,37,4,240.0,80.0,19800,65100,308
1927,3089,0,55,4,240.0,100.0,28200,43800,401-BB
1928,3089,1,54,4,240.0,102.49166666666666,34500,60900,401-BB
1929,3088,0,25,1,960.0,70.0,64200,64200,340-K
1930,3088,1,24,3,320.0,69.98333333333333,29400,69300,340-K
1931,3090,0,3,1,960.0,10.0,52200,52200,D47G-GDC
1932,3090,1,3,1,960.0,10.0,40800,40800,D47G-GDC
1933,3092,0,40,1,960.0,75.0,18000,18000,401-BJ
1934,3092,1,39,1,960.0,75.0,22800,22800,401-BJ
1935,3093,0,40,9,106.66666666666667,99.98333333333333,19800,72000,308-B
1936,3093,1,37,9,106.66666666666667,100.0,15900,63600,308-B
1937,3094,0,29,2,480.0,77.49166666666666,21900,76800,342-Q
1938,3094,1,28,2,480.0,67.5,18000,26700,342-Q
1939,3096,0,4,4,240.0,9.983333333333333,24300,50400,D47-MRS
1940,3096,1,4,3,320.0,10.0,45300,66000,D47-MRS
1941,3097,0,27,4,240.0,88.98333333333333,35100,63900,342-Q KMT-D42G
1942,3097,1,25,6,160.0,88.98333333333333,30060,51360,342-Q KMT-D42G
1943,3104,0,23,5,192.0,69.98333333333333,24000,78000,311-J
1944,3104,1,21,6,160.0,65.0,20700,73200,311-J
1945,3112,0,25,40,24.0,45.0,22560,75600,MF-42
1946,3112,1,25,43,22.325581395348838,45.0,22500,77100,MF-42
1947,3117,0,33,1,960.0,80.0,72000,72000,313-F
1948,3117,1,35,1,960.0,74.98333333333333,18000,18000,313-F
1949,3118,1,60,1,960.0,129.98333333333332,27600,27600,253-K KMT- MLHP
1950,3127,0,21,1,960.0,40.0,27900,27900,253-L PTML-HGV
1951,3127,1,24,1,960.0,45.0,64200,64200,253-L PTML-HGV
1952,3136,0,8,5,192.0,9.0,24660,33660,PPLO-HKH
1953,3136,1,11,1,960.0,24.0,66300,66300,PPLO-HKH
1954,3137,0,38,1,960.0,75.0,63900,63900,254 KBS-DBLK
1955,3137,1,39,1,960.0,75.0,59100,59100,254 KBS-DBLK
1956,3146,0,25,6,160.0,60.0,20100,75300,314-FA
1957,3146,1,24,6,160.0,65.0,16800,69300,314-FA
1958,3148,0,16,3,320.0,24.0,28560,52860,314-FA D06G-MLP
1959,3148,1,17,2,480.0,24.0,39900,57300,314-FA D06G-MLP
1960,3147,0,21,2,480.0,59.983333333333334,45000,53100,341-A
1961,3147,1,20,2,480.0,59.983333333333334,26100,57900,341-A
1962,3149,0,10,1,960.0,14.0,21960,21960,43-D PPLO-VBN
1963,3149,1,11,1,960.0,14.0,78300,78300,43-D PPLO-VBN
1964,3151,0,19,1,960.0,39.0,42300,42300,KMT-LMG-KRMTTMC
1965,3153,0,35,2,480.0,75.0,56400,75900,254-D KBS-KMP
1966,3153,1,36,1,960.0,79.98333333333333,69300,69300,254-D KBS-KMP
1967,3157,0,22,17,56.470588235294116,44.983333333333334,22500,70800,314-P
1968,3157,1,21,17,56.470588235294116,45.0,25200,74400,314-P
1969,3158,0,20,1,960.0,44.0,51060,51060,254-E PSS-KMP
1970,3161,0,4,1,960.0,19.0,30960,30960,43-J PPLO-HKLO
1971,3161,1,4,1,960.0,19.0,67800,67800,43-J PPLO-HKLO
1972,3163,0,39,2,480.0,100.0,34800,57600,315-J
1973,3163,1,35,1,960.0,100.0,49800,49800,315-J
1974,3162,0,24,4,240.0,70.0,23100,73200,341-C
1975,3162,1,23,5,192.0,70.0,19800,66900,341-C
1976,3165,0,25,1,960.0,60.0,63900,63900,43-J VSD-HKLO
1977,3165,1,28,1,960.0,59.983333333333334,32400,32400,43-J VSD-HKLO
1978,3166,0,17,2,480.0,41.5,36000,42000,KMT-STJH-KRMTTMC
1979,3168,0,47,3,320.0,90.0,23400,74700,316-A
1980,3168,1,45,2,480.0,97.49166666666666,18000,66300,316-A
1981,3169,0,28,3,320.0,70.0,20700,75000,341-C KBS-KDRM
1982,3169,1,26,2,480.0,64.99166666666666,17400,68400,341-C KBS-KDRM
1983,3172,0,22,15,64.0,60.0,19800,72000,45-B
1984,1044,1,65,38,25.263157894736842,119.98333333333333,16800,72900,501-A
1985,3172,1,23,15,64.0,59.983333333333334,23100,75600,45-B
1986,3174,0,7,2,480.0,17.491666666666667,30900,50100,45-B BSK-BVN
1987,3174,1,8,1,960.0,14.983333333333333,66600,66600,45-B BSK-BVN
1988,3175,1,17,2,480.0,27.491666666666667,37200,37500,255 MTH-DSP
1989,3177,0,22,1,960.0,59.983333333333334,63900,63900,45-B VSD-BVN
1990,3177,1,23,1,960.0,60.0,32400,32400,45-B VSD-BVN
1991,3179,0,18,1,960.0,20.0,27900,27900,255-A DSP-HKV
1992,3179,1,19,1,960.0,20.0,67200,67200,255-A DSP-HKV
1993,3181,0,43,1,960.0,84.98333333333333,23100,23100,318 KMT-THRM
1994,3184,0,45,1,960.0,89.98333333333333,49200,49200,255-E KBS-NSP
1995,3186,0,29,1,960.0,65.0,56100,56100,342-A KRMTTMC-SJP
1996,3186,1,29,3,320.0,64.0,60300,62100,342-A KRMTTMC-SJP
1997,3188,0,17,16,60.0,29.0,21660,70260,328-H D41G-KDG
1998,3188,1,17,12,80.0,28.983333333333334,19800,75600,328-H D41G-KDG
1999,3190,0,39,3,320.0,89.98333333333333,23400,73500,316-E
2000,3190,1,38,4,240.0,90.0,18600,66300,316-E
2001,3191,0,12,1,960.0,9.0,22260,22260,45-E PPLO-CKA
2002,3191,1,13,1,960.0,9.0,75000,75000,45-E PPLO-CKA
2003,3192,0,40,1,960.0,90.0,58500,58500,255-B
2004,3192,1,42,1,960.0,90.0,33300,33300,255-B
2005,3193,0,32,4,240.0,84.99166666666666,21000,62100,316-F
2006,3193,1,30,3,320.0,85.0,17100,56400,316-F
2007,3198,0,37,2,480.0,84.98333333333333,33300,45600,316-G
2008,3198,1,35,3,320.0,84.98333333333333,27900,52500,316-G
2009,3197,0,33,1,960.0,104.98333333333333,59400,59400,342-A KMT HRH
2010,3197,1,32,1,960.0,99.98333333333333,66000,66000,342-A KMT HRH
2011,3196,0,10,2,480.0,12.5,29100,51000,45-F BSK-CKA
2012,3196,1,11,3,320.0,15.0,49200,69000,45-F BSK-CKA
2013,3200,0,40,3,320.0,95.0,20400,54300,316-J
2014,3200,1,38,2,480.0,89.99166666666666,25800,73200,316-J
2015,3199,0,45,2,480.0,90.0,32700,63600,255-C KBS-PLH
2016,3199,1,46,2,480.0,90.0,25500,57900,255-C KBS-PLH
2017,3203,0,48,3,320.0,110.0,20100,68100,316-K
2018,3203,1,46,2,480.0,99.99166666666666,15600,59100,316-K
2019,3204,1,17,1,960.0,29.983333333333334,38400,38400,255-C DSP-PLH
2020,3205,0,51,3,320.0,114.98333333333333,25500,66900,316-M
2021,3205,1,50,2,480.0,109.99166666666666,19200,57900,316-M
2022,3208,1,44,1,960.0,90.0,30900,30900,255-J KBS-HNS
2023,3210,0,52,1,960.0,119.98333333333333,39000,39000,316-Q
2024,3210,1,50,1,960.0,119.98333333333333,30000,30000,316-Q
2025,3211,0,57,4,240.0,122.49166666666666,18300,68400,316-R
2026,3211,1,55,4,240.0,107.49166666666666,12600,59700,316-R
2027,3213,0,49,2,480.0,102.5,20100,69300,316-T
2028,3213,1,47,2,480.0,97.49166666666666,14400,25800,316-T
2029,3214,0,52,1,960.0,104.98333333333333,23100,23100,316-U
2030,3215,0,34,1,960.0,79.98333333333333,22500,22500,316-V
2031,3215,1,32,2,480.0,75.0,18000,27600,316-V
2032,3217,0,2,56,17.142857142857142,5.0,21600,72000,D50-DVHOBS
2033,3217,1,2,47,20.425531914893618,5.0,4500,78000,D50-DVHOBS
2034,3219,1,34,1,960.0,68.98333333333333,40200,40200,342-F KRMTTMC-STJN-SJP
2035,3224,0,44,1,960.0,99.98333333333333,22500,22500,317-C
2036,3224,1,43,2,480.0,94.99166666666666,17400,28800,317-C
2037,3226,0,5,53,18.11320754716981,5.0,21600,57000,D39-HSKTTMC
2038,3226,1,4,17,56.470588235294116,5.0,42240,76200,D39-HSKTTMC
2039,3231,0,41,3,320.0,100.0,19800,67800,317-E
2040,3231,1,40,3,320.0,90.0,14400,60000,317-E
2041,3233,0,44,1,960.0,100.0,26100,26100,317-K
2042,3233,1,41,1,960.0,90.0,20400,20400,317-K
2043,3234,0,47,5,192.0,100.0,24600,73200,317-M
2044,3234,1,42,5,192.0,95.0,18900,66300,317-M
2045,3235,0,47,3,320.0,104.98333333333333,24000,71700,317-MA
2046,3235,1,42,3,320.0,105.0,18300,63600,317-MA
2047,3238,0,50,2,480.0,107.5,20100,56400,317-N
2048,3238,1,46,2,480.0,102.48333333333333,14400,49200,317-N
2049,3239,0,40,3,320.0,89.98333333333333,16800,66300,317-P
2050,3239,1,37,3,320.0,90.0,21900,73500,317-P
2051,3243,0,49,2,480.0,99.99166666666666,23700,57900,317-S
2052,3243,1,46,1,960.0,75.0,18900,18900,317-S
2053,3244,0,52,2,480.0,102.5,23400,51300,317-SA
2054,3244,1,49,1,960.0,84.98333333333333,18000,18000,317-SA
2055,3245,1,44,1,960.0,79.98333333333333,17700,17700,317-T
2056,3247,0,53,1,960.0,120.0,39600,39600,317-TA
2057,3247,1,49,1,960.0,120.0,30600,30600,317-TA
2058,3246,0,51,3,320.0,89.98333333333333,50700,73800,501-CH
2059,3246,1,51,3,320.0,90.0,21600,66000,501-CH
2060,3250,0,52,3,320.0,110.0,25200,55500,317-V
2061,3250,1,49,2,480.0,109.98333333333333,18900,28800,317-V
2062,3251,0,45,1,960.0,85.0,54300,54300,501-CH YTTMC-KMG
2063,3253,1,42,1,960.0,110.0,29100,29100,317-W
2064,3256,0,48,2,480.0,99.98333333333333,21900,52200,317-Y
2065,3256,1,45,1,960.0,89.98333333333333,16200,16200,317-Y
2066,3258,0,67,1,960.0,120.0,27000,27000,501-CH KMG-KRPRS
2067,3259,0,48,2,480.0,109.99166666666666,24300,53400,317-YA
2068,3259,1,46,1,960.0,100.0,18000,18000,317-YA
2069,3257,0,47,2,480.0,109.99166666666666,25500,72600,342-K
2070,3257,1,46,3,320.0,120.0,19800,34200,342-K
2071,3261,0,32,24,40.0,74.98333333333333,19800,73200,381-C
2072,1047,0,74,11,87.27272727272727,119.98333333333333,18000,71100,KBS-5H
2073,3261,1,33,24,40.0,74.98333333333333,18000,68400,381-C
2074,3264,0,42,5,192.0,94.98333333333333,19800,54300,318
2075,3264,1,40,5,192.0,95.0,14400,48000,318
2076,3266,0,43,1,960.0,104.98333333333333,69600,69600,318 KBS-JTP
2077,3266,1,40,1,960.0,105.0,62100,62100,318 KBS-JTP
2078,3267,0,44,3,320.0,125.0,24300,62100,319
2079,3267,1,44,3,320.0,120.0,19200,31200,319
2080,3270,0,38,1,960.0,85.0,34800,34800,410-F
2081,3268,1,54,1,960.0,105.0,20700,20700,342-MA
2082,3277,0,45,3,320.0,120.0,22800,69600,342-T
2083,3277,1,44,3,320.0,130.0,18000,60000,342-T
2084,3280,0,33,2,480.0,84.98333333333333,38100,48900,319-J
2085,995,0,47,127,7.559055118110236,120.0,9900,79200,KBS-3A
2086,3280,1,33,3,320.0,89.98333333333333,30900,57600,319-J
2087,3281,0,16,1,960.0,24.0,29160,29160,319-J D41G-DNR
2088,3283,1,48,1,960.0,100.0,28800,28800,256-B
2089,3286,0,14,3,320.0,44.983333333333334,34800,60600,32
2090,3286,1,13,4,240.0,45.0,37800,63600,32
2091,3289,1,31,1,960.0,95.0,29400,29400,307-C KBS-VGBDAN
2092,3293,0,44,1,960.0,128.0,32400,32400,319-J KMT-D41G
2093,3293,1,45,1,960.0,79.0,49560,49560,319-J KMT-D41G
2094,3294,0,41,3,320.0,100.0,23100,70800,321-D
2095,3294,1,41,2,480.0,100.0,18000,63300,321-D
2096,3295,0,37,1,960.0,90.0,38400,38400,321-E
2097,3295,1,38,1,960.0,90.0,31200,31200,321-E
2098,3302,0,17,3,320.0,29.0,23460,54660,SGH-SNR
2099,3302,1,19,4,240.0,31.5,45900,76800,SGH-SNR
2100,3303,0,43,1,960.0,79.98333333333333,20700,20700,411-D
2101,3305,0,91,1,960.0,165.0,65700,65700,256-MB
2102,3305,1,93,1,960.0,135.0,22800,22800,256-MB
2103,3304,0,63,2,480.0,127.5,26700,49800,412-H HBLB-ISRO
2104,3304,1,61,1,960.0,109.98333333333333,19800,19800,412-H HBLB-ISRO
2105,3306,0,20,14,68.57142857142857,40.0,27900,69000,415
2106,1047,1,71,11,87.27272727272727,120.0,14400,73200,KBS-5H
2107,3306,1,19,15,64.0,40.0,25200,72000,415
2108,3308,0,88,1,960.0,140.0,60000,60000,248-HA NMG-NMG
2109,3309,0,7,1,960.0,20.0,30900,30900,257-B DSP-MDVR
2110,3311,0,23,6,160.0,44.983333333333334,22800,78600,415-B
2111,3311,1,24,6,160.0,44.983333333333334,19800,74100,415-B
2112,3312,0,47,3,320.0,115.0,24900,73200,322
2113,3312,1,46,2,480.0,107.5,19200,63900,322
2114,3313,0,46,3,320.0,135.0,18300,64800,342-TA
2115,3313,1,45,3,320.0,125.0,24000,73200,342-TA
2116,3316,0,37,1,960.0,85.0,59100,59100,257-E
2117,3316,1,37,2,480.0,77.5,28500,30900,257-E
2118,3315,0,34,7,137.14285714285714,88.98333333333333,25920,51360,323 D41G-HAL-KMT
2119,3315,1,36,8,120.0,89.0,36600,63300,323 D41G-HAL-KMT
2120,3318,0,49,2,480.0,112.5,19500,61800,322-A
2121,3318,1,48,2,480.0,117.49166666666666,25800,71100,322-A
2122,3317,0,47,3,320.0,120.0,19800,68700,342-U
2123,3317,1,46,3,320.0,119.98333333333333,14400,59700,342-U
2124,3321,0,26,4,240.0,44.983333333333334,44100,64800,415-F
2125,3321,1,24,4,240.0,45.0,41100,61500,415-F
2126,3320,0,9,1,960.0,20.0,29400,29400,257-E DSP-ALR
2127,3320,1,10,1,960.0,20.0,64500,64500,257-E DSP-ALR
2128,3319,0,32,1,960.0,73.98333333333333,21960,21960,13 PPLO-SBS
2129,3319,1,29,2,480.0,88.98333333333333,71700,73200,13 PPLO-SBS
2130,3323,0,52,3,320.0,124.98333333333333,25500,70500,342-V
2131,3323,1,51,2,480.0,107.5,19800,61200,342-V
2132,3324,0,47,2,480.0,104.99166666666666,20100,69300,323
2133,3324,1,44,2,480.0,104.99166666666666,14400,26400,323
2134,3325,0,28,4,240.0,50.0,21900,69000,415-D
2135,3325,1,26,5,192.0,49.983333333333334,24900,72300,415-D
2136,3326,0,42,3,320.0,120.0,18300,68400,323-A
2137,1051,0,67,28,34.285714285714285,107.49166666666666,17100,79500,MKT-5H
2138,3326,1,40,3,320.0,100.0,13200,60000,323-A
2139,3328,0,41,2,480.0,99.98333333333333,36000,61200,323-AB
2140,3328,1,38,1,960.0,100.0,43800,43800,323-AB
2141,3329,0,44,3,320.0,115.0,22800,71400,342-W
2142,3329,1,43,3,320.0,100.0,18000,62100,342-W
2143,3330,0,46,4,240.0,117.49166666666666,19500,71400,323-B
2144,3330,1,44,3,320.0,119.98333333333333,14400,61800,323-B
2145,3332,0,34,3,320.0,55.0,21900,62700,415-E
2146,3332,1,28,2,480.0,54.983333333333334,25200,66600,415-E
2147,3333,1,19,1,960.0,28.0,41400,41400,323-B D41G-KGR
2148,3334,0,44,3,320.0,109.98333333333333,26100,74400,323-AK
2149,3334,1,41,3,320.0,110.0,21000,65400,323-AK
2150,3338,0,42,3,320.0,114.98333333333333,21900,71400,323-D
2151,3338,1,40,3,320.0,129.98333333333332,16200,61800,323-D
2152,3337,0,6,2,480.0,28.5,48660,51720,D34G-BGR
2153,3337,1,7,1,960.0,22.983333333333334,43500,43500,D34G-BGR
2154,3345,0,38,4,240.0,104.99166666666666,17700,66600,323-E
2155,3345,1,36,4,240.0,92.49166666666666,13200,58200,323-E
2156,3346,0,15,1,960.0,50.0,34200,34200,287-D
2157,3346,1,16,1,960.0,55.0,30600,30600,287-D
2158,3347,0,38,4,240.0,104.99166666666666,20400,69300,323-G
2159,3347,1,36,3,320.0,100.0,15000,61500,323-G
2160,3349,0,37,3,320.0,95.0,25500,73500,323-H
2161,3349,1,35,4,240.0,99.99166666666666,20700,65400,323-H
2162,3348,0,17,4,240.0,45.0,30900,60300,146
2163,3348,1,15,3,320.0,50.0,33600,63900,146
2164,3351,0,37,4,240.0,99.98333333333333,24000,74100,323-L
2165,3351,1,37,4,240.0,102.5,19200,67800,323-L
2166,3350,0,35,5,192.0,75.0,21900,74700,343-A
2167,3350,1,31,4,240.0,82.49166666666666,18000,68400,343-A
2168,3352,0,43,3,320.0,105.0,24600,73800,323-M
2169,3352,1,41,3,320.0,109.98333333333333,18900,64800,323-M
2170,3353,0,25,1,960.0,48.983333333333334,38700,38700,343-A HLH-KRMTTMC
2171,3354,0,2,1,960.0,44.0,25860,25860,Call Bus CWS-3
2172,3355,0,31,4,240.0,62.49166666666667,20700,54300,343-B
2173,3356,0,37,1,960.0,99.98333333333333,23400,23400,323-N
2174,3356,1,35,1,960.0,85.0,18000,18000,323-N
2175,3358,0,10,1,960.0,25.0,29100,29100,401K-CWS-3-KGRTTMC
2176,3358,1,10,1,960.0,25.0,56100,56100,401K-CWS-3-KGRTTMC
2177,3361,0,34,4,240.0,102.49166666666666,27000,77400,324
2178,3361,1,32,3,320.0,109.98333333333333,21600,69000,324
2179,3360,0,34,1,960.0,64.0,59700,59700,401-K CWS-3 BMT-31
2180,3357,0,56,7,137.14285714285714,109.98333333333333,23700,72300,240-F
2181,3357,1,55,7,137.14285714285714,109.98333333333333,18000,63900,240-F
2182,3363,0,22,4,240.0,65.0,24300,66600,343-H
2183,3363,1,21,4,240.0,67.49166666666666,27300,71700,343-H
2184,3364,0,41,12,80.0,97.5,22500,62400,502-L
2185,3364,1,43,9,106.66666666666667,89.98333333333333,26700,63900,502-L
2186,3365,0,35,3,320.0,100.0,23100,75600,324-A
2187,3365,1,32,3,320.0,110.0,18000,68700,324-A
2188,3366,0,29,5,192.0,69.98333333333333,33600,62700,343-K
2189,3366,1,24,4,240.0,70.0,40500,60900,343-K
2190,3368,0,36,4,240.0,102.5,25200,72600,325
2191,3368,1,34,5,192.0,105.0,19800,63900,325
2192,3370,0,32,5,192.0,70.0,21300,76200,343-M
2193,3370,1,28,5,192.0,75.0,18000,69900,343-M
2194,3374,0,13,1,960.0,24.0,48060,48060,325 D41G-HRHL
2195,3375,0,24,42,22.857142857142858,45.0,24000,69900,502-E
2196,3375,1,23,50,19.2,49.983333333333334,27000,73200,502-E
2197,1051,1,66,34,28.235294117647058,110.0,17400,76800,MKT-5H
2198,3377,0,38,2,480.0,92.5,21900,72000,325 KBS-HAL-HRH
2199,3377,1,35,2,480.0,102.48333333333333,16800,62700,325 KBS-HAL-HRH
2200,3378,0,47,1,960.0,100.0,53100,53100,258-C KBS-GDP
2201,3378,1,48,1,960.0,100.0,59400,59400,258-C KBS-GDP
2202,3376,0,51,5,192.0,109.98333333333333,23700,73800,344-A
2203,3376,1,48,5,192.0,115.0,18000,64800,344-A
2204,3380,0,40,1,960.0,119.98333333333333,32700,32700,325-A
2205,3381,0,24,1,960.0,59.0,41400,41400,210-ND KBS-LMG-BSK-PPLO
2206,3381,1,22,3,320.0,58.0,33060,52920,210-ND KBS-LMG-BSK-PPLO
2207,3382,1,37,3,320.0,110.0,27600,32400,326-C
2208,3388,0,38,8,120.0,80.0,18900,73200,344-C
2209,3389,0,3,66,14.545454545454545,5.0,21600,56700,D40-DSP
2210,3389,1,3,61,15.737704918032787,5.0,39000,79200,D40-DSP
2211,3390,0,2,70,13.714285714285714,5.0,15300,62400,D49-BDD
2212,3390,1,2,72,13.333333333333334,5.0,37200,85800,D49-BDD
2213,3386,0,55,7,137.14285714285714,100.0,25200,77400,502-HA
2214,3386,1,54,7,137.14285714285714,100.0,19500,69900,502-HA
2215,3394,0,42,4,240.0,85.0,23700,75900,344-F
2216,3394,1,39,3,320.0,95.0,18900,68400,344-F
2217,3391,0,68,3,320.0,120.0,29100,72900,401-L
2218,3391,1,67,2,480.0,120.0,21600,65400,401-L
2219,3393,0,2,62,15.483870967741936,1.0,21600,78840,D43-D43G
2220,1050,0,22,4,240.0,55.0,34200,60300,43-H
2221,1050,1,23,4,240.0,55.0,30900,56700,43-H
2222,3393,1,2,66,14.545454545454545,1.0,2040,79740,D43-D43G
2223,1052,0,21,57,16.842105263157894,40.0,23100,80400,112
2224,3398,0,3,1,960.0,9.0,27060,27060,D43-SVP
2225,3398,1,3,1,960.0,9.0,67200,67200,D43-SVP
2226,3399,0,59,6,160.0,110.0,19200,62100,399
2227,3399,1,57,7,137.14285714285714,109.98333333333333,25500,70500,399
2228,3400,0,47,1,960.0,100.0,60900,60900,256 KMT-SVP
2229,3402,0,30,1,960.0,43.983333333333334,26760,26760,344-C KRMTTMC-BDP
2230,3402,1,30,1,960.0,44.0,65100,65100,344-C KRMTTMC-BDP
2231,3403,0,63,1,960.0,115.0,48600,48600,502-K
2232,3403,1,59,2,480.0,114.98333333333333,29400,55800,502-K
2233,3405,0,33,5,192.0,80.0,24900,76500,344-D
2234,3405,1,31,4,240.0,80.0,20400,71700,344-D
2235,3411,0,41,4,240.0,114.98333333333333,26100,76200,327-A
2236,3411,1,38,4,240.0,114.98333333333333,20700,66900,327-A
2237,3413,0,42,4,240.0,87.48333333333333,22500,76800,345
2238,3413,1,38,4,240.0,100.0,17400,69000,345
2239,3412,0,31,1,960.0,59.0,53460,53460,210-NP PPLO-KML-KBS
2240,3412,1,34,1,960.0,59.0,60600,60600,210-NP PPLO-KML-KBS
2241,3418,0,36,3,320.0,100.0,31500,59700,327-B
2242,3418,1,34,2,480.0,99.98333333333333,37800,53700,327-B
2243,3419,1,5,1,960.0,14.0,66000,66000,327-B D41G-PND
2244,3421,1,56,1,960.0,120.0,30900,30900,258-G KBS-GVH
2245,3422,0,40,8,120.0,107.49166666666666,23700,63000,507-A
2246,3422,1,41,7,137.14285714285714,105.0,19200,64500,507-A
2247,3425,0,23,2,480.0,74.99166666666666,50700,60300,312-A
2248,3425,1,21,2,480.0,77.5,29700,55200,312-A
2249,3429,0,35,3,320.0,105.0,27300,74700,327-E
2250,3429,1,33,4,240.0,102.49166666666666,21600,66300,327-E
2251,3430,0,54,9,106.66666666666667,135.0,20700,76200,507-B
2252,3430,1,53,9,106.66666666666667,129.98333333333332,20700,73500,507-B
2253,3431,0,40,16,60.0,85.0,28500,63900,401-RC
2254,3431,1,41,16,60.0,82.5,30900,60300,401-RC
2255,3432,0,37,5,192.0,100.0,24600,75300,328-E
2256,3432,1,35,6,160.0,99.98333333333333,19800,66900,328-E
2257,3433,0,44,40,24.0,95.0,19200,77100,507-C
2258,3433,1,46,32,30.0,94.98333333333333,20700,73500,507-C
2259,3434,0,49,4,240.0,99.0,22260,32760,401-RC D45-BEML5
2260,3434,1,51,4,240.0,98.98333333333333,61500,72000,401-RC D45-BEML5
2261,3435,0,15,2,480.0,16.5,26160,52260,328-E D41G-VLP
2262,3435,1,15,1,960.0,18.983333333333334,45300,45300,328-E D41G-VLP
2263,3439,0,39,1,960.0,94.98333333333333,33900,33900,328-F
2264,3439,1,37,1,960.0,104.98333333333333,27300,27300,328-F
2265,3440,1,36,1,960.0,89.0,63900,63900,507-C D45G-KRP
2266,3442,0,10,3,320.0,13.0,27180,29160,D45G-YSTF
2267,3442,1,9,3,320.0,13.983333333333333,65400,67800,D45G-YSTF
2268,3447,0,19,1,960.0,60.0,63900,63900,244-C VSD
2269,3447,1,24,1,960.0,65.0,32100,32100,244-C VSD
2270,3450,0,4,1,960.0,10.0,29700,29700,D24-TNF1
2271,3450,1,6,1,960.0,10.0,68700,68700,D24-TNF1
2272,3451,0,12,146,6.575342465753424,30.0,16800,82800,90-E
2273,3451,1,12,144,6.666666666666667,29.983333333333334,14700,81000,90-E
2274,3454,0,60,1,960.0,100.0,22500,22500,258-F KMT-SVP
2275,3454,1,62,1,960.0,100.0,16200,16200,258-F KMT-SVP
2276,3453,0,34,2,480.0,97.48333333333333,37200,48900,328-G
2277,3453,1,32,3,320.0,100.0,28800,56700,328-G
2278,3455,0,7,1,960.0,15.0,27600,27600,328-G D41G-GJR-HLH
2279,3456,0,43,2,480.0,80.0,40800,41700,328-HA
2280,3456,1,44,2,480.0,80.0,35700,36600,328-HA
2281,3457,0,43,3,320.0,79.98333333333333,23700,72600,345-A
2282,1052,1,21,53,18.11320754716981,39.983333333333334,21000,78600,112
2283,3457,1,40,4,240.0,87.49166666666666,19200,66900,345-A
2284,3459,0,18,6,160.0,42.5,23400,72000,271-K
2285,3459,1,17,5,192.0,44.983333333333334,26100,75000,271-K
2286,3458,1,56,1,960.0,125.0,30000,30000,258-H
2287,3464,0,39,4,240.0,99.98333333333333,22200,73800,329
2288,3464,1,37,4,240.0,97.49166666666666,17100,66900,329
2289,3463,0,24,8,120.0,54.983333333333334,30000,55500,600-CF Fly
2290,3463,1,27,8,120.0,54.983333333333334,35100,60600,600-CF Fly
2291,3465,0,45,3,320.0,90.0,24600,56100,345-C
2292,3465,1,42,2,480.0,82.5,19800,31500,345-C
2293,3466,0,16,3,320.0,18.983333333333334,28860,50760,329 D41G-MTS
2294,3466,1,16,3,320.0,19.0,41100,64500,329 D41G-MTS
2295,3467,0,67,8,120.0,124.99166666666666,18000,63900,401-Z
2296,3467,1,66,6,160.0,130.0,25500,72000,401-Z
2297,3469,0,42,4,240.0,102.5,20100,74100,329-A
2298,3469,1,40,3,320.0,110.0,15000,65100,329-A
2299,3474,0,41,3,320.0,104.98333333333333,26700,77400,329-B
2300,3474,1,39,4,240.0,109.99166666666666,21600,68700,329-B
2301,3478,0,38,4,240.0,109.98333333333333,18300,67800,329-C
2302,3478,1,36,4,240.0,97.5,13500,59400,329-C
2303,3479,0,28,5,192.0,60.0,36000,66000,600-CF UFLY
2304,3479,1,31,5,192.0,59.983333333333334,27900,69900,600-CF UFLY
2305,3480,0,15,2,480.0,19.0,45060,51060,329-C D41G-KTR
2306,3480,1,15,2,480.0,18.5,38400,45900,329-C D41G-KTR
2307,3482,0,35,4,240.0,95.0,22500,72300,329-D
2308,3482,1,35,4,240.0,95.0,18000,64500,329-D
2309,3481,0,45,2,480.0,89.98333333333333,24600,68400,401-ZA
2310,3481,1,46,2,480.0,80.0,19800,62400,401-ZA
2311,3484,0,48,3,320.0,94.98333333333333,23100,73800,345-E
2312,3484,1,43,4,240.0,97.49166666666666,18000,66300,345-E
2313,3486,0,16,135,7.111111111111111,39.983333333333334,18600,80700,96-G
2314,3486,1,16,134,7.164179104477612,39.983333333333334,18000,80400,96-G
2315,3485,0,70,2,480.0,134.98333333333332,50700,68400,258-SD KBS-BNH
2316,3485,1,69,1,960.0,135.0,58500,58500,258-SD KBS-BNH
2317,3488,0,12,8,120.0,19.0,22560,54060,96-G D31G-SNB
2318,3488,1,12,3,320.0,34.0,75600,77100,96-G D31G-SNB
2319,3487,0,28,2,480.0,75.0,59400,63000,500-HC HBLB-WTTMC
2320,3489,0,15,2,480.0,14.0,30660,51060,96-G YTTMC-SNB
2321,3489,1,15,1,960.0,14.0,76800,76800,96-G YTTMC-SNB
2322,3493,0,20,2,480.0,59.983333333333334,37800,55200,2-A
2323,3493,1,20,2,480.0,60.0,41700,59100,2-A
2324,3495,0,19,1,960.0,23.983333333333334,46860,46860,CLO-SNB
2325,3497,0,38,1,960.0,70.0,60300,60300,258-SB BNH-MNTK
2326,3497,1,38,1,960.0,75.0,30900,30900,258-SB BNH-MNTK
2327,3498,1,17,1,960.0,19.0,68400,68400,314-T D06G-VBP
2328,3500,0,26,4,240.0,72.5,21300,64500,346-B
2329,3500,1,22,4,240.0,75.0,25200,69600,346-B
2330,3503,0,12,4,240.0,9.0,21960,33960,201 D06G-DMR
2331,3503,1,9,4,240.0,11.5,61800,76200,201 D06G-DMR
2332,3506,0,18,1,960.0,44.983333333333334,63900,63900,96-B VSD
2333,3506,1,22,1,960.0,45.0,32400,32400,96-B VSD
2334,3505,0,30,3,320.0,95.0,19500,73200,346-C
2335,3505,1,26,2,480.0,77.5,16200,65100,346-C
2336,3507,0,26,5,192.0,60.0,23100,68400,402-C
2337,3507,1,28,5,192.0,70.0,27900,72900,402-C
2338,3509,0,27,1,960.0,80.0,28800,28800,346-C KMT-RYS
2339,3509,1,24,2,480.0,70.0,24600,34800,346-C KMT-RYS
2340,3508,0,20,1,960.0,50.0,33000,33000,2-E  JPN6-VSD
2341,3508,1,19,1,960.0,60.0,63900,63900,2-E  JPN6-VSD
2342,3511,0,27,2,480.0,60.0,35700,65100,404-A
2343,3511,1,26,2,480.0,72.49166666666666,30900,41100,404-A
2344,3512,0,28,4,240.0,74.98333333333333,33900,75600,346-D
2345,3512,1,25,4,240.0,74.98333333333333,17700,51300,346-D
2346,3515,0,67,1,960.0,130.0,70200,70200,258-V KBS-GRH
2347,3515,1,67,1,960.0,129.98333333333332,60600,60600,258-V KBS-GRH
2348,3517,0,30,3,320.0,79.98333333333333,18000,67500,347-F
2349,3517,1,26,3,320.0,80.0,21900,74100,347-F
2350,3523,0,57,18,53.333333333333336,90.0,19200,73800,407
2351,3523,1,55,17,56.470588235294116,89.98333333333333,18600,70500,407
2352,3525,0,36,1,960.0,80.0,23700,23700,263-R
2353,3525,1,38,1,960.0,75.0,18900,18900,263-R
2354,3524,0,38,2,480.0,89.98333333333333,37200,51000,346-K
2355,3524,1,35,3,320.0,90.0,31200,59100,346-K
2356,3527,0,18,3,320.0,28.983333333333334,26460,58200,378-E D34-BSK
2357,3528,0,55,1,960.0,110.0,58800,58800,258-YA KMT-HCP
2358,3529,0,41,4,240.0,94.98333333333333,23100,73200,329-E
2359,3529,1,39,4,240.0,104.98333333333333,18000,66600,329-E
2360,1053,0,41,2,480.0,104.99166666666666,22200,51900,321
2361,3530,0,18,4,240.0,24.0,24360,50160,329-E D41G-BLK
2362,3530,1,17,2,480.0,26.491666666666667,37800,42900,329-E D41G-BLK
2363,3531,0,37,1,960.0,84.98333333333333,29700,29700,346-M
2364,3531,1,34,1,960.0,80.0,24600,24600,346-M
2365,3532,0,40,2,480.0,62.49166666666667,19800,73500,346-M KBS-GLH
2366,3532,1,36,1,960.0,54.983333333333334,16200,16200,346-M KBS-GLH
2367,3533,1,23,1,960.0,49.983333333333334,35100,35100,346-M CSB-GLH
2368,3536,0,64,1,960.0,115.0,63000,63000,258-SA VKP-KBS
2369,3537,0,61,2,480.0,112.48333333333333,16200,61800,258-MA JKNH-KBS
2370,3537,1,60,1,960.0,105.0,22800,22800,258-MA JKNH-KBS
2371,3538,0,24,4,240.0,67.49166666666666,32100,76800,347
2372,1053,1,41,2,480.0,99.98333333333333,17100,28500,321
2373,3538,1,20,5,192.0,64.98333333333333,27900,70200,347
2374,3540,0,32,5,192.0,74.98333333333333,20400,67500,600-C
2375,3540,1,32,3,320.0,64.98333333333333,24600,38100,600-C
2376,3526,0,32,3,320.0,59.983333333333334,24000,73800,263-A
2377,3526,1,34,3,320.0,69.98333333333333,20100,67200,263-A
2378,3543,0,16,1,960.0,28.983333333333334,49560,49560,347 KRMTTMC-KDL
2379,1043,0,11,77,12.467532467532468,29.983333333333334,22800,73500,144-E
2380,3544,0,43,1,960.0,105.0,57900,57900,317-KT
2381,3541,0,57,3,320.0,100.0,31500,67500,407-F
2382,3541,1,57,3,320.0,109.98333333333333,24600,60300,407-F
2383,3547,1,44,1,960.0,89.98333333333333,15600,15600,317-TH
2384,3549,0,42,5,192.0,105.0,19500,69300,317-H
2385,3549,1,40,5,192.0,105.0,14400,60900,317-H
2386,3550,0,29,2,480.0,77.49166666666666,62700,74700,347-C
2387,3550,1,24,3,320.0,79.98333333333333,33000,67800,347-C
2388,3552,0,25,2,480.0,67.49166666666666,26700,52200,347-C KMT-CKBR
2389,3552,1,20,1,960.0,60.0,22800,22800,347-C KMT-CKBR
2390,3551,0,45,3,320.0,95.0,23700,70800,317-SR
2391,3551,1,40,3,320.0,99.98333333333333,18000,63000,317-SR
2392,3553,0,11,6,160.0,30.0,29700,79200,88
2393,3553,1,10,4,240.0,30.0,18000,72300,88
2394,3554,0,47,2,480.0,97.5,21000,53700,317-DS
2395,3554,1,46,2,480.0,92.49166666666666,16200,26400,317-DS
2396,3449,0,42,4,240.0,75.0,22200,77100,245
2397,3449,1,41,4,240.0,74.98333333333333,17700,72300,245
2398,3557,0,41,2,480.0,99.98333333333333,37200,49800,317-DP
2399,3557,1,38,2,480.0,104.99166666666666,28800,43500,317-DP
2400,3558,0,50,2,480.0,117.49166666666666,25500,51900,317-U
2401,3558,1,47,1,960.0,104.98333333333333,18000,18000,317-U
2402,3562,0,58,2,480.0,120.0,27300,57000,245-A
2403,3562,1,58,2,480.0,119.99166666666666,36600,64800,245-A
2404,3560,0,69,1,960.0,120.0,28800,28800,409
2405,3563,0,51,1,960.0,105.0,71400,71400,317-TS
2406,3563,1,48,1,960.0,89.98333333333333,16200,16200,317-TS
2407,3564,0,40,2,480.0,87.48333333333333,22500,62400,263-C
2408,3564,1,44,2,480.0,87.48333333333333,17100,55200,263-C
2409,3565,0,31,3,320.0,59.983333333333334,31500,49800,347-G
2410,3565,1,22,3,320.0,59.983333333333334,38100,56100,347-G
2411,3566,0,46,3,320.0,95.0,19500,69300,317-L
2412,3566,1,45,3,320.0,100.0,14400,61200,317-L
2413,3567,0,29,1,960.0,75.0,32100,32100,347-H
2414,3567,1,24,1,960.0,74.98333333333333,39300,39300,347-H
2415,3569,0,24,3,320.0,70.0,34200,53400,347-K
2416,3569,1,20,4,240.0,70.0,29700,59100,347-K
2417,3570,0,37,3,320.0,69.98333333333333,23100,54900,245-C
2418,3570,1,34,3,320.0,70.0,19200,50400,245-C
2419,3571,0,29,2,480.0,62.5,24000,77400,263-E
2420,3571,1,33,2,480.0,69.98333333333333,19800,28500,263-E
2421,3573,0,38,1,960.0,90.0,31200,31200,245-K
2422,3574,0,29,2,480.0,70.0,35400,59100,347-L
2423,3574,1,24,2,480.0,67.49166666666666,30900,41400,347-L
2424,3576,0,50,1,960.0,89.98333333333333,51600,51600,401-A NMG-YHKOT
2425,3576,1,51,1,960.0,90.0,22500,22500,401-A NMG-YHKOT
2426,3578,0,42,5,192.0,74.98333333333333,21600,79200,245-D
2427,3578,1,40,4,240.0,74.99166666666666,17100,72600,245-D
2428,3580,0,32,1,960.0,79.98333333333333,23400,23400,280
2429,3580,1,32,2,480.0,79.99166666666666,18600,28500,280
2430,3579,0,35,2,480.0,77.5,22200,33600,263 KMT-NLGH-GGNH
2431,3579,1,39,2,480.0,70.0,18300,27000,263 KMT-NLGH-GGNH
2432,3582,0,28,5,192.0,69.98333333333333,21900,78300,347-N
2433,3582,1,22,5,192.0,75.0,18000,73200,347-N
2434,3584,1,11,2,480.0,21.491666666666667,39000,69000,245-D D35G-BTH
2435,3585,1,39,1,960.0,75.0,22200,22200,245-DA KMT-BMTCTC
2436,3586,0,29,1,960.0,58.983333333333334,24960,24960,401-J PTH-HNS
2437,3586,1,29,1,960.0,63.983333333333334,61800,61800,401-J PTH-HNS
2438,3588,0,34,4,240.0,67.5,32700,64500,245-Q
2439,3588,1,34,3,320.0,65.0,38700,60000,245-Q
2440,3587,0,26,5,192.0,70.0,23700,72900,348
2441,3587,1,22,4,240.0,69.98333333333333,19800,68400,348
2442,3593,0,39,1,960.0,100.0,72300,72300,281-G
2443,3593,1,41,1,960.0,99.98333333333333,29400,29400,281-G
2444,3594,0,64,1,960.0,125.0,26700,26700,317-BH
2445,3594,1,64,1,960.0,109.98333333333333,19800,19800,317-BH
2446,3598,0,17,67,14.328358208955224,35.0,21600,81000,80-A
2447,3598,1,18,66,14.545454545454545,34.983333333333334,19500,77100,80-A
2448,3597,1,22,1,960.0,69.98333333333333,38700,38700,348-C KMT-HSPK
2449,3600,0,8,14,68.57142857142857,14.491666666666667,21660,52500,80-A YTTMC-NLO
2450,3600,1,9,15,64.0,14.0,47100,78900,80-A YTTMC-NLO
2451,3603,0,14,2,480.0,9.5,21960,49200,D31G-JMN
2452,3603,1,10,2,480.0,9.0,48300,77100,D31G-JMN
2453,3602,0,59,2,480.0,104.99166666666666,18300,52800,317-SP
2454,3602,1,54,2,480.0,102.48333333333333,12600,24600,317-SP
2455,3604,0,53,16,60.0,117.49166666666666,18000,77100,264-A
2456,3605,0,37,4,240.0,89.98333333333333,24000,72000,282
2457,3605,1,38,3,320.0,89.98333333333333,19200,64800,282
2458,3606,0,48,2,480.0,104.99166666666666,18600,54900,317-NG
2459,3606,1,43,2,480.0,100.0,12600,25200,317-NG
2460,1963,0,22,5,192.0,59.983333333333334,25500,73200,96
2461,3608,0,36,1,960.0,90.0,29400,29400,80-A NLO-JP3
2462,3608,1,38,1,960.0,90.0,35100,35100,80-A NLO-JP3
2463,3611,0,38,3,320.0,95.0,24000,77400,600-G
2464,3611,1,37,3,320.0,99.98333333333333,19800,69600,600-G
2465,3612,0,55,1,960.0,135.0,54900,54900,317-DN KBS-DNH
2466,3613,0,32,2,480.0,87.5,25800,33000,282-A
2467,3613,1,34,3,320.0,90.0,20400,53400,282-A
2468,3616,0,47,3,320.0,109.98333333333333,22800,54900,317-VT
2469,3616,1,45,1,960.0,105.0,17100,17100,317-VT
2470,3617,0,29,4,240.0,84.98333333333333,32100,69300,282-A HSHK-KBS
2471,3619,0,34,6,160.0,59.983333333333334,23100,73800,265-B
2472,3619,1,30,6,160.0,60.0,19800,67800,265-B
2473,3620,0,45,1,960.0,109.98333333333333,56700,56700,317-CA
2474,3620,1,44,1,960.0,109.98333333333333,36000,36000,317-CA
2475,3622,0,42,2,480.0,119.99166666666666,23700,72000,317-HC
2476,3622,1,41,1,960.0,90.0,18000,18000,317-HC
2477,3621,0,45,1,960.0,119.98333333333333,62100,62100,600-G ATB-ISRLO
2478,3629,0,6,1,960.0,15.0,31800,31800,265-D PSS-VGN
2479,3627,1,50,1,960.0,149.98333333333332,27000,27000,317-HS
2480,3631,0,39,2,480.0,90.0,44100,57000,390
2481,3631,1,40,3,320.0,90.0,36600,62700,390
2482,3635,0,38,3,320.0,90.0,21300,63300,282-C
2483,3635,1,40,2,480.0,90.0,26400,57600,282-C
2484,3636,0,40,3,320.0,74.98333333333333,27000,58500,398-B
2485,3636,1,38,3,320.0,75.0,31800,63300,398-B
2486,3638,1,21,1,960.0,50.0,33000,33000,265-D SBS-VSD-VGN
2487,3641,0,40,5,192.0,80.0,21900,77100,245-E
2488,3641,1,38,4,240.0,72.5,18000,70500,245-E
2489,3640,0,61,3,320.0,104.98333333333333,18000,64800,265-E
2490,3643,0,31,2,480.0,85.0,39600,50400,282-D KBS-VVC
2491,3643,1,31,3,320.0,85.0,32700,57600,282-D KBS-VVC
2492,3642,0,45,5,192.0,74.98333333333333,25500,76500,245-F
2493,3642,1,43,5,192.0,74.98333333333333,20700,69300,245-F
2494,3645,0,31,4,240.0,62.49166666666667,28800,71700,245-GA
2495,3645,1,31,5,192.0,59.983333333333334,24900,66600,245-GA
2496,3646,0,34,4,240.0,85.0,20700,74400,282-F
2497,3646,1,34,4,240.0,84.98333333333333,16200,69000,282-F
2498,3647,0,47,1,960.0,94.98333333333333,30600,30600,398-B ATB-KGP
2499,3648,0,55,2,480.0,104.98333333333333,28800,72600,245-H
2500,3648,1,55,2,480.0,104.99166666666666,21000,63600,245-H
2501,3654,0,27,4,240.0,77.5,22800,78000,282-G
2502,3654,1,27,4,240.0,80.0,18300,72900,282-G
2503,3656,0,81,1,960.0,155.0,52200,52200,398-H
2504,3656,1,82,2,480.0,167.48333333333332,33300,63300,398-H
2505,3658,0,50,7,137.14285714285714,110.0,28800,56400,245-HA
2506,3658,1,51,7,137.14285714285714,110.0,35100,60900,245-HA
2507,3657,0,31,4,240.0,80.0,23100,30600,NICE-4
2508,3657,1,36,4,240.0,89.98333333333333,59700,66600,NICE-4
2509,3659,0,36,2,480.0,94.99166666666666,60300,74400,283
2510,3659,1,37,2,480.0,95.0,30600,66600,283
2511,3661,0,44,2,480.0,89.98333333333333,26100,27000,NICE-5A
2512,3661,1,49,2,480.0,90.0,65700,68400,NICE-5A
2513,3663,0,42,34,28.235294117647058,95.0,18900,70200,410-AB
2514,3663,1,46,34,28.235294117647058,94.98333333333333,23700,77400,410-AB
2515,3665,0,51,9,106.66666666666667,90.0,17100,73500,399-A
2516,3665,1,54,11,87.27272727272727,89.98333333333333,21600,70500,399-A
2517,3668,0,33,1,960.0,89.98333333333333,35400,35400,283-A
2518,3668,1,34,1,960.0,90.0,28200,28200,283-A
2519,3669,0,30,2,480.0,74.98333333333333,41100,58500,283-A SGT-KBS
2520,3670,0,17,20,48.0,40.0,22200,74400,61-J
2521,3670,1,17,20,48.0,39.983333333333334,24600,73500,61-J
2522,3674,0,24,2,480.0,55.0,26100,55200,330-H
2523,3674,1,24,1,960.0,60.0,29700,29700,330-H
2524,3678,1,48,1,960.0,105.0,29700,29700,266 KMT-VSD-HGV
2525,3683,0,2,1,960.0,5.0,79500,79500,96-G SNB-BSN
2526,3684,0,28,5,192.0,59.983333333333334,24000,72600,289-P
2527,3684,1,29,6,160.0,57.483333333333334,20700,67200,289-P
2528,3685,0,58,1,960.0,114.98333333333333,20700,20700,506
2529,3688,0,26,1,960.0,74.98333333333333,54000,54000,506 TNF-DVG
2530,3693,1,40,1,960.0,70.0,61200,61200,298-PA
2531,3696,1,53,1,960.0,99.98333333333333,49200,49200,298-M KMT-DVH
2532,3697,0,2,1,960.0,45.0,24600,24600,ADITI-3
2533,3697,1,2,1,960.0,45.0,52200,52200,ADITI-3
2534,3700,0,17,1,960.0,44.0,25260,25260,283 PTH-SGT
2535,3702,0,24,2,480.0,70.0,35100,67200,284-E
2536,3702,1,26,2,480.0,69.98333333333333,30600,62700,284-E
2537,3703,0,16,1,960.0,29.0,30360,30360,KTTMC-BDP
2538,3703,1,15,1,960.0,30.0,32400,32400,KTTMC-BDP
2539,3699,1,20,2,480.0,28.0,40200,41400,223-D KGR-DBT
2540,3704,0,21,1,960.0,60.0,71700,71700,284-E ALS-KBS
2541,3705,0,5,1,960.0,15.0,27900,27900,MADT-ALS
2542,3706,0,7,1,960.0,13.983333333333333,39600,39600,ALS-PTH
2543,3708,0,45,1,960.0,104.98333333333333,58800,58800,297
2544,3707,0,80,16,60.0,140.0,25500,72000,399-F
2545,3707,1,80,18,53.333333333333336,144.98333333333332,18000,62100,399-F
2546,3709,0,43,3,320.0,99.98333333333333,21000,65700,297 NGH-KBS
2547,3709,1,41,2,480.0,102.49166666666666,27300,73800,297 NGH-KBS
2548,3715,0,5,5,192.0,9.983333333333333,49800,53400,SBS-SPHSL
2549,3715,1,8,2,480.0,12.5,27000,27300,SBS-SPHSL
2550,3721,0,41,2,480.0,79.98333333333333,24900,37800,290-KN
2551,3721,1,37,1,960.0,60.0,21000,21000,290-KN
2552,3722,0,31,2,480.0,69.98333333333333,60600,69600,290-R KNR-THS-SBS
2553,3722,1,36,3,320.0,69.98333333333333,54600,75300,290-R KNR-THS-SBS
2554,3723,0,2,3,320.0,5.0,50100,52500,D11-MADT
2555,3724,0,43,2,480.0,102.49166666666666,26100,56100,289-M
2556,3724,1,43,2,480.0,102.5,32400,64800,289-M
2557,3725,0,24,2,480.0,59.983333333333334,32100,60000,289 YHKOT-ARS
2558,3725,1,24,2,480.0,60.0,36000,63900,289 YHKOT-ARS
2559,3727,0,44,3,320.0,100.0,36900,54300,289-G
2560,3727,1,44,3,320.0,110.0,27000,43800,289-G
2561,3728,0,29,23,41.73913043478261,60.0,21600,79500,291-H
2562,1043,1,9,76,12.631578947368421,30.0,24600,75600,144-E
2563,3728,1,27,23,41.73913043478261,60.0,19800,78900,291-H
2564,3732,0,52,39,24.615384615384617,108.98333333333333,32400,80100,365-J KBS-D27
2565,3732,1,49,42,22.857142857142858,109.0,14460,60060,365-J KBS-D27
2566,3734,0,24,3,320.0,59.983333333333334,46800,62400,289-G YHK-MRS
2567,3734,1,24,3,320.0,60.0,42900,58500,289-G YHK-MRS
2568,3735,0,40,4,240.0,99.98333333333333,21900,70200,289-GA
2569,3735,1,41,4,240.0,100.0,16800,62700,289-GA
2570,3736,0,2,67,14.328358208955224,1.0,14400,60000,D27-D27G
2571,3736,1,2,71,13.52112676056338,1.0,38640,82740,D27-D27G
2572,3738,0,47,13,73.84615384615384,99.0,33600,75600,366-E KMT-D27
2573,3738,1,45,12,80.0,89.5,16200,57660,366-E KMT-D27
2574,3739,0,19,4,240.0,60.0,25200,50400,335-C
2575,3739,1,17,4,240.0,60.0,29100,55800,335-C
2576,3741,0,53,1,960.0,105.0,18000,18000,370-A KBS-UJPD
2577,3741,1,50,1,960.0,125.0,64800,64800,370-A KBS-UJPD
2578,3743,0,52,3,320.0,100.0,29700,71400,606
2579,3743,1,52,2,480.0,102.48333333333333,23100,65100,606
2580,3744,0,52,1,960.0,114.98333333333333,55800,55800,370-A KMT-JBS-UJPD
2581,3746,0,32,1,960.0,60.0,36000,36000,306 DVG-HSK
2582,3745,0,62,1,960.0,94.98333333333333,71100,71100,291-L
2583,3745,1,58,2,480.0,104.98333333333333,28200,52200,291-L
2584,3749,0,17,27,35.55555555555556,28.983333333333334,17700,68100,365-P D27-ANK
2585,3749,1,17,27,35.55555555555556,28.983333333333334,38100,81000,365-P D27-ANK
2586,3748,1,73,1,960.0,115.0,30000,30000,377-B
2587,3750,0,26,8,120.0,59.983333333333334,24900,73800,369-C
2588,3750,1,23,9,106.66666666666667,65.0,21600,66900,369-C
2589,3751,0,26,1,960.0,38.0,49620,49620,291-L PTN-MYLH
2590,3753,0,6,24,40.0,19.983333333333334,25500,68700,55-B
2591,3753,1,6,22,43.63636363636363,20.0,27000,67200,55-B
2592,3755,0,49,3,320.0,103.98333333333333,60600,63600,355-C KBS-D27G
2593,3755,1,45,3,320.0,98.98333333333333,25560,28560,355-C KBS-D27G
2594,3756,0,40,1,960.0,85.0,18000,18000,281-H MYLH-KBS
2595,3760,0,22,1,960.0,44.0,27360,27360,333-N D41G-SRP
2596,3761,0,34,4,240.0,77.48333333333333,25500,75300,299
2597,3761,1,35,4,240.0,77.49166666666666,20700,68700,299
2598,3763,0,39,1,960.0,90.0,32400,32400,399 ELC-KDG
2599,3765,0,26,1,960.0,60.0,39000,39000,63-C
2600,3765,1,29,1,960.0,60.0,44400,44400,63-C
2601,3768,0,40,3,320.0,104.98333333333333,27300,78300,506-A
2602,3768,1,42,3,320.0,100.0,21600,69900,506-A
2603,3764,0,54,4,240.0,89.98333333333333,27600,72300,289-L
2604,3764,1,53,3,320.0,89.98333333333333,21600,65100,289-L
2605,3770,0,46,1,960.0,108.98333333333333,54660,54660,506-A D41G-HBL
2606,3770,1,44,1,960.0,104.0,41700,41700,506-A D41G-HBL
2607,3778,0,41,1,960.0,90.0,25200,25200,289-E
2608,3778,1,42,1,960.0,85.0,19800,19800,289-E
2609,3779,0,49,1,960.0,90.0,27900,27900,289-AV
2610,3779,1,52,1,960.0,80.0,36000,36000,289-AV
2611,3783,0,40,9,106.66666666666667,75.0,21600,61500,289-Y
2612,3783,1,40,9,106.66666666666667,74.98333333333333,26700,67500,289-Y
2613,3789,0,49,1,960.0,89.98333333333333,25500,25500,291-LA
2614,3789,1,47,1,960.0,89.98333333333333,31200,31200,291-LA
2615,3793,0,37,5,192.0,80.0,26700,64200,291-JA
2616,3793,1,34,4,240.0,75.0,30300,59700,291-JA
2617,3794,0,22,14,68.57142857142857,52.49166666666667,26700,71100,369
2618,3794,1,26,13,73.84615384615384,50.0,19800,70500,369
2619,3795,0,36,2,480.0,59.983333333333334,26400,54300,290-F
2620,3795,1,30,2,480.0,60.0,40800,68700,290-F
2621,3797,0,26,8,120.0,55.0,28800,71100,369-N
2622,3797,1,28,9,106.66666666666667,54.983333333333334,25200,67500,369-N
2623,3798,0,42,3,320.0,109.98333333333333,25500,72900,329-F
2624,3798,1,41,3,320.0,120.0,19500,63900,329-F
2625,3800,0,49,8,120.0,90.0,23700,75600,375-G
2626,3800,1,49,8,120.0,90.0,18000,69600,375-G
2627,3802,0,35,4,240.0,94.98333333333333,25500,73200,329-G
2628,3802,1,34,4,240.0,99.99166666666666,21000,66600,329-G
2629,3805,0,42,5,192.0,100.0,18900,52200,329-H
2630,3805,1,40,5,192.0,99.98333333333333,14400,45600,329-H
2631,3811,0,34,3,320.0,94.98333333333333,33900,60600,329-K
2632,3811,1,32,3,320.0,94.98333333333333,27900,54900,329-K
2633,3813,0,38,14,68.57142857142857,75.0,25500,72900,366
2634,3813,1,36,15,64.0,74.98333333333333,30600,66600,366
2635,3814,0,23,4,240.0,59.99166666666667,35700,60000,329-M
2636,3814,1,23,4,240.0,55.0,30300,55800,329-M
2637,3816,1,20,4,240.0,60.0,39000,55800,330-G
2638,3817,0,18,1,960.0,49.0,65400,65400,330-G DNV-D41G
2639,3820,0,29,3,320.0,69.98333333333333,35100,52800,63
2640,3820,1,32,3,320.0,59.983333333333334,41100,59700,63
2641,3821,0,2,1,960.0,1.0,21300,21300,D4-JBS4T
2642,3821,1,2,1,960.0,1.0,77940,77940,D4-JBS4T
2643,3822,0,32,7,137.14285714285714,60.0,38700,65700,298-M YHK-DVHOB
2644,3822,1,33,8,120.0,59.983333333333334,24600,62400,298-M YHK-DVHOB
2645,3823,0,21,4,240.0,49.983333333333334,27000,74700,415-H
2646,3823,1,24,2,480.0,50.0,67500,69900,415-H
2647,3828,0,26,1,960.0,54.0,51360,51360,300-E D24G-SBS
2648,3831,1,20,1,960.0,20.0,68100,68100,MBS-12 PSS-ANP
2649,3836,0,28,1,960.0,44.983333333333334,33000,33000,MBS-12 ANP-VSD-KBS
2650,3842,0,24,1,960.0,40.0,30000,30000,303
2651,3842,1,21,2,480.0,45.0,26700,32700,303
2652,3843,1,3,1,960.0,65.0,20400,20400,BEMLA-3
2653,3845,0,11,1,960.0,30.0,24600,24600,303 BEMLG-BSW
2654,3845,1,12,1,960.0,20.0,51900,51900,303 BEMLG-BSW
2655,3846,0,26,41,23.414634146341463,39.983333333333334,22500,79800,374-N
2656,3846,1,27,41,23.414634146341463,45.0,21000,75300,374-N
2657,3847,1,24,1,960.0,69.98333333333333,31200,31200,311-E KBS-VSD-AMT
2658,3818,0,33,4,240.0,89.98333333333333,21600,70200,332
2659,3818,1,31,4,240.0,90.0,17100,62700,332
2660,1055,0,24,6,160.0,60.0,29100,59400,144-K
2661,3850,0,6,3,320.0,10.0,27660,50700,332 D41G-BLG
2662,3850,1,6,3,320.0,14.0,39000,64500,332 D41G-BLG
2663,3849,0,9,86,11.162790697674419,20.0,23400,80100,248-A
2664,1055,1,26,5,192.0,60.0,33000,55500,144-K
2665,3849,1,8,81,11.851851851851851,19.983333333333334,21900,77100,248-A
2666,1056,0,2,1,960.0,60.0,25800,25800,KVASC-01
2667,1056,1,2,1,960.0,60.0,53400,53400,KVASC-01
2668,1057,0,16,1,960.0,30.0,57300,57300,43-H ASP-PLO
2669,1059,0,6,2,480.0,15.0,29400,29700,KVS-SBS
2670,1060,0,8,3,320.0,15.0,50100,51900,SBS-KVASC
2671,3852,0,35,4,240.0,97.49166666666666,23700,73200,332-A
2672,3852,1,32,4,240.0,105.0,18900,64800,332-A
2673,3851,1,64,1,960.0,119.98333333333333,28500,28500,258-C KBS-SLR
2674,3855,0,30,3,320.0,89.98333333333333,36300,62100,333-G
2675,1062,0,20,1,960.0,40.0,35100,35100,356-CW UFLY
2676,3855,1,27,3,320.0,89.98333333333333,30600,56400,333-G
2677,3857,0,11,1,960.0,24.0,67800,67800,333-G NLH-D41G
2678,3857,1,11,1,960.0,24.0,28860,28860,333-G NLH-D41G
2679,3858,0,14,2,480.0,28.983333333333334,28560,54060,333-H D41G-MKO
2680,3861,0,19,5,192.0,29.983333333333334,42000,63000,248-AA
2681,1062,1,24,2,480.0,40.0,32100,55200,356-CW UFLY
2682,3861,1,20,5,192.0,34.983333333333334,44100,65400,248-AA
2683,3859,0,19,10,96.0,44.483333333333334,21660,70500,250-AC
2684,3859,1,20,11,87.27272727272727,40.0,24600,66000,250-AC
2685,1064,0,5,8,120.0,15.0,22200,56400,SNBS-LBGM-KMT
2686,3863,0,41,9,106.66666666666667,95.0,25800,72000,316-S
2687,3863,1,40,8,120.0,100.0,20700,64200,316-S
2688,3864,0,18,1,960.0,30.0,29400,29400,248-AB
2689,3864,1,20,1,960.0,29.983333333333334,68100,68100,248-AB
2690,3866,0,22,1,960.0,59.983333333333334,63600,63600,34-A
2691,3866,1,26,1,960.0,60.0,32400,32400,34-A
2692,3868,0,15,1,960.0,40.0,27000,27000,315-G
2693,3868,1,13,1,960.0,40.0,58500,58500,315-G
2694,3870,0,11,1,960.0,14.0,31260,31260,D33G-BSK3
2695,3870,1,10,2,480.0,19.0,66900,67500,D33G-BSK3
2696,3872,0,23,1,960.0,59.983333333333334,62700,62700,34
2697,3872,1,27,1,960.0,59.983333333333334,32400,32400,34
2698,3875,0,2,1,960.0,45.0,26400,26400,VLS-1
2699,3877,0,42,4,240.0,74.98333333333333,21600,67800,378-B
2700,3877,1,41,5,192.0,75.0,26400,72600,378-B
2701,2825,0,11,44,21.818181818181817,24.983333333333334,23700,77100,301-T
2702,1064,1,5,3,320.0,15.0,39600,45000,SNBS-LBGM-KMT
2703,2825,1,11,43,22.325581395348838,20.0,22200,75600,301-T
2704,1065,0,36,12,80.0,90.0,24000,57600,KBS-3E
2705,3874,0,33,1,960.0,74.98333333333333,32400,32400,CHAKRA-16
2706,3878,0,18,1,960.0,25.0,22800,22800,401-AK PSS-ABG
2707,3871,0,32,2,480.0,75.0,35400,40500,CHAKRA-16A
2708,3880,1,14,1,960.0,29.0,63300,63300,D24G-DNK
2709,3882,1,2,2,480.0,5.0,66600,68400,D24-KRPM
2710,3884,0,37,4,240.0,69.98333333333333,29700,70800,271-F
2711,3884,1,39,3,320.0,70.0,24900,66000,271-F
2712,3885,0,14,1,960.0,19.0,27060,27060,333-K D41G-AKN
2713,3886,0,23,94,10.212765957446809,35.0,21600,79200,BC-7B
2714,1065,1,37,17,56.470588235294116,89.98333333333333,17400,75600,KBS-3E
2715,3886,1,22,91,10.54945054945055,35.0,21000,77100,BC-7B
2716,3887,0,56,4,240.0,90.0,25200,76200,378-D
2717,3887,1,55,4,240.0,89.98333333333333,20100,65100,378-D
2718,3889,0,27,2,480.0,34.99166666666667,78300,79200,BC-7B BDH-PSBS
2719,3889,1,27,2,480.0,42.5,20400,21600,BC-7B BDH-PSBS
2720,3890,0,22,4,240.0,47.49166666666667,19200,71100,45-EA
2721,3890,1,25,3,320.0,50.0,22200,74700,45-EA
2722,3891,0,21,2,480.0,45.983333333333334,50220,50460,210 PPLO-KMT
2723,3891,1,22,1,960.0,37.983333333333334,39000,39000,210 PPLO-KMT
2724,3892,0,56,2,480.0,104.99166666666666,26400,75000,247
2725,3892,1,49,2,480.0,102.5,20100,33300,247
2726,3894,0,22,3,320.0,50.0,21600,54600,311-E
2727,3894,1,20,2,480.0,57.483333333333334,24600,58500,311-E
2728,3896,0,12,1,960.0,19.0,46860,46860,210-NA PPLO-KMK
2729,3901,0,12,1,960.0,30.0,64800,64800,BC-7E
2730,3901,1,10,2,480.0,30.0,30600,32400,BC-7E
2731,3904,0,41,1,960.0,80.0,63000,63000,271-F KMT-VSD-CKB
2732,3904,1,41,1,960.0,75.0,31500,31500,271-F KMT-VSD-CKB
2733,3906,0,30,12,80.0,59.983333333333334,28500,72300,271-A
2734,3906,1,28,13,73.84615384615384,60.0,24600,68400,271-A
2735,3907,0,19,1,960.0,19.983333333333334,76200,76200,401-AK ABG-PSS
2736,3908,1,27,1,960.0,64.98333333333333,31800,31800,271-A KBS-VSD-ABG
2737,3911,0,30,1,960.0,80.0,32400,32400,217-D KBS-SHV
2738,1066,0,36,124,7.741935483870968,100.0,14400,79500,500-D
2739,3912,0,23,1,960.0,40.0,29100,29100,12-B
2740,3912,1,21,1,960.0,39.983333333333334,31800,31800,12-B
2741,3916,0,13,2,480.0,15.0,27300,50700,PSS-NTTF-LGRNBS
2742,3916,1,13,7,137.14285714285714,20.0,41400,67800,PSS-NTTF-LGRNBS
2743,3917,0,41,1,960.0,89.98333333333333,63900,63900,253-J VSD-HGV
2744,3919,0,46,1,960.0,89.98333333333333,30600,30600,253-J HGV-VSD-KBS
2745,3914,0,9,36,26.666666666666668,20.0,22200,80100,MF-26
2746,3914,1,8,35,27.428571428571427,20.0,22800,81600,MF-26
2747,3918,0,24,15,64.0,60.0,22500,79200,286-F
2748,3918,1,25,15,64.0,60.0,18900,73500,286-F
2749,3920,1,29,1,960.0,49.983333333333334,66900,66900,253-J PSS-HGV
2750,3922,0,23,8,120.0,45.0,24300,69000,255-D JHMS-TVHA
2751,3922,1,24,8,120.0,45.0,27300,72600,255-D JHMS-TVHA
2752,3923,0,31,5,192.0,60.0,24000,77100,286-K
2753,3923,1,31,6,160.0,60.0,20400,71700,286-K
2754,3924,0,2,1,960.0,50.0,27000,27000,ISROM-1
2755,3924,1,2,1,960.0,60.0,61200,61200,ISROM-1
2756,3925,0,26,4,240.0,39.983333333333334,36000,53400,290
2757,3925,1,21,7,137.14285714285714,40.0,31500,62100,290
2758,3931,0,29,4,240.0,62.49166666666667,22500,75600,290-J
2759,3931,1,27,5,192.0,65.0,18900,69900,290-J
2760,3933,0,13,2,480.0,21.5,30660,45960,290-E KLN-RKH
2761,3933,1,13,7,137.14285714285714,13.983333333333333,37800,68100,290-E KLN-RKH
2762,3935,0,7,7,137.14285714285714,9.983333333333333,23100,60600,MF-26 PSS-JHMS
2763,3935,1,9,3,320.0,10.0,46800,76500,MF-26 PSS-JHMS
2764,3940,0,30,4,240.0,60.0,22200,73200,292-B
2765,3940,1,30,3,320.0,59.983333333333334,18900,69300,292-B
2766,3944,0,14,3,320.0,15.0,48300,64200,96-B BEMLK-YTTMC
2767,1649,0,46,6,160.0,102.5,26100,58800,NICE-8
2768,1649,1,53,4,240.0,102.49166666666666,34800,65700,NICE-8
2769,3946,0,2,1,960.0,55.0,21000,21000,BEMLJVS A-6
2770,3941,0,76,1,960.0,119.98333333333333,30900,30900,502-A GNP-HBL
2771,3947,0,46,49,19.591836734693878,90.0,22800,80400,293-S
2772,3947,1,44,48,20.0,90.0,18000,70200,293-S
2773,3948,0,13,4,240.0,44.983333333333334,33300,60000,400-A
2774,3948,1,12,4,240.0,45.0,37800,63000,400-A
2775,3951,0,7,1,960.0,4.983333333333333,28200,28200,265-A PSS-TEPL
2776,3952,0,2,1,960.0,60.0,28800,28800,TEPL-1
2777,3952,1,2,1,960.0,60.0,63000,63000,TEPL-1
2778,3955,0,51,4,240.0,110.0,29100,60600,377-A
2779,3955,1,53,4,240.0,110.0,37200,69000,377-A
2780,3957,0,50,1,960.0,1.0,33600,33600,V-DIVYA DARSHANA-4
2781,3961,0,37,2,480.0,90.0,34500,47400,318-A
2782,3961,1,36,2,480.0,90.0,28800,41700,318-A
2783,3962,0,6,1,960.0,10.0,28200,28200,318-A MDR-BMH
2784,3962,1,6,1,960.0,4.0,65400,65400,318-A MDR-BMH
2785,3856,0,26,9,106.66666666666667,59.983333333333334,18000,76200,314-B
2786,3856,1,25,8,120.0,60.0,15900,75300,314-B
2787,3963,0,46,1,960.0,80.0,23400,23400,242-F
2788,3963,1,44,2,480.0,79.98333333333333,18300,28500,242-F
2789,3966,1,34,1,960.0,75.0,28800,28800,227-G KMT-JMP
2790,3967,0,2,1,960.0,40.0,28200,28200,SCS-8
2791,3967,1,2,1,960.0,50.0,54900,54900,SCS-8
2792,3969,0,2,40,24.0,1.0,20940,79140,D12G-D12
2793,3969,1,2,12,80.0,1.0,25500,77940,D12G-D12
2794,3970,0,26,6,160.0,48.0,23220,52560,290-E KLN-YLKOT
2795,3970,1,26,9,106.66666666666667,49.0,39600,75000,290-E KLN-YLKOT
2796,3975,0,26,3,320.0,50.0,28200,72300,290-B
2797,3975,1,24,4,240.0,50.0,24600,68700,290-B
2798,3977,0,55,11,87.27272727272727,100.0,28800,72600,374-M
2799,3977,1,57,12,80.0,99.98333333333333,26100,66300,374-M
2800,3979,0,59,6,160.0,110.0,22500,51600,502-D
2801,3979,1,57,9,106.66666666666667,110.0,29400,60600,502-D
2802,3980,0,5,1,960.0,9.0,20760,20760,KLNB-HBRL
2803,3980,1,5,1,960.0,14.0,58200,58200,KLNB-HBRL
2804,3981,0,9,21,45.714285714285715,19.983333333333334,20700,75000,MF-24
2805,3981,1,9,19,50.526315789473685,20.0,22200,75000,MF-24
2806,3982,0,2,1,960.0,45.0,21600,21600,BEMLA-29
2807,3982,1,2,1,960.0,50.0,54900,54900,BEMLA-29
2808,3984,0,29,5,192.0,74.98333333333333,25200,34500,G-6 FLYOVER
2809,3984,1,28,1,960.0,75.0,66600,66600,G-6 FLYOVER
2810,3988,1,25,1,960.0,69.0,37500,37500,G-6 D12G-SBT
2811,3989,0,22,7,137.14285714285714,44.983333333333334,25800,53400,285-MC PTML-DBP
2812,3991,1,28,1,960.0,65.0,31800,31800,235-A SNBS-NBDA
2813,3992,0,9,10,96.0,30.0,36900,42900,310 SMVR-KRPGH
2814,3993,0,30,2,480.0,75.0,31800,73200,285-A KBS-NGDH
2815,3993,1,33,2,480.0,77.5,25500,66600,285-A KBS-NGDH
2816,3997,1,43,1,960.0,90.0,33300,33300,285-CC KBS-CKTR
2817,3998,0,12,4,240.0,20.0,30600,31800,222 SCS-KGR
2818,3998,1,11,5,192.0,20.0,49200,53100,222 SCS-KGR
2819,4000,0,7,1,960.0,20.0,51300,51300,285-F PTML-BRPR
2820,4003,0,33,2,480.0,87.48333333333333,21300,32400,285-H KBS-KLRH
2821,4003,1,36,2,480.0,84.98333333333333,16200,26700,285-H KBS-KLRH
2822,4014,0,2,1,960.0,60.0,20700,20700,HALPV-9
2823,4015,0,12,1,960.0,30.0,50400,50400,285-J PTML-JLG
2824,4017,0,30,4,240.0,57.5,30900,60300,238-VA
2825,4017,1,30,3,320.0,55.0,34800,56700,238-VA
2826,4019,1,38,3,320.0,89.98333333333333,18900,64800,285-C KBS-DTMR
2827,4026,0,2,1,960.0,60.0,25200,25200,BCGHS-18
2828,4026,1,2,1,960.0,60.0,55800,55800,BCGHS-18
2829,4023,0,25,3,320.0,55.0,30600,57600,75-F
2830,4023,1,23,3,320.0,55.0,34200,60900,75-F
2831,4030,0,48,1,960.0,94.98333333333333,29400,29400,285-MA -DBP-KBS
2832,4031,0,44,1,960.0,100.0,28800,28800,290-E BCGHS-SBS-YHKOT
2833,4031,1,43,1,960.0,99.98333333333333,47700,47700,290-E BCGHS-SBS-YHKOT
2834,4033,0,9,1,960.0,14.983333333333333,26400,26400,285-X PTML-DBR
2835,4033,1,9,2,480.0,12.5,41100,64800,285-X PTML-DBR
2836,4037,0,36,3,320.0,85.0,19500,65400,285-X DBR-KBS
2837,4034,0,21,7,137.14285714285714,40.0,20100,65400,75-E
2838,4034,1,26,7,137.14285714285714,39.983333333333334,22500,69600,75-E
2839,4038,0,38,1,960.0,90.0,68700,68700,285-YA HHP-KBS
2840,4041,0,67,3,320.0,100.0,18600,64200,290-EK
2841,4041,1,63,3,320.0,100.0,24000,72000,290-EK
2842,4045,0,2,1,960.0,40.0,28200,28200,SCS-9
2843,4045,1,2,1,960.0,40.0,54900,54900,SCS-9
2844,4048,0,2,1,960.0,40.0,28200,28200,SCS-1
2845,4048,1,2,1,960.0,40.0,54900,54900,SCS-1
2846,4050,0,47,3,320.0,110.0,17400,63600,297-B
2847,4050,1,44,3,320.0,110.0,22500,72000,297-B
2848,4053,0,2,1,960.0,40.0,28200,28200,SCS-4
2849,4054,0,30,1,960.0,54.983333333333334,72600,72600,317 HSK-BEML
2850,4056,1,40,1,960.0,90.0,64800,64800,285-P KBS-BTNH
2851,4057,0,2,1,960.0,40.0,28200,28200,SCS-7
2852,4057,1,2,1,960.0,30.0,54900,54900,SCS-7
2853,4062,0,49,2,480.0,107.5,23700,56400,317-J
2854,4062,1,48,1,960.0,90.0,18000,18000,317-J
2855,4064,0,28,1,960.0,60.0,36600,36600,230-B
2856,4064,1,32,1,960.0,74.98333333333333,31800,31800,230-B
2857,4067,0,15,1,960.0,30.0,24000,24000,285-JE PTML-DYVH
2858,4069,0,18,1,960.0,50.0,34800,34800,87-S
2859,4076,0,2,1,960.0,60.0,57600,57600,CALLBUS KWS-3
2860,4079,0,54,15,64.0,90.0,25800,63300,378-A
2861,4079,1,56,15,64.0,95.0,30300,69300,378-A
2862,4086,0,13,1,960.0,28.983333333333334,27060,27060,507 D23G-KPRGH
2863,4092,0,34,16,60.0,60.0,19800,71400,334-EH
2864,4092,1,35,20,48.0,59.983333333333334,23100,76800,334-EH
2865,4089,0,36,2,480.0,82.48333333333333,22800,63900,255-AE
2866,4089,1,38,2,480.0,77.49166666666666,29400,68700,255-AE
2867,4093,0,2,1,960.0,45.0,28800,28800,FEATHER-1
2868,4093,1,2,1,960.0,50.0,63600,63600,FEATHER-1
2869,4096,0,26,10,96.0,44.983333333333334,26700,67200,290-A
2870,4096,1,21,10,96.0,44.983333333333334,23700,70800,290-A
2871,4106,0,39,1,960.0,90.0,30000,30000,285-CB KKH-KBS
2872,4117,1,31,4,240.0,82.5,73500,78000,500-QG PSB-GGP-KRP
2873,4127,0,25,9,106.66666666666667,50.0,28800,63000,MF-23
2874,4131,0,47,1,960.0,89.98333333333333,30600,30600,255-H GVP-KBS
2875,4133,0,2,1,960.0,40.0,28200,28200,SCS-2
2876,4133,1,2,1,960.0,60.0,54900,54900,SCS-2
2877,4137,1,21,1,960.0,39.983333333333334,59400,59400,293-N SBS-SPB
2878,4138,0,15,7,137.14285714285714,30.0,28800,60600,MF-7
2879,4138,1,15,7,137.14285714285714,29.983333333333334,30900,62700,MF-7
2880,4139,0,11,1,960.0,25.0,40800,40800,MF-7 HYN-BMS
2881,4139,1,11,1,960.0,25.0,42600,42600,MF-7 HYN-BMS
2882,4140,0,13,7,137.14285714285714,35.0,26700,60300,49
2883,4140,1,13,7,137.14285714285714,34.983333333333334,27600,57900,49
2884,4084,0,43,1,960.0,90.0,50100,50100,255-AA
2885,4084,1,45,4,240.0,89.98333333333333,23100,72900,255-AA
2886,4141,0,16,2,480.0,22.491666666666667,30000,46500,255-AA DSP-MTH
2887,4142,0,43,4,240.0,90.0,25200,75600,266 KBS-HGV
2888,4142,1,40,4,240.0,90.0,44100,69900,266 KBS-HGV
2889,4145,0,44,1,960.0,90.0,30600,30600,255-AE ALRB2-VSD-KBS
2890,4146,0,44,4,240.0,94.98333333333333,24300,76200,266-A
2891,4146,1,43,4,240.0,100.0,19200,69000,266-A
2892,4149,0,16,2,480.0,26.0,25860,53820,266-A D45G-MKTR
2893,4149,1,16,2,480.0,25.983333333333334,43500,65400,266-A D45G-MKTR
2894,4152,0,42,4,240.0,87.5,22200,73500,266-B
2895,4152,1,43,5,192.0,89.98333333333333,17100,66300,266-B
2896,4153,0,8,1,960.0,15.0,32100,32100,255-B NLM-BELT
2897,4153,1,8,1,960.0,20.0,65700,65700,255-B NLM-BELT
2898,4155,0,44,2,480.0,89.99166666666666,24600,64500,266-K
2899,4155,1,46,1,960.0,100.0,30000,30000,266-K
2900,4156,0,24,4,240.0,50.0,30300,53100,287-K
2901,4156,1,23,4,240.0,50.0,33600,56400,287-K
2902,4160,0,19,1,960.0,44.0,27360,27360,266-C D45G-KKL
2903,4160,1,19,1,960.0,44.0,64800,64800,266-C D45G-KKL
2904,4162,0,41,1,960.0,95.0,30300,30300,266-C KKL-KBS
2905,4163,0,14,1,960.0,49.983333333333334,64200,64200,288-DA
2906,4163,1,16,1,960.0,50.0,32100,32100,288-DA
2907,4167,0,20,1,960.0,8.983333333333333,31560,31560,288-DA D45G-SKB
2908,4167,1,19,1,960.0,9.0,67200,67200,288-DA D45G-SKB
2909,4168,1,14,1,960.0,34.983333333333334,67200,67200,61-F
2910,4169,0,40,4,240.0,90.0,21000,72300,266-E
2911,4169,1,41,4,240.0,92.49166666666666,15900,66300,266-E
2912,4170,0,23,2,480.0,52.0,43200,46800,195
2913,4170,1,21,3,320.0,49.983333333333334,32460,52260,195
2914,4174,0,36,1,960.0,80.0,34800,34800,266-F
2915,4174,1,37,1,960.0,84.98333333333333,29400,29400,266-F
2916,4176,0,31,4,240.0,67.48333333333333,19800,71700,266-F GNA-KBS
2917,4190,0,7,1,960.0,4.0,32160,32160,CLO-GKWLO
2918,4191,0,20,8,120.0,44.983333333333334,25500,74100,80-B
2919,4191,1,21,8,120.0,44.983333333333334,22800,71100,80-B
2920,4192,0,18,2,480.0,27.5,57300,58500,271 KBS-BELF
2921,4192,1,17,3,320.0,30.0,28500,30000,271 KBS-BELF
2922,4193,0,47,1,960.0,130.0,27000,27000,K-3
2923,4196,0,41,4,240.0,89.98333333333333,21300,62400,266-G
2924,4196,1,42,3,320.0,90.0,16800,55800,266-G
2925,4204,0,33,2,480.0,58.983333333333334,62100,65700,276 KBS-VRP-D45G
2926,4207,1,14,1,960.0,29.0,39000,39000,266-G D45-MTGHL
2927,4211,0,28,1,960.0,49.983333333333334,72900,72900,266-G YTTMC-MTGH
2928,4211,1,28,1,960.0,54.983333333333334,68400,68400,266-G YTTMC-MTGH
2929,4212,0,40,3,320.0,84.98333333333333,33300,59700,266-J
2930,4212,1,38,3,320.0,84.98333333333333,27900,52800,266-J
2931,4215,0,38,4,240.0,87.5,25200,70200,266-M
2932,4215,1,39,4,240.0,87.49166666666666,20400,64500,266-M
2933,4216,0,42,1,960.0,85.0,24600,24600,223-A HAL-DBT
2934,4217,0,11,1,960.0,19.0,51060,51060,266-M D45-KDSH
2935,4217,1,11,1,960.0,9.983333333333333,43200,43200,266-M D45-KDSH
2936,4218,1,20,2,480.0,26.491666666666667,41400,42000,223-A CLO-DBT
2937,4219,0,11,1,960.0,25.0,53400,53400,285-YA PTML-HHPL
2938,4221,0,34,4,240.0,77.49166666666666,25500,78300,266-N
2939,4221,1,35,2,480.0,77.49166666666666,30600,72000,266-N
2940,4222,0,2,1,960.0,55.0,23700,23700,SHS-9
2941,4222,1,2,1,960.0,60.0,54000,54000,SHS-9
2942,4225,1,5,1,960.0,19.0,42600,42600,D45-SMRP
2943,4226,0,2,1,960.0,50.0,25500,25500,CALLBUS-02
2944,4224,0,26,3,320.0,54.0,25560,30960,80-A D31G-KBS
2945,4224,1,25,1,960.0,49.0,76200,76200,80-A D31G-KBS
2946,4232,0,7,4,240.0,9.0,26460,51660,266-T D45-LXP
2947,4232,1,7,3,320.0,9.0,64200,69300,266-T D45-LXP
2948,4235,0,26,1,960.0,49.983333333333334,46800,46800,410-FA YTTMC-MRBS
2949,4238,0,15,4,240.0,29.983333333333334,47700,51000,410-FA MRBS-BSK
2950,4238,1,16,3,320.0,30.0,45000,47100,410-FA MRBS-BSK
2951,4240,0,31,1,960.0,79.98333333333333,69300,69300,314-B YBS-BEMLG
2952,4241,0,32,1,960.0,70.0,24600,24600,314-H MLP-SMH
2953,4244,0,2,1,960.0,40.0,28200,28200,SCS-6
2954,4244,1,2,1,960.0,50.0,54900,54900,SCS-6
2955,4245,0,10,2,480.0,9.0,26160,29760,D31G-KML
2956,4246,0,13,31,30.967741935483872,24.983333333333334,23700,77700,88-B
2957,4246,1,13,33,29.09090909090909,25.0,18000,75000,88-B
2958,4248,0,23,1,960.0,49.983333333333334,63300,63300,269
2959,4248,1,20,1,960.0,45.0,66600,66600,269
2960,4252,0,5,2,480.0,9.983333333333333,27000,27300,BCSS-SBS
2961,4252,1,5,2,480.0,10.0,49200,52800,BCSS-SBS
2962,4253,0,32,2,480.0,45.0,69600,77100,269-B
2963,4253,1,29,3,320.0,50.0,26700,72600,269-B
2964,4255,0,14,1,960.0,29.0,49860,49860,293 D10G-SBS
2965,4255,1,17,2,480.0,31.491666666666667,41400,45300,293 D10G-SBS
2966,4260,0,34,2,480.0,59.983333333333334,22800,54300,269-A KMT-RCP-VRP
2967,4260,1,35,1,960.0,50.0,19500,19500,269-A KMT-RCP-VRP
2968,4259,0,14,1,960.0,55.0,34200,34200,88-B SBS-KBS-BSN
2969,4263,0,2,1,960.0,45.0,25800,25800,CHLS-8
2970,4263,1,2,1,960.0,45.0,55800,55800,CHLS-8
2971,4264,0,34,1,960.0,59.0,37800,37800,269-B KBS-RCP-D45
2972,4266,0,2,1,960.0,55.0,55800,55800,CHLS-9
2973,4266,1,2,1,960.0,55.0,25500,25500,CHLS-9
2974,4265,0,17,1,960.0,45.0,33000,33000,88-B BSN-VSD-KBS
2975,4265,1,13,1,960.0,40.0,63900,63900,88-B BSN-VSD-KBS
2976,4269,0,34,9,106.66666666666667,60.0,19800,74400,290-G
2977,4269,1,30,12,80.0,60.0,17100,75300,290-G
2978,1486,0,31,1,960.0,54.0,22260,22260,238-U D31G-KBS
2979,4271,0,9,1,960.0,13.983333333333333,49260,49260,D45G-YST
2980,4270,0,18,13,73.84615384615384,40.0,24300,78900,80-E
2981,4270,1,20,14,68.57142857142857,40.0,21600,76200,80-E
2982,4276,0,12,2,480.0,23.983333333333334,27060,28860,D45G-JHMS
2983,4276,1,14,2,480.0,24.0,66900,67500,D45G-JHMS
2984,4274,0,32,3,320.0,60.0,32400,58800,63-B
2985,4280,0,25,14,68.57142857142857,54.983333333333334,21300,56700,271-C
2986,4280,1,23,14,68.57142857142857,55.0,24900,61800,271-C
2987,4282,1,31,1,960.0,75.0,30900,30900,271-C KBS-VSD-SGP
2988,4284,0,26,3,320.0,49.983333333333334,34500,61200,290-M
2989,4284,1,24,3,320.0,49.983333333333334,30900,44400,290-M
2990,4283,1,37,1,960.0,88.98333333333333,36300,36300,G-7 D35G-KBS-SBS
2991,4287,0,2,1,960.0,60.0,29700,29700,HSC-01
2992,4287,1,2,1,960.0,60.0,55800,55800,HSC-01
2993,4285,0,26,4,240.0,57.49166666666667,32100,58200,272-E
2994,4285,1,25,4,240.0,57.483333333333334,37500,62100,272-E
2995,4288,0,51,1,960.0,100.0,59400,59400,MBS-6 YST-CVRN
2996,4289,0,9,1,960.0,15.0,52500,52500,KMT-HSC
2997,4289,1,9,1,960.0,25.0,33600,33600,KMT-HSC
2998,4290,0,29,1,960.0,59.0,66000,66000,272-E SBS-D45G
2999,4290,1,28,1,960.0,59.0,28260,28260,272-E SBS-D45G
3000,4296,0,2,1,960.0,50.0,25200,25200,CHLS-4
3001,4296,1,2,1,960.0,50.0,55800,55800,CHLS-4
3002,4297,0,41,1,960.0,70.0,50100,50100,293 KMT-CHLS
3003,4297,1,39,1,960.0,75.0,28200,28200,293 KMT-CHLS
3004,4298,0,9,1,960.0,24.0,53160,53160,266 D45-KGH
3005,4298,1,9,1,960.0,24.0,41100,41100,266 D45-KGH
3006,4301,0,29,10,96.0,49.983333333333334,30600,63900,MF-23A
3007,4303,0,44,1,960.0,90.0,22800,22800,290 KMT-HSH
3008,4304,0,33,10,96.0,60.0,20700,75900,271-T
3009,4304,1,31,11,87.27272727272727,60.0,17400,70500,271-T
3010,4308,0,18,2,480.0,23.983333333333334,47760,51660,271-T D45-JGA
3011,4308,1,18,1,960.0,23.983333333333334,43500,43500,271-T D45-JGA
3012,4307,0,38,1,960.0,89.98333333333333,62400,62400,290-T SBS-HSH
3013,4307,1,35,2,480.0,89.98333333333333,28500,69600,290-T SBS-HSH
3014,4310,0,35,4,240.0,65.0,35700,75300,290-T SBS-HTN
3015,4310,1,31,2,480.0,62.49166666666667,39900,58200,290-T SBS-HTN
3016,4309,0,39,4,240.0,79.98333333333333,25800,66000,272-B
3017,4309,1,38,3,320.0,80.0,21000,60600,272-B
3018,4306,0,30,1,960.0,65.0,32400,32400,79-G VSDLO-VSD-SBS
3019,4314,0,37,4,240.0,59.0,23160,30360,374-N D35G-TVK-NML
3020,4314,1,37,3,320.0,58.983333333333334,64500,75300,374-N D35G-TVK-NML
3021,4315,0,45,6,160.0,84.49166666666666,29760,63600,271-R
3022,4317,1,23,1,960.0,50.0,63900,63900,79-G VSD-VSDLO
3023,4318,1,63,2,480.0,107.49166666666666,70200,74700,242-B KBS-TVK-NML
3024,4324,0,40,1,960.0,109.0,53460,53460,502-G D45G-ITPL
3025,4323,0,32,1,960.0,94.0,48960,48960,500-A D45G-BEMLF
3026,4331,0,26,3,320.0,70.0,34500,45300,284-A
3027,4331,1,28,2,480.0,72.49166666666666,40800,59100,284-A
3028,4332,1,58,1,960.0,129.98333333333332,27300,27300,214-B KBS-GGD
3029,4333,0,19,6,160.0,49.983333333333334,27300,67800,291-E
3030,1066,1,36,132,7.2727272727272725,104.98333333333333,19500,78000,500-D
3031,4333,1,19,6,160.0,50.0,24000,64500,291-E
3032,4343,0,7,1,960.0,9.0,22260,22260,KLN-UTM
3033,4347,0,21,1,960.0,54.983333333333334,63900,63900,36-B VSD
3034,4347,1,22,1,960.0,55.0,32700,32700,36-B VSD
3035,4346,1,51,1,960.0,100.0,30600,30600,298 SBS-DVH
3036,4348,0,22,1,960.0,15.0,31500,31500,36-B BSK-GNE
3037,4349,0,21,7,137.14285714285714,50.0,21900,75900,291-N
3038,4349,1,21,7,137.14285714285714,50.0,18900,71100,291-N
3039,4352,0,28,4,240.0,70.0,24300,61200,291-R
3040,4352,1,25,4,240.0,72.5,28200,66000,291-R
3041,4353,0,36,4,240.0,69.98333333333333,28200,66600,292
3042,4353,1,33,4,240.0,67.49166666666666,24300,62100,292
3043,4354,0,23,3,320.0,75.0,49800,71400,210-B KBS-KMT-CHG
3044,4354,1,21,3,320.0,79.98333333333333,17100,66300,210-B KBS-KMT-CHG
3045,4357,1,47,1,960.0,90.0,27000,27000,292-CA
3046,4362,0,33,7,137.14285714285714,95.0,36900,80100,215 KBS-D44G
3047,4362,1,30,9,106.66666666666667,94.98333333333333,19800,60060,215 KBS-D44G
3048,4363,0,28,14,68.57142857142857,59.0,34200,75300,215 KMT-KKC-D44G
3049,4363,1,27,15,64.0,58.0,18300,54060,215 KMT-KKC-D44G
3050,4365,1,40,1,960.0,95.0,29700,29700,266-N KMT-MLPH
3051,4369,0,33,3,320.0,74.98333333333333,24000,68400,367
3052,4369,1,31,2,480.0,69.98333333333333,19800,28800,367
3053,4371,0,34,18,53.333333333333336,65.0,20400,79200,245-J
3054,4371,1,34,18,53.333333333333336,65.0,22500,75000,245-J
3055,4374,0,6,2,480.0,13.983333333333333,27060,31260,D34G-DCH
3056,4374,1,5,3,320.0,19.0,43800,67500,D34G-DCH
3057,4376,0,22,4,240.0,50.0,34200,57600,369-B
3058,4376,1,23,4,240.0,50.0,39000,61200,369-B
3059,4377,0,24,8,120.0,60.0,21600,74400,369-D
3060,4377,1,21,7,137.14285714285714,60.0,18000,70500,369-D
3061,4378,0,25,14,68.57142857142857,60.0,21900,75300,369-E
3062,4378,1,22,12,80.0,60.0,18600,69900,369-E
3063,4381,0,24,2,480.0,59.0,28860,30060,215-CA D44-JNMS
3064,4381,1,25,2,480.0,56.5,64500,65700,215-CA D44-JNMS
3065,4386,0,10,1,960.0,38.983333333333334,39600,39600,365-D BVH-D34
3066,4386,1,10,1,960.0,39.0,48660,48660,365-D BVH-D34
3067,4387,0,46,1,960.0,79.98333333333333,57600,57600,245-M KBS-BMTCTC-MDH
3068,4387,1,46,1,960.0,80.0,33600,33600,245-M KBS-BMTCTC-MDH
3069,4388,0,27,1,960.0,59.983333333333334,76800,76800,367 BSK-RSD
3070,4388,1,28,1,960.0,59.983333333333334,72900,72900,367 BSK-RSD
3071,4391,1,12,1,960.0,59.0,39900,39900,367 D34G-RSD
3072,4394,0,41,1,960.0,89.98333333333333,22500,22500,365-E KBS-BTD
3073,4393,0,38,3,320.0,80.0,29100,50400,245-MA
3074,4393,1,38,3,320.0,80.0,34200,57000,245-MA
3075,4397,0,33,1,960.0,70.0,38400,38400,215-U SBS-ANP
3076,4397,1,31,1,960.0,75.0,50100,50100,215-U SBS-ANP
3077,4395,0,51,1,960.0,110.0,61800,61800,378-P
3078,4395,1,52,1,960.0,129.98333333333332,30300,30300,378-P
3079,4400,0,43,4,240.0,82.49166666666666,40500,62400,378-E
3080,4400,1,41,4,240.0,82.5,33900,57000,378-E
3081,4401,0,11,8,120.0,25.0,31200,64800,BC-3B
3082,4401,1,12,8,120.0,25.0,39000,63000,BC-3B
3083,4402,0,30,2,480.0,49.0,49560,50460,378-E D44G-ELC
3084,4402,1,28,2,480.0,51.5,42000,43800,378-E D44G-ELC
3085,4404,0,32,2,480.0,75.0,34800,75600,245-R
3086,4404,1,33,2,480.0,72.49166666666666,19800,60000,245-R
3087,4405,0,12,4,240.0,45.0,36900,58200,CHAKRA-6
3088,4407,0,32,1,960.0,75.0,51300,51300,369-J
3089,4407,1,29,1,960.0,75.0,27000,27000,369-J
3090,4396,0,18,5,192.0,39.983333333333334,27300,60900,211-AA
3091,4396,1,17,5,192.0,39.983333333333334,30300,63600,211-AA
3092,4409,0,2,1,960.0,45.0,26700,26700,KVASC-11
3093,4409,1,2,1,960.0,45.0,53400,53400,KVASC-11
3094,4408,0,10,1,960.0,25.0,31800,31800,31 KMT-NRC
3095,4410,0,17,1,960.0,24.983333333333334,47100,47100,211-AD
3096,4410,1,16,1,960.0,25.0,53700,53700,211-AD
3097,4412,0,35,2,480.0,79.98333333333333,24600,64500,245-R KBS-DJP
3098,4412,1,35,2,480.0,79.98333333333333,29700,70500,245-R KBS-DJP
3099,4413,0,50,2,480.0,87.49166666666666,26400,56400,214-D
3100,4413,1,50,2,480.0,77.49166666666666,21600,29700,214-D
3101,4415,0,33,1,960.0,48.983333333333334,73800,73800,369 KMT-D34G
3102,4417,0,7,1,960.0,25.0,63000,63000,NDC-SNBS-KBS
3103,4418,0,35,6,160.0,60.0,38400,70200,211-AC
3104,4418,1,33,5,192.0,59.983333333333334,41400,48900,211-AC
3105,4419,0,49,2,480.0,95.0,46500,49500,242-ZC KBS-CFLS
3106,4423,0,26,1,960.0,59.983333333333334,63900,63900,369-K VSD-DLF
3107,4423,1,25,1,960.0,69.98333333333333,31200,31200,369-K VSD-DLF
3108,4427,1,32,1,960.0,58.983333333333334,63900,63900,CALLBUS-02 ANP-SNBS
3109,4431,0,49,1,960.0,70.0,35400,35400,KBS-5H SNBSTTMC-KGP
3110,4433,0,39,2,480.0,82.48333333333333,49200,50100,211 KBS-VLS
3111,4433,1,35,1,960.0,80.0,29400,29400,211 KBS-VLS
3112,4435,0,2,2,480.0,50.0,30600,30900,DSC-4
3113,4435,1,2,1,960.0,45.0,62400,62400,DSC-4
3114,4440,0,19,18,53.333333333333336,34.983333333333334,21900,79200,215-CA
3115,4440,1,19,17,56.470588235294116,35.0,19800,76800,215-CA
3116,4441,0,21,5,192.0,60.0,26700,58800,25
3117,4441,1,22,4,240.0,59.983333333333334,36300,62700,25
3118,4442,0,2,1,960.0,30.0,30600,30600,PTPL-1R
3119,4442,1,2,1,960.0,40.0,65700,65700,PTPL-1R
3120,4444,0,33,2,480.0,32.5,32700,34200,378 PTPL-GTG-ELC
3121,4444,1,31,2,480.0,32.5,61200,62700,378 PTPL-GTG-ELC
3122,4446,0,8,60,16.0,9.0,15300,77700,13 SGH-BSK
3123,4446,1,9,57,16.842105263157894,9.0,39000,85500,13 SGH-BSK
3124,4452,0,20,8,120.0,54.983333333333334,27900,72900,36-F
3125,4452,1,19,8,120.0,52.49166666666667,25200,69600,36-F
3126,4451,0,12,2,480.0,24.0,25860,28860,D34G-KCH
3127,4451,1,12,1,960.0,24.0,68400,68400,D34G-KCH
3128,4454,0,40,2,480.0,84.99166666666666,22500,63000,365 KBS-JRML
3129,4454,1,37,2,480.0,84.98333333333333,28200,68100,365 KBS-JRML
3130,4455,0,23,1,960.0,33.983333333333334,63900,63900,JLOT-D34G
3131,4457,0,3,4,240.0,9.0,23160,51360,D34G-HLMV
3132,4457,1,3,3,320.0,9.0,43200,76200,D34G-HLMV
3133,4458,0,4,2,480.0,11.5,22860,30360,D34G-SKL
3134,4458,1,8,3,320.0,9.0,41400,78300,D34G-SKL
3135,4459,0,6,1,960.0,19.0,28260,28260,D34-CKH
3136,4459,1,6,2,480.0,19.0,41100,65400,D34-CKH
3137,4460,0,5,1,960.0,23.983333333333334,28860,28860,D34G-YLH
3138,4462,1,27,2,480.0,50.0,53700,56700,410-K JHC-MRMS
3139,4464,0,20,1,960.0,44.0,27960,27960,372-C D34G-NSB
3140,4464,1,21,1,960.0,43.983333333333334,63000,63000,372-C D34G-NSB
3141,4467,0,2,1,960.0,20.0,31500,31500,PTPL-3R
3142,4467,1,2,1,960.0,20.0,65700,65700,PTPL-3R
3143,4471,0,22,8,120.0,45.0,27900,57600,MF-17
3144,4471,1,22,8,120.0,47.5,30900,61800,MF-17
3145,4473,0,19,2,480.0,39.0,25260,27660,215-C D34G-JNMS
3146,4473,1,20,2,480.0,38.983333333333334,62700,65100,215-C D34G-JNMS
3147,4475,0,20,1,960.0,18.983333333333334,28560,28560,D34-TGPM
3148,4475,1,21,1,960.0,19.0,66600,66600,D34-TGPM
3149,4476,0,2,1,960.0,60.0,26400,26400,JGF-4
3150,4476,1,2,1,960.0,60.0,64800,64800,JGF-4
3151,4479,0,5,1,960.0,10.0,49800,49800,D44-TLSP
3152,4480,0,3,1,960.0,4.0,50160,50160,PTH-MAS
3153,4483,0,21,5,192.0,44.983333333333334,32400,59400,289-CA
3154,4483,1,21,6,160.0,44.983333333333334,29400,62400,289-CA
3155,4486,0,23,3,320.0,45.0,31800,58500,289-AB
3156,4486,1,23,3,320.0,44.983333333333334,28500,50700,289-AB
3157,4487,0,39,2,480.0,90.0,24000,53100,283-B
3158,4487,1,39,1,960.0,79.98333333333333,18900,18900,283-B
3159,4490,0,21,1,960.0,49.983333333333334,52800,52800,284 KBS-KVRY
3160,4493,0,2,1,960.0,50.0,24300,24300,ADITI-10
3161,4493,1,2,1,960.0,50.0,53100,53100,ADITI-10
3162,4495,0,29,1,960.0,60.0,34800,34800,201-G BSK-BNM
3163,4495,1,29,1,960.0,60.0,40200,40200,201-G BSK-BNM
3164,4496,0,25,2,480.0,77.49166666666666,47100,58200,289-B YHK-KDYPH
3165,4496,1,25,2,480.0,77.48333333333333,30600,53400,289-B YHK-KDYPH
3166,4498,1,19,1,960.0,34.0,38400,38400,215-H D34G-BSK
3167,4504,0,10,1,960.0,30.0,29700,29700,399 HSS-CPR
3168,4503,0,65,1,960.0,129.98333333333332,37500,37500,293-BC
3169,4503,1,62,1,960.0,139.98333333333332,27300,27300,293-BC
3170,4507,0,38,2,480.0,69.49166666666666,22860,50400,293-BS D10G-BGLR
3171,4507,1,37,2,480.0,64.5,45600,74400,293-BS D10G-BGLR
3172,4508,0,54,4,240.0,95.0,30900,54900,293-BS
3173,4508,1,51,5,192.0,94.98333333333333,33900,60900,293-BS
3174,4511,1,30,1,960.0,80.0,30900,30900,KMT-YHK-NITTE
3175,4513,1,25,1,960.0,39.0,62400,62400,D45-TDL-HBLB
3176,4514,0,59,1,960.0,104.98333333333333,72000,72000,293-GN KBS-HND
3177,4514,1,58,1,960.0,94.98333333333333,19200,19200,293-GN KBS-HND
3178,4515,0,54,3,320.0,109.98333333333333,29400,67800,293-KA
3179,4515,1,53,4,240.0,100.0,27600,72900,293-KA
3180,4518,0,27,6,160.0,77.0,27060,55500,507-E
3181,4518,1,27,6,160.0,79.5,32100,60300,507-E
3182,4519,0,18,3,320.0,45.0,25200,69300,291-M KBS-GNP
3183,4519,1,19,3,320.0,44.983333333333334,28800,72900,291-M KBS-GNP
3184,4520,0,66,1,960.0,115.0,58500,58500,296-MB
3185,4520,1,63,1,960.0,115.0,49800,49800,296-MB
3186,4517,0,17,5,192.0,55.0,27300,59400,287-G
3187,4517,1,18,4,240.0,52.5,32400,55800,287-G
3188,4521,0,44,2,480.0,100.0,30300,49800,289-LA
3189,4521,1,41,2,480.0,100.0,38700,57600,289-LA
3190,4525,0,29,14,68.57142857142857,89.0,21660,57660,500-D D10G-CSB
3191,4525,1,29,14,68.57142857142857,88.98333333333333,20700,74700,500-D D10G-CSB
3192,4527,0,27,2,480.0,60.0,38100,45900,288-J
3193,4527,1,28,2,480.0,60.0,32700,42000,288-J
3194,4542,0,25,1,960.0,69.98333333333333,62400,62400,284-C VSD-JLOW
3195,4541,0,83,5,192.0,165.0,28800,69300,293-ZA
3196,4541,1,80,4,240.0,157.49166666666667,18000,57600,293-ZA
3197,4543,0,24,5,192.0,60.0,35100,70800,284-C KBS-JLOW
3198,4543,1,25,4,240.0,60.0,22800,66900,284-C KBS-JLOW
3199,4545,0,40,2,480.0,94.98333333333333,36600,54900,297-F
3200,4545,1,41,2,480.0,94.98333333333333,30600,47400,297-F
3201,4546,0,26,1,960.0,70.0,30600,30600,284-C JLOW-VSD-KBS
3202,4548,0,38,1,960.0,80.0,47700,47700,293 KBS-HNR-CHLS
3203,4548,1,38,2,480.0,80.0,28200,30300,293 KBS-HNR-CHLS
3204,4549,1,21,1,960.0,55.0,62400,62400,297-F YHKOT-BVP
3205,4552,0,22,1,960.0,65.0,31500,31500,399 ABS-DMSC-KDG
3206,4552,1,22,1,960.0,65.0,48600,48600,399 ABS-DMSC-KDG
3207,4556,0,30,1,960.0,70.0,32400,32400,297-K
3208,4556,1,32,1,960.0,69.98333333333333,27900,27900,297-K
3209,4557,1,26,4,240.0,62.49166666666667,27600,29100,402-D KBS-MADT
3210,4562,0,2,1,960.0,60.0,24300,24300,ADITI-5
3211,4562,1,2,1,960.0,60.0,53100,53100,ADITI-5
3212,4563,0,2,1,960.0,60.0,23400,23400,Call Bus-5
3213,4565,0,2,1,960.0,60.0,24600,24600,CHLS-3
3214,4565,1,2,1,960.0,60.0,55800,55800,CHLS-3
3215,4570,0,34,2,480.0,85.0,34800,47400,298
3216,4570,1,36,2,480.0,84.98333333333333,42000,55200,298
3217,4572,0,2,1,960.0,35.0,25200,25200,ADITI-2
3218,4572,1,2,1,960.0,35.0,52200,52200,ADITI-2
3219,4577,0,20,9,106.66666666666667,55.0,28500,79800,500-QB
3220,4577,1,20,11,87.27272727272727,55.0,26400,76500,500-QB
3221,4578,0,4,2,480.0,3.9833333333333334,51660,52560,PTH-MADT
3222,4583,0,37,3,320.0,80.0,51000,73800,295-D
3223,4583,1,33,2,480.0,80.0,57600,67800,295-D
3224,4584,0,39,2,480.0,87.49166666666666,27600,50400,CHAKRA-17
3225,4585,0,40,2,480.0,85.0,56700,62100,CHAKRA-17A
3226,4588,0,2,1,960.0,50.0,24300,24300,ADITI-9
3227,4588,1,2,1,960.0,50.0,52200,52200,ADITI-9
3228,4589,0,13,3,320.0,28.983333333333334,51960,60300,107-C D14G-SBS
3229,4589,1,13,5,192.0,24.0,40500,43500,107-C D14G-SBS
3230,4590,0,69,2,480.0,109.98333333333333,36600,43500,CHAKRA-10A
3231,4600,1,17,1,960.0,39.983333333333334,63600,63600,112 SBS-KVBS
3232,4601,0,2,1,960.0,50.0,24300,24300,ADITI-8
3233,4601,1,2,1,960.0,50.0,52200,52200,ADITI-8
3234,4603,0,2,1,960.0,40.0,24900,24900,ADITI-12
3235,4603,1,2,1,960.0,40.0,52200,52200,ADITI-12
3236,4605,0,46,1,960.0,89.98333333333333,54900,54900,290-E RMC-SBS-YHKOT
3237,4607,0,41,1,960.0,109.98333333333333,51900,51900,284-H
3238,4607,1,43,1,960.0,99.98333333333333,37200,37200,284-H
3239,4610,0,41,1,960.0,108.98333333333333,28860,28860,284-H PTH-GNR2
3240,4610,1,43,1,960.0,108.98333333333333,60300,60300,284-H PTH-GNR2
3241,4612,0,26,1,960.0,70.0,59400,59400,G-9 PTH-MGRMS
3242,4617,1,7,2,480.0,15.0,21300,39300,210-Z BSK-RMLO
3243,4620,0,37,24,40.0,85.0,21600,75300,401-AK
3244,4620,1,38,23,41.73913043478261,85.0,21600,73500,401-AK
3245,4621,0,23,1,960.0,44.983333333333334,28800,28800,HSS-GJR-CNS
3246,4626,0,17,4,240.0,33.5,41100,45600,279-E KBS-AGO-D14G
3247,4626,1,19,2,480.0,39.0,23160,27960,279-E KBS-AGO-D14G
3248,4629,0,27,4,240.0,50.0,30600,53400,292-D
3249,4630,0,20,1,960.0,50.0,35400,35400,300-B
3250,4630,1,18,1,960.0,50.0,38700,38700,300-B
3251,1492,0,11,7,137.14285714285714,25.0,31500,67500,104
3252,1492,1,11,7,137.14285714285714,25.0,33300,69300,104
3253,4636,0,29,2,480.0,60.0,34500,42300,302-C
3254,4636,1,24,2,480.0,60.0,38400,46200,302-C
3255,4639,0,14,1,960.0,24.0,26160,26160,D41G-HGR
3256,4627,0,44,3,320.0,89.98333333333333,22500,49200,K-2A
3257,4651,0,2,1,960.0,45.0,21600,21600,BEMLA-28
3258,4651,1,2,1,960.0,50.0,54900,54900,BEMLA-28
3259,4653,1,10,1,960.0,13.0,65100,65100,D14G-MRPG
3260,4657,0,10,4,240.0,29.491666666666667,25260,56700,284 D14G-MKC-KBS
3261,4657,1,9,1,960.0,5.0,64200,64200,284 D14G-MKC-KBS
3262,4662,0,2,1,960.0,60.0,24600,24600,CHLS-5
3263,4662,1,2,1,960.0,60.0,55200,55200,CHLS-5
3264,4663,0,31,1,960.0,55.0,28500,28500,290 CHLS-HBL-KVB
3265,4663,1,31,1,960.0,50.0,51000,51000,290 CHLS-HBL-KVB
3266,4666,0,21,14,68.57142857142857,40.0,21000,71700,80-R
3267,4666,1,20,9,106.66666666666667,40.0,18600,74400,80-R
3268,4673,0,18,5,192.0,35.0,26400,65100,BC-7C
3269,4681,0,16,3,320.0,34.983333333333334,61800,66600,BC-7CA
3270,4684,0,20,1,960.0,60.0,65400,65400,288 VSD-TDL
3271,4688,0,51,2,480.0,94.99166666666666,33000,58200,248-G MRTG-JHC-NMG
3272,4688,1,48,2,480.0,94.99166666666666,40800,63900,248-G MRTG-JHC-NMG
3273,4692,0,24,4,240.0,54.983333333333334,46500,65100,248-G
3274,4692,1,22,4,240.0,55.0,51300,61200,248-G
3275,4695,0,18,1,960.0,50.0,63900,63900,288-G VSD-KDHCB
3276,4696,0,28,12,80.0,60.0,23700,71100,250-DA
3277,4701,0,2,1,960.0,60.0,25200,25200,BCGHS-14
3278,4701,1,2,1,960.0,60.0,55800,55800,BCGHS-14
3279,4702,0,2,1,960.0,60.0,27000,27000,SSPC-2
3280,4702,1,2,1,960.0,60.0,66600,66600,SSPC-2
3281,4704,1,28,1,960.0,59.983333333333334,32400,32400,410-F BSK-SSPC
3282,4716,0,7,3,320.0,9.0,22260,52920,CLO-BMBS
3283,4716,1,7,3,320.0,13.983333333333333,43800,76200,CLO-BMBS
3284,4712,0,37,1,960.0,99.98333333333333,63600,63600,CALL BUS-8
3285,4720,0,2,1,960.0,60.0,23400,23400,KWS-1
3286,4729,0,7,4,240.0,9.0,30360,54060,286-F D48G-KNP
3287,4729,1,7,3,320.0,8.983333333333333,43200,68100,286-F D48G-KNP
3288,4733,0,20,2,480.0,35.0,33300,76800,289-A YHKOT-RZKP
3289,4733,1,20,2,480.0,34.983333333333334,30900,72900,289-A YHKOT-RZKP
3290,4737,0,10,3,320.0,20.0,300,83400,248-AB NGSMS-CKB
3291,4737,1,11,2,480.0,20.0,81600,84900,248-AB NGSMS-CKB
3292,4739,0,18,1,960.0,28.983333333333334,24960,24960,BEML5-KHBQ
3293,4745,0,25,1,960.0,58.983333333333334,48060,48060,284 RTNP-YHK-OASIS
3294,4749,0,24,5,192.0,45.0,30000,59100,246
3295,4749,1,24,6,160.0,45.0,27000,62100,246
3296,4752,0,50,2,480.0,85.0,70500,71400,501-C D14G-HBLB-KGR
3297,4752,1,51,2,480.0,80.0,20400,21000,501-C D14G-HBLB-KGR
3298,4754,0,23,1,960.0,80.0,25800,25800,500 BEML-MRTB-CSB
3299,4755,0,2,1,960.0,60.0,21900,21900,BEML B-22
3300,4756,0,32,2,480.0,54.983333333333334,40500,49800,270-D
3301,4756,1,29,3,320.0,60.0,35100,55200,270-D
3302,4759,0,19,1,960.0,20.0,33600,33600,270-D PSS-ABG
3303,4760,0,16,1,960.0,19.0,22860,22860,293-S D48G-BGLR
3304,4760,1,16,2,480.0,18.983333333333334,39900,76500,293-S D48G-BGLR
3305,4762,0,24,5,192.0,45.0,31200,68400,271-B
3306,4762,1,22,5,192.0,44.983333333333334,28200,63900,271-B
3307,4764,0,32,2,480.0,60.0,32400,41700,293-C
3308,4764,1,31,2,480.0,60.0,37800,45600,293-C
3309,4765,0,28,2,480.0,55.0,24600,76500,271-B KMT-2KVP
3310,4765,1,27,2,480.0,52.5,21300,71400,271-B KMT-2KVP
3311,4767,0,5,1,960.0,10.0,79800,79800,2KVP-JHE
3312,4767,1,5,1,960.0,5.0,20700,20700,2KVP-JHE
3313,4772,0,61,1,960.0,100.0,25500,25500,293-F
3314,4772,1,61,1,960.0,90.0,19800,19800,293-F
3315,4776,0,2,1,960.0,54.0,25260,25260,SJBHS-4B
3316,4778,0,53,2,480.0,75.0,29700,33300,G-11 SNBS-BLR
3317,4778,1,48,2,480.0,75.0,62100,65700,G-11 SNBS-BLR
3318,4779,0,49,1,960.0,90.0,40500,40500,271-F KMT-HGV
3319,4779,1,48,1,960.0,89.98333333333333,53400,53400,271-F KMT-HGV
3320,4781,0,55,2,480.0,99.98333333333333,30600,44100,293-R
3321,4781,1,53,2,480.0,100.0,37800,51900,293-R
3322,4782,1,50,2,480.0,99.98333333333333,32400,54300,253-HE KBS-GFTI
3323,4785,0,49,1,960.0,80.0,60900,60900,293-P
3324,4785,1,46,1,960.0,89.98333333333333,30000,30000,293-P
3325,4784,0,33,4,240.0,59.983333333333334,32400,75600,273-B
3326,4784,1,31,5,192.0,60.0,28500,70200,273-B
3327,4789,0,2,1,960.0,45.0,26400,26400,VLS-2
3328,4789,1,2,1,960.0,55.0,56400,56400,VLS-2
3329,4794,0,2,1,960.0,49.0,22860,22860,ARMY-8
3330,4794,1,2,1,960.0,50.0,50400,50400,ARMY-8
3331,4798,0,16,1,960.0,38.983333333333334,50460,50460,273-B PSS-ABG
3332,4801,0,37,1,960.0,59.983333333333334,23100,23100,273-B KMT-ABG
3333,4801,1,37,1,960.0,60.0,19200,19200,273-B KMT-ABG
3334,4802,0,8,1,960.0,14.0,24660,24660,D21G-ITM
3335,4802,1,8,1,960.0,13.983333333333333,62400,62400,D21G-ITM
3336,4811,0,43,1,960.0,80.0,51300,51300,221-J KBS-GGH
3337,4813,0,36,2,480.0,59.983333333333334,55500,61500,296-Q
3338,4813,1,33,2,480.0,60.0,18000,59400,296-Q
3339,4812,0,22,2,480.0,40.0,36300,55500,273-H
3340,4812,1,20,2,480.0,42.483333333333334,24300,58200,273-H
3341,4816,0,47,1,960.0,99.98333333333333,60900,60900,296-N
3342,4816,1,44,1,960.0,99.98333333333333,28800,28800,296-N
3343,4819,0,44,2,480.0,82.49166666666666,23700,72300,296-F
3344,4819,1,42,2,480.0,80.0,18900,28500,296-F
3345,4820,0,2,1,960.0,60.0,26100,26100,UBVS-01
3346,4821,0,23,3,320.0,45.0,29100,62700,296-B
3347,4821,1,21,1,960.0,50.0,33600,33600,296-B
3348,4818,0,31,1,960.0,69.98333333333333,63300,63300,273-H KBS-VSD-JHC
3349,4818,1,33,1,960.0,60.0,32100,32100,273-H KBS-VSD-JHC
3350,4823,0,2,1,960.0,55.0,21000,21000,BEMLA-15
3351,4825,0,15,58,16.551724137931036,34.983333333333334,24900,75900,99-B
3352,4825,1,15,56,17.142857142857142,34.983333333333334,22500,73200,99-B
3353,4827,0,37,7,137.14285714285714,69.98333333333333,23100,74100,295
3354,4827,1,34,6,160.0,69.98333333333333,19200,68100,295
3355,4828,0,11,78,12.307692307692308,25.0,21000,78900,BC-3A
3356,4828,1,12,75,12.8,25.0,19200,77100,BC-3A
3357,1068,0,64,49,19.591836734693878,120.0,14400,78900,365-P
3358,4830,0,30,1,960.0,69.98333333333333,62100,62100,295-C
3359,4832,0,32,5,192.0,65.0,23700,74400,295-A
3360,4832,1,30,4,240.0,70.0,19800,68400,295-A
3361,4834,1,22,1,960.0,30.0,50100,50100,V-365 KBS-RMM
3362,4835,0,22,1,960.0,39.983333333333334,21600,21600,273-H SBS-SDN
3363,4835,1,22,1,960.0,40.0,70500,70500,273-H SBS-SDN
3364,4836,0,36,3,320.0,75.0,19500,58500,295-B
3365,4836,1,33,2,480.0,67.5,23100,52500,295-B
3366,4838,0,5,1,960.0,9.0,24660,24660,294-D D48G-AGP
3367,4838,1,5,1,960.0,9.0,63900,63900,294-D D48G-AGP
3368,4839,0,2,1,960.0,30.0,27600,27600,KVPTA-10
3369,4839,1,2,1,960.0,30.0,53400,53400,KVPTA-10
3370,4842,0,41,1,960.0,74.98333333333333,22500,22500,KMT-BLS-YPB
3371,4842,1,38,1,960.0,70.0,17400,17400,KMT-BLS-YPB
3372,4845,0,2,1,960.0,45.0,23100,23100,ARMY-5
3373,4845,1,2,1,960.0,45.0,50400,50400,ARMY-5
3374,4841,0,17,30,32.0,34.983333333333334,21000,78900,82-AR
3375,4841,1,17,33,29.09090909090909,34.983333333333334,18900,75300,82-AR
3376,4847,0,34,4,240.0,74.98333333333333,25500,64800,295-E
3377,4847,1,32,4,240.0,69.98333333333333,21600,60000,295-E
3378,4850,0,13,8,120.0,14.5,21660,52260,96-B YTTMC-BEMLKN
3379,4850,1,13,3,320.0,13.983333333333333,64500,76800,96-B YTTMC-BEMLKN
3380,4853,0,2,1,960.0,55.0,27300,27300,AVS-1
3381,4853,1,2,1,960.0,55.0,63000,63000,AVS-1
3382,4857,0,16,19,50.526315789473685,40.0,24600,74400,96-E
3383,4857,1,15,20,48.0,39.983333333333334,22500,72900,96-E
3384,4858,0,32,6,160.0,59.983333333333334,27000,72000,295-G
3385,4858,1,29,5,192.0,60.0,30900,68100,295-G
3386,4861,0,2,1,960.0,45.0,23400,23400,ARMY-1
3387,4861,1,2,1,960.0,45.0,49200,49200,ARMY-1
3388,4860,0,65,1,960.0,99.98333333333333,25200,25200,NICE-7
3389,4860,1,70,1,960.0,99.98333333333333,64800,64800,NICE-7
3390,4863,0,34,4,240.0,67.5,22800,75600,294
3391,4863,1,32,3,320.0,70.0,19200,69300,294
3392,4865,0,25,4,240.0,55.0,27000,63300,234-F KBS-KMT-AGSLO
3393,4865,1,27,4,240.0,70.0,30900,68100,234-F KBS-KMT-AGSLO
3394,4866,0,45,3,320.0,110.0,24900,71700,359
3395,4866,1,42,3,320.0,124.98333333333333,19800,63900,359
3396,4868,0,21,1,960.0,55.0,33600,33600,96-E BEMLK-VSD-KBS
3397,4867,0,44,2,480.0,75.0,21900,51900,294-A
3398,4867,1,41,2,480.0,77.49166666666666,17400,26700,294-A
3399,4869,0,29,5,192.0,60.0,27300,29100,328-H HSS-SJP-ATB
3400,4869,1,32,3,320.0,59.983333333333334,47100,47700,328-H HSS-SJP-ATB
3401,4871,0,41,2,480.0,109.98333333333333,56100,73200,357
3402,4871,1,38,2,480.0,120.0,27000,64500,357
3403,4876,0,31,1,960.0,60.0,36900,36900,294-E
3404,4878,0,33,3,320.0,84.98333333333333,36600,63000,294-F
3405,4878,1,31,3,320.0,85.0,29700,57600,294-F
3406,4877,0,46,1,960.0,89.98333333333333,21300,21300,357 KBS-KMT-BDP
3407,4877,1,44,1,960.0,80.0,16200,16200,357 KBS-KMT-BDP
3408,4880,1,33,1,960.0,54.0,40800,40800,293-G D48G-SBS
3409,4883,0,39,1,960.0,64.98333333333333,72900,72900,294-A SBS-KSHH
3410,4883,1,36,1,960.0,75.0,58500,58500,294-A SBS-KSHH
3411,4884,1,48,3,320.0,109.98333333333333,28800,32400,356-M KBS-ELCFLY-ANK
3412,4890,0,27,1,960.0,70.0,63900,63900,314-T VSD-RMN
3413,4892,0,16,1,960.0,35.0,25200,25200,96-C
3414,4896,0,20,10,96.0,49.983333333333334,28200,75300,330-C
3415,4896,1,20,11,87.27272727272727,49.983333333333334,25200,71400,330-C
3416,4897,0,47,2,480.0,110.0,23100,70500,356-B
3417,4897,1,46,2,480.0,107.49166666666666,17400,29700,356-B
3418,4898,0,37,4,240.0,59.983333333333334,34800,62700,271-PA
3419,4898,1,33,4,240.0,60.0,30900,58800,271-PA
3420,4900,0,14,11,87.27272727272727,40.0,27000,71100,89-E
3421,4900,1,16,12,80.0,40.0,24900,73800,89-E
3422,4903,0,44,2,480.0,97.49166666666666,33900,47700,355-A
3423,4903,1,40,2,480.0,97.48333333333333,27600,41700,355-A
3424,4904,0,47,1,960.0,120.0,60900,60900,354-C
3425,4904,1,44,2,480.0,100.0,16200,53400,354-C
3426,4905,0,26,4,240.0,77.49166666666666,19500,72300,338
3427,4905,1,24,5,192.0,80.0,23400,78000,338
3428,4909,0,2,1,960.0,55.0,23700,23700,KWS CALLBUS-8
3429,4913,0,19,1,960.0,49.983333333333334,63600,63600,89-E SNBS-CVN
3430,4913,1,23,1,960.0,60.0,57600,57600,89-E SNBS-CVN
3431,4915,0,34,1,960.0,75.0,66000,66000,273 RMCPFO-BELC-JHC
3432,4916,0,22,1,960.0,59.983333333333334,49800,49800,MF-1C
3433,4916,1,24,1,960.0,70.0,45300,45300,MF-1C
3434,4919,0,24,8,120.0,55.0,24360,70200,290-Y
3435,4919,1,24,8,120.0,55.0,27600,73800,290-Y
3436,4918,0,47,2,480.0,100.0,32100,54900,352-E
3437,4918,1,42,2,480.0,102.5,25200,48600,352-E
3438,4924,0,2,1,960.0,10.0,24000,24000,BEML-33A
3439,4924,1,2,1,960.0,20.0,54000,54000,BEML-33A
3440,4925,1,47,1,960.0,75.0,14400,14400,352-E KBS-KMT-MHDB
3441,1648,0,47,1,960.0,99.98333333333333,27600,27600,NICE-7A
3442,1648,1,52,1,960.0,100.0,66600,66600,NICE-7A
3443,4931,0,49,3,320.0,110.0,21000,72000,352-A
3444,4931,1,44,2,480.0,125.0,27000,63000,352-A
3445,4932,0,46,3,320.0,109.98333333333333,24900,73800,351-A
3446,4932,1,43,3,320.0,120.0,19800,64500,351-A
3447,4933,0,21,8,120.0,39.983333333333334,24000,69300,80-K
3448,4933,1,21,8,120.0,39.983333333333334,26700,72000,80-K
3449,4934,0,22,17,56.470588235294116,45.0,22500,73500,80-F
3450,4934,1,22,16,60.0,45.0,25200,76500,80-F
3451,4938,0,53,1,960.0,130.0,24300,24300,353-C
3452,4940,0,13,3,320.0,24.0,46500,76500,80-F JBN-YTTMC
3453,4940,1,13,2,480.0,26.983333333333334,21660,49800,80-F JBN-YTTMC
3454,4943,0,9,1,960.0,14.0,50460,50460,80-E YTTMC-KNN-2
3455,4945,0,2,17,56.470588235294116,15.0,28800,67500,SVM-1A
3456,4947,0,5,25,38.4,15.0,29100,58200,BTP-SVM
3457,4947,1,5,16,60.0,15.0,57600,69600,BTP-SVM
3458,4948,0,2,1,960.0,40.0,27000,27000,KVPTA-3A
3459,4948,1,2,1,960.0,40.0,53400,53400,KVPTA-3A
3460,4950,0,2,1,960.0,30.0,25200,25200,HALNPS-4
3461,4950,1,2,1,960.0,30.0,52800,52800,HALNPS-4
3462,4952,0,48,1,960.0,89.98333333333333,31500,31500,401-KB STBEN-YTTMC
3463,4953,0,13,1,960.0,50.0,33000,33000,88-A BSN-GPO
3464,4953,1,14,1,960.0,60.0,63900,63900,88-A BSN-GPO
3465,4954,0,15,5,192.0,45.0,36600,63900,79-K
3466,1068,1,61,50,19.2,120.0,14400,75900,365-P
3467,4954,1,19,5,192.0,44.983333333333334,33600,60900,79-K
3468,4951,0,26,2,480.0,62.49166666666667,29700,56400,353-B
3469,4951,1,27,2,480.0,65.0,33900,60300,353-B
3470,4970,0,50,3,320.0,115.0,22500,72000,356-A
3471,4970,1,47,3,320.0,125.0,18000,63000,356-A
3472,4972,0,41,3,320.0,90.0,22500,73800,289-C
3473,4972,1,42,2,480.0,85.0,18000,66000,289-C
3474,4974,0,38,1,960.0,90.0,29700,29700,289-C HNH-KBS
3475,4976,0,39,3,320.0,95.0,21300,70800,289-CB
3476,4976,1,39,3,320.0,99.98333333333333,16200,63000,289-CB
3477,4978,0,24,2,480.0,60.0,64800,72600,79-F
3478,4978,1,24,2,480.0,57.5,34200,68700,79-F
3479,4980,0,20,14,68.57142857142857,45.0,25200,77400,79-E
3480,4980,1,22,13,73.84615384615384,49.983333333333334,20400,73200,79-E
3481,4981,0,4,1,960.0,9.0,55260,55260,YTTMC-MBS
3482,4982,0,26,1,960.0,60.0,33000,33000,79-E NLO-VSD-SBS-MYH
3483,4984,0,26,1,960.0,49.983333333333334,36900,36900,79-E MYH-SBS-NLO
3484,4985,1,18,1,960.0,40.0,61200,61200,79E VSD-NLO
3485,4986,0,18,13,73.84615384615384,45.0,23100,69000,79-D
3486,4986,1,21,12,80.0,45.0,26100,74100,79-D
3487,4988,0,25,27,35.55555555555556,55.0,27300,72000,77-E
3488,4988,1,29,27,35.55555555555556,55.0,24000,68400,77-E
3489,4989,0,24,1,960.0,38.0,47820,47820,75-E YTTMC-MBS-GKWLO
3490,4991,1,17,1,960.0,39.0,41100,41100,401-K YTTMC-GKWLO
3491,4990,0,48,1,960.0,100.0,49500,49500,289-K
3492,4992,0,23,29,33.10344827586207,44.983333333333334,25500,75600,77
3493,4992,1,27,28,34.285714285714285,44.983333333333334,22800,72300,77
3494,4995,0,18,4,240.0,45.0,57000,58500,276 KBS-BELF
3495,4995,1,17,3,320.0,45.0,28500,30600,276 KBS-BELF
3496,4996,0,30,1,960.0,90.0,60600,60600,289-N
3497,4996,1,30,1,960.0,89.98333333333333,29700,29700,289-N
3498,5001,0,30,44,21.818181818181817,60.0,18000,74700,253-HE
3499,5001,1,32,42,22.857142857142858,59.983333333333334,21600,80100,253-HE
3500,4999,0,55,1,960.0,89.98333333333333,67200,67200,290-R
3501,4999,1,51,1,960.0,80.0,20700,20700,290-R
3502,5009,1,29,5,192.0,50.0,27300,56700,292-D SBS-NNHD
3503,5008,0,27,1,960.0,64.98333333333333,25500,25500,369-K KBS-DLF
3504,5008,1,24,1,960.0,69.98333333333333,67800,67800,369-K KBS-DLF
3505,5010,0,7,1,960.0,9.0,24360,24360,D06G-BRSQ
3506,5012,0,22,1,960.0,49.983333333333334,20100,20100,82
3507,5014,0,7,2,480.0,16.491666666666667,47760,48360,D06G-ARPS
3508,5016,0,31,5,192.0,70.0,23700,74700,293-A
3509,5016,1,30,4,240.0,70.0,20400,68700,293-A
3510,5017,0,12,13,73.84615384615384,35.0,19500,72900,89-A
3511,5017,1,12,13,73.84615384615384,34.983333333333334,21300,76800,89-A
3512,5019,0,44,1,960.0,75.0,23100,23100,293-B
3513,5019,1,42,2,480.0,72.5,18600,27900,293-B
3514,5020,0,10,1,960.0,14.0,24060,24060,89-D YTTMC-JCN
3515,5020,1,10,1,960.0,14.0,75900,75900,89-D YTTMC-JCN
3516,5021,0,17,1,960.0,38.983333333333334,43200,43200,141-E SBS-KRM
3517,5021,1,18,2,480.0,36.5,23160,49860,141-E SBS-KRM
3518,5023,0,39,1,960.0,59.983333333333334,75600,75600,293-B SBS-KAH
3519,5024,0,14,6,160.0,34.983333333333334,31500,74700,89-F
3520,5024,1,14,6,160.0,34.983333333333334,29100,72300,89-F
3521,5026,0,62,3,320.0,105.0,24300,70200,293-D
3522,5026,1,60,2,480.0,100.0,18600,61800,293-D
3523,5027,0,7,1,960.0,9.0,28260,28260,89-F YTTMC-GBER
3524,5028,1,54,1,960.0,100.0,30600,30600,293-D SBS-SGH
3525,5032,0,2,1,960.0,60.0,26100,26100,CHMS-1
3526,5032,1,2,1,960.0,45.0,55800,55800,CHMS-1
3527,5031,0,39,1,960.0,85.0,32400,32400,401-K NMIT-NES-MSP-YTTMC
3528,5031,1,38,1,960.0,80.0,54300,54300,401-K NMIT-NES-MSP-YTTMC
3529,5034,0,51,1,960.0,89.98333333333333,50700,50700,293-H
3530,5034,1,51,1,960.0,89.98333333333333,31800,31800,293-H
3531,5037,0,57,2,480.0,90.0,27300,60600,293-J
3532,5037,1,55,2,480.0,90.0,21600,54900,293-J
3533,5038,0,6,1,960.0,9.983333333333333,28800,28800,13 SJHS-SBS
3534,5039,0,52,5,192.0,94.98333333333333,30900,69900,293-SA
3535,5039,1,48,5,192.0,94.98333333333333,25200,63900,293-SA
3536,5040,0,52,1,960.0,80.0,74400,74400,296-F SBS-MRS
3537,5040,1,49,2,480.0,85.0,33000,67800,296-F SBS-MRS
3538,5044,0,6,8,120.0,11.991666666666667,21660,52560,77 YTTMC-MLO
3539,5044,1,7,9,106.66666666666667,14.0,45000,78900,77 YTTMC-MLO
3540,5045,0,46,3,320.0,79.98333333333333,25500,60900,293-L
3541,5045,1,44,2,480.0,77.5,20700,55800,293-L
3542,5046,0,57,3,320.0,89.98333333333333,23100,75300,293-M
3543,5046,1,55,3,320.0,89.98333333333333,18000,68700,293-M
3544,5047,0,27,10,96.0,50.0,28800,72300,293-N
3545,5047,1,24,10,96.0,52.49166666666667,25500,67200,293-N
3546,5049,0,13,2,480.0,21.991666666666667,67500,69600,401-BC BSN-YTTMC
3547,5058,0,14,2,480.0,35.0,56700,61500,89-B
3548,5058,1,15,3,320.0,35.0,29100,63900,89-B
3549,5060,0,7,2,480.0,9.5,23160,50400,89-B YTTMC-GBE
3550,5060,1,8,3,320.0,9.0,49500,77100,89-B YTTMC-GBE
3551,5063,0,27,1,960.0,74.98333333333333,50400,50400,280 KBS-YHK-CHLS
3552,5063,1,28,1,960.0,75.0,30000,30000,280 KBS-YHK-CHLS
3553,5068,0,42,2,480.0,90.0,30600,58200,297-M
3554,5068,1,42,2,480.0,90.0,37800,63900,297-M
3555,5070,1,47,1,960.0,104.98333333333333,66900,66900,298-A
3556,5071,0,17,8,120.0,44.983333333333334,27000,73800,79-J
3557,5071,1,20,8,120.0,45.0,24000,70800,79-J
3558,5073,0,12,1,960.0,45.0,65700,65700,79-B
3559,5073,1,12,1,960.0,39.983333333333334,29100,29100,79-B
3560,5074,0,7,1,960.0,10.0,28200,28200,79-B YTTMC-BRC
3561,5074,1,10,1,960.0,15.0,68700,68700,79-B YTTMC-BRC
3562,5076,0,50,1,960.0,99.98333333333333,71100,71100,298-B
3563,5075,0,16,2,480.0,37.49166666666667,24300,69900,99-A
3564,5075,1,16,1,960.0,39.983333333333334,26700,26700,99-A
3565,5079,1,50,2,480.0,87.5,17100,28200,298-C
3566,5083,0,7,6,160.0,8.983333333333333,21660,51960,99-B YTTMC-CJP
3567,1070,0,50,50,19.2,105.0,19200,76800,365-J
3568,5083,1,7,5,192.0,9.0,45600,76800,99-B YTTMC-CJP
3569,5084,0,31,1,960.0,60.0,76800,76800,298-E
3570,5084,1,33,1,960.0,69.98333333333333,71400,71400,298-E
3571,5061,0,72,1,960.0,115.0,38400,38400,296-M
3572,5061,1,69,1,960.0,119.98333333333333,29400,29400,296-M
3573,5086,1,17,1,960.0,40.0,32700,32700,79-A
3574,5087,0,68,2,480.0,125.0,18600,35700,296-MA
3575,5087,1,66,2,480.0,130.0,26100,54900,296-MA
3576,5088,0,48,1,960.0,99.98333333333333,63900,63900,298-M VSD-DVH
3577,5090,0,34,1,960.0,49.983333333333334,23400,23400,276 KBS-VRP-MSP
3578,5092,0,21,6,160.0,40.0,24600,75000,80-D
3579,5092,1,21,6,160.0,39.983333333333334,27300,72300,80-D
3580,5094,0,31,4,240.0,55.0,30300,59100,77-B
3581,5094,1,30,4,240.0,54.983333333333334,33900,62700,77-B
3582,5096,0,51,2,480.0,107.49166666666666,24600,74700,366-Q
3583,5096,1,49,2,480.0,99.98333333333333,18900,32400,366-Q
3584,5097,0,45,2,480.0,105.0,20100,60300,353-A
3585,5097,1,43,3,320.0,119.98333333333333,15600,51300,353-A
3586,5105,0,62,1,960.0,134.98333333333332,72000,72000,372-E KBS-CNP
3587,5105,1,59,1,960.0,134.98333333333332,61200,61200,372-E KBS-CNP
3588,5107,1,55,1,960.0,89.98333333333333,18000,18000,372-E KMT-HRG-CNP
3589,5108,0,35,4,240.0,57.5,14400,67800,366-C
3590,5108,1,33,5,192.0,74.98333333333333,28500,75600,366-C
3591,5109,0,56,2,480.0,104.99166666666666,21600,73500,366-F
3592,5109,1,54,2,480.0,97.49166666666666,16200,28800,366-F
3593,5110,0,31,7,137.14285714285714,70.0,20700,76200,366-G
3594,5110,1,29,7,137.14285714285714,65.0,16800,68100,366-G
3595,5112,0,45,3,320.0,89.98333333333333,21300,51000,366-L
3596,5112,1,43,3,320.0,90.0,16200,57600,366-L
3597,5113,0,37,8,120.0,80.0,26100,75000,366-M
3598,5113,1,35,7,137.14285714285714,80.0,21600,68400,366-M
3599,5116,0,14,1,960.0,29.983333333333334,34500,34500,SRPS-SWK-AGS-KBS
3600,5119,0,52,1,960.0,105.0,48000,48000,366-QA
3601,5119,1,50,2,480.0,105.0,28800,56100,366-QA
3602,5121,0,49,7,137.14285714285714,94.98333333333333,21600,72000,366-R
3603,5121,1,47,5,192.0,95.0,17400,65100,366-R
3604,5123,0,53,2,480.0,109.99166666666666,53400,69300,366-T
3605,5123,1,51,2,480.0,94.99166666666666,21600,35400,366-T
3606,5124,0,49,4,240.0,100.0,41400,67200,366-W
3607,5124,1,47,3,320.0,99.98333333333333,32400,60900,366-W
3608,5125,0,61,3,320.0,120.0,22500,73200,366-X
3609,5125,1,59,3,320.0,130.0,16200,63000,366-X
3610,5126,0,20,6,160.0,50.0,26700,76500,95-G
3611,5126,1,24,5,192.0,50.0,23700,71100,95-G
3612,5128,0,11,23,41.73913043478261,24.0,20100,78600,90-E KBS-YTTMC
3613,5128,1,12,25,38.4,24.0,21360,53160,90-E KBS-YTTMC
3614,5129,0,27,8,120.0,51.483333333333334,42300,72600,356 ANK-D38G
3615,5129,1,26,5,192.0,48.983333333333334,23160,53160,356 ANK-D38G
3616,5130,1,14,1,960.0,9.983333333333333,42900,42900,95-B YTTMC-SNBS
3617,5132,0,41,8,120.0,91.49166666666666,25560,57960,600-FC D27-JAPC
3618,5132,1,38,6,160.0,84.49166666666666,36600,77100,600-FC D27-JAPC
3619,5135,0,10,1,960.0,40.0,59400,59400,366-Z ANK-CNP
3620,5135,1,10,2,480.0,40.0,27300,62100,366-Z ANK-CNP
3621,5138,0,14,1,960.0,44.0,50460,50460,KRM-BEMLG
3622,5141,0,36,1,960.0,78.98333333333333,67200,67200,399-F ATB-D27G
3623,5142,0,2,1,960.0,40.0,30600,30600,HALHSP-1
3624,5142,1,2,1,960.0,45.0,41400,41400,HALHSP-1
3625,5143,1,23,1,960.0,59.0,38100,38100,398-H D27-ATB
3626,5144,0,15,1,960.0,28.983333333333334,28560,28560,D6G-GBJCG
3627,5145,0,10,1,960.0,19.0,66000,66000,HAL-D6G
3628,5146,0,14,1,960.0,24.983333333333334,30000,30000,CHMS-MGRM
3629,5149,0,2,1,960.0,35.0,27300,27300,KVASC-02
3630,5149,1,2,1,960.0,35.0,53400,53400,KVASC-02
3631,5150,0,31,1,960.0,79.98333333333333,55800,55800,500-DH HSRCPWD-ATB
3632,5153,0,52,1,960.0,104.98333333333333,23100,23100,298-MA
3633,5153,1,54,1,960.0,104.98333333333333,29700,29700,298-MA
3634,5154,0,59,1,960.0,115.0,25500,25500,298-MC
3635,5154,1,61,1,960.0,120.0,63000,63000,298-MC
3636,5155,1,44,1,960.0,100.0,32400,32400,298-MC YHK-VJP
3637,5156,0,58,2,480.0,115.0,28500,55500,298-MF
3638,5156,1,62,1,960.0,115.0,64800,64800,298-MF
3639,5158,0,58,1,960.0,110.0,73200,73200,298-MH
3640,5158,1,58,1,960.0,109.98333333333333,20400,20400,298-MH
3641,5161,0,50,2,480.0,94.99166666666666,38400,63000,298-MS
3642,5161,1,51,1,960.0,95.0,57000,57000,298-MS
3643,5163,0,37,9,106.66666666666667,70.0,21600,74400,298-PB
3644,5163,1,39,8,120.0,75.0,23400,71700,298-PB
3645,5167,0,17,46,20.869565217391305,59.983333333333334,19800,77400,298-V
3646,5167,1,19,46,20.869565217391305,59.983333333333334,20400,75600,298-V
3647,5170,0,55,1,960.0,105.0,74700,74700,298-Y
3648,5170,1,57,1,960.0,90.0,18900,18900,298-Y
3649,5168,0,26,2,480.0,46.5,26760,28560,356-Z D38G-ANKL
3650,5168,1,27,3,320.0,39.0,43200,64800,356-Z D38G-ANKL
3651,5173,0,37,3,320.0,90.0,18600,72600,349-B
3652,5173,1,33,3,320.0,90.0,14400,64800,349-B
3653,5172,0,61,1,960.0,120.0,40200,40200,298-Z
3654,5172,1,62,1,960.0,119.98333333333333,32400,32400,298-Z
3655,5174,0,36,3,320.0,74.98333333333333,22500,76500,349-D
3656,5174,1,33,3,320.0,100.0,18000,68700,349-D
3657,5175,0,41,2,480.0,100.0,19500,70200,349-A
3658,5175,1,38,1,960.0,80.0,14400,14400,349-A
3659,5176,0,37,2,480.0,95.0,33000,74700,299-E
3660,5176,1,39,2,480.0,97.49166666666666,27000,67200,299-E
3661,5177,1,37,1,960.0,74.98333333333333,20400,20400,356
3662,5180,0,38,3,320.0,90.0,22500,58800,349-E
3663,5180,1,34,2,480.0,82.49166666666666,18000,28200,349-E
3664,5179,0,42,1,960.0,79.98333333333333,57600,57600,298-MF YHKOT-BSR
3665,5179,1,45,2,480.0,80.0,35700,36300,298-MF YHKOT-BSR
3666,5181,1,43,1,960.0,74.98333333333333,30900,30900,298-MG YHKOT-SNH
3667,5183,0,58,1,960.0,104.98333333333333,24300,24300,298-MG KBS-SNH
3668,5190,0,40,3,320.0,90.0,37800,61500,349-K
3669,5190,1,33,3,320.0,90.0,30000,55800,349-K
3670,5192,0,42,1,960.0,94.98333333333333,62100,62100,350-E KBS-NJP
3671,5192,1,36,1,960.0,94.98333333333333,30300,30300,350-E KBS-NJP
3672,5195,1,35,1,960.0,94.98333333333333,28800,28800,349-M
3673,5199,0,42,3,320.0,110.0,23100,75300,351
3674,5199,1,39,3,320.0,119.98333333333333,18000,66300,351
3675,5202,1,36,1,960.0,119.98333333333333,29100,29100,351-C
3676,5203,0,41,2,480.0,104.99166666666666,21900,57000,351-C KBS-RMS
3677,5203,1,38,1,960.0,119.98333333333333,64500,64500,351-C KBS-RMS
3678,5210,0,21,1,960.0,49.983333333333334,22500,22500,299-E YHKOT-GDH
3679,5210,1,22,1,960.0,39.983333333333334,19800,19800,299-E YHKOT-GDH
3680,5218,0,26,1,960.0,85.0,30900,30900,227-GA STBEN-KMT-KBS
3681,5227,0,13,2,480.0,32.49166666666667,31500,33600,342-F GGS-SJP
3682,5227,1,13,4,240.0,30.0,48900,51000,342-F GGS-SJP
3683,5233,0,24,1,960.0,50.0,37800,37800,80-D SBS-RBJM
3684,5233,1,26,2,480.0,50.0,33000,58500,80-D SBS-RBJM
3685,5234,0,32,3,320.0,85.0,34200,59100,330-P
3686,5234,1,32,3,320.0,84.98333333333333,28800,52200,330-P
3687,5235,0,26,1,960.0,55.0,63300,63300,80-D SBS-VSD-KBS-RBJN
3688,5236,0,11,1,960.0,30.0,51300,51300,80-D YTTMC-RBJN
3689,5236,1,12,1,960.0,19.0,77700,77700,80-D YTTMC-RBJN
3690,5237,0,30,4,240.0,60.0,34800,46500,82-A
3691,5244,0,65,1,960.0,120.0,31800,31800,502-D JGF-SMH-GGP-KRPGH
3692,5244,1,64,1,960.0,120.0,56100,56100,502-D JGF-SMH-GGP-KRPGH
3693,5247,0,39,6,160.0,80.0,26460,54300,253-HE YTTMC-GFTI
3694,5247,1,39,4,240.0,85.0,31500,59700,253-HE YTTMC-GFTI
3695,5252,0,2,1,960.0,60.0,25200,25200,KV-2
3696,5252,1,2,1,960.0,60.0,54000,54000,KV-2
3697,5198,0,33,2,480.0,90.0,35100,60900,350-G
3698,5198,1,26,1,960.0,90.0,27900,27900,350-G
3699,5258,0,2,1,960.0,45.0,33300,33300,CALLBUS-12
3700,5269,0,2,1,960.0,40.0,24600,24600,SPHS-01
3701,5269,1,2,1,960.0,40.0,54000,54000,SPHS-01
3702,5270,0,2,2,480.0,32.5,24900,25200,SPHS-15
3703,5270,1,2,1,960.0,30.0,54000,54000,SPHS-15
3704,5271,0,62,2,480.0,94.99166666666666,25200,70200,293-E
3705,5271,1,58,1,960.0,84.98333333333333,18900,18900,293-E
3706,5274,1,52,1,960.0,90.0,30900,30900,293-E SBS-MTH
3707,5284,0,37,6,160.0,83.98333333333333,35400,63600,KBS-3A KBS-D38G
3708,5284,1,32,7,137.14285714285714,84.0,25860,56160,KBS-3A KBS-D38G
3709,5285,0,44,13,73.84615384615384,90.0,26700,73800,328-HK
3710,5285,1,44,12,80.0,90.0,19500,62100,328-HK
3711,1070,1,46,44,21.818181818181817,104.98333333333333,18000,75000,365-J
3712,5288,0,41,1,960.0,110.0,75600,75600,351-H
3713,5288,1,34,1,960.0,115.0,27300,27300,351-H
3714,5292,0,51,2,480.0,122.49166666666666,21600,66900,351-J
3715,5292,1,48,5,192.0,115.0,14400,76800,351-J
3716,5296,0,42,2,480.0,112.49166666666666,21900,65400,357-A
3717,5296,1,39,2,480.0,99.99166666666666,16800,27900,357-A
3718,5298,0,43,1,960.0,90.0,21300,21300,358
3719,5298,1,41,2,480.0,99.99166666666666,16200,27000,358
3720,5303,0,44,1,960.0,95.0,21300,21300,351-H KBS-SGA
3721,5303,1,41,1,960.0,79.98333333333333,16200,16200,351-H KBS-SGA
3722,5304,0,46,2,480.0,115.0,57900,75600,358 KBS-MYS
3723,5304,1,43,1,960.0,129.98333333333332,66000,66000,358 KBS-MYS
3724,5306,0,45,4,240.0,114.99166666666666,23100,74400,354
3725,5306,1,43,3,320.0,119.98333333333333,18000,65400,354
3726,5307,0,47,3,320.0,115.0,24000,76200,351-M
3727,5307,1,44,3,320.0,129.98333333333332,18600,66600,351-M
3728,5308,0,45,3,320.0,100.0,24600,62400,352
3729,5308,1,39,3,320.0,109.98333333333333,19800,55500,352
3730,5310,0,50,4,240.0,102.5,19200,60000,352-B
3731,5310,1,45,4,240.0,120.0,18000,34200,352-B
3732,5313,0,2,1,960.0,50.0,25200,25200,CHLS-6
3733,5315,0,4,1,960.0,9.0,31260,31260,241-C D35G-KNL-KDH
3734,5315,1,4,1,960.0,8.0,66600,66600,241-C D35G-KNL-KDH
3735,5318,0,50,1,960.0,104.98333333333333,77700,77700,360-Q KBS-DSP
3736,5318,1,46,1,960.0,145.0,32400,32400,360-Q KBS-DSP
3737,5319,0,23,3,320.0,55.0,21600,71400,241-D KBS-BDG
3738,5319,1,24,4,240.0,55.0,24600,75000,241-D KBS-BDG
3739,5320,0,27,1,960.0,70.0,37200,37200,241-D VSD-BDG
3740,5324,0,44,3,320.0,110.0,19500,69600,354-A
3741,5324,1,40,3,320.0,110.0,14400,61200,354-A
3742,5326,0,49,3,320.0,120.0,18300,67200,354-B
3743,5326,1,45,3,320.0,119.98333333333333,25500,58200,354-B
3744,5327,1,47,1,960.0,84.98333333333333,12600,12600,354-B KBS-KMT-STH
3745,5330,0,39,2,480.0,109.99166666666666,24600,59400,356-F
3746,5330,1,36,2,480.0,114.98333333333333,31200,66600,356-F
3747,5331,0,18,75,12.8,29.983333333333334,19200,78000,356-Z
3748,5331,1,18,73,13.150684931506849,30.0,19200,79500,356-Z
3749,5335,0,49,10,96.0,90.0,16800,65400,399-C
3750,5335,1,48,12,80.0,90.0,21600,71100,399-C
3751,5336,0,40,6,160.0,93.99166666666666,24300,56160,399-C SRN-CTP
3752,5336,1,40,4,240.0,88.98333333333333,34200,44400,399-C SRN-CTP
3753,5337,0,50,1,960.0,99.98333333333333,40200,40200,399-E
3754,5337,1,51,1,960.0,99.98333333333333,48900,48900,399-E
3755,5340,0,42,1,960.0,70.0,33600,33600,3F-1
3756,5341,0,35,11,87.27272727272727,54.983333333333334,23400,73200,3F-5
3757,5341,1,35,12,80.0,57.5,21000,73200,3F-5
3758,5342,0,24,2,480.0,61.99166666666667,22860,49800,600-F D38G-BSK
3759,5342,1,25,5,192.0,59.0,38700,72900,600-F D38G-BSK
3760,5343,0,7,1,960.0,9.0,27360,27360,D12G-BSVG
3761,5344,0,3,1,960.0,10.0,30900,30900,230-B SCS-BTPL
3762,5344,1,3,1,960.0,10.0,53100,53100,230-B SCS-BTPL
3763,5346,0,26,2,480.0,49.983333333333334,43500,59400,356-M CPR-ANK-RMH
3764,5346,1,26,2,480.0,50.0,46800,62700,356-M CPR-ANK-RMH
3765,5348,0,4,6,160.0,4.0,24960,54360,241-B D35G-KCP
3766,5348,1,4,4,240.0,9.0,40800,68400,241-B D35G-KCP
3767,5352,0,21,3,320.0,29.0,43800,65700,375 JBS-BEML5
3768,5357,1,77,1,960.0,160.0,21600,21600,240-K
3769,5360,0,15,44,21.818181818181817,30.0,24000,78600,MF-39
3770,5360,1,15,42,22.857142857142858,27.491666666666667,21900,76800,MF-39
3771,5368,0,23,2,480.0,54.983333333333334,25200,63000,CPR-1
3772,5368,1,23,1,960.0,55.0,58800,58800,CPR-1
3773,5370,0,15,4,240.0,40.0,29400,68400,59-D
3774,5370,1,13,4,240.0,40.0,26700,65700,59-D
3775,5373,0,3,76,12.631578947368421,5.0,14100,66600,D12-RRMC
3776,1071,0,46,2,480.0,100.0,27000,51600,365-EA
3777,1071,1,43,2,480.0,104.99166666666666,33300,59400,365-EA
3778,1072,0,20,4,240.0,49.983333333333334,34800,57300,43-E
3779,5380,0,2,1,960.0,40.0,24600,24600,SHS-5
3780,5380,1,2,1,960.0,40.0,54000,54000,SHS-5
3781,5383,0,37,2,480.0,84.98333333333333,30300,58500,294-D
3782,5383,1,34,2,480.0,80.0,25200,37200,294-D
3783,5387,0,26,1,960.0,55.0,50400,50400,G-6 BEML5-SNBS
3784,5387,1,26,1,960.0,60.0,34200,34200,G-6 BEML5-SNBS
3785,5389,0,61,2,480.0,122.5,40800,57600,317-BR
3786,5389,1,55,2,480.0,125.0,33000,49800,317-BR
3787,5397,0,35,1,960.0,90.0,24900,24900,201-G BEMLG-ELC
3788,5398,0,41,1,960.0,104.0,45960,45960,BEML5-BEMLG
3789,5399,0,4,3,320.0,4.0,23460,53400,225-C BEML5-JNKLO
3790,5399,1,5,2,480.0,4.0,28200,57900,225-C BEML5-JNKLO
3791,5403,0,27,3,320.0,60.0,25800,60900,43-JA
3792,5403,1,27,5,192.0,60.0,22500,66900,43-JA
3793,1072,1,20,5,192.0,45.0,31800,60600,43-E
3794,5406,0,11,1,960.0,30.0,76500,76500,MF-24 LGR-NGMS
3795,5407,0,2,1,960.0,50.0,57600,57600,C BUS KWS-1
3796,5409,1,6,9,106.66666666666667,5.0,37200,72300,D39G-HSK
3797,5411,1,55,1,960.0,129.98333333333332,29400,29400,227-VB SBS-GDGD
3798,5420,0,4,2,480.0,5.0,28500,30300,D24G-KRPGH1
3799,5420,1,3,1,960.0,5.0,64800,64800,D24G-KRPGH1
3800,5423,0,34,2,480.0,59.983333333333334,28200,59400,MF-36 SIMS-KTTMC
3801,5423,1,33,2,480.0,60.0,32100,63300,MF-36 SIMS-KTTMC
3802,5424,0,2,4,240.0,17.5,33300,42000,BTP-5
3803,5424,1,2,4,240.0,15.0,62400,70800,BTP-5
3804,5426,0,2,5,192.0,15.0,30600,41400,BTP-4
3805,5426,1,2,5,192.0,15.0,59400,70200,BTP-4
3806,5425,1,28,1,960.0,79.98333333333333,32100,32100,314-T RMN-VSD-KBS
3807,5427,0,2,10,96.0,15.0,27900,43200,BTP-1
3808,1075,0,62,3,320.0,140.0,21300,68100,327-C
3809,5427,1,2,10,96.0,15.0,56400,72000,BTP-1
3810,5435,1,11,1,960.0,19.0,44400,44400,D6G-MNBS
3811,5443,0,35,2,480.0,85.0,59100,72900,346-A
3812,5443,1,28,2,480.0,72.49166666666666,20700,66000,346-A
3813,5445,0,41,2,480.0,120.0,51000,69000,350-B
3814,5445,1,38,2,480.0,115.0,25200,60000,350-B
3815,5452,0,32,1,960.0,79.98333333333333,33000,33000,346-CK
3816,5452,1,28,1,960.0,80.0,39600,39600,346-CK
3817,5453,0,34,2,480.0,82.5,32400,57000,346-N
3818,5453,1,32,2,480.0,82.5,27000,38400,346-N
3819,1075,1,60,3,320.0,149.98333333333332,14400,58800,327-C
3820,5454,0,7,1,960.0,14.0,24660,24660,D38G-HDS
3821,5455,1,2,1,960.0,50.0,55800,55800,MVSM-2
3822,5460,0,30,1,960.0,64.98333333333333,30300,30300,KRPGH-RBM-BMS-SNBS
3823,5460,1,27,1,960.0,60.0,65700,65700,KRPGH-RBM-BMS-SNBS
3824,5463,0,43,1,960.0,99.98333333333333,73800,73800,361-K KMT-NGKH
3825,5463,1,41,1,960.0,80.0,17400,17400,361-K KMT-NGKH
3826,5464,0,32,1,960.0,70.0,28800,28800,KRPGH-RMB-BMS-VSD-KBS
3827,5472,1,20,1,960.0,28.0,62400,62400,D31G-MCCVN
3828,5473,0,2,1,960.0,40.0,24600,24600,SPHS-13
3829,5473,1,2,1,960.0,40.0,54000,54000,SPHS-13
3830,5475,0,37,1,960.0,64.0,26460,26460,317-TA D24G-TBH
3831,5476,0,31,2,480.0,87.48333333333333,34500,70800,350-D
3832,5476,1,27,2,480.0,102.49166666666666,27600,62700,350-D
3833,5480,0,40,12,80.0,120.0,27300,77400,V-500BC
3834,1076,0,40,3,320.0,104.98333333333333,25800,72300,323-J
3835,5480,1,39,12,80.0,119.98333333333333,21600,68700,V-500BC
3836,5481,0,2,82,11.707317073170731,5.0,15300,71400,D28-HBLB
3837,1076,1,40,3,320.0,109.98333333333333,20400,63900,323-J
3838,1069,0,16,1,960.0,40.0,57900,57900,356-CW Fly
3839,1077,0,29,1,960.0,74.98333333333333,27900,27900,285 SRN-KBS-GKVK
3840,1077,1,29,1,960.0,80.0,59100,59100,285 SRN-KBS-GKVK
3841,1079,0,41,1,960.0,99.98333333333333,42000,42000,329-J
3842,5481,1,2,83,11.566265060240964,5.0,0,84000,D28-HBLB
3843,1079,1,41,1,960.0,100.0,33900,33900,329-J
3844,1080,0,40,1,960.0,94.98333333333333,32700,32700,500-D GKVK-CSB
3845,1081,0,40,1,960.0,105.0,27300,27300,329-J SNBS-SNH
3846,1081,1,38,1,960.0,105.0,61800,61800,329-J SNBS-SNH
3847,1082,0,47,2,480.0,124.98333333333333,23400,69300,322-M
3848,1082,1,47,2,480.0,112.49166666666666,18000,58500,322-M
3849,5483,0,2,1,960.0,60.0,54900,54900,BEMLA-23
3850,1083,0,31,7,137.14285714285714,75.0,19500,68700,G-6
3851,5483,1,2,1,960.0,55.0,21000,21000,BEMLA-23
3852,5484,0,40,1,960.0,79.0,28560,28560,500-QK BBD-KDG
3853,5484,1,41,2,480.0,83.98333333333333,61800,63600,500-QK BBD-KDG
3854,5488,0,34,2,480.0,92.49166666666666,22500,54600,350-D KBS-SPN
3855,5488,1,28,1,960.0,70.0,18000,18000,350-D KBS-SPN
3856,5489,0,2,8,120.0,15.0,60000,69000,BTP-6D
3857,5491,0,2,1,960.0,60.0,24600,24600,BEL GS-16
3858,5492,0,25,6,160.0,72.49166666666666,24000,79200,347-M
3859,5492,1,20,6,160.0,67.49166666666666,20100,75300,347-M
3860,5495,0,2,1,960.0,35.0,27300,27300,KVASC-09
3861,5495,1,2,1,960.0,35.0,53400,53400,KVASC-09
3862,5499,0,37,2,480.0,87.49166666666666,45900,46200,G-2 SJP-KVS
3863,5499,1,40,1,960.0,90.0,29700,29700,G-2 SJP-KVS
3864,5500,1,37,1,960.0,94.98333333333333,30900,30900,305-D KBS-VSD-CNS
3865,5503,0,22,1,960.0,60.0,39000,39000,281-F YHKOT-MLH
3866,5503,1,22,1,960.0,59.983333333333334,35100,35100,281-F YHKOT-MLH
3867,5506,0,36,2,480.0,90.0,30600,32400,V-500QK
3868,5506,1,37,2,480.0,90.0,63600,65400,V-500QK
3869,5508,0,2,1,960.0,60.0,25200,25200,BCGHS-19
3870,5508,1,2,1,960.0,60.0,55800,55800,BCGHS-19
3871,5516,0,50,1,960.0,135.0,68100,68100,306-M KMT-KDR
3872,5516,1,49,1,960.0,89.98333333333333,15000,15000,306-M KMT-KDR
3873,5518,0,2,1,960.0,60.0,23400,23400,HSS-01
3874,5522,0,2,1,960.0,59.0,23460,23460,HSS-12
3875,5522,1,2,1,960.0,60.0,52200,52200,HSS-12
3876,5523,0,31,1,960.0,55.0,21600,21600,171 KBS-SNCA
3877,5523,1,25,1,960.0,69.98333333333333,59700,59700,171 KBS-SNCA
3878,5531,0,2,1,960.0,55.0,26100,26100,KVPTA-7
3879,5531,1,2,1,960.0,50.0,53400,53400,KVPTA-7
3880,5534,0,35,1,960.0,69.98333333333333,24600,24600,BEML-BGR
3881,5535,0,2,1,960.0,30.0,27600,27600,CHM-1
3882,5535,1,2,1,960.0,20.0,55200,55200,CHM-1
3883,5537,0,2,1,960.0,35.0,27300,27300,KVASC-08
3884,5537,1,2,1,960.0,35.0,53400,53400,KVASC-08
3885,5538,1,40,1,960.0,110.0,26400,26400,313-F KBS-KLK-KMS
3886,5539,0,7,1,960.0,10.0,52200,52200,STJOHN-CHM
3887,5540,0,28,1,960.0,64.98333333333333,32100,32100,G-2 CHM-SJP
3888,5545,1,40,1,960.0,80.0,34500,34500,241-S
3889,1083,1,30,5,192.0,75.0,23100,75000,G-6
3890,5547,0,51,4,240.0,130.0,30600,57600,V-500E
3891,5547,1,53,5,192.0,120.0,36900,66600,V-500E
3892,5548,0,29,1,960.0,60.0,29100,29100,241-S KBS-UST
3893,5549,0,8,2,480.0,11.5,28860,31560,240-A D35G-MCH
3894,5549,1,8,1,960.0,9.0,68100,68100,240-A D35G-MCH
3895,5550,0,37,3,320.0,100.0,19200,73800,321-C
3896,5550,1,37,3,320.0,115.0,14400,65100,321-C
3897,5557,0,40,1,960.0,100.0,27300,27300,320-A
3898,5561,0,2,1,960.0,45.0,24300,24300,SHS-4
3899,5561,1,2,1,960.0,45.0,54000,54000,SHS-4
3900,5563,0,2,1,960.0,60.0,24600,24600,KWS-02
3901,5568,0,38,1,960.0,70.0,26400,26400,306-M MDR-PURA
3902,5568,1,38,1,960.0,70.0,62100,62100,306-M MDR-PURA
3903,5578,1,2,1,960.0,60.0,54000,54000,JNSVS-5
3904,5579,0,16,1,960.0,40.0,60900,60900,22-A
3905,5580,0,14,2,480.0,39.983333333333334,30000,66300,22
3906,5580,1,14,3,320.0,40.0,32700,70500,22
3907,5517,0,2,1,960.0,60.0,20700,20700,HAL PV-3
3908,5585,0,36,1,960.0,89.0,47160,47160,335-N KGR-KMT-ARDCHAL
3909,5592,1,11,1,960.0,20.0,48000,48000,KLRH-PTML
3910,5600,0,6,1,960.0,27.983333333333334,50520,50520,295-B BYB-D48G-AGP
3911,5600,1,6,1,960.0,9.0,42600,42600,295-B BYB-D48G-AGP
3912,5602,0,41,4,240.0,80.0,30600,69300,296-A
3913,5602,1,39,4,240.0,80.0,25500,63600,296-A
3914,1086,0,39,164,5.853658536585366,69.98333333333333,16500,81900,401-M
3915,5606,0,26,5,192.0,69.98333333333333,19500,74400,347-D
3916,5606,1,22,6,160.0,72.49166666666666,16200,68100,347-D
3917,5609,0,10,2,480.0,21.491666666666667,21960,22560,D14G-RPA
3918,5612,0,2,1,960.0,39.0,24660,24660,SPHS-10
3919,5612,1,2,1,960.0,40.0,54000,54000,SPHS-10
3920,5613,0,24,1,960.0,64.98333333333333,32100,32100,241-D BRTN2-MRTG-CVB
3921,5613,1,22,1,960.0,50.0,63600,63600,241-D BRTN2-MRTG-CVB
3922,5610,0,31,5,192.0,85.0,26700,60600,500-QG
3923,5610,1,32,4,240.0,85.0,33600,66000,500-QG
3924,5619,0,35,3,320.0,79.0,22560,53160,360 KRMTTMC-ATB
3925,5619,1,36,3,320.0,80.0,38700,71400,360 KRMTTMC-ATB
3926,5628,0,13,1,960.0,25.0,49800,49800,KRM1-KVS
3927,5635,0,11,1,960.0,18.983333333333334,30660,30660,231-A D36G-AVG
3928,5637,0,21,1,960.0,39.983333333333334,29700,29700,161-D SBS-BTMS
3929,5638,0,16,6,160.0,32.0,21960,59400,293 KLN-LGP-SBS
3930,5638,1,18,14,68.57142857142857,33.983333333333334,21900,75000,293 KLN-LGP-SBS
3931,5642,0,7,1,960.0,4.983333333333333,51600,51600,13 SBS-BCGHS
3932,5643,0,13,1,960.0,18.983333333333334,28260,28260,D36G-PRSP
3933,5643,1,12,1,960.0,19.0,67500,67500,D36G-PRSP
3934,5645,1,20,3,320.0,39.0,30960,53160,293 KBS-LGP-KLN
3935,5644,1,6,1,960.0,25.0,64200,64200,BDD-GDHD
3936,5647,0,25,5,192.0,39.983333333333334,30900,55500,300-DA
3937,5647,1,20,5,192.0,39.983333333333334,33600,58200,300-DA
3938,5648,0,2,1,960.0,54.0,25260,25260,SJBHS-04
3939,5648,1,2,1,960.0,45.0,56700,56700,SJBHS-04
3940,5650,0,28,1,960.0,44.983333333333334,44100,44100,KRPGH-ITC-ARMY
3941,5651,0,2,1,960.0,49.0,22860,22860,ARMY-2
3942,5651,1,2,1,960.0,45.0,50400,50400,ARMY-2
3943,5652,0,7,2,480.0,25.0,24600,26100,315 ARMY-KMT
3944,5652,1,7,2,480.0,22.491666666666667,45300,46800,315 ARMY-KMT
3945,5657,0,26,1,960.0,60.0,19500,19500,224-A KBS-VRS
3946,5663,0,32,17,56.470588235294116,55.0,23100,70800,238-US
3947,5663,1,32,17,56.470588235294116,55.0,25200,74700,238-US
3948,5664,0,31,18,53.333333333333336,50.0,26400,78600,238-U
3949,5664,1,31,15,64.0,50.0,31200,81600,238-U
3950,5670,0,34,1,960.0,60.0,29400,29400,211-A VLS-BSK-KMT
3951,5670,1,36,1,960.0,60.0,50100,50100,211-A VLS-BSK-KMT
3952,5671,0,25,1,960.0,40.0,28200,28200,290-M SPHS-TCL
3953,5673,0,48,1,960.0,89.98333333333333,55800,55800,401-M KRB-YTTMC
3954,5673,1,49,1,960.0,100.0,61500,61500,401-M KRB-YTTMC
3955,5674,0,2,1,960.0,40.0,24600,24600,SPHS-08
3956,5674,1,2,1,960.0,40.0,54000,54000,SPHS-08
3957,5680,0,2,1,960.0,45.0,24300,24300,SHS-7
3958,5680,1,2,1,960.0,45.0,54000,54000,SHS-7
3959,5681,0,2,1,960.0,60.0,53400,53400,STJHS-3
3960,5681,1,2,1,960.0,60.0,25200,25200,STJHS-3
3961,5682,0,37,1,960.0,100.0,29100,29100,290-E STJHS-YHKOT
3962,5684,0,2,1,960.0,35.0,27300,27300,KVASC-04
3963,5684,1,2,1,960.0,35.0,53400,53400,KVASC-04
3964,5685,1,14,2,480.0,16.491666666666667,64200,70500,238-U CLO-MDPC
3965,5686,0,35,1,960.0,79.98333333333333,36900,36900,238-U SBS-MDPC
3966,5686,1,35,2,480.0,74.99166666666666,31500,42300,238-U SBS-MDPC
3967,5688,0,2,1,960.0,40.0,28200,28200,SCS-5
3968,5688,1,2,1,960.0,40.0,54900,54900,SCS-5
3969,5690,0,10,1,960.0,10.0,56700,56700,BSGK-KWS
3970,5691,0,2,1,960.0,60.0,24600,24600,BEL GS-29
3971,5694,1,12,1,960.0,29.0,42300,42300,224 D12-KRBL
3972,5706,1,54,1,960.0,49.0,42000,42000,213-K D34G-GAT
3973,5708,0,2,1,960.0,50.0,57600,57600,CALLBUS-2
3974,5711,0,2,1,960.0,60.0,70200,70200,TEPL-2
3975,5711,1,2,1,960.0,60.0,28800,28800,TEPL-2
3976,5713,0,27,1,960.0,40.0,75600,75600,265-A TEPL-KBS
3977,5717,0,34,1,960.0,45.0,48300,48300,201 BSK-KVASC
3978,5718,1,2,1,960.0,1.0,42240,42240,D42-CRG
3979,5721,1,33,1,960.0,84.0,63900,63900,215-NE ANP11-MNRV-VSD
3980,5725,0,8,2,480.0,15.0,31500,56700,258-CB NMG-BEL LT
3981,5725,1,7,2,480.0,17.491666666666667,32700,60000,258-CB NMG-BEL LT
3982,5731,1,29,1,960.0,65.0,29400,29400,240-H KMT-LDH
3983,5735,0,17,1,960.0,44.983333333333334,63900,63900,SNBS-VIDYA
3984,5743,1,24,2,480.0,49.0,37500,63000,15-A PPLO-UTH-KMT
3985,5747,0,38,1,960.0,100.0,63600,63600,242-B SNBS-TVK (Calla Bus)
3986,5749,1,24,1,960.0,39.0,40800,40800,234 BEML5-MGH
3987,5755,0,20,6,160.0,17.491666666666667,24300,51300,223-D RRMC-DBT
3988,5765,0,37,1,960.0,70.0,28800,28800,271-T SNBS-JGA
3989,5765,1,38,1,960.0,75.0,24000,24000,271-T SNBS-JGA
3990,5774,0,2,1,960.0,40.0,28200,28200,ST BEN-10
3991,5777,0,9,1,960.0,20.0,52500,52500,144-E SNBS-SPHS
3992,5778,0,2,55,17.454545454545453,1.0,21600,70200,D41-D41G
3993,5778,1,2,64,15.0,1.0,21540,78240,D41-D41G
3994,5779,0,2,1,960.0,40.0,24600,24600,SPHS-06
3995,5779,1,2,1,960.0,45.0,54000,54000,SPHS-06
3996,5780,0,38,10,96.0,98.98333333333333,19800,72000,KBS-1K KBS-D41G
3997,5780,1,35,7,137.14285714285714,98.98333333333333,25260,66660,KBS-1K KBS-D41G
3998,5782,0,34,1,960.0,88.0,40800,40800,SBS-1K SBS-D41G
3999,5782,1,35,2,480.0,86.0,27360,51720,SBS-1K SBS-D41G
4000,5784,0,13,2,480.0,28.983333333333334,49560,49860,328-H D41G-HSS
4001,5787,0,42,1,960.0,103.98333333333333,37200,37200,SBS-13K SBS-D41G
4002,5794,0,35,5,192.0,94.0,32400,39600,323 KMT-HAL-D41G
4003,5794,1,34,4,240.0,93.49166666666666,47760,55920,323 KMT-HAL-D41G
4004,5795,0,38,9,106.66666666666667,99.0,37200,67200,323-AK KBS-D41G
4005,5795,1,35,4,240.0,96.48333333333333,28860,53160,323-AK KBS-D41G
4006,5796,1,31,1,960.0,59.0,30960,30960,328-H ATB-D41G
4007,5797,0,5,1,960.0,14.0,48060,48060,323-F D41G-NRG
4008,5798,1,5,1,960.0,14.0,39900,39900,323-G D41G-RMN
4009,5799,0,8,2,480.0,24.0,28860,30060,327-E D41G-BGH
4010,5799,1,8,2,480.0,21.5,63900,65400,327-E D41G-BGH
4011,5801,0,26,9,106.66666666666667,60.0,23700,77400,314-H
4012,5801,1,25,10,96.0,59.983333333333334,20400,72900,314-H
4013,5803,0,2,3,320.0,1.0,26700,46200,D47-D47G
4014,5803,1,2,3,320.0,1.0,39840,68340,D47-D47G
4015,5807,0,35,4,240.0,66.5,34800,61500,328-H HSK-D41G
4016,5810,0,10,17,56.470588235294116,19.0,39300,77700,375-D KGR-BEML5
4017,5810,1,11,15,64.0,18.983333333333334,21660,56160,375-D KGR-BEML5
4018,5818,0,15,1,960.0,39.0,47760,47760,D41G-CKTP
4019,5819,1,48,1,960.0,109.0,51060,51060,319-G KBS-TNF-D41G
4020,5821,1,59,10,96.0,119.0,38100,71400,378 D12G-ELC
4021,5824,0,30,1,960.0,84.98333333333333,30000,30000,500-A MRH-JKLO
4022,5827,0,7,25,38.4,13.983333333333333,22260,55560,D35G-JPT
4023,5827,1,7,23,41.73913043478261,14.0,39300,77700,D35G-JPT
4024,5828,0,22,70,13.714285714285714,34.983333333333334,20100,80400,BC-7H
4025,5828,1,22,60,16.0,35.0,22200,80400,BC-7H
4026,5830,0,6,4,240.0,10.0,39000,78300,G-2 MH-SNBS
4027,5830,1,6,3,320.0,5.0,21900,23700,G-2 MH-SNBS
4028,5831,0,8,1,960.0,15.0,48300,48300,MF-6 JBN-SVMS
4029,5831,1,8,3,320.0,15.0,49200,50100,MF-6 JBN-SVMS
4030,5834,0,24,1,960.0,55.0,39300,39300,34-C SBS-PMLO
4031,5834,1,26,2,480.0,57.5,42900,59400,34-C SBS-PMLO
4032,5838,0,2,1,960.0,60.0,24300,24300,JNSVS-4
4033,5839,0,7,1,960.0,4.983333333333333,28200,28200,225-K JNKLO-BHELMT
4034,5839,1,7,1,960.0,5.0,51300,51300,225-K JNKLO-BHELMT
4035,5841,0,18,12,80.0,47.49166666666667,26400,67500,45-K
4036,5841,1,20,12,80.0,47.49166666666667,29700,71100,45-K
4037,5846,0,52,1,960.0,125.0,21900,21900,306-A KMT-HLG
4038,5846,1,51,1,960.0,149.98333333333332,29700,29700,306-A KMT-HLG
4039,5848,1,28,1,960.0,69.98333333333333,31800,31800,301-A KMT-NRIL
4040,5849,0,27,1,960.0,70.0,63900,63900,301-A VSD-NRIL
4041,5851,0,13,1,960.0,13.0,27720,27720,MF-7 KLN-KNG
4042,5851,1,12,1,960.0,13.0,64800,64800,MF-7 KLN-KNG
4043,5852,0,16,1,960.0,29.0,53160,53160,507-DY D10G-KRPGH
4044,5854,0,33,1,960.0,90.0,39300,39300,500-DP DNK-GGP
4045,5855,0,24,1,960.0,48.983333333333334,25560,25560,317-DP D24G-DNP
4046,5855,1,26,1,960.0,43.0,64200,64200,317-DP D24G-DNP
4047,5856,0,36,1,960.0,90.0,37800,37800,317-G VSD-SBS-HSK
4048,5859,0,10,4,240.0,14.0,29460,52260,BEML5-CKGP
4049,5859,1,11,1,960.0,13.983333333333333,68400,68400,BEML5-CKGP
4050,5862,0,2,5,192.0,15.0,30000,40800,BTP-3
4051,5862,1,2,5,192.0,15.0,58800,69600,BTP-3
4052,5866,0,19,1,960.0,40.0,58200,58200,301-T D24G-TCP-BCRB
4053,5866,1,18,1,960.0,43.983333333333334,60900,60900,301-T D24G-TCP-BCRB
4054,5886,0,33,2,480.0,65.0,45900,46800,328-H ATB-SVMS
4055,5890,0,39,6,160.0,99.98333333333333,49200,61200,281-AP KBS-KIA
4056,5890,1,37,6,160.0,100.0,42000,50700,281-AP KBS-KIA
4057,5903,1,51,6,160.0,89.0,58800,72300,378 BEML5-ELC
4058,5907,0,16,27,35.55555555555556,14.0,27660,56520,D51-KDG
4059,5907,1,11,24,40.0,13.983333333333333,38400,69600,D51-KDG
4060,5925,0,3,1,960.0,5.0,48900,48900,CLO-GDHL
4061,5925,1,3,1,960.0,4.0,76200,76200,CLO-GDHL
4062,5928,0,16,19,50.526315789473685,14.0,25560,55560,D51G-KDG
4063,5928,1,12,13,73.84615384615384,14.0,40800,68700,D51G-KDG
4064,5933,1,58,1,960.0,95.0,20100,20100,298-ME KMT-NLR
4065,5934,1,37,1,960.0,70.0,32400,32400,298-ME YHK-NLR
4066,5940,0,37,5,192.0,79.0,38700,43800,K-2 HBL-CLO
4067,5941,0,2,37,25.945945945945947,1.0,25500,56400,D51-D51G
4068,5941,1,2,45,21.333333333333332,1.0,39240,70440,D51-D51G
4069,5942,0,52,1,960.0,104.98333333333333,29700,29700,298-M DVH-VSD-KBS
4070,5947,0,30,1,960.0,60.0,48600,48600,399 KDG-MVM
4071,5947,1,30,1,960.0,69.98333333333333,30000,30000,399 KDG-MVM
4072,5948,1,39,1,960.0,99.0,30660,30660,KBS-1K KBS-VSD-D41G
4073,5949,0,17,1,960.0,34.0,27960,27960,D38G-HRL
4074,5950,0,32,1,960.0,75.0,54900,54900,347-B
4075,5950,1,27,2,480.0,75.0,30300,59700,347-B
4076,5957,0,65,2,480.0,90.0,25500,72000,213-FA
4077,5957,1,63,2,480.0,90.0,19800,66000,213-FA
4078,5958,0,2,1,960.0,60.0,25200,25200,STJHS-1
4079,5958,1,2,1,960.0,60.0,53400,53400,STJHS-1
4080,5959,0,13,1,960.0,20.0,51000,51000,302-D KMT- SJHST
4081,5959,1,11,2,480.0,30.0,29100,30600,302-D KMT- SJHST
4082,5965,0,2,6,160.0,1.0,22800,52200,D14-RTN GGN
4083,5966,0,31,11,87.27272727272727,84.98333333333333,32400,62100,SBS-13K
4084,5966,1,32,8,120.0,82.5,30900,56400,SBS-13K
4085,5973,1,21,1,960.0,60.0,32400,32400,288-G KBS-VSD-KDHCBC
4086,5976,1,27,1,960.0,84.98333333333333,56100,56100,284 KMT-KVRY
4087,5979,0,22,1,960.0,33.983333333333334,27660,27660,361-B D38G-CHD
4088,5984,0,35,1,960.0,59.0,24660,24660,360-S D38G-ANK-RMH
4089,5985,0,28,2,480.0,39.0,50460,51960,BC-7H D31G-8MYL
4090,5989,0,15,2,480.0,28.983333333333334,39900,41100,238-U KBS-DPJN
4091,5989,1,16,4,240.0,29.0,23460,54360,238-U KBS-DPJN
4092,5990,0,19,2,480.0,26.5,39000,66900,238-U KBS-CLO
4093,5990,1,19,1,960.0,33.983333333333334,52560,52560,238-U KBS-CLO
4094,5992,0,32,1,960.0,70.0,38100,38100,238-U KBS-SMH
4095,5993,0,10,1,960.0,19.0,42900,42900,222-A KBS-DPJN
4096,5993,1,7,3,320.0,19.0,27960,53160,222-A KBS-DPJN
4097,5994,0,12,1,960.0,29.0,29760,29760,243-L D31-HRH-LDH
4098,5996,0,34,1,960.0,65.0,27300,27300,238-U SPHS-MDPC
4099,5998,0,58,3,320.0,119.98333333333333,21300,70200,372-A
4100,5998,1,56,3,320.0,119.98333333333333,14400,61200,372-A
4101,5999,0,54,34,28.235294117647058,100.0,26100,80100,VV-298MN
4102,5999,1,52,32,30.0,99.98333333333333,23400,71400,VV-298MN
4103,6000,0,11,1,960.0,4.0,27660,27660,D12G-ACP-MNLO
4104,6000,1,10,1,960.0,9.0,57600,57600,D12G-ACP-MNLO
4105,6006,0,19,1,960.0,25.0,28800,28800,255-H DSP-GVDP
4106,6010,0,95,1,960.0,160.0,52200,52200,399-F D27G-ANK-HSK
4107,6010,1,96,1,960.0,160.0,38100,38100,399-F D27G-ANK-HSK
4108,6012,0,26,1,960.0,59.983333333333334,74700,74700,402-D
4109,6012,1,28,1,960.0,60.0,18900,18900,402-D
4110,6026,0,8,23,41.73913043478261,30.0,26700,65400,MF-8
4111,6028,0,47,2,480.0,110.0,27600,71100,227-M
4112,6028,1,42,2,480.0,102.49166666666666,21600,36000,227-M
4113,6030,0,5,2,480.0,9.0,26760,46260,D47G-MRSD
4114,6030,1,5,2,480.0,6.5,39300,65100,D47G-MRSD
4115,6031,1,20,1,960.0,45.0,27300,27300,411-A CSB-MVW-HALNPS
4116,6032,1,36,1,960.0,75.0,55800,55800,201-RB BSKTTMC-BTLQT
4117,1708,0,17,1,960.0,34.983333333333334,33900,33900,BC-7A
4118,1708,1,17,1,960.0,34.983333333333334,31500,31500,BC-7A
4119,6034,0,36,6,160.0,79.98333333333333,23700,66300,340-A KBS-ADG-HSRKEB
4120,6034,1,30,6,160.0,80.0,27000,71700,340-A KBS-ADG-HSRKEB
4121,6036,0,37,7,137.14285714285714,80.0,32700,65700,340-A KBS-ADG-HSR 2nd
4122,6036,1,34,7,137.14285714285714,79.98333333333333,30900,61200,340-A KBS-ADG-HSR 2nd
4123,6039,0,2,1,960.0,49.0,24060,24060,HSS-14
4124,6039,1,2,1,960.0,59.0,52200,52200,HSS-14
4125,6053,0,32,1,960.0,79.98333333333333,48900,48900,316 MDR-HAL ARDC
4126,6056,1,18,1,960.0,40.0,24600,24600,327 KMT-HAL ARDC
4127,6058,0,63,1,960.0,120.0,26400,26400,258-VG
4128,6058,1,64,1,960.0,105.0,19800,19800,258-VG
4129,6061,0,76,1,960.0,120.0,57300,57300,258-SB
4130,6061,1,74,1,960.0,120.0,27000,27000,258-SB
4131,6062,0,41,1,960.0,99.98333333333333,30000,30000,285 BELF-HBLB-DBP
4132,6062,1,42,1,960.0,100.0,54000,54000,285 BELF-HBLB-DBP
4133,6067,0,63,1,960.0,130.0,54900,54900,258-VD
4134,6075,0,42,7,137.14285714285714,85.0,24000,72300,V-331A
4135,6075,1,41,9,106.66666666666667,85.0,29700,78000,V-331A
4136,6076,0,16,4,240.0,29.983333333333334,63300,73800,V-287A
4137,6076,1,16,3,320.0,29.983333333333334,27300,56400,V-287A
4138,6079,0,40,2,480.0,94.98333333333333,39300,51300,253  SBS-HSG
4139,6079,1,42,1,960.0,95.0,58800,58800,253  SBS-HSG
4140,6080,0,13,8,120.0,25.0,22800,55800,BC-7B PSS-NLGH-8thM
4141,6080,1,13,7,137.14285714285714,25.0,46500,76800,BC-7B PSS-NLGH-8thM
4142,6081,0,48,1,960.0,104.98333333333333,35700,35700,258 SNBS-NMG
4143,6088,0,3,46,20.869565217391305,1.0,21600,55800,D48-BYB
4144,6088,1,3,44,21.818181818181817,1.0,39300,78840,D48-BYB
4145,3726,0,41,3,320.0,85.0,25500,72300,283-E
4146,3726,1,42,3,320.0,89.98333333333333,20400,65100,283-E
4147,6094,0,31,1,960.0,89.98333333333333,57600,57600,215-NE ANP11-KMT-VSD
4148,6094,1,33,1,960.0,85.0,36000,36000,215-NE ANP11-KMT-VSD
4149,6099,0,21,6,160.0,70.0,29700,60900,330-G SBS-MRHB-DDNK
4150,6108,0,2,1,960.0,45.0,28800,28800,INFOSYS-34
4151,6108,1,2,1,960.0,45.0,60300,60300,INFOSYS-34
4152,6109,0,2,1,960.0,55.0,28200,28200,INFOSYS-35
4153,6112,0,8,1,960.0,15.0,63000,63000,13 MDP-BSK
4154,6117,0,30,21,45.714285714285715,89.98333333333333,67500,81000,600-F BSK-D32
4155,6117,1,31,22,43.63636363636363,74.98333333333333,14400,26700,600-F BSK-D32
4156,6118,0,43,5,192.0,90.0,42600,45000,356-M KBS-D32
4157,6118,1,40,5,192.0,95.0,50700,53100,356-M KBS-D32
4158,6120,0,2,1,960.0,50.0,22800,22800,Army-01
4159,6120,1,2,1,960.0,45.0,50400,50400,Army-01
4160,6121,0,2,1,960.0,59.0,25260,25260,BCGHS-11
4161,6121,1,2,1,960.0,60.0,55800,55800,BCGHS-11
4162,6123,0,2,1,960.0,54.0,25260,25260,SJBHS-4A
4163,6123,1,2,1,960.0,55.0,56700,56700,SJBHS-4A
4164,6124,1,15,3,320.0,19.0,58500,70500,144-E D6G-KFC-NRG
4165,6129,0,19,1,960.0,39.983333333333334,42900,42900,399-F OMS-ANK
4166,6129,1,18,1,960.0,39.983333333333334,45600,45600,399-F OMS-ANK
4167,6134,0,27,49,19.591836734693878,60.0,22500,76800,501-NH
4168,6134,1,28,49,19.591836734693878,60.0,18900,72300,501-NH
4169,6135,0,27,1,960.0,49.0,27060,27060,360-S D38G-SMDR
4170,6135,1,27,1,960.0,53.983333333333334,65100,65100,360-S D38G-SMDR
4171,6136,0,32,1,960.0,59.0,26160,26160,356-ZA D38G-KDMS
4172,6136,1,33,1,960.0,59.0,63300,63300,356-ZA D38G-KDMS
4173,6137,0,34,2,480.0,69.99166666666666,24300,63600,258-C KBS-GPLY
4174,6141,0,30,16,60.0,59.0,20700,62100,501-NH DPJN-HBLB
4175,6141,1,31,17,56.470588235294116,59.0,35700,75600,501-NH DPJN-HBLB
4176,6146,0,46,2,480.0,129.98333333333332,48000,49800,500-QD YBS-CSB
4177,6146,1,46,3,320.0,130.0,35400,40200,500-QD YBS-CSB
4178,6148,0,23,2,480.0,45.0,33300,59100,290 SBS-RSL-TNS
4179,6149,0,33,2,480.0,57.49166666666667,35100,60900,290-G SBS-RSL-BTP
4180,6151,0,23,1,960.0,29.0,28560,28560,BC-9 KLNB-BTRNP
4181,6151,1,22,1,960.0,28.983333333333334,64800,64800,BC-9 KLNB-BTRNP
4182,6152,1,25,1,960.0,49.983333333333334,72600,72600,94-C
4183,6153,1,22,1,960.0,65.0,32100,32100,94 SBS-VSD-CJP
4184,6156,0,37,3,320.0,60.0,23400,77400,211-AC BSK-CNV
4185,6156,1,35,3,320.0,60.0,19800,60300,211-AC BSK-CNV
4186,6157,0,5,1,960.0,9.0,24960,24960,D31G-NBV11
4187,6158,1,2,3,320.0,1.0,76140,77940,D45-MSP
4188,6166,0,2,1,960.0,9.0,26160,26160,342-H D42-BLH
4189,6166,1,2,1,960.0,9.0,57600,57600,342-H D42-BLH
4190,6168,0,2,1,960.0,60.0,27000,27000,GGS-03
4191,6168,1,2,1,960.0,60.0,54000,54000,GGS-03
4192,6169,0,7,1,960.0,24.0,29460,29460,D36G-KGH
4193,6171,0,24,1,960.0,69.98333333333333,31200,31200,241-D BRTN-VSD
4194,6179,0,2,1,960.0,60.0,54900,54900,LHIA-01
4195,6179,1,2,1,960.0,60.0,27000,27000,LHIA-01
4196,6180,1,49,1,960.0,105.0,30900,30900,293-R SBS-LHIA
4197,6192,1,23,1,960.0,50.0,32400,32400,415-B KBS-VSD-VNH
4198,6198,1,14,2,480.0,22.491666666666667,55800,56700,340-A STJN-HSRKEB
4199,6208,0,28,2,480.0,57.49166666666667,27000,63900,52-E
4200,6208,1,24,2,480.0,57.49166666666667,31500,67800,52-E
4201,6210,0,2,1,960.0,60.0,25200,25200,BCGHS-17
4202,6210,1,2,1,960.0,60.0,55800,55800,BCGHS-17
4203,6211,0,20,1,960.0,44.983333333333334,59700,59700,302 KLN-SBS
4204,6213,0,2,1,960.0,39.0,27060,27060,SJS-02
4205,6213,1,2,1,960.0,40.0,56700,56700,SJS-02
4206,6214,0,18,1,960.0,35.0,29700,29700,G-3 SJSCBSE-CSB
4207,6215,1,2,1,960.0,50.0,53100,53100,ADITI-13
4208,6216,1,28,1,960.0,88.98333333333333,38100,38100,500-QG PTH-HBL-KRPGH
4209,6217,0,26,1,960.0,59.983333333333334,46800,46800,G-9 SBS-MADT
4210,6219,1,2,1,960.0,40.0,56400,56400,ST BENEDICT-10
4211,6229,0,2,16,60.0,1.0,21600,54600,D44-ANP10BLK
4212,6229,1,2,13,73.84615384615384,1.0,24420,76740,D44-ANP10BLK
4213,6230,0,52,3,320.0,145.0,50700,52800,500-A BSK-BELF
4214,6230,1,50,3,320.0,140.0,28500,30000,500-A BSK-BELF
4215,6231,0,11,1,960.0,15.0,66300,66300,215-K BWSR-BSK
4216,6231,1,10,1,960.0,14.983333333333333,22500,22500,215-K BWSR-BSK
4217,6234,0,28,1,960.0,100.0,69600,69600,500-D BSBI-CSB
4218,6234,1,29,1,960.0,59.983333333333334,19500,19500,500-D BSBI-CSB
4219,6235,0,40,2,480.0,130.0,30000,30600,500-D BELF-CSB
4220,6235,1,40,1,960.0,119.98333333333333,53700,53700,500-D BELF-CSB
4221,6237,0,22,1,960.0,54.983333333333334,56700,56700,500-QG KRPGH-BELF
4222,6240,0,34,1,960.0,85.0,44400,44400,399-A CPR-KDG
4223,6240,1,32,1,960.0,85.0,52200,52200,399-A CPR-KDG
4224,6241,0,59,2,480.0,80.0,18000,20700,328-H HSK-SJP-CTP
4225,6241,1,60,2,480.0,104.99166666666666,66900,68700,328-H HSK-SJP-CTP
4226,6247,1,33,1,960.0,80.0,67200,67200,KBS-12HK HSK-CVRNRG
4227,6248,0,28,1,960.0,54.983333333333334,20400,20400,314-B KBS-CVRNRG
4228,6250,0,19,13,73.84615384615384,54.983333333333334,35100,72000,KIA-9H
4229,6250,1,18,6,160.0,55.0,24600,53700,KIA-9H
4230,6251,0,41,2,480.0,105.0,54300,54600,500-HG HSK-BELF
4231,6251,1,41,1,960.0,119.98333333333333,28500,28500,500-HG HSK-BELF
4232,6252,0,56,1,960.0,164.0,51060,51060,500-DC D38G-BELF
4233,6252,1,57,1,960.0,149.0,30000,30000,500-DC D38G-BELF
4234,6254,0,2,17,56.470588235294116,5.0,42000,61500,D19-ELCT
4235,6255,0,11,1,960.0,38.983333333333334,53760,53760,349-A D38G-HND
4236,6256,0,12,1,960.0,29.0,39900,39900,354-A STH-D38G
4237,6264,0,21,3,320.0,30.0,33300,61200,G-3 ELCW-CSB
4238,6264,1,17,3,320.0,30.0,31200,56100,G-3 ELCW-CSB
4239,6267,1,27,1,960.0,70.0,31200,31200,286-F KBS-VSD-KNP
4240,6268,1,11,4,240.0,29.983333333333334,58500,64200,300-MV SBS-SMVT
4241,6269,0,22,1,960.0,40.0,59400,59400,289-F YHKOT-MRC
4242,6269,1,22,2,480.0,40.0,27000,62100,289-F YHKOT-MRC
4243,6270,0,45,1,960.0,89.98333333333333,74700,74700,298-A KMT-AGO-UNV
4244,6271,0,48,2,480.0,89.98333333333333,22500,70200,298-C KMT-AGO-KLP
4245,6272,0,56,2,480.0,102.5,26100,72900,298-ME KMT-AGO-NLR
4246,6275,0,34,13,73.84615384615384,70.0,26100,75600,276-E
4247,1086,1,39,158,6.075949367088608,70.0,14400,79800,401-M
4248,6275,1,33,13,73.84615384615384,70.0,26700,70500,276-E
4249,6279,1,31,1,960.0,59.0,12600,12600,500-QA YTTMC-GGP-KRPGH
4250,6281,0,27,5,192.0,59.983333333333334,74100,82800,500-QA
4251,6281,1,27,6,160.0,60.0,70200,81300,500-QA
4252,6283,0,42,5,192.0,154.98333333333332,43800,60600,KIA-8EW
4253,6283,1,46,10,96.0,147.48333333333332,7800,45600,KIA-8EW
4254,6284,0,3,1,960.0,4.0,23160,23160,D45G-VRP
4255,6284,1,3,1,960.0,4.0,61800,61800,D45G-VRP
4256,6287,0,2,1,960.0,60.0,20700,20700,BEML A-21
4257,6288,0,46,1,960.0,89.98333333333333,66900,66900,276-F KMT-YHKOT
4258,6296,0,7,1,960.0,20.0,25800,25800,D9-SRS-ISRQ
4259,6296,1,7,1,960.0,19.983333333333334,66000,66000,D9-SRS-ISRQ
4260,6297,1,45,1,960.0,90.0,44700,44700,253-J KMT-HGT
4261,6300,0,33,1,960.0,68.98333333333333,23460,23460,297-K PTH-VNP
4262,6304,0,30,1,960.0,70.0,31500,31500,402-B YSTF-VSD-SBS
4263,6305,1,8,2,480.0,25.0,66000,67500,129 KBS-CMS
4264,6307,0,18,2,480.0,34.983333333333334,36600,37500,111-C CMS-KBR
4265,6307,1,17,4,240.0,34.983333333333334,24600,39900,111-C CMS-KBR
4266,6308,0,36,3,320.0,69.0,38400,63000,276-E KMT-MTK-VRP-D45
4267,6308,1,36,2,480.0,69.0,28560,51960,276-E KMT-MTK-VRP-D45
4268,6313,0,3,4,240.0,4.0,21060,50160,YTTMC-YPRS
4269,6313,1,3,1,960.0,4.0,69600,69600,YTTMC-YPRS
4270,6314,0,3,1,960.0,5.0,50700,50700,D24-TNF
4271,6314,1,5,1,960.0,5.0,42600,42600,D24-TNF
4272,6315,0,13,1,960.0,19.0,31860,31860,201 BSK-KSP
4273,6319,0,14,7,137.14285714285714,19.0,59100,78000,139 SBS-KFC-D6G
4274,6320,1,12,1,960.0,39.983333333333334,67500,67500,360-B ATB-BOMC
4275,6321,0,28,1,960.0,59.983333333333334,20400,20400,600-F BSK-BOMC
4276,6322,0,48,2,480.0,110.0,39000,54300,370-E
4277,6322,1,45,2,480.0,109.98333333333333,30600,45900,370-E
4278,6324,0,35,9,106.66666666666667,69.98333333333333,20700,77400,290-S
4279,6324,1,31,8,120.0,70.0,20700,72900,290-S
4280,6325,0,41,8,120.0,89.98333333333333,29700,57900,290-EB
4281,6325,1,37,8,120.0,90.0,35400,66000,290-EB
4282,6326,0,40,4,240.0,94.0,61200,72900,290-EB SBS-PTH
4283,6326,1,36,3,320.0,98.98333333333333,23460,28980,290-EB SBS-PTH
4284,6327,0,47,1,960.0,88.98333333333333,52260,52260,290-S D45G-TDL-SBS
4285,6328,0,27,4,240.0,60.0,21900,71700,365-Z
4286,6328,1,27,5,192.0,59.983333333333334,37800,77100,365-Z
4287,6336,0,29,1,960.0,59.983333333333334,65700,65700,240 KBS-MCH
4288,6336,1,29,1,960.0,60.0,61800,61800,240 KBS-MCH
4289,6337,0,37,6,160.0,67.49166666666666,24900,65400,245-M
4290,6337,1,39,6,160.0,70.0,28800,69900,245-M
4291,6339,0,34,7,137.14285714285714,75.0,27600,72900,215-S
4292,6339,1,35,7,137.14285714285714,75.0,22800,61200,215-S
4293,6351,0,30,1,960.0,65.0,49800,49800,305-V D24G-DVPC
4294,6353,0,33,2,480.0,124.98333333333333,36600,55800,285-MJ GST-JKR
4295,6353,1,32,1,960.0,125.0,46500,46500,285-MJ GST-JKR
4296,6354,1,18,1,960.0,55.0,63600,63600,285-MJ  D46G-JKR
4297,6357,1,24,1,960.0,50.0,60600,60600,288-A GPO-KDH
4298,6358,0,19,40,24.0,44.983333333333334,17700,75900,287-A
4299,6358,1,19,42,22.857142857142858,44.983333333333334,19800,79200,287-A
4300,6360,0,2,1,960.0,30.0,27600,27600,KVASC-10A
4301,6360,1,2,1,960.0,30.0,53400,53400,KVASC-10A
4302,6361,0,9,1,960.0,19.0,26160,26160,D06G-DSC HAL
4303,6362,0,8,1,960.0,15.0,55200,55200,DSC HAL-CVR
4304,6365,0,4,1,960.0,10.0,52500,52500,BRGD-KVASC
4305,6365,1,5,1,960.0,5.0,29700,29700,BRGD-KVASC
4306,6367,0,2,1,960.0,50.0,26400,26400,KVASC-03
4307,6367,1,2,1,960.0,40.0,53400,53400,KVASC-03
4308,6368,0,9,1,960.0,14.0,25260,25260,D06G-HALM
4309,6370,0,22,3,320.0,48.0,26220,27360,MF-6 D06G-CSB
4310,6370,1,20,4,240.0,49.0,60900,63900,MF-6 D06G-CSB
4311,6376,0,11,1,960.0,30.0,50400,50400,KBS-1I KBS-KVASC
4312,6378,0,16,32,30.0,40.0,25800,73800,36
4313,6378,1,17,34,28.235294117647058,39.983333333333334,23100,70800,36
4314,6380,0,39,1,960.0,90.0,56400,56400,227 RMH-SBS
4315,6381,0,17,1,960.0,35.0,53100,53100,317-YK HSK-KGH
4316,6382,0,53,1,960.0,114.98333333333333,25500,25500,317-Z
4317,6382,1,52,1,960.0,89.98333333333333,19800,19800,317-Z
4318,6385,0,57,1,960.0,119.98333333333333,51600,51600,226-V KMT-KGH
4319,6385,1,56,1,960.0,119.98333333333333,59400,59400,226-V KMT-KGH
4320,6391,0,10,24,40.0,20.0,25800,78300,MF-1K
4321,6391,1,11,23,41.73913043478261,20.0,21600,75300,MF-1K
4322,6392,0,16,23,41.73913043478261,50.0,21900,75000,MF-1G
4323,6393,0,16,20,48.0,50.0,24900,70200,MF-1GA
4324,6396,0,19,1,960.0,40.0,79800,79800,MF-1G ITPLMS-WTTMC
4325,6396,1,20,1,960.0,30.0,19800,19800,MF-1G ITPLMS-WTTMC
4326,6398,0,22,2,480.0,40.0,27900,28500,MF-1K MDR-KDGMS
4327,6398,1,22,1,960.0,39.983333333333334,64800,64800,MF-1K MDR-KDGMS
4328,6415,0,2,1,960.0,55.0,26400,26400,UBVS-2
4329,6415,1,2,1,960.0,60.0,57600,57600,UBVS-2
4330,6422,0,5,1,960.0,15.0,52200,52200,SBS-HSC
4331,6422,1,4,1,960.0,15.0,35100,35100,SBS-HSC
4332,6429,0,5,2,480.0,4.0,23160,23460,225-C BEML5-JNSVS
4333,6429,1,5,3,320.0,4.0,58500,59100,225-C BEML5-JNSVS
4334,6431,0,21,1,960.0,29.983333333333334,49800,49800,234-E UST-JNSVS
4335,6431,1,22,1,960.0,30.0,28500,28500,234-E UST-JNSVS
4336,6437,0,21,56,17.142857142857142,39.983333333333334,22200,81300,HSR FDR-1A
4337,6438,0,23,56,17.142857142857142,42.5,21600,80700,HSR FDR-1
4338,6442,0,23,2,480.0,39.0,42900,64200,302 SBS-KLN
4339,6444,1,62,1,960.0,120.0,30900,30900,228-K SBS-KMTFLY-BDD
4340,6446,0,27,1,960.0,43.0,72900,72900,215-C KMT-JSD-D34G
4341,6446,1,26,2,480.0,58.983333333333334,47460,51960,215-C KMT-JSD-D34G
4342,6447,0,30,1,960.0,59.0,49860,49860,215-S D34G-JBS-BCGS
4343,6453,0,30,1,960.0,89.98333333333333,51300,51300,G-9 SBS-NITTE
4344,6456,0,2,1,960.0,30.0,29700,29700,IIHS-01
4345,6456,1,2,1,960.0,30.0,66600,66600,IIHS-01
4346,6457,0,2,1,960.0,30.0,29700,29700,IIHS-02
4347,6457,1,2,1,960.0,30.0,68400,68400,IIHS-02
4348,6458,0,10,1,960.0,29.0,21960,21960,500-Q D10G-TNF-KRPGH
4349,6458,1,11,1,960.0,29.0,75600,75600,500-Q D10G-TNF-KRPGH
4350,6463,0,45,63,15.238095238095237,115.0,2700,78600,KIA-14
4351,6463,1,47,70,13.714285714285714,114.98333333333333,4500,79200,KIA-14
4352,6464,0,46,5,192.0,110.0,3300,73200,KIA-7
4353,6464,1,45,4,240.0,110.0,22500,66900,KIA-7
4354,6469,0,35,6,160.0,100.0,33600,79200,500-L BSK-TNF-KRPGH
4355,6469,1,34,4,240.0,95.0,22800,60000,500-L BSK-TNF-KRPGH
4356,6470,0,26,1,960.0,74.98333333333333,59400,59400,307-A
4357,6470,1,25,1,960.0,80.0,27600,27600,307-A
4358,6476,0,9,9,106.66666666666667,29.983333333333334,20400,67800,163-C
4359,6476,1,12,10,96.0,34.983333333333334,18300,69600,163-C
4360,6478,0,28,2,480.0,54.99166666666667,16200,64800,334-E DBS-KDG
4361,6478,1,28,2,480.0,67.49166666666666,60600,70800,334-E DBS-KDG
4362,6479,0,10,2,480.0,29.983333333333334,29700,57300,213-Q HRH-MTRPR
4363,6485,1,16,1,960.0,45.0,25800,25800,244-H
4364,6493,0,24,1,960.0,39.0,28560,28560,D38G-HLG-ANK
4365,6493,1,23,1,960.0,38.983333333333334,66300,66300,D38G-HLG-ANK
4366,6494,0,42,1,960.0,110.0,63900,63900,KBS-3F FLY VSD-ELC-ATB
4367,6496,0,2,1,960.0,30.0,25200,25200,NP-03A
4368,6496,1,2,1,960.0,30.0,52800,52800,NP-03A
4369,6497,0,7,1,960.0,9.0,24360,24360,D6G-SOQ
4370,6498,1,18,1,960.0,49.983333333333334,27300,27300,335-E KBS-HAL NP
4371,6507,0,14,1,960.0,38.0,50520,50520,KLNB-BNWD-SMVT-BEML
4372,6509,0,33,1,960.0,75.0,48300,48300,45-G KMK-KBS-BEMLF
4373,6521,1,35,2,480.0,79.99166666666666,32400,63000,365-Z BGT-MMDH
4374,6540,0,17,3,320.0,48.983333333333334,43800,66000,KBS-3A ATB-D38G
4375,6540,1,17,3,320.0,48.983333333333334,28860,51960,KBS-3A ATB-D38G
4376,6541,0,32,4,240.0,79.0,21960,53100,210-N BEML5TS-KBS
4377,6541,1,35,1,960.0,84.0,59100,59100,210-N BEML5TS-KBS
4378,6542,0,15,9,106.66666666666667,24.0,21960,49800,375-D BEML5-BSK
4379,6542,1,15,6,160.0,23.983333333333334,41100,74700,375-D BEML5-BSK
4380,6543,0,27,1,960.0,45.0,56400,56400,KBS-13K SOQ-KDG
4381,6545,0,17,72,13.333333333333334,39.983333333333334,18000,79500,V-300MV
4382,6545,1,14,73,13.150684931506849,40.0,18900,82200,V-300MV
4383,6546,0,16,2,480.0,39.983333333333334,51300,73500,SBS-GNP
4384,6546,1,15,2,480.0,40.0,39000,70800,SBS-GNP
4385,6549,0,2,1,960.0,45.0,26100,26100,SJS-1
4386,6549,1,2,1,960.0,45.0,56700,56700,SJS-1
4387,6550,0,29,1,960.0,44.983333333333334,29100,29100,290-B SJS-THS
4388,6550,1,24,1,960.0,50.0,50400,50400,290-B SJS-THS
4389,6551,0,40,2,480.0,100.0,53700,54900,252-A PSS-ISROM
4390,6552,0,42,2,480.0,92.5,63300,65400,V-360B FLY
4391,6552,1,39,2,480.0,90.0,27900,30300,V-360B FLY
4392,6553,0,17,27,35.55555555555556,35.0,22800,72000,BC-7K
4393,6553,1,16,27,35.55555555555556,35.0,25200,74400,BC-7K
4394,6556,0,61,1,960.0,110.0,24600,24600,298-Y KBS-YLR-VJP
4395,6558,0,29,42,22.857142857142858,50.0,21300,81900,MF-23B
4396,6558,1,27,40,24.0,49.983333333333334,21300,81900,MF-23B
4397,6560,0,3,3,320.0,4.0,23460,51960,D10G-BSP 302
4398,6560,1,3,3,320.0,9.0,43200,76800,D10G-BSP 302
4399,6562,0,2,4,240.0,5.0,23400,54000,D10G-KLN 302
4400,6562,1,2,4,240.0,5.0,41700,76800,D10G-KLN 302
4401,6563,1,31,1,960.0,69.0,56400,56400,144-G KRM-STP
4402,6566,0,83,6,160.0,154.49166666666667,23760,49800,398-H D27G-HSK
4403,6566,1,85,5,192.0,159.0,36000,59400,398-H D27G-HSK
4404,6568,0,46,6,160.0,89.0,28860,57660,G-4 D27G-BGRD
4405,6568,1,46,6,160.0,89.0,42600,66300,G-4 D27G-BGRD
4406,6572,0,24,32,30.0,57.483333333333334,20700,80400,MF-3
4407,6572,1,24,35,27.428571428571427,60.0,18000,75600,MF-3
4408,6574,0,17,26,36.92307692307692,49.983333333333334,23400,81000,MF-4
4409,6574,1,17,28,34.285714285714285,49.983333333333334,20700,76800,MF-4
4410,6575,0,22,67,14.328358208955224,60.0,20400,75600,V-MF1C
4411,6575,1,21,69,13.91304347826087,60.0,24000,79200,V-MF1C
4412,6576,0,30,4,240.0,59.0,22260,53160,288-H D45-TDL-KBS
4413,6576,1,29,2,480.0,59.0,62100,64800,288-H D45-TDL-KBS
4414,6578,0,18,1,960.0,30.0,60900,60900,KRPGH-BYPBC
4415,6578,1,13,1,960.0,30.0,63000,63000,KRPGH-BYPBC
4416,6580,1,23,1,960.0,38.983333333333334,58800,58800,D06G-MNK
4417,6583,0,7,1,960.0,9.0,23760,23760,D06G-MRS
4418,6584,0,15,1,960.0,35.0,56700,56700,139-MRS-SBS
4419,6587,0,9,2,480.0,30.0,30000,56700,242-FA GDP-TVK
4420,6587,1,9,1,960.0,30.0,53400,53400,242-FA GDP-TVK
4421,6592,0,48,2,480.0,97.49166666666666,21600,51000,251
4422,6592,1,49,1,960.0,90.0,15900,15900,251
4423,6593,0,46,1,960.0,90.0,39600,39600,241-S SBS-TVK
4424,6594,0,11,4,240.0,30.0,25200,57900,MF-21
4425,6594,1,13,4,240.0,32.5,27600,61800,MF-21
4426,6600,0,46,3,320.0,96.98333333333333,22320,46260,G-10 PTH-KMT
4427,6600,1,49,2,480.0,101.48333333333333,32400,63000,G-10 PTH-KMT
4428,6603,0,2,1,960.0,55.0,30900,30900,DSIT-2A
4429,6603,1,2,1,960.0,45.0,63900,63900,DSIT-2A
4430,6606,0,44,2,480.0,84.99166666666666,24600,61200,3F-5 ANK-KGR
4431,6606,1,44,2,480.0,85.0,31200,66900,3F-5 ANK-KGR
4432,6608,0,46,2,480.0,129.49166666666667,24660,51300,500-BC YTTMC-MTK-CSB
4433,6608,1,46,2,480.0,129.49166666666667,43200,70500,500-BC YTTMC-MTK-CSB
4434,6610,0,28,4,240.0,65.0,21600,73800,215-X KMT-DKMS
4435,6610,1,26,3,320.0,60.0,25200,67800,215-X KMT-DKMS
4436,6611,0,28,1,960.0,80.0,75000,75000,354-C CSB-MRS
4437,6611,1,29,1,960.0,79.98333333333333,69900,69900,354-C CSB-MRS
4438,6612,0,11,4,240.0,19.983333333333334,23400,61800,356-ZB
4439,6612,1,11,4,240.0,20.0,25200,63600,356-ZB
4440,6615,1,24,1,960.0,70.0,31500,31500,288 KBS-VSD-TDL
4441,6618,0,22,1,960.0,50.0,32700,32700,271-K MTK-VSD-KBS
4442,6619,0,9,1,960.0,14.0,45300,45300,271-K MTNR-YTTMC
4443,6621,0,36,1,960.0,100.0,27600,27600,401-Z SGH-KGR
4444,6622,0,24,10,96.0,49.0,22260,66300,410-FA DPJN-YBS
4445,6623,0,20,1,960.0,60.0,35100,35100,222-A KMT FLY
4446,6626,0,17,4,240.0,39.0,30060,52560,266 D45G-SVK-HSG
4447,6626,1,17,2,480.0,38.983333333333334,38100,40500,266 D45G-SVK-HSG
4448,6627,0,2,1,960.0,40.0,28200,28200,SCS-03
4449,6627,1,2,1,960.0,40.0,54900,54900,SCS-03
4450,6633,0,24,1,960.0,50.0,71400,71400,201-R CSB-BEMLF
4451,6635,0,45,1,960.0,84.98333333333333,27000,27000,245-DA
4452,6635,1,43,1,960.0,95.0,32400,32400,245-DA
4453,6637,0,25,1,960.0,59.983333333333334,23100,23100,369 KMT-DLF
4454,6637,1,28,1,960.0,55.0,67500,67500,369 KMT-DLF
4455,6638,0,67,58,16.551724137931036,114.98333333333333,19800,74700,240-MA
4456,6638,1,65,50,19.2,115.0,16200,73500,240-MA
4457,1090,0,29,3,320.0,75.0,29100,57000,13-E
4458,6639,0,15,5,192.0,34.0,45300,68700,234 KMT-MRBS-CLO
4459,1090,1,31,3,320.0,74.98333333333333,36600,61800,13-E
4460,6639,1,15,5,192.0,29.0,23460,50100,234 KMT-MRBS-CLO
4461,6640,0,31,1,960.0,54.983333333333334,46800,46800,238-UA SBS-AIT
4462,6640,1,29,1,960.0,69.98333333333333,50400,50400,238-UA SBS-AIT
4463,6643,0,25,1,960.0,4.0,47160,47160,317-A D24-KBS
4464,6648,0,22,1,960.0,30.0,28500,28500,328-H KDG-HSK
4465,6648,1,20,2,480.0,32.5,41400,61200,328-H KDG-HSK
4466,6650,0,39,2,480.0,80.0,36000,59700,298-M HBLB-DVH
4467,6655,0,33,1,960.0,59.0,60900,60900,77 KMT-D31G
4468,6656,1,35,1,960.0,69.98333333333333,18600,18600,276-F KBS-YSTF
4469,6658,0,14,8,120.0,30.0,25200,72600,215-BB
4470,6658,1,14,9,106.66666666666667,30.0,27300,75000,215-BB
4471,6659,0,37,9,106.66666666666667,89.0,22260,53160,360-K KRM-STJN-ATB
4472,1092,0,21,7,137.14285714285714,50.0,20700,75000,36-G
4473,6659,1,36,8,120.0,84.5,42300,73500,360-K KRM-STJN-ATB
4474,6660,0,20,21,45.714285714285715,50.0,27900,72900,MF-23E
4475,6660,1,22,21,45.714285714285715,49.983333333333334,24600,69600,MF-23E
4476,6662,0,7,1,960.0,10.0,22200,22200,D20-CSBS
4477,6669,0,9,50,19.2,15.0,24000,84000,MF-25
4478,1092,1,21,7,137.14285714285714,50.0,23700,79800,36-G
4479,6669,1,9,51,18.823529411764707,15.0,22800,82800,MF-25
4480,1096,0,44,36,26.666666666666668,94.98333333333333,18000,67800,V-285M
4481,6670,0,22,27,35.55555555555556,45.0,25200,72300,MF-27
4482,6670,1,21,27,35.55555555555556,45.0,22200,69300,MF-27
4483,6673,0,28,4,240.0,62.49166666666667,21900,51900,MF-27 PSS-MKL
4484,6673,1,28,4,240.0,60.0,41700,74400,MF-27 PSS-MKL
4485,6663,0,21,3,320.0,43.983333333333334,21660,24060,MF-23E D45-JHMS
4486,6663,1,24,3,320.0,49.0,73800,76200,MF-23E D45-JHMS
4487,6676,0,4,14,68.57142857142857,4.0,14100,52860,90-E YBS-YRS
4488,6676,1,4,17,56.470588235294116,4.0,41400,82200,90-E YBS-YRS
4489,6677,0,54,1,960.0,99.0,36600,36600,NICE-7A ELCW-YBS
4490,6682,0,33,10,96.0,89.0,29460,55860,NICE-8C D38G-MDV
4491,6682,1,33,9,106.66666666666667,88.98333333333333,33600,64200,NICE-8C D38G-MDV
4492,6722,0,26,1,960.0,70.0,49200,49200,222-A KST-KMT FLY-KBS
4493,6723,0,32,1,960.0,44.0,22260,22260,D45G-CKB-JHC
4494,6723,1,29,1,960.0,43.983333333333334,75000,75000,D45G-CKB-JHC
4495,6724,0,31,1,960.0,49.983333333333334,46500,46500,JHC-CKB-VRP
4496,6724,1,34,1,960.0,50.0,49800,49800,JHC-CKB-VRP
4497,6725,0,31,56,17.142857142857142,79.98333333333333,21600,75600,NICE-10
4498,6725,1,28,48,20.0,80.0,21600,75600,NICE-10
4499,6727,1,56,1,960.0,99.0,34800,34800,289-L PTH-MVJ
4500,6734,0,7,1,960.0,15.0,64500,64500,KDGC-PTML
4501,6734,1,8,1,960.0,15.0,26700,26700,KDGC-PTML
4502,6740,0,29,50,19.2,49.983333333333334,21600,77100,238-V
4503,6740,1,29,48,20.0,50.0,18000,73500,238-V
4504,6741,0,32,2,480.0,77.49166666666666,19800,21300,V-MF1C BSK-KRPMS
4505,6742,1,15,1,960.0,19.0,44700,44700,238-V CLO-MDPC
4506,6746,1,11,1,960.0,20.0,39600,39600,285 PTML-DBRC-KLRH
4507,6748,0,33,1,960.0,90.0,55800,55800,297-J DVH-DBP
4508,6748,1,35,1,960.0,85.0,30600,30600,297-J DVH-DBP
4509,6756,1,13,2,480.0,21.491666666666667,76500,77700,MF-1F D06G-RMN
4510,6755,0,16,27,35.55555555555556,40.0,24600,78000,MF-1F
4511,1096,1,47,34,28.235294117647058,100.0,25200,75300,V-285M
4512,6755,1,16,26,36.92307692307692,40.0,22500,75000,MF-1F
4513,6758,0,22,14,68.57142857142857,48.983333333333334,21960,66960,201-Q D6G-CSB
4514,6758,1,20,17,56.470588235294116,49.0,18600,76200,201-Q D6G-CSB
4515,6759,0,11,2,480.0,14.0,21660,21960,139 D6G-HLS-JBN
4516,6761,0,35,2,480.0,90.0,36300,63900,V-500HK
4517,6761,1,36,2,480.0,89.98333333333333,28800,50700,V-500HK
4518,6763,1,30,1,960.0,35.0,44400,44400,254-D DSP-KMBRH-KMP
4519,6764,0,60,1,960.0,95.0,30600,30600,213-S
4520,6764,1,56,2,480.0,92.49166666666666,38100,72000,213-S
4521,6770,0,11,1,960.0,25.0,25800,25800,307-A MDR-VRH
4522,6770,1,11,1,960.0,24.983333333333334,63900,63900,307-A MDR-VRH
4523,6772,0,35,1,960.0,105.0,33900,33900,319 KMT-KDG
4524,6772,1,35,1,960.0,100.0,50700,50700,319 KMT-KDG
4525,6782,0,7,6,160.0,17.491666666666667,49800,55800,13 SBS-SJBHS
4526,6817,0,18,15,64.0,40.0,20700,77400,210-TA
4527,6817,1,18,15,64.0,39.983333333333334,18000,74700,210-TA
4528,6820,0,27,4,240.0,120.0,23400,54600,285-MJ HBLB-GST
4529,6820,1,29,3,320.0,120.0,21600,67500,285-MJ HBLB-GST
4530,6821,0,21,26,36.92307692307692,60.0,23100,78300,377-H
4531,6821,1,21,26,36.92307692307692,60.0,21900,78300,377-H
4532,995,1,44,135,7.111111111111111,120.0,14400,78600,KBS-3A
4533,6822,0,37,3,320.0,94.98333333333333,30300,57900,328-K
4534,6822,1,34,3,320.0,89.98333333333333,24600,50700,328-K
4535,6823,0,16,1,960.0,58.983333333333334,32460,32460,144 KRMTTMC-KPWD-VNR-VSD-KBS
4536,6824,0,2,34,28.235294117647058,1.0,22200,54300,D42-D42G
4537,6824,1,2,38,25.263157894736842,1.0,38640,75540,D42-D42G
4538,6825,0,18,12,80.0,33.983333333333334,22260,52260,342 D42G-SJP
4539,6825,1,18,7,137.14285714285714,34.0,39900,66900,342 D42G-SJP
4540,6827,0,31,7,137.14285714285714,99.0,36000,56100,342-F KBS-D42G
4541,6827,1,28,7,137.14285714285714,98.0,32160,53520,342-F KBS-D42G
4542,6829,0,24,39,24.615384615384617,40.0,26400,74100,328-HF
4543,6829,1,24,38,25.263157894736842,40.0,26400,69900,328-HF
4544,1097,0,46,61,15.737704918032787,90.0,16200,78600,V-335E
4545,6830,1,32,1,960.0,49.0,23460,23460,328-HF BDGC-D41
4546,6831,0,21,1,960.0,28.983333333333334,50160,50160,D51G-VRKD
4547,6831,1,19,1,960.0,29.0,43500,43500,D51G-VRKD
4548,6834,0,36,1,960.0,73.98333333333333,28860,28860,3F-1 D42G-ANK
4549,6834,1,39,2,480.0,74.0,60900,61200,3F-1 D42G-ANK
4550,6835,0,47,1,960.0,99.0,53460,53460,328-H D42G-HSK
4551,6835,1,44,1,960.0,98.98333333333333,33900,33900,328-H D42G-HSK
4552,6839,0,41,1,960.0,100.0,54600,54600,266 HGV-MTK-SBS
4553,6845,0,2,3,320.0,5.0,25500,50700,D47-KMS
4554,6845,1,2,2,480.0,5.0,43500,46200,D47-KMS
4555,6846,0,6,7,137.14285714285714,4.983333333333333,24600,52200,D29-KRPM
4556,6851,0,20,1,960.0,34.0,47160,47160,342-G D42G-BHH
4557,6851,1,16,1,960.0,34.0,36600,36600,342-G D42G-BHH
4558,6855,0,11,1,960.0,14.0,26160,26160,KRM-CPWD
4559,6836,1,37,1,960.0,88.98333333333333,59400,59400,328-HE D41G-MDR
4560,6856,0,16,1,960.0,35.0,24000,24000,WTTMC-KDLG-VRTKD
4561,6856,1,16,1,960.0,30.0,76500,76500,WTTMC-KDLG-VRTKD
4562,6863,1,23,1,960.0,60.0,63900,63900,25-B AGL-VSD
4563,6868,0,15,2,480.0,30.0,29100,62100,226-S BDD-ANCP
4564,6868,1,15,1,960.0,30.0,31200,31200,226-S BDD-ANCP
4565,6869,0,48,1,960.0,100.0,61200,61200,226-K KMT-PRSP
4566,6869,1,49,1,960.0,90.0,29700,29700,226-K KMT-PRSP
4567,6871,0,2,1,960.0,4.0,29760,29760,KLN-HRBR1
4568,6871,1,2,1,960.0,4.0,68100,68100,KLN-HRBR1
4569,6872,0,21,1,960.0,45.0,65100,65100,SBS-HRBR1
4570,6872,1,17,2,480.0,44.983333333333334,27900,30300,SBS-HRBR1
4571,6874,0,14,15,64.0,39.983333333333334,28200,73200,MF-29
4572,6874,1,14,15,64.0,40.0,25500,70500,MF-29
4573,6875,0,22,6,160.0,54.983333333333334,36300,55500,MF-29 MNH-LGR
4574,6875,1,22,6,160.0,55.0,41400,61500,MF-29 MNH-LGR
4575,6877,0,35,28,34.285714285714285,65.0,25200,73200,BC-8
4576,6877,1,35,26,36.92307692307692,65.0,22080,69300,BC-8
4577,6878,0,44,15,64.0,80.0,21000,77100,MF-30
4578,6879,0,45,20,48.0,80.0,19800,77100,MF-31
4579,6880,0,8,8,120.0,14.983333333333333,24600,69600,MF-25A
4580,6880,1,8,8,120.0,15.0,25800,70800,MF-25A
4581,6881,0,45,1,960.0,120.0,29100,29100,306-B TDL-MYH
4582,6885,0,26,1,960.0,50.0,73800,73800,227-VA
4583,6885,1,25,1,960.0,45.0,18600,18600,227-VA
4584,6887,0,47,6,160.0,120.0,4500,49500,V-500E ELCKIA-HBLB
4585,6888,0,54,1,960.0,90.0,14400,14400,226-V TRD-KBS
4586,6889,0,38,2,480.0,92.5,38400,39900,V-500DF KDG-HBLB
4587,6889,1,38,4,240.0,87.5,27000,53100,V-500DF KDG-HBLB
4588,6894,0,31,4,240.0,60.0,33300,72600,301-E
4589,6894,1,27,3,320.0,60.0,59400,77700,301-E
4590,6895,1,2,1,960.0,10.0,68400,68400,D24-KRPE
4591,6896,0,17,1,960.0,39.983333333333334,58200,58200,276-A SBS-BELF
4592,6896,1,17,1,960.0,40.0,28500,28500,276-A SBS-BELF
4593,6897,0,2,1,960.0,60.0,24600,24600,BELGS-5
4594,6902,0,31,2,480.0,62.5,33900,71100,211-AC BGM-BSK
4595,6902,1,32,2,480.0,54.99166666666667,23700,58500,211-AC BGM-BSK
4596,6901,0,2,1,960.0,60.0,27600,27600,GGS-04
4597,6901,1,2,1,960.0,60.0,54000,54000,GGS-04
4598,6903,1,19,2,480.0,62.49166666666667,31500,33300,342-H STJN-GGSK
4599,6904,0,21,9,106.66666666666667,44.983333333333334,28500,69600,289-AA
4600,6904,1,21,8,120.0,45.0,25500,66600,289-AA
4601,6905,1,30,1,960.0,58.983333333333334,72600,72600,289-AA MSP-BGR
4602,6906,0,2,1,960.0,60.0,24600,24600,BELGS-22
4603,6906,1,2,1,960.0,60.0,61800,61800,BELGS-22
4604,6907,1,39,1,960.0,100.0,27600,27600,290-E SBS-MADT
4605,6909,0,33,6,160.0,69.98333333333333,22500,79200,271-A KMT-ABG
4606,6909,1,33,6,160.0,69.98333333333333,18600,73800,271-A KMT-ABG
4607,6913,0,61,1,960.0,105.0,52200,52200,501-A BSK-BELF
4608,6915,0,16,1,960.0,34.983333333333334,30000,30000,276 BELF-KBS
4609,6917,0,51,3,320.0,108.98333333333333,56700,62400,365-P KBS-D27G
4610,6917,1,48,3,320.0,88.98333333333333,22560,27960,365-P KBS-D27G
4611,6922,0,32,1,960.0,79.0,64800,64800,315-MF CVB-KHCQ-RMN-D24
4612,6924,0,33,31,30.967741935483872,80.0,20700,77400,MF-3A
4613,6925,0,34,21,45.714285714285715,79.98333333333333,21600,78300,MF-4A
4614,6928,1,25,2,480.0,62.49166666666667,31800,33600,415-H KBS-VSD-AJB
4615,6929,0,3,2,480.0,4.0,22260,23460,DPJN-MCTC
4616,6929,1,2,1,960.0,4.0,76200,76200,DPJN-MCTC
4617,6931,1,28,1,960.0,70.0,30300,30300,415-H KBS-VSD-MNP-AJB
4618,6938,0,21,3,320.0,59.983333333333334,23400,78000,215-M
4619,6938,1,21,3,320.0,60.0,19800,59100,215-M
4620,6940,0,25,2,480.0,52.49166666666667,30600,66000,MF-20
4621,6940,1,25,2,480.0,52.483333333333334,27000,62400,MF-20
4622,6942,0,55,1,960.0,93.98333333333333,37200,37200,407 NMG-NES-PTH
4623,6943,0,26,1,960.0,70.0,27000,27000,410-FA BMBS-CSB
4624,6943,1,26,1,960.0,80.0,56400,56400,410-FA BMBS-CSB
4625,6945,0,25,1,960.0,50.0,61200,61200,BMBS-JHC
4626,6952,0,5,1,960.0,10.0,29700,29700,D20-KML
4627,6952,1,5,1,960.0,10.0,68700,68700,D20-KML
4628,6953,0,60,2,480.0,137.49166666666667,24600,68700,253-H
4629,6953,1,63,2,480.0,124.99166666666666,17700,59100,253-H
4630,6956,0,10,1,960.0,20.0,50100,50100,316 MDR-HDH-BDG
4631,6956,1,10,1,960.0,20.0,44400,44400,316 MDR-HDH-BDG
4632,6957,0,38,3,320.0,90.0,35100,60300,355
4633,6957,1,34,3,320.0,90.0,28800,54600,355
4634,6958,0,7,1,960.0,14.0,27660,27660,355 D38-BMSV
4635,6958,1,6,1,960.0,14.0,66300,66300,355 D38-BMSV
4636,6962,0,48,1,960.0,104.98333333333333,56100,56100,298-B KBS-ANSR-DVH
4637,6962,1,50,1,960.0,105.0,63000,63000,298-B KBS-ANSR-DVH
4638,6963,0,12,1,960.0,44.983333333333334,28200,28200,298-M DVH-HRH-VJP
4639,6963,1,12,1,960.0,45.0,60000,60000,298-M DVH-HRH-VJP
4640,6968,0,43,1,960.0,69.98333333333333,56400,56400,BC-7B 8thM-KMT
4641,6969,0,24,5,192.0,68.98333333333333,19800,59700,225-C BEMLLO-KMT-KBS
4642,6971,1,19,1,960.0,49.983333333333334,32400,32400,36 KBS-VSD-SNR
4643,6973,0,12,27,35.55555555555556,29.983333333333334,28200,70200,356-CW CSB-ELCW FLY
4644,6973,1,17,27,35.55555555555556,30.0,26100,68100,356-CW CSB-ELCW FLY
4645,6974,0,25,1,960.0,70.0,22200,22200,210-B KBS-KMT-KTNR
4646,6975,0,53,1,960.0,110.0,69600,69600,227-ZA KMT-KGLHL
4647,6975,1,51,1,960.0,105.0,22500,22500,227-ZA KMT-KGLHL
4648,6978,0,28,1,960.0,59.983333333333334,18900,18900,347-C KBS-LMG-CKBR
4649,6978,1,23,1,960.0,54.983333333333334,15300,15300,347-C KBS-LMG-CKBR
4650,6979,0,34,3,320.0,75.0,21900,49800,251E PSS-KMT
4651,6979,1,33,3,320.0,74.98333333333333,45300,72900,251E PSS-KMT
4652,6980,0,14,6,160.0,50.0,29400,64500,MF-46
4653,6981,0,15,8,120.0,50.0,23100,70200,MF-10
4654,6981,1,16,8,120.0,50.0,29400,73200,MF-10
4655,6985,1,37,1,960.0,80.0,28800,28800,250-SA KMT-KDGM
4656,6986,1,42,4,240.0,89.98333333333333,25500,61500,263 KBS-KMS
4657,6987,0,40,1,960.0,95.0,71700,71700,263-R KMT-KDRH-KMS
4658,6987,1,44,1,960.0,100.0,28800,28800,263-R KMT-KDRH-KMS
4659,6989,0,27,1,960.0,58.983333333333334,48660,48660,500-CF D41G-SJP-CKT
4660,6990,0,42,2,480.0,95.0,20400,66000,227-VC
4661,6990,1,40,2,480.0,102.49166666666666,26100,72300,227-VC
4662,6991,0,25,3,320.0,55.0,27000,55800,289 YHKOT-CHR
4663,6991,1,25,3,320.0,54.983333333333334,30600,61200,289 YHKOT-CHR
4664,6993,0,3,2,480.0,3.5,48300,48600,D24-ITIG
4665,6994,0,58,1,960.0,89.98333333333333,78000,78000,293-K KMT-ANKC-SBS-MYH
4666,6995,0,23,2,480.0,55.0,26100,54900,225-K KBS-BHELLO
4667,6995,1,23,1,960.0,55.0,68400,68400,225-K KBS-BHELLO
4668,6997,0,26,1,960.0,119.98333333333333,57600,57600,285-MN
4669,6997,1,28,2,480.0,119.98333333333333,27000,66600,285-MN
4670,6998,0,33,2,480.0,67.48333333333333,25500,60000,380-P
4671,6998,1,35,1,960.0,70.0,29700,29700,380-P
4672,6999,0,46,5,192.0,100.0,29100,68400,267
4673,6999,1,44,7,137.14285714285714,100.0,24300,65700,267
4674,7000,0,22,6,160.0,60.0,30000,67500,405
4675,7000,1,22,6,160.0,59.983333333333334,26100,63600,405
4676,7001,0,25,1,960.0,69.0,21660,21660,405 PTH-HSG
4677,7001,1,25,1,960.0,69.0,71400,71400,405 PTH-HSG
4678,7005,0,31,1,960.0,60.0,51000,51000,293-C KMT-THC
4679,7005,1,29,1,960.0,60.0,28500,28500,293-C KMT-THC
4680,7007,0,23,1,960.0,30.0,63000,63000,THC-BLR
4681,7008,0,26,1,960.0,49.983333333333334,59700,59700,293 SBS-THC
4682,7008,1,23,1,960.0,50.0,54900,54900,293 SBS-THC
4683,7009,0,6,4,240.0,5.0,19800,54000,D30-NES
4684,7009,1,6,4,240.0,5.0,47400,81000,D30-NES
4685,7011,0,21,1,960.0,30.0,72600,72600,NNH-BLR
4686,7014,0,45,1,960.0,90.0,28800,28800,221-J TVK-KMT-KBS
4687,7014,1,45,1,960.0,85.0,34500,34500,221-J TVK-KMT-KBS
4688,7018,0,39,1,960.0,80.0,42000,42000,600-CA ANK-CSB
4689,7021,0,23,1,960.0,49.983333333333334,20700,20700,293 KMT-KLN
4690,7021,1,20,1,960.0,49.0,24360,24360,293 KMT-KLN
4691,7025,0,42,3,320.0,85.0,34200,57600,292-CA SBS-YHKOT
4692,7025,1,42,2,480.0,84.98333333333333,39600,52200,292-CA SBS-YHKOT
4693,7026,0,13,1,960.0,24.0,26160,26160,D24G-HRBR1
4694,7027,0,41,1,960.0,100.0,55800,55800,298 SDHG-RMG-KRC-SNBS
4695,7028,0,19,15,64.0,40.0,28200,54600,300-E KRPGH-SMVR
4696,7029,0,48,1,960.0,115.0,28800,28800,285-M KBS-DBPH
4697,7029,1,52,1,960.0,99.98333333333333,59400,59400,285-M KBS-DBPH
4698,7031,0,30,10,96.0,49.983333333333334,22560,72300,401-KB YTTMC-AIT
4699,7031,1,29,10,96.0,49.983333333333334,25500,75600,401-KB YTTMC-AIT
4700,7032,0,24,1,960.0,50.0,54600,54600,285-M PTLM-DBPH
4701,7034,0,15,1,960.0,24.983333333333334,28800,28800,255-N DSP-NSP
4702,7035,0,30,1,960.0,75.0,58800,58800,254-E KBS-KMP
4703,7035,1,32,2,480.0,74.98333333333333,38400,54000,254-E KBS-KMP
4704,7038,0,7,1,960.0,14.0,27660,27660,D47G-BDHD
4705,7038,1,7,1,960.0,14.0,67500,67500,D47G-BDHD
4706,1097,1,43,60,16.0,89.98333333333333,20400,80100,V-335E
4707,7040,1,11,1,960.0,13.983333333333333,39600,39600,KLN-AJB
4708,7041,0,4,1,960.0,14.0,27660,27660,KLN-HBR
4709,7041,1,5,1,960.0,13.983333333333333,66600,66600,KLN-HBR
4710,7043,0,6,1,960.0,9.0,23460,23460,KLN-GNP
4711,7043,1,5,1,960.0,9.0,76200,76200,KLN-GNP
4712,7044,0,40,14,68.57142857142857,110.0,21600,76200,253-S
4713,7044,1,40,14,68.57142857142857,110.0,25500,75600,253-S
4714,7045,0,49,1,960.0,114.98333333333333,55800,55800,253-S SBS-GFTI
4715,7045,1,49,1,960.0,109.98333333333333,36600,36600,253-S SBS-GFTI
4716,7048,0,21,1,960.0,38.0,51420,51420,293 KLN-SPHS
4717,7052,1,9,1,960.0,14.0,64500,64500,KLN-TCL
4718,7054,0,41,1,960.0,60.0,30000,30000,293 STJHS-BGLR
4719,7055,0,8,1,960.0,13.983333333333333,24960,24960,KLN-SBH
4720,7056,0,70,1,960.0,113.98333333333333,57900,57900,CHAKRA-10A D10G-KLN
4721,7059,0,52,5,192.0,109.0,37800,75600,368 SBS-D27G
4722,7059,1,51,6,160.0,90.0,19800,54060,368 SBS-D27G
4723,7063,0,51,10,96.0,115.0,39000,74400,V-500HS
4724,7063,1,50,10,96.0,119.98333333333333,26100,69000,V-500HS
4725,7064,0,63,6,160.0,150.0,22800,75000,KIA-8D
4726,7064,1,62,8,120.0,150.0,12000,74400,KIA-8D
4727,7065,0,2,1,960.0,39.0,24660,24660,SPHS-3
4728,7065,1,2,1,960.0,40.0,54000,54000,SPHS-3
4729,7066,0,2,26,36.92307692307692,1.0,21600,64740,D14-D14G
4730,7066,1,2,24,40.0,1.0,41040,76380,D14-D14G
4731,7067,0,2,1,960.0,35.0,24900,24900,SPHS-12
4732,7067,1,2,1,960.0,35.0,54000,54000,SPHS-12
4733,7068,0,7,1,960.0,14.0,23760,23760,D14G-AJM
4734,7070,0,2,1,960.0,60.0,23400,23400,SPHS-14
4735,7070,1,2,1,960.0,60.0,54000,54000,SPHS-14
4736,7072,0,48,2,480.0,114.98333333333333,25800,53100,297-C
4737,7073,0,34,4,240.0,95.0,36300,51900,507-K
4738,7073,1,35,6,160.0,95.0,28800,59400,507-K
4739,7074,0,42,5,192.0,99.98333333333333,27300,74700,267-A
4740,7074,1,41,6,160.0,100.0,21600,68400,267-A
4741,7075,0,27,1,960.0,58.983333333333334,72000,72000,267-A SBS-D45G
4742,7075,1,26,1,960.0,54.0,50760,50760,267-A SBS-D45G
4743,7076,0,18,1,960.0,43.983333333333334,51360,51360,267-A D45G-HSG
4744,7076,1,18,1,960.0,44.0,73800,73800,267-A D45G-HSG
4745,7080,0,4,1,960.0,4.0,24060,24060,KLN-NTKH
4746,7080,1,4,1,960.0,4.0,59400,59400,KLN-NTKH
4747,7081,0,14,1,960.0,13.983333333333333,24060,24060,302 KLN-OBH
4748,7081,1,13,1,960.0,18.983333333333334,58800,58800,302 KLN-OBH
4749,7083,1,26,1,960.0,65.0,58500,58500,505
4750,7084,1,23,2,480.0,44.0,62700,63900,505 D41G-HSRD
4751,7085,0,28,4,240.0,65.0,31500,55500,500-CS
4752,7085,1,28,3,320.0,69.98333333333333,35100,49800,500-CS
4753,7086,0,13,1,960.0,40.0,28800,28800,500-CS D42G-CSB
4754,7087,0,27,2,480.0,59.983333333333334,31500,56700,298-AP
4755,7087,1,27,2,480.0,60.0,36600,62100,298-AP
4756,7089,0,30,1,960.0,75.0,63300,63300,242-N KBS-GDH
4757,7089,1,31,1,960.0,74.98333333333333,58500,58500,242-N KBS-GDH
4758,7090,0,30,1,960.0,65.0,68100,68100,240-E KBS-BKH
4759,7090,1,30,1,960.0,64.98333333333333,63900,63900,240-E KBS-BKH
4760,7091,0,42,1,960.0,79.98333333333333,48900,48900,345-F SNBS-BGTC
4761,7092,1,40,1,960.0,80.0,42900,42900,345-C SNBS-NJP
4762,7096,0,35,1,960.0,85.0,31800,31800,217-D SMP-VSD-KBS
4763,7097,0,7,1,960.0,9.0,23160,23160,KLN-DAMC
4764,7100,0,45,1,960.0,75.0,30300,30300,MF-13 VJN-VJN
4765,7101,0,29,1,960.0,79.98333333333333,48300,48300,63 SBS-MRBS
4766,7110,0,19,1,960.0,29.983333333333334,52800,52800,MDR-AVLH-RMP
4767,7110,1,18,1,960.0,30.0,41400,41400,MDR-AVLH-RMP
4768,7111,0,34,1,960.0,85.0,36000,36000,307 SBS-RMP
4769,7111,1,33,1,960.0,90.0,28800,28800,307 SBS-RMP
4770,7117,0,32,33,29.09090909090909,85.0,19500,74400,MF-16A
4771,7118,0,55,4,240.0,119.98333333333333,37800,57600,316-D
4772,7118,1,53,4,240.0,120.0,28800,48600,316-D
4773,7120,0,7,4,240.0,9.0,31260,50160,43-B PPLO-HSKH
4774,7123,0,23,2,480.0,29.0,25560,30660,49 PPLO-BNR
4775,7123,1,23,2,480.0,29.0,63000,66900,49 PPLO-BNR
4776,7124,0,47,2,480.0,100.0,57000,60300,258-C KBS-RGW
4777,7124,1,48,2,480.0,100.0,30000,34200,258-C KBS-RGW
4778,7125,0,27,4,240.0,60.0,21300,63300,286-C
4779,7125,1,27,4,240.0,60.0,24900,67200,286-C
4780,7126,0,38,4,240.0,59.0,38100,66300,288-H SBS-TDL-D45
4781,7126,1,35,6,160.0,63.983333333333334,28560,55260,288-H SBS-TDL-D45
4782,7127,0,35,1,960.0,90.0,62100,62100,294-EA SBS-BDHD
4783,7127,1,32,1,960.0,89.98333333333333,28800,28800,294-EA SBS-BDHD
4784,7131,0,43,4,240.0,82.49166666666666,27000,76500,292-A
4785,7131,1,42,4,240.0,85.0,20700,68700,292-A
4786,7132,0,42,4,240.0,115.0,24300,60000,305-S
4787,7132,1,42,4,240.0,112.48333333333333,18900,53100,305-S
4788,7133,0,41,12,80.0,90.0,24900,72600,401-NY
4789,7133,1,39,14,68.57142857142857,90.0,19800,69300,401-NY
4790,7134,0,30,5,192.0,74.0,21660,51660,401-NY YTTMC-MRBS
4791,7134,1,28,2,480.0,73.99166666666666,43500,72300,401-NY YTTMC-MRBS
4792,7135,0,13,2,480.0,29.491666666666667,22860,49800,401-NY YTTMC-HBL
4793,7135,1,14,5,192.0,29.0,42300,75300,401-NY YTTMC-HBL
4794,7136,0,31,8,120.0,44.983333333333334,21600,64200,401-KB KGR-VJN
4795,7140,0,12,9,106.66666666666667,14.0,21600,51960,MF-14 BEML5-RRMS
4796,7140,1,12,9,106.66666666666667,18.983333333333334,44100,77400,MF-14 BEML5-RRMS
4797,7142,0,17,6,160.0,50.0,25200,66300,MF-32
4798,7142,1,19,6,160.0,50.0,28500,69900,MF-32
4799,7143,0,18,2,480.0,29.983333333333334,23100,48600,MF-32 PSS-CKB
4800,7143,1,18,2,480.0,29.983333333333334,46500,73500,MF-32 PSS-CKB
4801,7146,0,66,2,480.0,124.99166666666666,19200,62100,258 KBS-SMP
4802,7146,1,66,2,480.0,139.98333333333332,27600,70800,258 KBS-SMP
4803,7148,0,29,24,40.0,60.0,22800,67500,MF-47A
4804,7149,0,30,7,137.14285714285714,60.0,29100,66900,MF-47
4805,7150,0,34,1,960.0,79.98333333333333,31500,31500,217-E
4806,7150,1,35,1,960.0,80.0,56400,56400,217-E
4807,7155,0,32,4,240.0,70.0,22200,67500,212-C
4808,7155,1,32,5,192.0,70.0,18000,63000,212-C
4809,7157,1,45,1,960.0,95.0,46800,46800,226-Q
4810,7156,0,41,6,160.0,87.49166666666666,30300,63000,211-NB
4811,7156,1,41,6,160.0,87.49166666666666,38100,69000,211-NB
4812,7161,0,40,1,960.0,119.98333333333333,57600,57600,351-H KMT-IGNOUS
4813,7161,1,36,1,960.0,130.0,65400,65400,351-H KMT-IGNOUS
4814,7162,0,50,5,192.0,115.0,71400,75000,500-CH SJP-HBL
4815,7162,1,51,5,192.0,95.0,17100,20700,500-CH SJP-HBL
4816,7165,0,23,4,240.0,65.0,23700,66900,225-D
4817,7165,1,23,4,240.0,65.0,27600,71100,225-D
4818,7169,0,51,3,320.0,99.98333333333333,29400,49200,406
4819,7169,1,54,7,137.14285714285714,100.0,21600,57900,406
4820,7171,0,29,19,50.526315789473685,60.0,22500,68400,MF-11
4821,7171,1,30,23,41.73913043478261,60.0,21900,73800,MF-11
4822,7178,1,51,1,960.0,95.0,27000,27000,285-R SBS-HNYR
4823,7179,0,15,1,960.0,20.0,25500,25500,285 PTML-HNYR
4824,7181,0,22,6,160.0,50.0,36900,72000,285 HBLB-PTML
4825,7181,1,23,1,960.0,55.0,51000,51000,285 HBLB-PTML
4826,7185,1,37,1,960.0,80.0,17400,17400,285-E KBS-KKLV
4827,7186,0,53,2,480.0,100.0,30900,66600,406 NES-CKNH-NMG
4828,7187,0,35,1,960.0,89.98333333333333,35400,35400,285-MA KMT-CVB-PTML
4829,7188,1,53,1,960.0,109.98333333333333,62100,62100,285-RB KBS-KNW
4830,7191,0,53,1,960.0,89.98333333333333,18000,18000,406 YHKOT-NMG
4831,7191,1,56,2,480.0,100.0,68700,72900,406 YHKOT-NMG
4832,7192,1,38,4,240.0,89.98333333333333,47700,54000,285-MK KMT-PTML
4833,7195,0,20,3,320.0,43.983333333333334,63900,72600,45-K KMT-PPLO
4834,7195,1,22,5,192.0,43.983333333333334,24660,51360,45-K KMT-PPLO
4835,7194,0,15,1,960.0,29.0,23160,23160,D6G-HAL-JGS
4836,7196,0,37,1,960.0,50.0,48000,48000,335-E KDG-KVDRDO
4837,7197,0,18,1,960.0,45.0,57900,57900,500-D JGS-CSB
4838,7198,0,14,1,960.0,30.0,28800,28800,330-G KVDRDO-SBS
4839,7201,0,15,2,480.0,24.0,63000,70200,55-B KPA-CLO
4840,7202,0,25,1,960.0,50.0,21300,21300,GGP-RMSP
4841,7202,1,24,1,960.0,69.98333333333333,66300,66300,GGP-RMSP
4842,7203,0,36,1,960.0,80.0,55800,55800,258-CB NMG-GGP-BEL
4843,7204,0,20,3,320.0,55.0,36300,39300,KMT-TNF-KRPGH
4844,7204,1,17,1,960.0,55.0,50400,50400,KMT-TNF-KRPGH
4845,7205,0,19,10,96.0,40.0,46800,54600,KRPGH-HSK
4846,7205,1,21,4,240.0,45.0,37800,65700,KRPGH-HSK
4847,7206,0,42,1,960.0,69.98333333333333,23400,23400,401-BJ PTML-MHC
4848,7208,1,59,1,960.0,119.98333333333333,40800,40800,290-E SBS-SNH
4849,7209,0,14,1,960.0,20.0,26400,26400,PTML-SNH
4850,7213,0,59,2,480.0,120.0,60000,61200,G-10 KMT-THS-PTML
4851,7213,1,56,2,480.0,115.0,26700,27900,G-10 KMT-THS-PTML
4852,7218,0,59,1,960.0,109.98333333333333,60600,60600,406 HBLB-NMG
4853,7221,0,30,1,960.0,85.0,66300,66300,KBS-12HK BEMLF-HSK
4854,7237,0,19,1,960.0,39.983333333333334,19800,19800,300-H KBS-ADMC
4855,7237,1,15,1,960.0,49.983333333333334,54300,54300,300-H KBS-ADMC
4856,7238,0,2,1,960.0,45.0,22500,22500,ARMY-10
4857,7238,1,2,1,960.0,45.0,49500,49500,ARMY-10
4858,7239,0,10,2,480.0,30.0,25500,27000,ARMY-SBS-KBS
4859,7239,1,7,2,480.0,27.5,44400,46800,ARMY-SBS-KBS
4860,7240,0,2,1,960.0,45.0,22500,22500,APS-1
4861,7240,1,2,1,960.0,30.0,49500,49500,APS-1
4862,7241,0,2,1,960.0,40.0,22800,22800,ARMY-11
4863,7241,1,2,1,960.0,40.0,49500,49500,ARMY-11
4864,7243,0,14,1,960.0,30.0,53100,53100,311 KHCQ-SBS
4865,7245,0,2,1,960.0,60.0,21600,21600,APS-02
4866,7245,1,2,1,960.0,60.0,49500,49500,APS-02
4867,7246,1,26,1,960.0,49.983333333333334,53400,53400,314 KBS-NGWP
4868,7247,0,17,3,320.0,24.983333333333334,19800,22200,300 SBS-CWL
4869,7247,1,12,2,480.0,29.983333333333334,53700,55500,300 SBS-CWL
4870,7248,0,2,1,960.0,45.0,22500,22500,ARMY-09
4871,7248,1,2,1,960.0,45.0,49500,49500,ARMY-09
4872,7250,0,2,1,960.0,55.0,21900,21900,APS-3
4873,7250,1,2,1,960.0,60.0,49500,49500,APS-3
4874,7251,0,2,1,960.0,60.0,21600,21600,APS-4
4875,7251,1,2,1,960.0,60.0,49500,49500,APS-4
4876,1098,0,47,43,22.325581395348838,109.98333333333333,15600,78600,V-360B
4877,7253,0,12,2,480.0,25.0,25500,26400,ARMPS-SMVRS
4878,7253,1,10,1,960.0,25.0,47700,47700,ARMPS-SMVRS
4879,7254,0,35,1,960.0,55.0,18000,18000,500-C CSB-TCP
4880,7254,1,34,1,960.0,84.98333333333333,53700,53700,500-C CSB-TCP
4881,7255,0,8,1,960.0,19.0,21960,21960,D6G-DMLMDA
4882,7256,0,9,1,960.0,30.0,53100,53100,DMLMDA-SBS
4883,7257,0,2,1,960.0,30.0,23400,23400,APS-27
4884,7257,1,2,1,960.0,30.0,49500,49500,APS-27
4885,7258,0,2,1,960.0,30.0,23400,23400,APS-26
4886,7258,1,2,1,960.0,30.0,49500,49500,APS-26
4887,7259,0,10,1,960.0,30.0,21300,21300,KBS-SBS-MEG
4888,7259,1,11,2,480.0,30.0,51600,53100,KBS-SBS-MEG
4889,7260,0,2,1,960.0,30.0,23400,23400,APS-25
4890,7260,1,2,1,960.0,30.0,49500,49500,APS-25
4891,7261,0,44,1,960.0,84.98333333333333,27900,27900,331-A SBS-KDG
4892,7262,0,2,1,960.0,30.0,23400,23400,APS-24
4893,7262,1,2,1,960.0,30.0,49500,49500,APS-24
4894,7263,0,2,1,960.0,30.0,23400,23400,APS-23
4895,7263,1,2,1,960.0,30.0,49500,49500,APS-23
4896,7264,0,3,2,480.0,14.0,21960,22560,D6G-MEG
4897,7266,0,2,1,960.0,30.0,23400,23400,APS-19
4898,7266,1,2,1,960.0,30.0,49500,49500,APS-19
4899,7267,1,5,1,960.0,9.983333333333333,51600,51600,SBS-TOC
4900,7268,0,2,1,960.0,30.0,23400,23400,APS-20
4901,7268,1,2,1,960.0,30.0,49500,49500,APS-20
4902,7270,0,2,1,960.0,30.0,23400,23400,APS-22
4903,7270,1,2,1,960.0,30.0,49500,49500,APS-22
4904,7272,0,4,2,480.0,4.0,21960,22260,KRM-NTVB5
4905,7273,0,14,1,960.0,39.983333333333334,51300,51300,143-E NTVB5-KMT
4906,7274,0,8,1,960.0,9.0,21660,21660,143 KRM-NRG-CMP
4907,7275,0,2,1,960.0,25.0,22500,22500,APS-28
4908,7275,1,2,1,960.0,30.0,49500,49500,APS-28
4909,7276,0,4,1,960.0,5.0,48000,48000,MGR-APS
4910,7277,0,2,1,960.0,30.0,22500,22500,APS-14
4911,7277,1,2,1,960.0,35.0,49500,49500,APS-14
4912,7280,0,31,2,480.0,67.49166666666666,25500,26100,300-E ARMY-SBS-KRPGH
4913,7281,0,15,1,960.0,40.0,54300,54300,300-E ADMC-KRPGH
4914,7281,1,17,1,960.0,25.0,20700,20700,300-E ADMC-KRPGH
4915,7283,0,2,1,960.0,45.0,22500,22500,ARMY-16
4916,7283,1,2,1,960.0,45.0,49500,49500,ARMY-16
4917,7284,0,32,1,960.0,85.0,36900,36900,MF-5 SMVT-BSK
4918,7284,1,32,1,960.0,84.98333333333333,42300,42300,MF-5 SMVT-BSK
4919,7286,1,9,1,960.0,25.0,52500,52500,SBS-PRTC
4920,7288,0,2,1,960.0,45.0,22500,22500,ARMY-17
4921,7288,1,2,1,960.0,45.0,49500,49500,ARMY-17
4922,7289,0,21,1,960.0,50.0,25200,25200,287-A ARMY-KDHG
4923,7290,0,9,1,960.0,25.0,52500,52500,VSE-SBS
4924,7291,0,2,2,480.0,25.0,22500,22800,APS-13
4925,7291,1,2,1,960.0,25.0,49500,49500,APS-13
4926,7292,0,2,1,960.0,5.0,24600,24600,APS-MYH
4927,7293,0,8,1,960.0,10.0,51900,51900,EJP-STJN
4928,7294,0,51,2,480.0,94.98333333333333,30300,47100,298-MP HBLB-VJP
4929,7294,1,49,2,480.0,97.49166666666666,40500,51300,298-MP HBLB-VJP
4930,7296,0,10,4,240.0,10.0,46200,76800,JHMS-PSS
4931,7297,0,2,1,960.0,25.0,22500,22500,APS-15
4932,7297,1,2,1,960.0,30.0,49500,49500,APS-15
4933,7298,0,10,1,960.0,5.0,24300,24300,144-G ARMPS-NRG
4934,7298,1,9,1,960.0,5.0,45900,45900,144-G ARMPS-NRG
4935,7299,0,8,1,960.0,9.983333333333333,51600,51600,144-G GPTE-NRG
4936,7300,0,5,1,960.0,4.0,21960,21960,KRM-GPTE
4937,7302,1,31,2,480.0,73.98333333333333,62700,63900,201-G SGH-JBN
4938,7304,0,2,1,960.0,10.0,69000,69000,JPN6-BSK
4939,7304,1,2,1,960.0,10.0,25500,25500,JPN6-BSK
4940,7305,0,30,1,960.0,75.0,30300,30300,375-D JGF-BSK
4941,7306,0,2,1,960.0,55.0,25200,25200,SJBHS-06
4942,7306,1,2,1,960.0,55.0,56700,56700,SJBHS-06
4943,7308,0,31,1,960.0,70.0,28800,28800,300-E SJBHS-KRP
4944,7312,0,54,1,960.0,100.0,50400,50400,289-F YST-HSK
4945,7312,1,53,1,960.0,100.0,42000,42000,289-F YST-HSK
4946,7322,0,23,19,50.526315789473685,59.983333333333334,25200,67800,317-MJ
4947,7322,1,23,21,45.714285714285715,59.983333333333334,29100,74100,317-MJ
4948,7323,0,58,5,192.0,99.98333333333333,35400,60300,293-FA
4949,7323,1,58,3,320.0,99.98333333333333,26100,43500,293-FA
4950,7324,0,7,9,106.66666666666667,9.0,21660,50460,D24G-TNFY
4951,7324,1,6,7,137.14285714285714,14.0,20700,77700,D24G-TNFY
4952,7329,0,66,1,960.0,120.0,33300,33300,401-Z GFGC-YBS
4953,7316,0,45,29,33.10344827586207,95.0,18900,75600,316-Y
4954,7316,1,46,29,33.10344827586207,95.0,18900,75600,316-Y
4955,7332,0,49,2,480.0,84.99166666666666,63000,77400,227-K KMT-SLVR-BSM
4956,7337,0,12,2,480.0,30.0,52500,54900,V-HBLB-KBS
4957,7337,1,11,10,96.0,30.0,28800,72900,V-HBLB-KBS
4958,7341,0,25,1,960.0,60.0,27600,27600,MADT-HBLB-GGP
4959,7343,0,26,1,960.0,70.0,32100,32100,501-A ST BEN-BSK
4960,7345,0,37,1,960.0,58.983333333333334,37200,37200,248-BA HGT-D31G
4961,7346,0,22,1,960.0,44.0,75900,75900,410-FC JHC-GGP-CLO
4962,7347,0,2,1,960.0,39.0,28560,28560,SCS-10
4963,7347,1,2,1,960.0,50.0,54900,54900,SCS-10
4964,7348,0,14,1,960.0,30.0,75900,75900,410-K JHC-CDSN
4965,7350,0,40,1,960.0,110.0,29400,29400,298-M KBS-EHSR-BRS
4966,7350,1,40,1,960.0,110.0,63000,63000,298-M KBS-EHSR-BRS
4967,7351,0,2,1,960.0,55.0,25800,25800,VLS-2.
4968,7351,1,2,1,960.0,55.0,56400,56400,VLS-2.
4969,7352,0,32,1,960.0,60.0,54600,54600,365 JBS-BNP
4970,7352,1,34,1,960.0,70.0,70500,70500,365 JBS-BNP
4971,7353,0,28,9,106.66666666666667,54.983333333333334,27900,76500,302-K
4972,7353,1,24,9,106.66666666666667,54.983333333333334,19800,75000,302-K
4973,7356,0,13,2,480.0,29.0,27060,28860,D-45G-DWN
4974,7358,1,17,1,960.0,45.0,51900,51900,362-C SBS-CSB
4975,7360,0,23,2,480.0,30.0,22200,25500,MF-15 BSK-JSD
4976,7360,1,23,3,320.0,30.0,70200,77100,MF-15 BSK-JSD
4977,7362,0,8,1,960.0,13.983333333333333,52260,52260,D45-ATR
4978,7362,1,8,1,960.0,19.0,43500,43500,D45-ATR
4979,7363,0,2,1,960.0,60.0,20700,20700,BEML A-7
4980,7364,0,59,1,960.0,119.98333333333333,24600,24600,314 BEMLF-SBS-YHK
4981,7364,1,56,1,960.0,119.98333333333333,45900,45900,314 BEMLF-SBS-YHK
4982,7365,0,41,1,960.0,100.0,27300,27300,290-E SPHS-YHKOT
4983,7366,0,45,9,106.66666666666667,120.0,19500,66000,V-500DP
4984,7366,1,45,6,160.0,120.0,27000,74700,V-500DP
4985,7372,0,21,2,480.0,40.0,57600,57900,RPA-SBS
4986,7373,0,27,1,960.0,60.0,56400,56400,AJM-KMT
4987,7377,0,44,1,960.0,79.98333333333333,25500,25500,290-E ARMY-SBS-YHKOT
4988,7377,1,39,1,960.0,80.0,43800,43800,290-E ARMY-SBS-YHKOT
4989,7381,1,12,1,960.0,40.0,49500,49500,317 KVUL-TNF-KRPGH
4990,7384,0,2,1,960.0,60.0,24600,24600,Call Bus-01
4991,7385,0,36,17,56.470588235294116,75.0,29100,68100,401-N
4992,7385,1,38,18,53.333333333333336,74.98333333333333,24600,63300,401-N
4993,7386,0,38,3,320.0,78.98333333333333,24060,27060,401-N YTTMC-MBS-BSK
4994,7386,1,38,3,320.0,79.0,60000,72900,401-N YTTMC-MBS-BSK
4995,7388,0,20,1,960.0,35.0,28500,28500,JNSVS-UTH-BSK
4996,7388,1,20,1,960.0,35.0,50400,50400,JNSVS-UTH-BSK
4997,7389,0,35,1,960.0,65.0,62400,62400,401-N MBS-BEML5
4998,7393,0,32,1,960.0,54.983333333333334,78000,78000,238-U KBS-KHBQ
4999,7394,0,8,1,960.0,18.983333333333334,30960,30960,288-G D45G-KDCB
5000,7394,1,8,1,960.0,19.0,67200,67200,288-G D45G-KDCB
5001,7395,0,2,1,960.0,60.0,56400,56400,SJS-03
5002,7395,1,2,1,960.0,59.0,26160,26160,SJS-03
5003,7396,0,21,1,960.0,40.0,30000,30000,SJS-SBS-STP
5004,7396,1,21,1,960.0,60.0,51000,51000,SJS-SBS-STP
5005,7397,0,23,1,960.0,50.0,51600,51600,289-F YHKOT-LHAI
5006,7398,0,45,2,480.0,84.98333333333333,43500,46500,401-AM DVH-MSP
5007,7400,0,23,2,480.0,62.49166666666667,27000,61500,V-KBS-AIT
5008,7400,1,29,1,960.0,60.0,67200,67200,V-KBS-AIT
5009,7403,0,4,2,480.0,15.0,29400,31200,PSS-TGPL-GGH
5010,7403,1,4,2,480.0,20.0,66900,68700,PSS-TGPL-GGH
5011,7404,0,5,1,960.0,8.983333333333333,22560,22560,D06G-TOC
5012,7409,0,67,1,960.0,130.0,66300,66300,293-BC BTM-BGR
5013,7409,1,63,1,960.0,140.0,54900,54900,293-BC BTM-BGR
5014,7410,0,27,5,192.0,39.0,21960,31860,502-H D31G-KTS-DWN
5015,7410,1,27,3,320.0,44.0,67200,76200,502-H D31G-KTS-DWN
5016,7413,0,2,1,960.0,50.0,52800,52800,KVUL-02
5017,7413,1,2,1,960.0,60.0,25200,25200,KVUL-02
5018,7418,1,21,1,960.0,59.983333333333334,72000,72000,319 KRPGH-TNF-KDG
5019,7419,0,31,1,960.0,50.0,18600,18600,MF-11 KRPGH-TNF-KDGM
5020,7422,0,12,1,960.0,35.0,30600,30600,112-A MDG-SBS
5021,7424,0,33,1,960.0,70.0,29100,29100,285-M MADT-DBP
5022,7425,0,59,1,960.0,140.0,37800,37800,298-MP KBS-HRH-VJP
5023,7425,1,60,1,960.0,139.98333333333332,27600,27600,298-MP KBS-HRH-VJP
5024,7427,0,25,7,137.14285714285714,74.98333333333333,22800,61500,210-AA
5025,7427,1,23,6,160.0,74.98333333333333,26700,66300,210-AA
5026,7437,0,29,7,137.14285714285714,55.0,32400,59400,CHAKRA-1A
5027,7438,0,28,7,137.14285714285714,55.0,30600,57300,CHAKRA-1
5028,7439,0,27,8,120.0,60.0,33000,63600,255-F
5029,7439,1,28,8,120.0,59.983333333333334,29100,59700,255-F
5030,7441,0,18,1,960.0,39.983333333333334,52200,52200,SBS-HAL-BEMLG
5031,7445,0,57,3,320.0,90.0,19500,76200,293 SBS-MYLH-HNS
5032,7445,1,54,6,160.0,92.49166666666666,33000,69000,293 SBS-MYLH-HNS
5033,7447,0,44,10,96.0,112.5,19500,67800,500-C KRPGH-BSK
5034,1098,1,43,46,20.869565217391305,109.98333333333333,19800,81000,V-360B
5035,7447,1,42,10,96.0,107.49166666666666,25200,76800,500-C KRPGH-BSK
5036,7448,0,25,1,960.0,88.98333333333333,49560,49560,342-A D42G-KMT
5037,7448,1,27,1,960.0,88.98333333333333,38700,38700,342-A D42G-KMT
5038,7454,0,47,1,960.0,99.0,44460,44460,378 D34G-ELC-HSS
5039,7456,0,2,26,36.92307692307692,1.0,25800,55800,D52-D52G
5040,7456,1,2,25,38.4,1.0,39840,68940,D52-D52G
5041,7457,1,3,1,960.0,10.0,38400,38400,D52G-MRN
5042,7458,0,35,3,320.0,85.0,37800,75600,282 KBS-VNC-D52G
5043,7459,0,40,1,960.0,89.0,35100,35100,289-E KMT-D52G
5044,7459,1,41,2,480.0,96.49166666666666,48660,51660,289-E KMT-D52G
5045,7461,1,26,1,960.0,73.98333333333333,47460,47460,289 HBLB-D52G
5046,7462,0,25,1,960.0,59.983333333333334,42000,42000,282 HBLB-VNC-D52G
5047,7462,1,24,2,480.0,56.5,28260,49560,282 HBLB-VNC-D52G
5048,7463,0,25,1,960.0,55.0,53100,53100,282-F HBLB-MNH
5049,7464,0,14,2,480.0,33.99166666666667,48660,52860,289-P D52G-HNS
5050,7465,0,28,1,960.0,64.98333333333333,52200,52200,289-E HBLB-CKH
5051,7466,0,18,1,960.0,50.0,57900,57900,282-G HBLB-KDLH
5052,7466,1,17,1,960.0,50.0,38700,38700,282-G HBLB-KDLH
5053,7471,0,2,1,960.0,60.0,27600,27600,GGS-2
5054,7471,1,2,1,960.0,60.0,54000,54000,GGS-2
5055,7472,0,22,10,96.0,49.983333333333334,27000,62100,170
5056,7472,1,22,8,120.0,50.0,30300,57300,170
5057,7473,0,25,83,11.566265060240964,55.0,19500,78300,60-A
5058,7473,1,27,75,12.8,54.983333333333334,19800,78000,60-A
5059,7474,0,12,2,480.0,17.491666666666667,47400,76500,VTTMC-MDP-NBC
5060,7474,1,12,3,320.0,20.0,47400,77700,VTTMC-MDP-NBC
5061,7477,0,25,1,960.0,60.0,55800,55800,288-J MGRMS-NCBS
5062,7477,1,26,1,960.0,65.0,24600,24600,288-J MGRMS-NCBS
5063,7478,0,5,1,960.0,14.0,23460,23460,D45G-NCBS
5064,7479,0,28,1,960.0,60.0,28800,28800,288-J MGRMS-CBL
5065,7479,1,29,1,960.0,60.0,51900,51900,288-J MGRMS-CBL
5066,7481,0,18,1,960.0,38.983333333333334,50760,50760,282B D52G-VNC-YHKOT
5067,7481,1,16,1,960.0,44.0,64500,64500,282B D52G-VNC-YHKOT
5068,7483,0,35,2,480.0,84.99166666666666,37500,74700,282B KBS-MSGH
5069,7485,0,12,4,240.0,19.983333333333334,42000,47700,CSB-SNBS
5070,7485,1,14,1,960.0,14.983333333333333,53400,53400,CSB-SNBS
5071,7487,0,20,4,240.0,44.0,25860,48960,289-P D52G-YHKOT
5072,7487,1,19,8,120.0,39.0,39900,66600,289-P D52G-YHKOT
5073,7491,0,36,75,12.8,65.0,18000,77400,238-UM
5074,7491,1,36,73,13.150684931506849,65.0,17100,78000,238-UM
5075,7492,0,33,6,160.0,64.98333333333333,17100,71100,238-VM
5076,7492,1,34,6,160.0,65.0,20700,75300,238-VM
5077,7494,0,31,6,160.0,44.0,21060,51960,238-UM DPN-VJN-UST
5078,7494,1,30,5,192.0,43.983333333333334,45000,76500,238-UM DPN-VJN-UST
5079,1099,0,2,84,11.428571428571429,5.0,21300,70800,D7-KBS
5080,7500,0,15,2,480.0,45.0,53100,53700,300-H CWL-KBS
5081,7501,0,2,1,960.0,60.0,23400,23400,HSS-4
5082,7501,1,2,1,960.0,55.0,52200,52200,HSS-4
5083,7502,1,32,1,960.0,55.0,19800,19800,342-F SJWA-SJP
5084,7503,0,13,1,960.0,28.983333333333334,49860,49860,D42G-HSS
5085,7504,1,14,1,960.0,40.0,55800,55800,168-D KBS-SJWA
5086,7512,0,25,2,480.0,29.0,27960,31560,201 SGH-BSK-SNR
5087,7512,1,23,2,480.0,28.983333333333334,66900,71100,201 SGH-BSK-SNR
5088,7529,0,4,1,960.0,3.0,30120,30120,BSK-JNN
5089,7529,1,5,1,960.0,9.983333333333333,66600,66600,BSK-JNN
5090,7530,0,2,4,240.0,5.0,21300,30600,D34-JSD
5091,7530,1,2,5,192.0,5.0,49680,77400,D34-JSD
5092,7532,0,9,2,480.0,17.0,67800,68700,25-B AGL-BSK-DOWN
5093,7532,1,12,1,960.0,14.983333333333333,30600,30600,25-B AGL-BSK-DOWN
5094,7536,0,2,1,960.0,54.0,27360,27360,SCS-12
5095,7536,1,2,1,960.0,55.0,54900,54900,SCS-12
5096,7537,0,7,1,960.0,20.0,30900,30900,SCS-VSRL
5097,7539,0,2,1,960.0,20.0,54300,54300,KVUL-1
5098,7539,1,2,1,960.0,20.0,27600,27600,KVUL-1
5099,7540,0,18,1,960.0,50.0,29100,29100,Chakra-16A KVUL-DNK
5100,7542,0,10,2,480.0,24.0,66000,70200,15E-KMT-BSK
5101,7543,0,16,1,960.0,44.983333333333334,31200,31200,225-P BRN-JNK-KMT
5102,7545,0,22,1,960.0,29.0,21660,21660,300 D14G-CWL
5103,7547,0,7,1,960.0,39.983333333333334,46800,46800,285 KBS-ARMYPR
5104,7547,1,8,1,960.0,40.0,25800,25800,285 KBS-ARMYPR
5105,7549,1,10,1,960.0,20.0,25800,25800,SBS-ARMYPR
5106,7555,0,30,10,96.0,50.0,27300,61800,MF-43
5107,7556,0,31,10,96.0,50.0,29100,63600,MF-43A
5108,7558,0,30,1,960.0,65.0,31500,31500,222-K KHBQ-VSD Flyover
5109,7559,0,30,1,960.0,70.0,24600,24600,500-D BEML-TNF-CSB
5110,7563,0,22,3,320.0,50.0,45600,73800,80-A KBS-NLO-D31G
5111,7563,1,24,2,480.0,48.983333333333334,32160,50160,80-A KBS-NLO-D31G
5112,7564,0,11,1,960.0,28.983333333333334,27060,27060,D27G-ANKL
5113,7567,0,16,2,480.0,19.0,22560,23760,MF-1F D6G-RMN
5114,7567,1,16,1,960.0,24.0,44400,44400,MF-1F D6G-RMN
5115,7569,0,32,1,960.0,84.98333333333333,62700,62700,285 SBS-MKC-PTLM
5116,7569,1,35,1,960.0,84.98333333333333,28800,28800,285 SBS-MKC-PTLM
5117,7570,0,48,2,480.0,97.49166666666666,34200,58200,285 SBS-MKC-DDP
5118,7570,1,50,2,480.0,97.49166666666666,52800,56700,285 SBS-MKC-DDP
5119,7571,1,2,18,53.333333333333336,5.0,42240,83700,D12-KGR
5120,7572,0,10,1,960.0,20.0,25500,25500,D09G-ISROOJ
5121,7573,0,51,1,960.0,150.0,27000,27000,306-M PURA-KBS
5122,7579,0,18,29,33.10344827586207,40.0,27600,73200,289-R
5123,7579,1,18,29,33.10344827586207,39.983333333333334,24900,68700,289-R
5124,7580,0,57,1,960.0,120.0,68400,68400,412-H
5125,7580,1,55,1,960.0,120.0,59400,59400,412-H
5126,7581,0,39,7,137.14285714285714,90.0,37200,75300,412
5127,7581,1,41,7,137.14285714285714,99.98333333333333,29400,67500,412
5128,7582,0,31,3,320.0,40.0,77400,81000,412 KLN-BRAB DMLR
5129,7582,1,28,3,320.0,35.0,16500,19500,412 KLN-BRAB DMLR
5130,7583,0,52,8,120.0,88.0,18900,54120,412 KLN-BSK
5131,7583,1,48,8,120.0,100.0,23700,61200,412 KLN-BSK
5132,7584,1,2,1,960.0,60.0,24300,24300,OASIS-2
5133,7587,0,43,1,960.0,99.98333333333333,59400,59400,227-P KBS-KSP
5134,7587,1,42,1,960.0,85.0,29100,29100,227-P KBS-KSP
5135,7588,0,45,1,960.0,84.98333333333333,22800,22800,227-P KMT-KSP
5136,7588,1,43,1,960.0,94.98333333333333,66600,66600,227-P KMT-KSP
5137,7589,0,34,2,480.0,41.5,27960,29160,366-KA D34G-MRD
5138,7589,1,33,2,480.0,41.5,64200,66900,366-KA D34G-MRD
5139,7592,0,21,3,320.0,58.983333333333334,21660,54660,366-N D34G-KMT
5140,7592,1,23,6,160.0,51.5,36000,76500,366-N D34G-KMT
5141,7593,0,32,1,960.0,58.983333333333334,24960,24960,366 D34-NSR
5142,7594,0,25,1,960.0,58.983333333333334,27660,27660,370-B D34G-KRTD
5143,7595,0,24,1,960.0,58.983333333333334,26760,26760,370-E D34G-RND
5144,7595,1,23,1,960.0,59.0,61200,61200,370-E D34G-RND
5145,7598,0,25,1,960.0,44.0,49560,49560,212-C D44-NGP
5146,7598,1,25,1,960.0,44.0,67200,67200,212-C D44-NGP
5147,7601,0,28,1,960.0,50.0,44700,44700,365J-BNZ-JNN
5148,7603,0,10,1,960.0,25.0,57600,57600,JAPC-RKT-BMS
5149,7603,1,10,2,480.0,25.0,29400,33000,JAPC-RKT-BMS
5150,7604,0,11,3,320.0,24.0,26460,29460,D27G-RKT-BMS
5151,7605,0,5,1,960.0,8.983333333333333,49860,49860,D14G-ARMY PTRC
5152,7606,0,2,1,960.0,35.0,23700,23700,ARMY-002
5153,7606,1,2,1,960.0,35.0,51000,51000,ARMY-002
5154,7608,0,38,6,160.0,80.0,41400,71400,60A-JNN-MDP-NBC
5155,7610,0,2,1,960.0,35.0,28500,28500,ST BEN-20
5156,7610,1,2,1,960.0,35.0,56400,56400,ST BEN-20
5157,7611,0,7,1,960.0,7.983333333333333,27720,27720,221-KGR-LVP
5158,7611,1,7,1,960.0,10.0,58800,58800,221-KGR-LVP
5159,7612,1,8,2,480.0,19.991666666666667,52800,53700,STBEN-KGR
5160,7614,0,21,39,24.615384615384617,35.0,23700,75300,MF-15
5161,7614,1,24,40,24.0,34.983333333333334,21600,72900,MF-15
5162,7616,0,33,1,960.0,89.98333333333333,32400,32400,V-250SB
5163,7618,0,28,1,960.0,43.983333333333334,73800,73800,VMH-D34G
5164,7620,0,23,1,960.0,60.0,33600,33600,27 BTMW-VSD-SBS
5165,7622,0,33,1,960.0,59.983333333333334,25500,25500,253-W D40G-TMH
5166,7623,0,34,2,480.0,69.98333333333333,38100,68100,295-B SBS-AGP
5167,7623,1,31,3,320.0,69.98333333333333,33600,74100,295-B SBS-AGP
5168,7624,0,39,1,960.0,85.0,34500,34500,295-D KBS-YBD
5169,7624,1,36,1,960.0,89.98333333333333,27300,27300,295-D KBS-YBD
5170,7626,0,8,1,960.0,9.0,23460,23460,D48G-KNP-NNH
5171,7627,0,40,2,480.0,72.48333333333333,35100,72300,293-L SBS-YBD
5172,7627,1,38,2,480.0,72.49166666666666,30300,67800,293-L SBS-YBD
5173,7628,1,49,1,960.0,94.98333333333333,29400,29400,298-E KBS-KDN
5174,7629,1,39,3,320.0,88.98333333333333,16500,54060,282 KMT-VNC-D52G
5175,7630,0,2,1,960.0,35.0,23100,23100,ARMY-6A
5176,7630,1,2,1,960.0,35.0,50100,50100,ARMY-6A
5177,7631,0,12,1,960.0,20.0,54000,54000,KLK-NGWJN
5178,7632,1,42,1,960.0,110.0,43800,43800,500-D MRHB-HBL-PSS
5179,7636,0,26,1,960.0,65.0,73800,73800,283-B HBLB-KDGC
5180,7636,1,24,1,960.0,70.0,58800,58800,283-B HBLB-KDGC
5181,7638,0,27,1,960.0,59.983333333333334,37500,37500,BC-7A KDBGC-MNKH-NMG
5182,7638,1,27,1,960.0,60.0,58200,58200,BC-7A KDBGC-MNKH-NMG
5183,7642,1,32,1,960.0,68.98333333333333,60600,60600,D42G-ATB
5184,7643,0,5,2,480.0,8.991666666666667,25260,26160,D12G-GEM
5185,7644,0,2,1,960.0,45.0,26400,26400,VLS-003
5186,7645,0,2,1,960.0,40.0,56400,56400,VLS-03
5187,7646,0,25,3,320.0,40.0,23400,51000,223-E RRMC-RMS
5188,7647,1,14,2,480.0,14.0,20100,67800,D12G-DBT
5189,7649,0,48,1,960.0,75.0,22800,22800,253-HA DSP-MLHP
5190,7650,0,22,2,480.0,74.98333333333333,35100,56100,336-A
5191,7650,1,20,2,480.0,72.5,28800,39900,336-A
5192,7651,0,16,1,960.0,38.983333333333334,26160,26160,D41G-KMP
5193,7652,0,18,1,960.0,49.983333333333334,60900,60900,KMP-KDG
5194,7653,0,18,1,960.0,40.0,60000,60000,45-G AGSLC-KBS
5195,7655,0,25,8,120.0,60.0,30600,62100,369-A
5196,7655,1,27,8,120.0,60.0,27000,58200,369-A
5197,7656,0,4,1,960.0,9.0,26160,26160,369-A D34-HLM
5198,7657,1,21,1,960.0,58.983333333333334,39600,39600,360-C D38G-BLR
5199,7660,1,42,1,960.0,89.0,38700,38700,KBS-1I D06G-LIDO-KDG
5200,7663,0,15,1,960.0,40.0,49800,49800,370-A BGT-UJPD
5201,7664,0,44,1,960.0,80.0,20100,20100,350-B KBS-MTN
5202,7664,1,40,1,960.0,74.98333333333333,15300,15300,350-B KBS-MTN
5203,7665,0,4,1,960.0,30.0,48900,48900,KBS-YTTMC
5204,7668,0,15,2,480.0,24.0,27060,30660,507-K D45G-CKB
5205,7669,0,28,8,120.0,50.0,31500,39900,378-C
5206,7669,1,27,8,120.0,49.983333333333334,26700,36600,378-C
5207,7670,0,30,4,240.0,58.983333333333334,50460,53160,378-C D34G-ELC
5208,7670,1,28,4,240.0,48.983333333333334,41400,44100,378-C D34G-ELC
5209,7671,0,26,3,320.0,48.983333333333334,24960,51660,D34G-JSD-JAPC
5210,7671,1,26,1,960.0,44.0,63000,63000,D34G-JSD-JAPC
5211,7672,0,45,13,73.84615384615384,69.98333333333333,21900,75900,378-C UTH-ELC
5212,7672,1,42,13,73.84615384615384,70.0,18000,71400,378-C UTH-ELC
5213,7674,0,18,1,960.0,28.983333333333334,66900,66900,8THM-D31G
5214,7677,0,20,1,960.0,30.0,62700,62700,MRTG-IIHS
5215,7678,0,27,1,960.0,39.983333333333334,31500,31500,IIHS-CLO
5216,7679,0,9,1,960.0,49.983333333333334,30000,30000,410-FA SNH-BSK
5217,7682,0,20,1,960.0,29.0,44100,44100,140 KMT-SNBS-KRMTTMC
5218,7682,1,17,1,960.0,29.0,50760,50760,140 KMT-SNBS-KRMTTMC
5219,7683,0,3,1,960.0,4.0,39600,39600,RZP-D52G
5220,7684,0,40,1,960.0,94.0,54060,54060,401-AK-D52G-CKB
5221,7684,1,39,1,960.0,88.98333333333333,37500,37500,401-AK-D52G-CKB
5222,7687,0,8,1,960.0,14.0,27060,27060,D35G-KTH
5223,7687,1,8,1,960.0,29.0,38400,38400,D35G-KTH
5224,7689,0,20,1,960.0,50.0,26100,26100,291 SBS-MNP
5225,7689,1,17,1,960.0,50.0,70200,70200,291 SBS-MNP
5226,7690,1,20,1,960.0,29.983333333333334,23700,23700,114 SBS-MRP
5227,7691,0,13,6,160.0,26.491666666666667,39900,66000,SBS-RTN-D14G
5228,7691,1,13,1,960.0,28.983333333333334,23160,23160,SBS-RTN-D14G
5229,7693,0,33,1,960.0,69.0,31860,31860,D45G-MKC-RMG-VSD KBS
5230,7694,0,16,2,480.0,28.983333333333334,22860,28560,366-M D34G-BTRD
5231,7694,1,16,3,320.0,29.0,42300,75000,366-M D34G-BTRD
5232,7699,0,36,1,960.0,63.983333333333334,63900,63900,288-A GPO-TDL-D45
5233,7702,0,13,1,960.0,48.983333333333334,51660,51660,279-A D14G-MKC-KMT
5234,7704,0,49,1,960.0,84.0,64860,64860,374-N D31G-NMG
5235,7705,0,18,1,960.0,44.0,66660,66660,G-7 D31G-JPTS
5236,7706,0,22,1,960.0,36.983333333333334,27480,27480,D31G-GDP
5237,7707,0,39,2,480.0,79.99166666666666,30900,58500,242-B TVK-KBS-VSD
5238,7707,1,39,2,480.0,82.5,36300,63900,242-B TVK-KBS-VSD
5239,7710,0,10,4,240.0,19.0,23760,30060,D35G-LDH
5240,7710,1,11,4,240.0,19.0,64800,74700,D35G-LDH
5241,7712,0,41,1,960.0,104.98333333333333,60600,60600,299-E KMT-GDH
5242,7715,0,21,7,137.14285714285714,59.983333333333334,26400,71100,300-R
5243,7715,1,23,7,137.14285714285714,70.0,24600,66600,300-R
5244,7723,0,55,22,43.63636363636363,105.0,18000,73500,516
5245,7723,1,52,21,45.714285714285715,105.0,18000,75000,516
5246,7726,0,50,6,160.0,90.0,23700,63600,374-S
5247,7726,1,51,6,160.0,90.0,29400,70800,374-S
5248,7728,1,43,1,960.0,88.98333333333333,38700,38700,600-KB CLO-ELCW Fly
5249,7732,1,42,1,960.0,99.98333333333333,27600,27600,251 KBS-SVK
5250,7734,0,11,15,64.0,40.0,20100,75300,154
5251,7734,1,10,15,64.0,39.983333333333334,22500,78000,154
5252,7735,0,11,1,960.0,14.0,24660,24660,CLO-VNK
5253,7735,1,12,1,960.0,19.0,76200,76200,CLO-VNK
5254,7736,0,40,8,120.0,84.98333333333333,20700,72900,255-R
5255,7736,1,41,8,120.0,85.0,19500,74100,255-R
5256,7742,0,15,11,87.27272727272727,34.0,21360,55260,MF-12 DPJN-BSK
5257,7743,0,43,15,64.0,65.0,26100,70500,401-RA
5258,7743,1,43,12,80.0,65.0,22500,66300,401-RA
5259,7744,0,22,16,60.0,50.0,20400,79200,225-BA
5260,7744,1,22,16,60.0,50.0,17700,70500,225-BA
5261,7747,0,67,3,320.0,120.0,42000,58500,401-RD
5262,7747,1,69,3,320.0,119.98333333333333,33600,50100,401-RD
5263,7749,0,17,4,240.0,29.983333333333334,28800,67800,225-C BEML5-MRBS
5264,7750,0,40,1,960.0,90.0,30600,30600,MF-11 KVUL-TNF-KDGMS
5265,7750,1,41,1,960.0,95.0,45600,45600,MF-11 KVUL-TNF-KDGMS
5266,7751,0,36,1,960.0,90.0,31800,31800,380 SBS-MVJ
5267,7751,1,35,1,960.0,84.98333333333333,54900,54900,380 SBS-MVJ
5268,7752,0,22,9,106.66666666666667,55.0,36300,40800,315
5269,7754,0,36,6,160.0,48.5,21960,29160,401-KB DPJN-KGR
5270,7754,1,35,4,240.0,50.0,53700,64500,401-KB DPJN-KGR
5271,7760,0,24,1,960.0,75.0,58800,58800,IMD-CSB
5272,7760,1,25,1,960.0,70.0,75300,75300,IMD-CSB
5273,7761,0,25,1,960.0,60.0,24600,24600,KBS-1K BEML-HAL-KDG
5274,7762,0,44,11,87.27272727272727,90.0,23460,53400,253-C
5275,7762,1,46,10,96.0,90.0,30600,72000,253-C
5276,7765,0,2,1,960.0,50.0,30300,30300,HSC-01B
5277,7765,1,2,1,960.0,50.0,55800,55800,HSC-01B
5278,7766,1,56,1,960.0,120.0,66600,66600,212-B KMT-KRH
5279,7770,0,27,5,192.0,55.0,28800,63000,238-J
5280,7770,1,27,4,240.0,55.0,32700,59400,238-J
5281,7771,0,10,1,960.0,29.0,66600,66600,UPLO-CLO
5282,7772,0,8,1,960.0,8.0,29520,29520,D17 CLO-BCCLO
5283,7776,0,38,7,137.14285714285714,80.0,34800,79200,410-FA SGH-YTTMC
5284,7776,1,38,8,120.0,80.0,26700,71100,410-FA SGH-YTTMC
5285,7780,0,2,1,960.0,40.0,28200,28200,ST BEN-19
5286,7780,1,2,1,960.0,40.0,56400,56400,ST BEN-19
5287,7781,0,38,2,480.0,84.98333333333333,28800,30600,289-V
5288,7781,1,39,4,240.0,84.98333333333333,30600,56100,289-V
5289,7782,0,26,1,960.0,59.0,26760,26760,289-V D52-BLR-DVH
5290,7782,1,27,1,960.0,59.0,61200,61200,289-V D52-BLR-DVH
5291,7784,0,33,2,480.0,85.0,26400,28200,505 VRK-ELCW
5292,7785,0,34,2,480.0,80.0,51900,53700,505 TNF-KKH-VRK
5293,7786,0,39,13,73.84615384615384,99.98333333333333,26700,74400,500-CH SJR-KRP
5294,7786,1,39,15,64.0,100.0,20700,57900,500-CH SJR-KRP
5295,7787,0,58,2,480.0,87.49166666666666,22200,63900,213-A KMT-NTG-GAT
5296,7787,1,57,2,480.0,90.0,27600,69600,213-A KMT-NTG-GAT
5297,7790,0,46,2,480.0,79.0,71100,71700,401-KB YBS-D12G
5298,7791,0,27,22,43.63636363636363,70.0,20400,76200,MF-18
5299,1099,1,2,82,11.707317073170731,5.0,11100,79200,D7-KBS
5300,7791,1,28,22,43.63636363636363,67.49166666666666,23700,80700,MF-18
5301,7793,0,41,1,960.0,104.98333333333333,32400,32400,227-H KPL-KMT-KBS
5302,7794,0,41,5,192.0,94.98333333333333,23400,33300,410-FA BTM-YTTMC
5303,7794,1,41,4,240.0,95.0,19500,24900,410-FA BTM-YTTMC
5304,7795,0,46,7,137.14285714285714,90.0,75000,78600,248 KMT-JHC-MLS
5305,7795,1,40,8,120.0,80.0,17400,21000,248 KMT-JHC-MLS
5306,7796,0,3,1,960.0,4.0,32760,32760,PTH-YSTF5
5307,7796,1,3,4,240.0,8.5,42000,69900,PTH-YSTF5
5308,7798,0,44,1,960.0,74.98333333333333,66300,66300,298-MP YHLOT-VJP
5309,7800,0,12,3,320.0,19.0,26160,30960,D51G-KDGB
5310,7800,1,12,3,320.0,19.0,65400,69000,D51G-KDGB
5311,7801,0,23,3,320.0,75.0,60900,64500,319 SVM-KDGB
5312,7803,0,6,1,960.0,5.0,16800,16800,366-R D27G-VDP
5313,7803,1,6,3,320.0,5.0,39900,78900,366-R D27G-VDP
5314,7804,0,36,1,960.0,105.0,59400,59400,342-N KBS-KMS
5315,7804,1,34,1,960.0,105.0,29400,29400,342-N KBS-KMS
5316,7805,0,11,7,137.14285714285714,35.0,46800,75900,K-2 BSN-MRBS
5317,7805,1,12,2,480.0,35.0,44700,73500,K-2 BSN-MRBS
5318,7806,0,39,1,960.0,80.0,76200,76200,263-B
5319,7806,1,43,2,480.0,89.98333333333333,28200,69000,263-B
5320,7807,0,37,2,480.0,70.0,20400,56400,263-B GNP-KBS
5321,7808,0,2,14,68.57142857142857,1.0,23400,54600,D22-D22G
5322,7808,1,2,22,43.63636363636363,1.0,26400,76140,D22-D22G
5323,7815,0,17,7,137.14285714285714,29.0,40800,78300,238-US KBS-VJN-DPJN
5324,7815,1,17,6,160.0,29.0,21060,50760,238-US KBS-VJN-DPJN
5325,7814,0,21,1,960.0,24.0,23460,23460,238-S DPJN-SGK
5326,7816,0,34,1,960.0,89.0,48360,48360,314 CLO-KBS-BEMLF
5327,7819,0,43,1,960.0,90.0,52500,52500,328-H ATB-KDG
5328,7819,1,43,1,960.0,89.98333333333333,58200,58200,328-H ATB-KDG
5329,7820,0,50,10,96.0,99.98333333333333,20700,73200,298-MY
5330,7820,1,49,10,96.0,104.98333333333333,20700,71100,298-MY
5331,7821,0,21,1,960.0,40.0,53100,53100,221-J KGR-UDBVS
5332,7821,1,22,1,960.0,35.0,30000,30000,221-J KGR-UDBVS
5333,7822,0,58,1,960.0,109.0,33000,33000,378-D ELC-D12G
5334,7823,0,16,103,9.320388349514563,29.983333333333334,20100,72900,381-F
5335,7823,1,17,113,8.495575221238939,30.0,16800,75000,381-F
5336,7824,0,47,3,320.0,89.0,33660,53160,293-S D52G-KBS
5337,7824,1,49,2,480.0,88.98333333333333,35700,37200,293-S D52G-KBS
5338,7825,0,48,2,480.0,89.0,51960,55860,293-SA D52G-KMT
5339,7825,1,54,1,960.0,89.0,40200,40200,293-SA D52G-KMT
5340,7827,1,36,1,960.0,90.0,69000,69000,282-C KBS-RJP
5341,7828,0,37,3,320.0,88.98333333333333,49560,53160,289-CB D52G-BLR-KBS
5342,7828,1,36,5,192.0,89.0,35100,41100,289-CB D52G-BLR-KBS
5343,7831,0,33,2,480.0,105.0,21600,61200,377-HG
5344,7831,1,33,2,480.0,104.99166666666666,29700,68400,377-HG
5345,7833,0,13,2,480.0,30.0,30000,64800,MF-25 TPH-JHMS
5346,7833,1,12,2,480.0,20.0,32100,66900,MF-25 TPH-JHMS
5347,7834,0,17,3,320.0,20.0,23100,29100,PSS-NLGDH-8THM
5348,7838,0,22,1,960.0,43.983333333333334,39600,39600,365-S MRD-D34G
5349,7839,0,15,1,960.0,39.983333333333334,63900,63900,36 VSD-SNR
5350,7839,1,14,1,960.0,45.0,33300,33300,36 VSD-SNR
5351,7840,0,15,1,960.0,45.0,62400,62400,36 VSDH-SNR
5352,7842,0,15,1,960.0,30.0,71700,71700,285 HRTA-HBLB
5353,7843,0,25,1,960.0,60.0,22800,22800,285 SBS-MKC-HRTA
5354,7846,0,33,1,960.0,58.983333333333334,36900,36900,80-G SNBS-KBS-SMH
5355,7849,0,37,1,960.0,90.0,36600,36600,317-SB
5356,7849,1,37,1,960.0,100.0,28800,28800,317-SB
5357,7850,0,46,2,480.0,90.0,34500,47400,316-N
5358,7850,1,43,2,480.0,89.98333333333333,27300,40200,316-N
5359,7851,0,42,2,480.0,97.49166666666666,36900,59700,289-GS
5360,7851,1,41,2,480.0,97.5,29100,52200,289-GS
5361,7852,0,18,2,480.0,44.983333333333334,31800,64800,290-EJ NGWJN-GKVK-YHK
5362,7852,1,19,2,480.0,44.983333333333334,28800,61800,290-EJ NGWJN-GKVK-YHK
5363,7856,0,22,1,960.0,30.0,20100,20100,MF-27 PSBS-MKL
5364,7856,1,21,1,960.0,45.0,75300,75300,MF-27 PSBS-MKL
5365,7857,0,30,2,480.0,59.983333333333334,56100,56400,K-2 MRBS-BEL
5366,7857,1,29,2,480.0,62.49166666666667,28500,28800,K-2 MRBS-BEL
5367,7858,0,28,1,960.0,69.98333333333333,47700,47700,218 KBS-STBTS
5368,7858,1,28,1,960.0,85.0,32100,32100,218 KBS-STBTS
5369,7863,0,33,4,240.0,84.99166666666666,37200,76800,289-S
5370,7863,1,34,4,240.0,85.0,18900,55500,289-S
5371,7864,0,17,27,35.55555555555556,35.0,20400,76500,399-G
5372,7864,1,19,27,35.55555555555556,35.0,22800,78900,399-G
5373,7865,0,48,6,160.0,85.0,31560,61200,401-T
5374,7865,1,49,6,160.0,85.0,31800,61500,401-T
5375,7866,0,72,1,960.0,114.98333333333333,66600,66600,293-SD
5376,7866,1,69,1,960.0,115.0,59400,59400,293-SD
5377,7867,0,43,2,480.0,84.98333333333333,54000,55800,293-SD YHKOT-DVH
5378,7870,0,41,3,320.0,99.98333333333333,25500,69900,371-C
5379,7870,1,39,3,320.0,90.0,20400,62100,371-C
5380,7871,0,32,1,960.0,54.983333333333334,41700,41700,241-G MRBS-D35G
5381,7871,1,30,1,960.0,54.983333333333334,52800,52800,241-G MRBS-D35G
5382,7872,0,13,1,960.0,19.0,49560,49560,241-N D31G-BDG
5383,7873,0,36,2,480.0,79.98333333333333,37800,60600,381-E TNF-HSK-KRMT
5384,7873,1,38,2,480.0,79.98333333333333,31200,65700,381-E TNF-HSK-KRMT
5385,7874,0,19,2,480.0,27.483333333333334,16500,74100,381-E HSK-HSKH-KRMT
5386,7874,1,20,2,480.0,27.5,42600,76200,381-E HSK-HSKH-KRMT
5387,7875,0,38,1,960.0,85.0,64500,64500,317-S BGR-VRKD
5388,7875,1,43,1,960.0,84.98333333333333,71400,71400,317-S BGR-VRKD
5389,7876,0,37,1,960.0,94.98333333333333,62100,62100,317-DS DSH-HSK-VRKD
5390,7876,1,40,1,960.0,95.0,69900,69900,317-DS DSH-HSK-VRKD
5391,7877,0,40,1,960.0,95.0,63000,63000,317-J KCH-HSK-VRKD
5392,7877,1,40,1,960.0,95.0,70500,70500,317-J KCH-HSK-VRKD
5393,7878,0,36,1,960.0,70.0,30600,30600,315 KRPGH-RMB-HLS LAKE-KBS
5394,7879,0,42,2,480.0,92.5,20400,50700,317-KH
5395,7879,1,41,1,960.0,89.98333333333333,14400,14400,317-KH
5396,7881,1,38,1,960.0,70.0,46200,46200,227
5397,7884,0,2,1,960.0,1.0,50400,50400,D43-VNC
5398,7884,1,2,1,960.0,5.0,44700,44700,D43-VNC
5399,7885,0,22,1,960.0,39.0,50760,50760,263 VNC-KMS
5400,7885,1,23,1,960.0,30.0,42900,42900,263 VNC-KMS
5401,7887,0,59,1,960.0,125.0,55500,55500,298PD-KBS-DNH
5402,7887,1,61,1,960.0,124.98333333333333,30900,30900,298PD-KBS-DNH
5403,7888,1,14,1,960.0,25.0,63000,63000,BC-7B PSS-ANDRH-HRHC
5404,7889,0,48,8,120.0,80.0,26400,78300,502-H KGR-PSS-MLS
5405,7889,1,43,8,120.0,80.0,18000,69600,502-H KGR-PSS-MLS
5406,7890,0,43,1,960.0,84.0,38400,38400,258-N SBS-D43G
5407,7890,1,43,1,960.0,83.98333333333333,44760,44760,258-N SBS-D43G
5408,7891,1,47,1,960.0,94.0,47460,47460,258 KMT-D43G
5409,7894,0,41,3,320.0,79.0,37800,72000,258-C KBS-D43G
5410,7895,0,56,2,480.0,99.98333333333333,22500,72600,227-U
5411,7895,1,53,3,320.0,110.0,16200,65400,227-U
5412,7899,0,50,1,960.0,85.0,25800,25800,290-RB
5413,7902,0,53,11,87.27272727272727,109.98333333333333,25200,72000,240-MD
5414,7902,1,53,10,96.0,109.98333333333333,18600,64800,240-MD
5415,7903,0,47,4,240.0,98.98333333333333,70500,73200,290-EY KBS-PTH
5416,7903,1,48,4,240.0,104.0,22260,24960,290-EY KBS-PTH
5417,7904,0,10,9,106.66666666666667,29.983333333333334,26700,67500,MF-38
5418,7905,0,37,1,960.0,89.98333333333333,48300,48300,250-SA ASK-SDN-KBS
5419,7906,0,32,1,960.0,69.98333333333333,26700,26700,250-SA KBS-SDN-KDG
5420,7907,0,41,5,192.0,79.0,36000,64500,258-KBS-D43G
5421,7907,1,41,10,96.0,83.98333333333333,21960,52860,258-KBS-D43G
5422,7908,0,13,48,20.0,14.0,21660,69360,258 D43G-VNC-NMG
5423,7908,1,13,44,21.818181818181817,18.983333333333334,1200,78900,258 D43G-VNC-NMG
5424,7909,0,3,1,960.0,9.0,27960,27960,256-B D43G-GJH
5425,7909,1,3,1,960.0,9.0,63000,63000,256-B D43G-GJH
5426,7910,0,38,1,960.0,48.983333333333334,25860,25860,256-MA D43G-TRHH
5427,7910,1,38,1,960.0,48.983333333333334,63000,63000,256-MA D43G-TRHH
5428,7911,0,14,1,960.0,23.983333333333334,29160,29160,257-C D43G-RVH
5429,7911,1,17,1,960.0,24.0,68400,68400,257-C D43G-RVH
5430,7912,0,21,1,960.0,24.0,27060,27060,258-E D43G-MYLH
5431,7912,1,21,1,960.0,28.983333333333334,64800,64800,258-E D43G-MYLH
5432,7913,1,39,3,320.0,64.0,36900,62700,258-M D43G-TMG
5433,7914,0,17,1,960.0,19.0,30660,30660,258 D43G-NMGRS
5434,7915,0,56,2,480.0,124.0,29760,30960,410-FD D43G-BSK
5435,7917,0,42,6,160.0,98.98333333333333,32400,63600,NICE-10 ELC-D43G
5436,7917,1,41,4,240.0,99.0,45060,54660,NICE-10 ELC-D43G
5437,7918,1,54,1,960.0,94.0,51660,51660,245-M KBS-D43G
5438,7919,0,62,1,960.0,93.98333333333333,39900,39900,245-M KMT-D43G
5439,7920,0,27,1,960.0,38.983333333333334,52860,52860,258-F D43G-SVP
5440,7921,1,20,1,960.0,28.983333333333334,39900,39900,258-P D43G-KGN
5441,7922,1,18,1,960.0,33.983333333333334,40800,40800,263-C D43G-KDH
5442,7923,1,49,1,960.0,54.0,37800,37800,401-A D43G-YHKOT
5443,7927,0,17,4,240.0,30.0,27900,68700,MF-39 JBMS-UBD
5444,7927,1,18,4,240.0,30.0,30000,70800,MF-39 JBMS-UBD
5445,7928,0,7,1,960.0,18.0,25620,25620,302-G KLN-HMA
5446,7928,1,7,1,960.0,19.0,63600,63600,302-G KLN-HMA
5447,7929,1,44,1,960.0,100.0,66600,66600,257-C KBS-YBS-KTN
5448,7930,0,28,1,960.0,63.983333333333334,36900,36900,228-E SBS-MGS-D12G
5449,7931,0,39,1,960.0,110.0,27000,27000,NICE-4A
5450,7931,1,47,1,960.0,109.98333333333333,60300,60300,NICE-4A
5451,7932,0,31,7,137.14285714285714,59.983333333333334,36600,64200,248-U
5452,7932,1,27,7,137.14285714285714,60.0,32700,60300,248-U
5453,7933,1,65,1,960.0,120.0,33900,33900,600 YBS-NBC-ELCW
5454,7935,0,38,1,960.0,90.0,63600,63600,317-SB SNBS-HSMT-HSK
5455,7936,1,23,1,960.0,30.0,44700,44700,MF-1K HSK-KDGMS
5456,7938,0,16,1,960.0,35.0,57900,57900,KBR-BELF
5457,7941,1,8,1,960.0,20.0,28500,28500,K-2 HBL-BELF
5458,7945,0,60,2,480.0,127.5,21300,59400,298-M KBS-BMVG-MYS
5459,7945,1,63,2,480.0,135.0,28800,69300,298-M KBS-BMVG-MYS
5460,7948,0,17,8,120.0,34.983333333333334,26400,69300,MF-2
5461,7948,1,17,8,120.0,34.983333333333334,28800,72000,MF-2
5462,7949,0,48,2,480.0,105.0,57300,70800,226-MA
5463,7949,1,49,2,480.0,104.98333333333333,30000,63900,226-MA
5464,7953,1,64,1,960.0,135.0,28800,28800,226-YB
5465,7955,0,56,2,480.0,109.99166666666666,24600,75600,334 -EA SBS-HSK
5466,7955,1,55,1,960.0,89.98333333333333,18900,18900,334 -EA SBS-HSK
5467,7959,0,20,1,960.0,29.0,29160,29160,242 D43G-SDKC-MTK
5468,7959,1,20,1,960.0,34.0,67500,67500,242 D43G-SDKC-MTK
5469,7961,0,49,1,960.0,80.0,56700,56700,502-H JHMS-HJLC
5470,7961,1,53,1,960.0,80.0,32100,32100,502-H JHMS-HJLC
5471,7969,1,21,1,960.0,60.0,26700,26700,284-C JLO 26M-KBS
5472,7972,0,43,1,960.0,89.98333333333333,59700,59700,231-D KBS-BTN
5473,7973,0,39,2,480.0,87.5,56100,70200,226-L KBS-HPC
5474,1100,0,59,147,6.530612244897959,100.0,17400,79500,378
5475,7973,1,36,1,960.0,105.0,63000,63000,226-L KBS-HPC
5476,7974,0,15,5,192.0,29.0,66300,75300,238-V KBS-DPJN
5477,7974,1,15,7,137.14285714285714,29.0,21660,49260,238-V KBS-DPJN
5478,7975,0,21,5,192.0,44.983333333333334,24660,61500,401-KB DPJN-YBS
5479,7975,1,19,6,160.0,44.483333333333334,40800,76800,401-KB DPJN-YBS
5480,7976,0,6,1,960.0,14.0,51960,51960,138 D6G-KVASC
5481,7977,0,13,1,960.0,20.0,80100,80100,163-C SBS-ILC
5482,7980,0,34,18,53.333333333333336,65.0,18000,77700,344-J
5483,7980,1,33,18,53.333333333333336,59.983333333333334,18000,77100,344-J
5484,7982,0,25,3,320.0,74.98333333333333,38400,59100,330-B
5485,7982,1,26,3,320.0,74.98333333333333,31800,54300,330-B
5486,7984,0,29,6,160.0,67.49166666666666,18600,67500,314-C
5487,7984,1,27,6,160.0,65.0,17100,62700,314-C
5488,7985,0,30,39,24.615384615384617,88.98333333333333,21960,56160,500-D D10G-TNF-CSB
5489,7985,1,31,6,160.0,89.0,40200,71100,500-D D10G-TNF-CSB
5490,7986,0,8,3,320.0,14.0,24660,54060,500-D D10G-NGW-HBLB
5491,7986,1,8,26,36.92307692307692,13.983333333333333,45300,76200,500-D D10G-NGW-HBLB
5492,7987,0,2,35,27.428571428571427,2.0,22200,56100,D10-D10GATE
5493,7987,1,2,37,25.945945945945947,1.0,40440,79440,D10-D10GATE
5494,7988,0,36,12,80.0,100.0,25200,79500,500-D HBLB-BTM
5495,7988,1,38,2,480.0,99.98333333333333,17700,31500,500-D HBLB-BTM
5496,7989,0,31,1,960.0,83.0,24120,24120,500-D D10G-BTM
5497,7990,1,17,3,320.0,29.0,43800,64800,507 D10G-RMN-KRPGH
5498,7992,0,37,4,240.0,97.49166666666666,23700,61200,289-SB
5499,7992,1,38,4,240.0,100.0,29400,69000,289-SB
5500,7994,0,35,1,960.0,99.0,59100,59100,282-A KMT-HSH-D52G
5501,7995,0,4,1,960.0,9.0,31860,31860,D52G-VVC
5502,7996,0,7,1,960.0,8.983333333333333,27660,27660,D52-BGLR-BYLHL
5503,7997,0,51,4,240.0,94.99166666666666,55800,62400,401-AN PTH-NMG
5504,7997,1,48,4,240.0,90.0,47400,54000,401-AN PTH-NMG
5505,7998,0,26,3,320.0,53.983333333333334,27360,51660,365-H D34G-JDLF
5506,7998,1,27,3,320.0,54.0,44700,67200,365-H D34G-JDLF
5507,7999,0,52,2,480.0,105.0,22800,37800,365-JA
5508,7999,1,49,2,480.0,109.98333333333333,55200,71100,365-JA
5509,8000,0,50,4,240.0,104.98333333333333,38700,56400,365-H
5510,8000,1,55,4,240.0,105.0,30600,47400,365-H
5511,8001,1,55,1,960.0,115.0,29100,29100,365-JA KBS-VSD-JDLF
5512,8006,0,22,1,960.0,55.0,49200,49200,333 KBS-HALM-BEMLF
5513,8006,1,19,1,960.0,60.0,24600,24600,333 KBS-HALM-BEMLF
5514,8011,0,31,2,480.0,70.0,36000,54900,201-V CSB-RMN
5515,8011,1,32,2,480.0,70.0,40500,60600,201-V CSB-RMN
5516,8012,0,28,1,960.0,64.98333333333333,45000,45000,201-V
5517,8012,1,29,2,480.0,65.0,30600,50700,201-V
5518,8013,0,35,31,30.967741935483872,94.98333333333333,16500,67200,500-EB
5519,8013,1,34,30,32.0,94.99166666666666,21600,74100,500-EB
5520,8014,0,25,5,192.0,59.983333333333334,24300,76500,319-E
5521,8014,1,29,6,160.0,62.49166666666667,20400,71100,319-E
5522,8016,0,34,1,960.0,64.0,42600,42600,319-E SMVT-D51G
5523,8015,0,2,13,73.84615384615384,1.0,21600,68100,D09-D09G
5524,8015,1,2,10,96.0,1.0,41340,77340,D09-D09G
5525,8017,0,6,5,192.0,9.0,22560,68160,D09G-JHC
5526,8017,1,7,3,320.0,9.0,46200,73800,D09G-JHC
5527,8018,0,27,4,240.0,44.0,43500,44700,248 JHC-DPJN
5528,8020,0,20,2,480.0,35.0,29700,61200,289-AK
5529,8021,0,2,1,960.0,45.0,25500,25500,BEL GS-31
5530,8021,1,2,1,960.0,45.0,61800,61800,BEL GS-31
5531,8024,0,39,1,960.0,70.0,21600,21600,293-Y
5532,8025,0,38,1,960.0,74.98333333333333,60300,60300,293-YA
5533,8025,1,38,1,960.0,74.98333333333333,26100,26100,293-YA
5534,8030,0,2,1,960.0,60.0,24600,24600,BELGS-21
5535,8035,0,7,1,960.0,14.0,27660,27660,293 KLN-LHIC
5536,8036,0,12,1,960.0,40.0,28800,28800,293 LHIC-SBS
5537,8040,1,54,3,320.0,120.0,40500,69600,356-M KBS-SNBS-ANK
5538,8041,0,49,3,320.0,120.0,20100,62100,359-A
5539,8041,1,46,3,320.0,119.98333333333333,28200,71700,359-A
5540,8042,0,3,1,960.0,5.0,57600,57600,KBS-CCC
5541,8044,0,65,1,960.0,110.0,21300,21300,213-DA
5542,8044,1,68,1,960.0,110.0,28200,28200,213-DA
5543,8045,0,59,9,106.66666666666667,99.98333333333333,21300,67500,213-VD
5544,8045,1,58,8,120.0,99.98333333333333,29100,74700,213-VD
5545,8050,0,47,1,960.0,114.98333333333333,69000,69000,365-J KBS-NSB-D27G
5546,8050,1,49,1,960.0,80.0,15600,15600,365-J KBS-NSB-D27G
5547,8052,0,10,1,960.0,15.0,25800,25800,MF-49 DSP-CMS
5548,8052,1,11,1,960.0,14.983333333333333,64800,64800,MF-49 DSP-CMS
5549,8054,0,20,12,80.0,30.0,30900,61200,MF-51
5550,8054,1,23,12,80.0,40.0,28200,57000,MF-51
5551,8055,0,23,2,480.0,40.0,25500,27300,MF-51 DSP-KDBC
5552,8055,1,23,2,480.0,40.0,60000,63600,MF-51 DSP-KDBC
5553,8057,0,36,1,960.0,55.0,51600,51600,293 SBS-CHLS
5554,8060,0,14,1,960.0,44.0,27660,27660,289-B D52G-KDYPH
5555,8060,1,13,1,960.0,44.0,63300,63300,289-B D52G-KDYPH
5556,8062,0,2,1,960.0,60.0,61800,61800,BEL GS-20
5557,8062,1,2,1,960.0,60.0,24600,24600,BEL GS-20
5558,8063,0,6,1,960.0,10.0,22800,22800,43-C MRBS-HSKH
5559,8063,1,7,1,960.0,9.983333333333333,65700,65700,43-C MRBS-HSKH
5560,8065,0,63,1,960.0,120.0,21600,21600,226-VC
5561,8066,0,56,3,320.0,109.98333333333333,24300,72600,258-VB
5562,8066,1,56,3,320.0,114.98333333333333,18600,64200,258-VB
5563,8067,0,75,1,960.0,149.98333333333332,18000,18000,258-DG
5564,8068,0,9,1,960.0,9.983333333333333,900,900,253-J CBK-MLS
5565,8069,0,3,1,960.0,5.0,19200,19200,253-J MLS-BNM
5566,8071,0,23,1,960.0,40.0,78300,78300,253-J KBS-MLS
5567,8071,1,24,1,960.0,40.0,19800,19800,253-J KBS-MLS
5568,8073,0,7,1,960.0,20.0,33000,33000,88-B BSNB-SRPS
5569,8075,0,74,1,960.0,144.98333333333332,26400,26400,258-M KMT-HIM-TMG
5570,8077,0,34,2,480.0,74.98333333333333,35400,52800,256-MD
5571,8077,1,34,2,480.0,75.0,30600,57600,256-MD
5572,8083,0,25,30,32.0,74.98333333333333,22200,66900,502-C
5573,8083,1,25,35,27.428571428571427,75.0,26400,68400,502-C
5574,8084,0,39,15,64.0,80.0,19800,75600,515-A
5575,8084,1,41,15,64.0,79.98333333333333,19800,78300,515-A
5576,8085,0,19,1,960.0,29.983333333333334,26700,26700,60-A JNN-VTN
5577,8085,1,19,1,960.0,40.0,28800,28800,60-A JNN-VTN
5578,8086,0,41,27,35.55555555555556,94.98333333333333,18000,77100,410-FG
5579,8086,1,43,26,36.92307692307692,94.98333333333333,18000,78900,410-FG
5580,8087,0,57,2,480.0,129.98333333333332,47400,48600,501-CD
5581,8087,1,56,2,480.0,130.0,39300,40500,501-CD
5582,8088,0,64,2,480.0,163.98333333333332,27660,28860,501-CD DPJN-NDH-CSB
5583,8088,1,64,2,480.0,168.98333333333332,57000,58200,501-CD DPJN-NDH-CSB
5584,8090,0,7,27,35.55555555555556,14.983333333333333,24000,75000,MF-48
5585,8090,1,7,27,35.55555555555556,15.0,22800,73800,MF-48
5586,8092,0,26,6,160.0,66.49166666666666,18000,51960,271-C D45G-SGP-KBS
5587,8092,1,28,3,320.0,69.98333333333333,41400,74700,271-C D45G-SGP-KBS
5588,8093,1,41,2,480.0,87.5,57900,60000,271-C YHKOT-SGP-KBS
5589,8095,0,2,1,960.0,60.0,55800,55800,BCGHS-15
5590,8095,1,2,1,960.0,60.0,25200,25200,BCGHS-15
5591,8096,0,6,1,960.0,10.0,28800,28800,BCGHS-GBC
5592,8098,0,3,1,960.0,5.0,24600,24600,KLN-80FTRD
5593,8102,0,33,6,160.0,80.0,27900,61200,EXP NICE-10E
5594,8102,1,32,2,480.0,80.0,63000,64800,EXP NICE-10E
5595,8103,0,22,17,56.470588235294116,69.0,24300,62400,NICE-5K
5596,8103,1,20,17,56.470588235294116,68.98333333333333,30600,70200,NICE-5K
5597,8106,0,48,1,960.0,100.0,64800,64800,NICE-5B
5598,8106,1,44,1,960.0,89.98333333333333,27900,27900,NICE-5B
5599,8107,0,30,16,60.0,80.0,22800,75300,502-CA
5600,8107,1,32,16,60.0,79.98333333333333,18000,70200,502-CA
5601,8109,0,44,1,960.0,89.98333333333333,27900,27900,EXP NICE-5E
5602,8109,1,50,1,960.0,89.98333333333333,63000,63000,EXP NICE-5E
5603,8108,0,51,1,960.0,105.0,48000,48000,227-AM
5604,8108,1,51,1,960.0,109.98333333333333,27900,27900,227-AM
5605,8111,0,27,1,960.0,70.0,27600,27600,EXP NICE-4E
5606,8111,1,35,1,960.0,80.0,63000,63000,EXP NICE-4E
5607,8113,0,31,5,192.0,49.983333333333334,32100,63900,502-M
5608,8113,1,30,5,192.0,50.0,28800,58200,502-M
5609,8114,0,55,1,960.0,99.98333333333333,55800,55800,378 KGR-ELCW
5610,8116,0,36,8,120.0,60.0,28200,76800,410-FB
5611,8116,1,36,9,106.66666666666667,60.0,21000,70200,410-FB
5612,8115,0,36,2,480.0,79.98333333333333,41100,59700,221-A
5613,8115,1,35,2,480.0,80.0,34500,54300,221-A
5614,8117,0,26,9,106.66666666666667,69.98333333333333,19800,72300,G-6B
5615,8117,1,27,7,137.14285714285714,70.0,21060,76800,G-6B
5616,8118,1,26,2,480.0,70.0,30600,33000,G-6B FLYOVER
5617,8119,0,25,1,960.0,60.0,31500,31500,230-C
5618,8120,0,37,1,960.0,89.98333333333333,56700,56700,297-K HBLB-VNP
5619,8123,1,34,1,960.0,79.98333333333333,73800,73800,285-MF YHKOT-KDH
5620,8124,0,21,2,480.0,39.0,25260,30060,356-A D38G-TTNH
5621,8124,1,20,2,480.0,38.983333333333334,60600,65700,356-A D38G-TTNH
5622,8125,0,41,2,480.0,99.98333333333333,30300,31500,500-A ISROM-HBL-MTK-YBS
5623,8127,0,35,1,960.0,75.0,63000,63000,251-D KMT-VSD-LGR
5624,8127,1,36,1,960.0,74.98333333333333,31500,31500,251-D KMT-VSD-LGR
5625,8133,0,29,1,960.0,54.0,50460,50460,60-A CLO-JNN
5626,8133,1,30,2,480.0,51.5,42600,43200,60-A CLO-JNN
5627,8135,0,11,5,192.0,30.0,29100,56700,MF-8A
5628,8135,1,16,6,160.0,35.0,26100,59100,MF-8A
5629,8138,0,3,1,960.0,5.0,25500,25500,90-E KBS-MMS
5630,8139,1,35,1,960.0,90.0,29700,29700,283-B KBS-KDGC
5631,8140,0,54,1,960.0,134.98333333333332,63000,63000,253-G KBS-MDR-MRS-BDP
5632,8140,1,55,1,960.0,130.0,26400,26400,253-G KBS-MDR-MRS-BDP
5633,8141,0,60,1,960.0,120.0,41400,41400,399-F ANK-KDG
5634,8144,0,27,1,960.0,54.983333333333334,52800,52800,291 SBS-SDH
5635,8144,1,25,1,960.0,54.983333333333334,49200,49200,291 SBS-SDH
5636,8145,0,51,3,320.0,120.0,22800,72000,366-D
5637,8145,1,49,3,320.0,120.0,17400,63000,366-D
5638,8148,0,46,2,480.0,119.98333333333333,36900,53100,356-AB
5639,8148,1,44,2,480.0,117.49166666666666,27900,44400,356-AB
5640,8149,0,20,3,320.0,44.983333333333334,29700,61800,161-B
5641,8149,1,20,3,320.0,45.0,32700,64800,161-B
5642,8150,0,20,2,480.0,49.99166666666667,29100,56400,168-E
5643,8150,1,18,3,320.0,45.0,26100,59400,168-E
5644,8154,0,11,1,960.0,10.0,32400,32400,RRC-KST
5645,8155,0,36,1,960.0,70.0,39000,39000,234-E SBS-KMT-UST
5646,8156,0,21,6,160.0,50.0,23400,76500,43-M
5647,8156,1,21,5,192.0,50.0,20700,72600,43-M
5648,8158,0,44,2,480.0,77.49166666666666,22200,72900,353-E
5649,8158,1,42,3,320.0,99.98333333333333,17400,65100,353-E
5650,8160,0,45,1,960.0,99.98333333333333,53100,53100,353-E KBS-HNK
5651,8161,0,33,2,480.0,88.98333333333333,24660,27060,EXP NICE-10E D38-MDV
5652,8163,0,68,1,960.0,119.0,38700,38700,401-R BEML5-PTH
5653,8164,0,49,1,960.0,135.0,55500,55500,502-E KTP-ITPL
5654,8165,0,4,1,960.0,9.0,27960,27960,D09G-TEPL
5655,8165,1,4,1,960.0,9.0,66900,66900,D09G-TEPL
5656,8166,1,42,1,960.0,90.0,24600,24600,225-CA BEML5-HAL ARDC
5657,8168,1,28,1,960.0,69.98333333333333,65400,65400,225-CA SBS-KMT-CNS
5658,8172,0,37,1,960.0,69.98333333333333,62400,62400,285-MC YSTF-NES-DBP
5659,8173,0,35,1,960.0,69.98333333333333,36600,36600,195 SBS-CLO-MDPC
5660,8174,0,59,1,960.0,140.0,52500,52500,253-HC
5661,8176,0,44,1,960.0,105.0,30900,30900,231-D BTN-KMT-KBS
5662,8177,0,41,1,960.0,79.98333333333333,75000,75000,248 KMT-D22G-JHC
5663,8178,0,28,1,960.0,59.983333333333334,18000,18000,G-252 KBS D9 D22-PSS
5664,8180,0,22,66,14.545454545454545,35.0,22800,74400,MF-14A
5665,8180,1,22,69,13.91304347826087,34.983333333333334,23700,76800,MF-14A
5666,8181,0,35,1,960.0,85.0,60600,60600,282-B KBS-MGH
5667,8181,1,36,4,240.0,84.98333333333333,19800,67500,282-B KBS-MGH
5668,8182,0,26,1,960.0,50.0,51900,51900,282-B HBLB-MGH
5669,8182,1,25,1,960.0,50.0,48600,48600,282-B HBLB-MGH
5670,8183,0,2,1,960.0,5.0,48300,48300,D52-MGH
5671,8183,1,2,1,960.0,5.0,42900,42900,D52-MGH
5672,8184,0,27,6,160.0,55.0,27000,72600,77-F
5673,8184,1,28,6,160.0,55.0,23400,69000,77-F
5674,8187,0,22,9,106.66666666666667,50.0,29100,60300,MF-4B
5675,8187,1,21,10,96.0,52.49166666666667,28800,63600,MF-4B
5676,8188,0,23,1,960.0,65.0,30600,30600,238-E NTR-SBS
5677,8189,0,7,1,960.0,9.0,29760,29760,CLO-NTR
5678,8190,0,9,5,192.0,30.0,26100,59400,136
5679,8190,1,7,4,240.0,32.5,27900,57000,136
5680,8193,0,12,1,960.0,20.0,49800,49800,60-A JJN-VJNT
5681,8194,0,33,4,240.0,104.98333333333333,19200,51900,TR-4 VTTMC-NGV
5682,8194,1,34,1,960.0,120.0,74400,74400,TR-4 VTTMC-NGV
5683,8195,0,14,1,960.0,14.0,26160,26160,K-2 CLO-BSN
5684,5953,0,2,2,480.0,42.0,57600,62940,Vivek_Test14
5685,5953,1,2,9,106.66666666666667,37.0,240,72240,Vivek_Test14
5686,8198,0,41,1,960.0,94.98333333333333,23700,23700,298-A KBS-UNV
5687,8198,1,43,2,480.0,97.49166666666666,18000,31200,298-A KBS-UNV
5688,8199,0,28,2,480.0,64.99166666666666,18000,51900,300-R YRS-KBS-SMVR
5689,8199,1,25,2,480.0,70.0,21900,75000,300-R YRS-KBS-SMVR
5690,8200,0,61,1,960.0,163.98333333333332,50460,50460,500-DM YBS-HBL-ELCW
5691,8201,0,16,5,192.0,34.983333333333334,24300,73800,61-B
5692,8201,1,16,6,160.0,35.0,21900,71100,61-B
5693,8203,0,27,6,160.0,70.0,36000,64800,364-C
5694,8203,1,28,7,137.14285714285714,69.98333333333333,31500,69600,364-C
5695,8202,0,46,4,240.0,89.98333333333333,17400,22200,501-BH BTM-BSK-HBLB
5696,8202,1,48,4,240.0,97.49166666666666,73800,76500,501-BH BTM-BSK-HBLB
5697,8205,0,11,9,106.66666666666667,25.0,23100,61200,MF-1KA
5698,8205,1,12,9,106.66666666666667,25.0,24600,63000,MF-1KA
5699,8206,0,54,1,960.0,140.0,53400,53400,319 MDR-KDG-KMT
5700,8208,1,19,2,480.0,50.0,33300,34500,121-BA SBS-KMTFLY-VSD-VJN
5701,8209,1,36,1,960.0,69.0,25860,25860,410-K BSK-D35G
5702,8210,0,59,2,480.0,107.5,19800,63000,240-J
5703,8211,0,19,2,480.0,49.5,24060,51300,500 YTTMC-HBLB-JKLO
5704,8212,0,51,2,480.0,87.49166666666666,29700,54600,MF-28
5705,8212,1,48,3,320.0,89.98333333333333,23700,66000,MF-28
5706,8213,0,52,1,960.0,90.0,27300,27300,MF-28 JKLO-ISROQ-LGRNB
5707,8213,1,50,1,960.0,89.98333333333333,61800,61800,MF-28 JKLO-ISROQ-LGRNB
5708,8216,0,30,2,480.0,61.49166666666667,28860,47160,315-E D51-KBS
5709,8216,1,32,1,960.0,5.0,56100,56100,315-E D51-KBS
5710,8235,0,38,2,480.0,84.99166666666666,47700,61200,350-A
5711,8235,1,35,2,480.0,90.0,29700,55500,350-A
5712,8236,0,76,3,320.0,129.98333333333332,24000,67800,243-M
5713,8236,1,74,2,480.0,130.0,16500,57000,243-M
5714,8237,0,10,1,960.0,20.0,27600,27600,282 BLR-VNC
5715,8237,1,10,1,960.0,25.0,28800,28800,282 BLR-VNC
5716,8238,0,10,2,480.0,15.0,53100,54900,PTLMT-PRU
5717,8239,0,35,1,960.0,85.0,56100,56100,285 PRU-CVB
5718,8242,0,38,1,960.0,80.0,24300,24300,298-E HBLB-KND
5719,8244,0,42,1,960.0,109.0,29460,29460,342 D42G-CPWD-VSD
5720,8244,1,42,1,960.0,94.0,63900,63900,342 D42G-CPWD-VSD
5721,8248,0,24,7,137.14285714285714,60.0,36000,64500,25-BA
5722,8248,1,24,7,137.14285714285714,60.0,31500,60300,25-BA
5723,8249,0,18,1,960.0,29.0,40500,40500,314 KBS-KFC-D06G
5724,8249,1,16,1,960.0,38.983333333333334,26460,26460,314 KBS-KFC-D06G
5725,8250,1,49,1,960.0,105.0,24900,24900,227-VA KBS-MCBC
5726,8251,0,29,1,960.0,55.0,28500,28500,K-2 BELF-HMPNRPC
5727,8252,0,40,1,960.0,93.98333333333333,36000,36000,227-Z SGH-KGR-D12G
5728,8254,0,12,1,960.0,24.983333333333334,21600,21600,201-M HMNRPC-ANKT
5729,8254,1,13,1,960.0,25.0,66300,66300,201-M HMNRPC-ANKT
5730,8257,0,38,2,480.0,73.98333333333333,37500,39600,515 JHC-KGR-D12G
5731,8263,0,38,1,960.0,79.0,63600,63600,G-6 SNBS-LMG-D12G
5732,8273,0,72,1,960.0,135.0,57300,57300,258-MK
5733,8273,1,72,1,960.0,129.98333333333332,26100,26100,258-MK
5734,8275,0,29,4,240.0,60.0,21900,57000,K-2 MRBS-RMV 2
5735,8275,1,27,4,240.0,59.983333333333334,25200,61500,K-2 MRBS-RMV 2
5736,8276,0,13,4,240.0,15.0,42300,75900,BC-7B BDYH-PSS
5737,8277,0,40,1,960.0,63.983333333333334,29700,29700,254 MVP-KBS
5738,8278,0,36,1,960.0,73.98333333333333,26760,26760,215-N D44-KKC-SBS
5739,8278,1,35,2,480.0,76.49166666666666,38100,61500,215-N D44-KKC-SBS
5740,8281,0,46,1,960.0,114.98333333333333,22500,22500,361-K
5741,8281,1,44,1,960.0,129.98333333333332,29700,29700,361-K
5742,8283,1,30,1,960.0,75.0,60900,60900,354-C CSB-AJBN
5743,8284,1,32,1,960.0,79.98333333333333,61200,61200,291-JA KBS-ALO
5744,8286,0,26,1,960.0,69.98333333333333,67800,67800,281-F YHKOT-HNS
5745,8286,1,26,1,960.0,60.0,25500,25500,281-F YHKOT-HNS
5746,8287,0,28,1,960.0,50.0,58200,58200,MF-23B JHC-BELF
5747,8287,1,30,1,960.0,50.0,62700,62700,MF-23B JHC-BELF
5748,8289,1,38,1,960.0,74.0,63600,63600,CALLBUS-7
5749,8290,0,30,1,960.0,74.98333333333333,63000,63000,243-L SBS-VSD-KBS-LDH
5750,8290,1,27,1,960.0,75.0,31800,31800,243-L SBS-VSD-KBS-LDH
5751,8291,0,67,1,960.0,129.98333333333332,59400,59400,258-T
5752,8291,1,67,1,960.0,144.98333333333332,26700,26700,258-T
5753,8294,0,11,1,960.0,19.0,26460,26460,D38G-CKTM
5754,8294,1,11,1,960.0,19.0,63900,63900,D38G-CKTM
5755,8295,0,41,5,192.0,89.98333333333333,21600,72600,365-DB
5756,8295,1,38,5,192.0,90.0,16800,65400,365-DB
5757,8296,0,2,2,480.0,15.0,34800,36000,KPTCL-01
5758,8296,1,2,2,480.0,12.5,63600,64800,KPTCL-01
5759,8297,0,21,3,320.0,50.0,36900,51600,168-D
5760,8297,1,19,4,240.0,49.983333333333334,30600,59100,168-D
5761,8298,0,2,1,960.0,5.0,62400,62400,KBS-KPCC
5762,8298,1,5,2,480.0,10.0,36000,37200,KBS-KPCC
5763,8300,0,33,7,137.14285714285714,55.0,19500,78900,238-UN
5764,8300,1,33,7,137.14285714285714,60.0,16800,72900,238-UN
5765,8302,0,35,2,480.0,82.5,24600,55500,266-N KBS-MLP
5766,8302,1,34,1,960.0,84.98333333333333,62100,62100,266-N KBS-MLP
5767,8303,0,62,1,960.0,145.0,71400,71400,503-A VRP-BSK
5768,8303,1,63,1,960.0,110.0,17400,17400,503-A VRP-BSK
5769,8306,0,57,3,320.0,110.0,27000,71400,240-J DML-CML-KMT
5770,8307,0,8,2,480.0,9.5,23760,51300,D09G-TGP
5771,8307,1,8,2,480.0,9.491666666666667,49500,76800,D09G-TGP
5772,8308,0,30,3,320.0,54.0,21660,47760,248 D09G-KMT
5773,8308,1,36,3,320.0,48.983333333333334,40200,73200,248 D09G-KMT
5774,8309,0,30,3,320.0,60.0,34800,54300,346-E
5775,8309,1,30,3,320.0,59.983333333333334,30600,50400,346-E
5776,8301,0,44,2,480.0,73.99166666666666,60600,68400,245-M KBS-SVNP-D43G
5777,8310,0,38,1,960.0,89.0,49260,49260,256-B D43G-GJH-KBS
5778,8312,0,25,2,480.0,29.983333333333334,51000,51300,258 DSP-RGH
5779,8313,0,17,1,960.0,30.0,22500,22500,248 D09G-CKB
5780,8314,1,50,1,960.0,90.0,41700,41700,258-E KBS-MYH
5781,8316,0,2,1,960.0,15.0,31500,31500,PTPL-2R
5782,8316,1,2,1,960.0,15.0,65700,65700,PTPL-2R
5783,8325,0,78,9,106.66666666666667,180.0,600,73200,KIA-8H
5784,8325,1,78,11,87.27272727272727,179.98333333333332,15900,74700,KIA-8H
5785,8326,1,50,1,960.0,135.0,66000,66000,370-AA
5786,8327,1,55,1,960.0,110.0,32400,32400,366-KA KBS-MRD
5787,8328,0,43,3,320.0,94.98333333333333,50100,63000,316-YA
5788,8328,1,42,4,240.0,94.98333333333333,27000,57000,316-YA
5789,8330,0,9,1,960.0,14.0,25860,25860,D34G-CCDV
5790,8331,0,2,1,960.0,35.0,27000,27000,VLS-5
5791,8331,1,2,1,960.0,50.0,56400,56400,VLS-5
5792,8332,0,15,1,960.0,25.0,59700,59700,364-B CCDV-JBS
5793,8336,0,34,8,120.0,65.0,27000,63300,NICE-2
5794,8336,1,31,8,120.0,69.98333333333333,31500,67800,NICE-2
5795,8337,0,6,1,960.0,30.0,28200,28200,CKA-DSIT
5796,8339,1,35,1,960.0,80.0,30300,30300,222-H SBS-KMT Fly-SNH
5797,8340,0,15,1,960.0,28.983333333333334,27960,27960,286-B D14G-CKH
5798,8341,0,24,1,960.0,64.98333333333333,41400,41400,286-B-CKH-KBS
5799,8343,0,40,5,192.0,89.98333333333333,24300,61200,V-500FA
5800,8343,1,37,4,240.0,90.0,37800,54000,V-500FA
5801,8344,0,40,2,480.0,85.0,26400,28800,NICE-6T
5802,8344,1,37,2,480.0,80.0,62100,63900,NICE-6T
5803,8345,0,28,1,960.0,60.0,54600,54600,315-G CNS-DML
5804,8346,1,22,2,480.0,75.0,34500,37800,220-F KMT-PSW
5805,1100,1,58,172,5.5813953488372094,100.0,16200,78900,378
5806,8347,0,2,1,960.0,60.0,24600,24600,CRST-5A
5807,8347,1,2,1,960.0,60.0,55800,55800,CRST-5A
5808,8348,0,38,1,960.0,84.98333333333333,68400,68400,255-AC KBS-ALRBDA
5809,8348,1,38,1,960.0,84.98333333333333,23700,23700,255-AC KBS-ALRBDA
5810,8351,0,26,2,480.0,57.0,23160,51600,36-A CLO-NDH-AVLH-KBS
5811,8351,1,26,2,480.0,59.5,47400,75300,36-A CLO-NDH-AVLH-KBS
5812,8354,0,10,1,960.0,30.0,30600,30600,V-DIVYA DARSHANA-3
5813,8355,0,45,2,480.0,87.5,78300,79200,248-B KMT-MLS
5814,8355,1,40,1,960.0,70.0,19800,19800,248-B KMT-MLS
5815,8357,0,25,1,960.0,49.983333333333334,51300,51300,252 D22G-KBS
5816,8357,1,24,1,960.0,59.0,64200,64200,252 D22G-KBS
5817,8358,0,2,1,960.0,54.0,25260,25260,SJBHS-04C
5818,8358,1,2,1,960.0,55.0,56700,56700,SJBHS-04C
5819,8360,1,21,1,960.0,50.0,58800,58800,410-FC JHC-NDHMS
5820,8361,0,2,1,960.0,55.0,25500,25500,BCGS-12
5821,8361,1,2,1,960.0,45.0,55800,55800,BCGS-12
5822,8362,0,39,1,960.0,100.0,46800,46800,248 JHC-BCGS
5823,8362,1,44,1,960.0,109.98333333333333,29100,29100,248 JHC-BCGS
5824,8366,0,2,1,960.0,45.0,28500,28500,SNCS-1A
5825,8366,1,2,1,960.0,45.0,55200,55200,SNCS-1A
5826,8365,0,57,1,960.0,105.0,27000,27000,293-K CTHS-MYNH
5827,8365,1,53,1,960.0,119.98333333333333,42900,42900,293-K CTHS-MYNH
5828,8368,0,18,1,960.0,25.0,57900,57900,293 DBC-BGLR
5829,8369,0,20,1,960.0,44.983333333333334,31500,31500,500 SNCS-GGP
5830,8369,1,19,1,960.0,45.0,50700,50700,500 SNCS-GGP
5831,8370,0,8,1,960.0,35.0,51300,51300,500-D KRPRLY-SNCS
5832,8370,1,8,1,960.0,35.0,31500,31500,500-D KRPRLY-SNCS
5833,8371,0,2,1,960.0,40.0,28800,28800,SNCS-03
5834,8371,1,2,1,960.0,40.0,55200,55200,SNCS-03
5835,8374,0,2,1,960.0,50.0,53100,53100,ADITI-4
5836,8375,0,2,1,960.0,35.0,25500,25500,ADITI-7
5837,8377,0,2,1,960.0,50.0,53100,53100,ADITI-014
5838,8377,1,2,1,960.0,40.0,24900,24900,ADITI-014
5839,8378,0,8,1,960.0,20.0,56400,56400,POWA-KBS
5840,8380,0,3,1,960.0,15.0,23400,23400,YBS-POWA
5841,8385,0,5,1,960.0,15.0,28200,28200,ADT-ATR
5842,8386,0,26,1,960.0,69.98333333333333,50700,50700,342-H D42G-SJBHS
5843,8390,0,44,1,960.0,89.98333333333333,28800,28800,342-F SJBHS-SJP
5844,8404,0,26,7,137.14285714285714,29.0,21660,51000,BC-6 BEML5-UST
5845,8404,1,24,9,106.66666666666667,29.0,46500,77700,BC-6 BEML5-UST
5846,8405,0,29,5,192.0,79.98333333333333,30300,63600,600-F ATB-CSB
5847,8407,0,2,1,960.0,60.0,25200,25200,BCGS-13
5848,8407,1,2,1,960.0,60.0,55800,55800,BCGS-13
5849,8408,0,25,2,480.0,88.98333333333333,61800,65400,503-A KRPGH-TNF-D45G
5850,8409,0,32,1,960.0,58.983333333333334,40500,40500,276-A SBS-VRP-D45G
5851,8409,1,30,1,960.0,53.983333333333334,50760,50760,276-A SBS-VRP-D45G
5852,8356,0,7,9,106.66666666666667,9.0,23460,54600,D22G-JHC
5853,8356,1,7,18,53.333333333333336,9.0,39300,75600,D22G-JHC
5854,8410,0,25,4,240.0,64.98333333333333,29100,73500,305-C
5855,8410,1,27,4,240.0,70.0,25200,68400,305-C
5856,8415,0,35,1,960.0,59.0,46860,46860,227-T BEML5-RRG-CKT
5857,8415,1,34,1,960.0,59.0,38700,38700,227-T BEML5-RRG-CKT
5858,8416,0,30,1,960.0,60.0,63900,63900,234-E VSD-KMT-UST
5859,8416,1,29,1,960.0,70.0,31800,31800,234-E VSD-KMT-UST
5860,8419,0,14,1,960.0,23.983333333333334,52860,52860,96 YTTMC-KBS
5861,8420,1,21,1,960.0,70.0,34200,34200,171 KBS-NGV-KRMTTCMC
5862,8422,1,48,3,320.0,79.98333333333333,49200,51000,G-11 SJHS-BLR
5863,8425,0,15,1,960.0,38.983333333333334,28260,28260,347-L D38G-ELC-HSP
5864,8425,1,18,1,960.0,38.983333333333334,63600,63600,347-L D38G-ELC-HSP
5865,8426,0,17,3,320.0,39.0,24360,49200,BC-3A D38G-JAPC
5866,8426,1,16,3,320.0,38.983333333333334,46200,74700,BC-3A D38G-JAPC
5867,8427,0,48,1,960.0,108.98333333333333,47460,47460,328-H D41G-ANK
5868,8427,1,47,1,960.0,93.98333333333333,33900,33900,328-H D41G-ANK
5869,8428,0,43,3,320.0,100.0,29100,54900,229-D KBS-KGP
5870,8428,1,43,2,480.0,99.98333333333333,37200,61500,229-D KBS-KGP
5871,8429,0,62,1,960.0,95.0,63900,63900,213 GPO-VSD-LBWG-RGL
5872,8429,1,61,1,960.0,90.0,30600,30600,213 GPO-VSD-LBWG-RGL
5873,8434,0,26,3,320.0,59.0,48060,52860,D34G-EAST-KMT
5874,8435,0,9,30,32.0,85.0,28800,69300,O EXP-298M
5875,8435,1,9,30,32.0,85.0,23400,62100,O EXP-298M
5876,8436,0,7,38,25.263157894736842,75.0,21000,76200,O EXP-213V
5877,8436,1,7,38,25.263157894736842,74.98333333333333,22200,76800,O EXP-213V
5878,8437,0,10,44,21.818181818181817,75.0,22200,76200,O EXP-258C
5879,8437,1,10,44,21.818181818181817,75.0,22200,77400,O EXP-258C
5880,8438,0,14,34,28.235294117647058,90.0,18000,75600,O EXP-KBS3A
5881,8438,1,14,34,28.235294117647058,89.98333333333333,18000,75600,O EXP-KBS3A
5882,8440,0,9,45,21.333333333333332,74.98333333333333,21300,73800,O EXP-600F
5883,8440,1,10,45,21.333333333333332,74.98333333333333,21300,73800,O EXP-600F
5884,8441,0,21,4,240.0,45.0,31200,64200,212-CA
5885,8441,1,22,3,320.0,45.0,34200,61200,212-CA
5886,8442,0,7,7,137.14285714285714,45.0,24900,63300,O EXP-258C YBS-NGM
5887,8442,1,7,8,120.0,45.0,36300,73800,O EXP-258C YBS-NGM
5888,8443,0,2,1,960.0,45.0,27900,27900,ABS-4
5889,8443,1,2,1,960.0,50.0,54000,54000,ABS-4
5890,8444,0,2,1,960.0,45.0,26100,26100,KVASC-12
5891,8444,1,2,1,960.0,45.0,53400,53400,KVASC-12
5892,8445,0,27,1,960.0,54.0,37500,37500,MF-34 KGR-D34G
5893,8447,0,53,2,480.0,110.0,27300,58500,366-N
5894,8447,1,51,2,480.0,110.0,34200,66600,366-N
5895,8448,0,34,1,960.0,43.983333333333334,24360,24360,366-N D34G-JSD-GDPK
5896,8449,0,56,4,240.0,107.49166666666666,23700,74100,365-N
5897,8449,1,53,4,240.0,110.0,18000,67200,365-N
5898,8450,0,34,16,60.0,75.0,21300,75600,180-A
5899,8450,1,33,16,60.0,80.0,21300,75600,180-A
5900,8452,0,10,1,960.0,24.0,53160,53160,347-M D38G-SBN
5901,8452,1,10,1,960.0,24.0,46200,46200,347-M D38G-SBN
5902,8451,0,39,16,60.0,69.98333333333333,21600,72600,401-KC
5903,8451,1,40,15,64.0,69.98333333333333,25800,69900,401-KC
5904,8453,0,9,1,960.0,14.0,28560,28560,350-A D38G-SMA
5905,8453,1,9,1,960.0,13.983333333333333,66600,66600,350-A D38G-SMA
5906,8455,0,19,1,960.0,48.983333333333334,26460,26460,360-D D38G-MNH
5907,8455,1,19,1,960.0,54.0,62700,62700,360-D D38G-MNH
5908,8456,0,9,1,960.0,19.0,25560,25560,346-N D38G-DTR
5909,8456,1,10,1,960.0,19.0,62400,62400,346-N D38G-DTR
5910,8457,0,14,1,960.0,19.0,26160,26160,355-A D38G-SRP
5911,8458,0,18,1,960.0,33.983333333333334,52260,52260,359-A D38G-ABS
5912,8458,1,19,1,960.0,29.0,43800,43800,359-A D38G-ABS
5913,8459,0,17,1,960.0,28.983333333333334,50760,50760,354-C D38G-MSR
5914,8460,0,19,1,960.0,29.0,45360,45360,350-D D38G-STH
5915,8462,1,5,1,960.0,9.0,39900,39900,350-D D38G-SPN
5916,8464,0,19,1,960.0,40.0,31200,31200,410-FC NLS-JHC
5917,8464,1,21,1,960.0,39.983333333333334,57000,57000,410-FC NLS-JHC
5918,8466,0,49,3,320.0,89.98333333333333,21900,23400,500-C KRPGH-SJP
5919,8466,1,47,3,320.0,94.98333333333333,77100,78900,500-C KRPGH-SJP
5920,8467,1,18,1,960.0,30.0,65100,65100,375-D BSK-BCH
5921,8468,0,49,14,68.57142857142857,132.49166666666667,14400,78600,KIA-5D
5922,8468,1,55,16,60.0,137.5,3600,74400,KIA-5D
5923,8470,0,58,9,106.66666666666667,110.0,25500,71400,293-AP
5924,8470,1,55,9,106.66666666666667,110.0,19200,63000,293-AP
5925,8471,0,60,2,480.0,95.0,15900,19200,293-AP KBS-KIA
5926,8471,1,58,2,480.0,109.99166666666666,69300,79200,293-AP KBS-KIA
5927,8472,0,32,7,137.14285714285714,69.0,60900,71400,G-3 BRGD-D38G
5928,8472,1,28,6,160.0,69.0,22560,33960,G-3 BRGD-D38G
5929,8473,0,37,1,960.0,79.0,60300,60300,G-3A SBS-D38G
5930,8473,1,32,2,480.0,81.48333333333333,26160,26760,G-3A SBS-D38G
5931,8475,0,63,1,960.0,133.98333333333332,68160,68160,378 D38G-KGR
5932,8476,0,21,3,320.0,24.0,26160,46860,352-B D38G-MSMB
5933,8476,1,19,2,480.0,26.5,38400,60600,352-B D38G-MSMB
5934,8477,0,31,2,480.0,62.49166666666667,28500,51300,218
5935,8477,1,30,1,960.0,60.0,32400,32400,218
5936,8478,0,47,4,240.0,102.5,21660,65700,221-KM
5937,8478,1,47,4,240.0,104.5,27900,72900,221-KM
5938,8480,0,42,5,192.0,80.0,30600,63300,328-HS
5939,8480,1,42,2,480.0,80.0,25200,58200,328-HS
5940,8481,0,27,10,96.0,54.983333333333334,20700,71700,301-B
5941,8481,1,22,12,80.0,55.0,24000,76800,301-B
5942,8483,0,31,3,320.0,55.0,44400,71100,238-VB
5943,8483,1,31,1,960.0,55.0,40800,40800,238-VB
5944,8486,0,35,14,68.57142857142857,75.0,20400,69600,K-2B
5945,8486,1,38,15,64.0,75.0,25200,75900,K-2B
5946,8487,0,40,29,33.10344827586207,90.0,21000,79500,290-MV
5947,8487,1,42,29,33.10344827586207,90.0,16200,73800,290-MV
5948,8488,0,34,1,960.0,75.0,40800,40800,K-2B HBL-MRBS
5949,8489,0,44,10,96.0,96.49166666666666,23160,55260,290-MV PTH-SMVT
5950,8489,1,46,10,96.0,96.49166666666666,39000,72600,290-MV PTH-SMVT
5951,8490,0,11,1,960.0,30.0,42000,42000,144-E SBS-NLS-VVK
5952,8490,1,11,2,480.0,30.0,39900,44100,144-E SBS-NLS-VVK
5953,8493,0,45,1,960.0,120.0,30900,30900,305-R DDH-SBS
5954,8494,0,2,1,960.0,30.0,70200,70200,NLS-3
5955,8494,1,2,1,960.0,30.0,29700,29700,NLS-3
5956,8495,0,13,1,960.0,34.983333333333334,69600,69600,KMT-NLS
5957,8495,1,11,1,960.0,35.0,32400,32400,KMT-NLS
5958,8496,0,2,1,960.0,30.0,66600,66600,NLS-2
5959,8497,0,2,1,960.0,30.0,63000,63000,NLS-1
5960,8498,1,10,3,320.0,34.983333333333334,31800,32400,225-C KBS-NLS
5961,8499,0,14,33,29.09090909090909,100.0,16800,72900,O EXP-356KA
5962,8499,1,14,33,29.09090909090909,100.0,21600,79200,O EXP-356KA
5963,8500,0,8,29,33.10344827586207,85.0,21600,72900,O EXP-285M
5964,8500,1,8,32,30.0,85.0,21600,70200,O EXP-285M
5965,8501,0,69,1,960.0,135.0,35100,35100,399-D HSK-CPR-ANK
5966,8502,0,34,3,320.0,59.983333333333334,36600,63000,399-D
5967,8502,1,33,3,320.0,60.0,31200,56700,399-D
5968,8503,0,5,103,9.320388349514563,40.0,25200,73800,O EXP-317HT
5969,8503,1,5,108,8.88888888888889,40.0,25200,73800,O EXP-317HT
5970,8505,0,9,27,35.55555555555556,75.0,26400,70800,O EXP-226N
5971,8505,1,9,27,35.55555555555556,75.0,22200,66000,O EXP-226N
5972,8506,0,19,26,36.92307692307692,95.0,21600,73200,O EXP-258DK
5973,8506,1,19,26,36.92307692307692,95.0,21600,73800,O EXP-258DK
5974,8507,0,40,3,320.0,69.0,51060,55260,258-DN D43G-DSPT
5975,8507,1,40,4,240.0,68.98333333333333,40800,45300,258-DN D43G-DSPT
5976,8508,0,51,1,960.0,110.0,58200,58200,258-VC KMT-OBNH-YLG
5977,8509,1,2,1,960.0,55.0,25800,25800,VLS-10
5978,8510,0,47,6,160.0,84.98333333333333,26400,56400,374-NM
5979,8510,1,47,6,160.0,84.98333333333333,31800,61800,374-NM
5980,8511,0,40,1,960.0,68.98333333333333,25860,25860,374-M D35G-TVK-KGR
5981,8512,0,23,1,960.0,34.0,33660,33660,242-Y D35G-AMP
5982,8513,0,42,8,120.0,69.98333333333333,25500,57900,515-KY
5983,8513,1,39,6,160.0,69.98333333333333,30000,53400,515-KY
5984,8514,0,38,2,480.0,78.98333333333333,60000,63000,515-KY YBS-D35G
5985,8515,0,58,5,192.0,99.98333333333333,20400,74400,242-ZA
5986,8515,1,56,5,192.0,109.98333333333333,23100,65400,242-ZA
5987,8516,0,11,34,28.235294117647058,85.0,23400,77400,V-EXP 500D
5988,8516,1,11,34,28.235294117647058,85.0,23400,77400,V-EXP 500D
5989,8518,0,37,5,192.0,90.0,24000,63300,V-MF1D
5990,8518,1,36,6,160.0,90.0,27300,61200,V-MF1D
5991,8522,0,9,1,960.0,4.0,42660,42660,V-DIVYA DHARSHANA-1D
5992,8524,0,31,1,960.0,80.0,28800,28800,215-S SJBS-JSD
5993,8524,1,32,1,960.0,79.98333333333333,48900,48900,215-S SJBS-JSD
5994,8530,0,15,1,960.0,38.983333333333334,21660,21660,267 D45G-HSG
5995,8532,0,26,1,960.0,60.0,28200,28200,375-D KWS-BSK
5996,8533,0,39,1,960.0,119.0,33000,33000,500-L BSK-TNF-D6G
5997,8535,0,34,3,320.0,69.98333333333333,27000,71400,271-N
5998,8535,1,34,3,320.0,75.0,22500,66000,271-N
5999,8536,0,30,1,960.0,55.0,18900,18900,271-N KBS-KGH
6000,8536,1,28,2,480.0,59.983333333333334,31800,75900,271-N KBS-KGH
6001,8537,0,33,1,960.0,53.983333333333334,27660,27660,346-K KRMBS-HLM
6002,8538,0,35,1,960.0,69.0,50460,50460,345-A KRMBS-HLM
6003,8538,1,35,1,960.0,63.983333333333334,41100,41100,345-A KRMBS-HLM
6004,8539,0,34,1,960.0,53.983333333333334,41700,41700,344-F POD-KRMBS
6005,8541,0,16,1,960.0,29.0,27660,27660,347-K KRMBS-AECS
6006,8540,0,41,2,480.0,79.0,30060,54060,344-J KRMBS-JAPC
6007,8540,1,40,2,480.0,76.5,38400,62700,344-J KRMBS-JAPC
6008,8542,0,28,1,960.0,85.0,30600,30600,343-K VPL-VSD-KBS
6009,8543,0,43,76,12.631578947368421,110.0,17100,78300,507
6010,8543,1,40,17,56.470588235294116,110.0,17100,79200,507
6011,8544,0,33,2,480.0,90.0,26700,54000,304-R
6012,8544,1,35,2,480.0,90.0,32400,59700,304-R
6013,8547,0,46,25,38.4,75.0,19800,73500,293-SB
6014,8547,1,43,21,45.714285714285715,75.0,19800,75300,293-SB
6015,8548,0,20,2,480.0,50.0,24300,62100,276-K
6016,8548,1,20,2,480.0,50.0,29100,65400,276-K
6017,8549,0,22,2,480.0,49.0,53160,55860,G-2 D06G-JN SJP
6018,8549,1,21,2,480.0,49.0,44700,45600,G-2 D06G-JN SJP
6019,8551,1,29,20,48.0,60.0,19500,76200,G-9 SBS-YSTF
6020,8552,0,67,2,480.0,105.0,51900,53700,213-VD SGH-HRHD
6021,8552,1,67,3,320.0,104.98333333333333,42600,72000,213-VD SGH-HRHD
6022,8553,0,11,2,480.0,20.0,25800,27300,316 MDR-HSK TTMC
6023,8553,1,11,3,320.0,20.0,65400,68400,316 MDR-HSK TTMC
6024,8555,0,18,1,960.0,24.0,54060,54060,238-UM CLO-UST
6025,8560,0,2,1,960.0,45.0,24300,24300,SPHS-1A
6026,8560,1,2,1,960.0,55.0,54000,54000,SPHS-1A
6027,8561,0,2,1,960.0,45.0,24300,24300,SHS-02
6028,8561,1,2,1,960.0,60.0,54000,54000,SHS-02
6029,8568,0,56,2,480.0,99.98333333333333,39900,67500,MF-28 JKLO-YBS-LGR
6030,8570,0,31,4,240.0,65.0,36300,65400,266-RA
6031,8570,1,28,4,240.0,65.0,32100,61200,266-RA
6032,8571,0,12,1,960.0,25.0,65100,65100,226-L BDD-WDL
6033,8572,1,36,1,960.0,75.0,67500,67500,226-N KBS-WDL
6034,8573,0,13,1,960.0,30.0,62100,62100,112-A SBS-MDG
6035,8573,1,13,1,960.0,30.0,64200,64200,112-A SBS-MDG
6036,8574,0,40,12,80.0,70.0,26400,55200,250-DD
6037,8576,0,18,1,960.0,44.0,30360,30360,354-C D38G-JBR
6038,8577,1,40,1,960.0,84.98333333333333,33300,33300,354-C BSK-JBR
6039,8582,0,29,2,480.0,57.5,45000,68100,398-B CPR-BNZ
6040,8582,1,28,2,480.0,57.5,51900,74700,398-B CPR-BNZ
6041,1101,0,27,126,7.619047619047619,84.98333333333333,300,82200,KIA-9
6042,8584,0,24,4,240.0,62.49166666666667,20100,60900,304-F
6043,8584,1,26,4,240.0,62.483333333333334,24300,65100,304-F
6044,8585,0,53,3,320.0,110.0,21000,58200,317-EM
6045,8585,1,52,4,240.0,102.48333333333333,15300,57300,317-EM
6046,8586,0,37,1,960.0,74.0,52560,52560,317-EM D24G-EMTSG
6047,8590,0,30,1,960.0,90.0,74700,74700,270-A SBS-PSBS
6048,8590,1,28,1,960.0,55.0,18000,18000,270-A SBS-PSBS
6049,8591,0,9,1,960.0,30.0,68100,68100,273 JHC-SDN
6050,8592,0,16,1,960.0,20.0,39000,39000,273 SDN-PSS
6051,8594,0,17,2,480.0,30.0,46800,74100,279-E HBL-KBR
6052,8598,0,43,2,480.0,120.0,72900,74100,500-EB ELC-HBL
6053,8598,1,44,2,480.0,117.5,20700,21600,500-EB ELC-HBL
6054,8600,0,13,5,192.0,30.0,21660,51600,MF-14A BEML5-TMS
6055,8600,1,12,3,320.0,30.0,48300,76500,MF-14A BEML5-TMS
6056,8603,1,6,1,960.0,9.983333333333333,56400,56400,SBS-AAE
6057,8605,0,19,6,160.0,50.0,29100,71400,600-A
6058,8605,1,19,6,160.0,52.49166666666667,32400,74700,600-A
6059,8607,0,2,1,960.0,25.0,53100,53100,ADITI-07
6060,8608,0,56,3,320.0,120.0,56100,59700,334-E BRAB-BDG
6061,8609,1,15,1,960.0,45.0,54900,54900,284 SBS-KBP
6062,8610,0,47,7,137.14285714285714,100.0,19500,60000,271-H
6063,8610,1,48,6,160.0,105.0,14400,52500,271-H
6064,8611,0,36,36,26.666666666666668,60.0,28500,72600,515-B
6065,8611,1,37,36,26.666666666666668,60.0,24600,68400,515-B
6066,8613,0,42,1,960.0,99.98333333333333,59400,59400,600-CA BSK-TTH
6067,8613,1,43,1,960.0,100.0,34200,34200,600-CA BSK-TTH
6068,8614,0,23,1,960.0,58.983333333333334,25860,25860,297-G D52G-DCH
6069,8612,0,71,12,80.0,142.49166666666667,5400,67200,KIA-14A
6070,8612,1,71,11,87.27272727272727,144.98333333333332,14400,74700,KIA-14A
6071,8616,0,14,1,960.0,39.0,27960,27960,297-F D52G-BVP
6072,8617,1,63,1,960.0,135.0,58500,58500,226-VC KMT-ANH
6073,8618,1,73,1,960.0,129.98333333333332,61500,61500,KBS-5H KBS-BSD
6074,8619,0,26,2,480.0,75.0,26100,62100,317-R
6075,8619,1,27,2,480.0,74.98333333333333,30900,68400,317-R
6076,8620,0,46,1,960.0,109.98333333333333,28800,28800,V-500DE
6077,8625,0,24,3,320.0,69.98333333333333,30000,61200,MF-22
6078,8625,1,25,3,320.0,65.0,25800,34500,MF-22
6079,8630,0,6,1,960.0,14.0,26760,26760,D14G-AFG
6080,8631,0,2,1,960.0,45.0,27900,27900,NMC-14
6081,8631,1,2,1,960.0,55.0,60000,60000,NMC-14
6082,8632,1,9,1,960.0,35.0,63600,63600,278-E  SBS-AFG
6083,8633,0,34,12,80.0,89.98333333333333,22500,61500,317-BC
6084,8633,1,33,13,73.84615384615384,90.0,27600,68700,317-BC
6085,8634,0,18,1,960.0,45.0,49200,49200,317-BC HSK-CHG
6086,8634,1,17,1,960.0,45.0,45900,45900,317-BC HSK-CHG
6087,8635,0,26,10,96.0,47.49166666666667,31200,65100,245-KN
6088,8635,1,26,10,96.0,52.5,26700,61500,245-KN
6089,8637,0,18,1,960.0,30.0,24600,24600,G-9 HBL-YST5NA
6090,8639,0,13,1,960.0,40.0,60000,60000,NMC-19
6091,8639,1,14,1,960.0,39.983333333333334,28200,28200,NMC-19
6092,8638,0,32,1,960.0,69.98333333333333,62700,62700,281-AP YST5NA-KIA
6093,8640,0,2,1,960.0,45.0,27900,27900,NMC-15
6094,8640,1,2,1,960.0,50.0,60000,60000,NMC-15
6095,8641,0,37,1,960.0,70.0,37800,37800,MF-23B YBS-BEL-JHC
6096,8641,1,34,1,960.0,69.98333333333333,49800,49800,MF-23B YBS-BEL-JHC
6097,8642,0,2,1,960.0,50.0,27600,27600,NMC-12
6098,8642,1,2,1,960.0,50.0,60000,60000,NMC-12
6099,8643,0,22,7,137.14285714285714,49.983333333333334,22500,77700,362-B
6100,8643,1,17,7,137.14285714285714,50.0,19800,74400,362-B
6101,8644,0,30,4,240.0,72.49166666666666,24900,77100,210-CA
6102,8644,1,27,4,240.0,75.0,21000,71400,210-CA
6103,8645,0,24,1,960.0,59.983333333333334,56700,56700,210-CA KMT-GBL
6104,8645,1,23,1,960.0,60.0,39300,39300,210-CA KMT-GBL
6105,8648,0,15,1,960.0,19.0,30960,30960,242-JA D35G-GNK
6106,8648,1,15,1,960.0,19.0,68100,68100,242-JA D35G-GNK
6107,8650,1,16,1,960.0,18.983333333333334,67200,67200,242-RA D35G-CMP
6108,8651,0,26,1,960.0,39.0,27960,27960,242-TB D35G-KVH
6109,8652,0,28,1,960.0,49.0,48960,48960,398-B D27G-KGP
6110,8652,1,27,2,480.0,43.99166666666667,38100,63000,398-B D27G-KGP
6111,8653,0,24,1,960.0,90.0,30900,30900,298 NITTE-HBL-SBS
6112,8654,0,21,2,480.0,52.5,27300,61200,CHAKRA-1 NMG-BTNG-NMG
6113,8655,0,22,2,480.0,52.5,29100,63300,CHAKRA-1A NMG-BTNR-NMG
6114,8656,0,34,3,320.0,88.98333333333333,51660,54660,V-MF1D ELC-KRPMS
6115,8656,1,33,3,320.0,94.0,39900,42000,V-MF1D ELC-KRPMS
6116,8659,1,52,1,960.0,110.0,31500,31500,216 KBS-BJP
6117,8661,0,44,3,320.0,105.0,34800,38400,500-EB ELCW-WTF-KDG
6118,8661,1,42,3,320.0,104.98333333333333,51000,53400,500-EB ELCW-WTF-KDG
6119,8664,0,13,4,240.0,29.0,28860,61260,V-45G D13G-KBS
6120,8664,1,17,4,240.0,23.983333333333334,28800,84900,V-45G D13G-KBS
6121,8665,0,21,2,480.0,29.983333333333334,57300,61200,234-A DPJN-NDH-UST
6122,8665,1,20,6,160.0,29.0,52800,77700,234-A DPJN-NDH-UST
6123,8666,0,20,1,960.0,53.983333333333334,32160,32160,CALLBUS-03 PPLO-SNBS
6124,8668,0,23,1,960.0,54.983333333333334,25800,25800,291 KBS-MNP
6125,8668,1,22,3,320.0,64.98333333333333,68400,76200,291 KBS-MNP
6126,8669,0,34,1,960.0,60.0,19500,19500,257-D KDG-KBS
6127,8669,1,35,1,960.0,70.0,23400,23400,257-D KDG-KBS
6128,8670,0,21,2,480.0,31.5,21960,22860,223-E DPN-RMS
6129,8671,0,15,1,960.0,29.0,65400,65400,238-V KBS-DPN
6130,8671,1,15,1,960.0,24.0,28860,28860,238-V KBS-DPN
6131,8672,0,50,2,480.0,109.99166666666666,21300,51000,317-TH KMT-ABL
6132,8673,0,20,34,28.235294117647058,42.49166666666667,20100,76800,MF-22D
6133,8673,1,21,36,26.666666666666668,40.0,20100,76800,MF-22D
6134,8674,0,48,1,960.0,95.0,27900,27900,342-P
6135,8675,0,74,3,320.0,139.98333333333332,29400,59400,407-B
6136,8676,0,74,3,320.0,140.0,30000,59400,407-C
6137,8677,0,61,1,960.0,130.0,69600,69600,407-B NES-HGT-RJN-YHK
6138,8677,1,75,1,960.0,145.0,20400,20400,407-B NES-HGT-RJN-YHK
6139,8678,0,76,1,960.0,130.0,69600,69600,407-C NES-IAF-RJN-YHK
6140,8678,1,74,1,960.0,139.98333333333332,20100,20100,407-C NES-IAF-RJN-YHK
6141,8679,0,48,4,240.0,76.5,22860,32460,515-B BEML5-8TH MILE
6142,8679,1,48,6,160.0,78.98333333333333,40800,73800,515-B BEML5-8TH MILE
6143,8683,0,11,10,96.0,35.0,24900,69000,MF-10A
6144,8683,1,12,9,106.66666666666667,34.983333333333334,26100,65100,MF-10A
6145,8684,0,19,3,320.0,49.0,41100,43200,293 KBS-D10G
6146,8685,0,21,2,480.0,49.0,42600,68700,293 KMT-D10G
6147,7533,0,10,1,960.0,19.983333333333334,49800,49800,369-N JSD-GTG-YLH
6148,7533,1,10,1,960.0,20.0,48300,48300,369-N JSD-GTG-YLH
6149,8689,0,64,3,320.0,130.0,27000,68400,242-SK
6150,8689,1,62,3,320.0,129.98333333333332,20100,57600,242-SK
6151,8690,0,66,1,960.0,124.98333333333333,32400,32400,258-KM
6152,8690,1,66,1,960.0,130.0,56700,56700,258-KM
6153,8693,0,34,2,480.0,59.983333333333334,77700,79500,MF-18 BSK-BGT
6154,8693,1,35,2,480.0,54.983333333333334,18600,21900,MF-18 BSK-BGT
6155,8694,0,5,1,960.0,8.983333333333333,22560,22560,D20-KML2
6156,8694,1,4,3,320.0,9.0,42300,76800,D20-KML2
6157,8695,0,2,1,960.0,1.0,22500,22500,D20-D20G
6158,8695,1,2,3,320.0,1.0,42540,77340,D20-D20G
6159,8698,0,17,26,36.92307692307692,40.0,26700,73500,MF-22HC
6160,8698,1,16,26,36.92307692307692,40.0,24300,70800,MF-22HC
6161,8699,0,21,6,160.0,36.49166666666667,21960,50700,MF-22HC D34G-CSB
6162,8699,1,20,6,160.0,39.0,46200,76200,MF-22HC D34G-CSB
6163,8700,0,56,10,96.0,129.99166666666667,23400,66300,CHAKRA-2
6164,8701,0,60,9,106.66666666666667,120.0,27000,70200,CHAKRA-2A
6165,8702,1,27,3,320.0,74.98333333333333,26700,32400,230-C KBS-KMTFLY-BBC-KBDA
6166,8704,0,24,1,960.0,79.0,60300,60300,311-K SBS-D51G
6167,8704,1,22,1,960.0,78.0,26820,26820,311-K SBS-D51G
6168,8705,1,39,1,960.0,89.0,63600,63600,293-ZA D52G-VJP
6169,8707,0,49,5,192.0,79.0,36600,64200,293-SB SBS-D52G
6170,8707,1,46,3,320.0,88.98333333333333,30660,51660,293-SB SBS-D52G
6171,8710,0,51,1,960.0,99.98333333333333,27300,27300,399-C ANK-LKR
6172,8710,1,50,1,960.0,89.98333333333333,59700,59700,399-C ANK-LKR
6173,8711,1,62,1,960.0,124.0,35100,35100,328-H HSK -LKR
6174,8712,0,37,9,106.66666666666667,105.0,9000,32400,KIA-7A D25G-KIA
6175,8712,1,36,6,160.0,100.0,900,78900,KIA-7A D25G-KIA
6176,8713,0,3,9,106.66666666666667,5.0,47400,72900,D25-HSRBDA
6177,8713,1,2,9,106.66666666666667,5.0,12900,63000,D25-HSRBDA
6178,8717,0,2,52,18.46153846153846,1.0,21600,57600,D10-D10GT
6179,8717,1,2,49,19.591836734693878,1.0,41040,79140,D10-D10GT
6180,8718,0,26,23,41.73913043478261,49.0,21660,57300,290-E D10G-YHKOT
6181,8718,1,26,22,43.63636363636363,44.49166666666667,39600,76800,290-E D10G-YHKOT
6182,8721,0,29,2,480.0,34.49166666666667,19500,51960,401- KC DPJN-KGR
6183,8721,1,26,1,960.0,38.983333333333334,40800,40800,401- KC DPJN-KGR
6184,8723,0,46,20,48.0,100.0,18900,76800,266
6185,8723,1,46,20,48.0,99.98333333333333,18000,75600,266
6186,8724,0,61,5,192.0,129.98333333333332,37200,68400,356-S
6187,8724,1,60,5,192.0,140.0,28800,57600,356-S
6188,8728,0,38,1,960.0,90.0,66300,66300,254-A KGT-KBS
6189,8730,0,16,1,960.0,19.0,25260,25260,D09G-LDH
6190,8731,1,58,1,960.0,113.98333333333333,39300,39300,240-MA DPJN-MGD
6191,8735,0,45,1,960.0,135.0,68400,68400,305-Q SBS-PGH
6192,8742,0,39,6,160.0,58.983333333333334,19800,54360,365-BB SGH-BNP
6193,8742,1,41,2,480.0,76.5,39600,41400,365-BB SGH-BNP
6194,8743,0,32,19,50.526315789473685,70.0,25200,75600,365-BB
6195,8743,1,33,22,43.63636363636363,70.0,21600,71100,365-BB
6196,8744,0,40,2,480.0,79.98333333333333,58200,58800,515 KGR-MLS
6197,8744,1,41,2,480.0,80.0,64800,65700,515 KGR-MLS
6198,8747,0,48,2,480.0,109.98333333333333,35100,64200,242-K
6199,8747,1,49,2,480.0,105.0,28800,57000,242-K
6200,8749,0,52,1,960.0,105.0,35400,35400,258-VH
6201,8749,1,52,1,960.0,104.98333333333333,27000,27000,258-VH
6202,8751,0,31,1,960.0,48.983333333333334,63900,63900,248 JHC-CLO
6203,8752,0,29,1,960.0,64.0,31860,31860,210-N PPLO-VSD-SBS
6204,8753,0,60,1,960.0,130.0,69600,69600,240-J KMT-DML-CML
6205,8753,1,57,1,960.0,105.0,20700,20700,240-J KMT-DML-CML
6206,8757,0,19,3,320.0,40.0,42600,75900,27 KVN-SNBS
6207,8757,1,16,1,960.0,44.983333333333334,51900,51900,27 KVN-SNBS
6208,8758,0,20,1,960.0,29.0,77400,77400,MF-15 JPMS-D34G
6209,8758,1,23,3,320.0,24.0,21960,24960,MF-15 JPMS-D34G
6210,8764,0,14,1,960.0,29.983333333333334,75600,75600,JPMS-JP6-JBS-BSK
6211,8766,0,46,1,960.0,105.0,52200,52200,297-H
6212,8766,1,48,1,960.0,105.0,30300,30300,297-H
6213,8767,0,63,1,960.0,94.0,49560,49560,213-VD AJP-HRHD
6214,8768,0,76,1,960.0,120.0,63900,63900,213-VD VSD-HRHD
6215,8768,1,72,1,960.0,119.98333333333333,28800,28800,213-VD VSD-HRHD
6216,8770,1,69,1,960.0,120.0,55500,55500,213-VD KMT-HRHD
6217,8771,0,48,1,960.0,103.98333333333333,54960,54960,365-Z D34G-MMDH
6218,8772,1,45,1,960.0,69.0,43500,43500,214-D D34G-TRLE
6219,8773,1,57,1,960.0,109.98333333333333,30300,30300,211-H KBS-MKD
6220,8775,0,60,1,960.0,89.98333333333333,58800,58800,214-A SBS-JBS-TTG
6221,8775,1,62,2,480.0,89.98333333333333,30900,53100,214-A SBS-JBS-TTG
6222,8777,0,30,1,960.0,59.0,26460,26460,297-H PTH-BTH
6223,8778,0,23,3,320.0,60.0,25500,62400,32 SBS-NRC-UTH
6224,8778,1,21,4,240.0,57.49166666666667,30900,73500,32 SBS-NRC-UTH
6225,8781,0,35,1,960.0,80.0,60300,60300,401-A PSS-SGP-YHK
6226,8782,0,10,26,36.92307692307692,25.0,23700,74400,301-C
6227,8782,1,10,28,34.285714285714285,25.0,22200,75900,301-C
6228,8783,0,12,2,480.0,26.491666666666667,76500,77400,301-C RMPC-KLN
6229,8784,0,2,1,960.0,60.0,23400,23400,HSS-16
6230,8784,1,2,1,960.0,60.0,52200,52200,HSS-16
6231,8785,0,4,1,960.0,4.0,22860,22860,KRMTTMC-ATO
6232,8786,0,33,1,960.0,65.0,56100,56100,G-2 ATO-SJP
6233,8787,1,5,1,960.0,50.0,56700,56700,VLS-01
6234,8790,0,24,10,96.0,59.983333333333334,29100,61800,215-B
6235,8790,1,24,9,106.66666666666667,59.983333333333334,33000,61800,215-B
6236,8794,0,22,16,60.0,44.983333333333334,21600,76200,MF-19
6237,8794,1,20,16,60.0,45.0,21900,75900,MF-19
6238,8795,0,18,1,960.0,49.983333333333334,36600,36600,89-C SNBS-CVN
6239,8796,0,3,1,960.0,4.0,75600,75600,J9THB-SGH
6240,8797,0,35,1,960.0,104.98333333333333,73800,73800,360-J CSB-HND
6241,8797,1,36,2,480.0,110.0,35100,65400,360-J CSB-HND
6242,8799,0,2,1,960.0,30.0,73800,73800,NLS-4
6243,8799,1,2,1,960.0,25.0,30300,30300,NLS-4
6244,8800,0,21,1,960.0,45.0,66600,66600,410-FB YBS-NLS
6245,8800,1,21,1,960.0,39.983333333333334,32100,32100,410-FB YBS-NLS
6246,8801,0,33,1,960.0,60.0,25200,25200,410-FB YBS-BCH
6247,8801,1,32,1,960.0,70.0,72300,72300,410-FB YBS-BCH
6248,8802,1,27,1,960.0,84.98333333333333,35400,35400,230-C KBS-KMT-BBC-KBDA
6249,8803,1,26,1,960.0,75.0,56400,56400,230-C KBS-KMT-KBDA
6250,8804,0,26,2,480.0,62.49166666666667,51900,61200,230-C KBS-BBC-KBDA
6251,8806,0,34,8,120.0,77.49166666666666,23700,78000,215-HA
6252,8806,1,32,8,120.0,77.5,19800,72900,215-HA
6253,8807,0,6,2,480.0,4.0,51660,55260,215-HA D34G-LBN
6254,8807,1,6,2,480.0,4.0,45900,49500,215-HA D34G-LBN
6255,8808,1,27,1,960.0,54.983333333333334,24900,24900,234-A KMT-UPL-UST
6256,8813,0,39,1,960.0,95.0,23400,23400,285-MP HBLB-DBP
6257,8814,0,46,3,320.0,94.98333333333333,24900,73200,230-D
6258,8814,1,44,4,240.0,100.0,19200,66900,230-D
6259,8816,0,52,4,240.0,85.0,16800,19500,410-AB SGH-JHC
6260,8816,1,50,4,240.0,114.98333333333333,73200,75600,410-AB SGH-JHC
6261,8817,0,22,2,480.0,24.991666666666667,25200,62400,234-E DPJN-UST
6262,8817,1,20,2,480.0,29.5,23400,43500,234-E DPJN-UST
6263,8818,0,14,1,960.0,29.0,22860,22860,312 D24G-KTGP
6264,8820,0,14,3,320.0,40.0,54600,58200,MF-9 TNF-SRM
6265,8820,1,12,3,320.0,40.0,34800,38400,MF-9 TNF-SRM
6266,8822,0,21,3,320.0,50.0,29700,58200,210-TP
6267,8822,1,22,3,320.0,49.983333333333334,33000,61500,210-TP
6268,8823,0,23,2,480.0,59.0,65700,68400,MF-9 MRH-D24G
6269,8826,0,52,1,960.0,144.98333333333332,57600,57600,317-QS
6270,8826,1,51,1,960.0,140.0,29100,29100,317-QS
6271,8827,0,35,4,240.0,64.98333333333333,33900,52500,238-VK
6272,8827,1,34,5,192.0,65.0,28500,56700,238-VK
6273,8828,0,66,2,480.0,147.5,16200,60000,258-DM
6274,8828,1,68,2,480.0,147.49166666666667,27900,69300,258-DM
6275,8829,0,20,2,480.0,28.983333333333334,26460,29160,238-VK CLO-KNL
6276,8830,0,42,2,480.0,92.5,38100,62400,238-VK SBS-KNL
6277,8830,1,38,2,480.0,92.5,31200,54000,238-VK SBS-KNL
6278,8834,0,6,2,480.0,9.491666666666667,28860,29400,BEML5-OHJC
6279,8835,0,2,1,960.0,20.0,29700,29700,NLS-01
6280,8836,0,2,1,960.0,20.0,30300,30300,NLS-02
6281,8837,0,27,1,960.0,64.98333333333333,60300,60300,230-C KMT-BBC-KBDA
6282,8838,0,52,1,960.0,110.0,42900,42900,366-NA
6283,8838,1,50,3,320.0,109.98333333333333,36000,61200,366-NA
6284,8839,0,33,1,960.0,48.983333333333334,31260,31260,366-NA D34G-PKMG
6285,8840,0,39,24,40.0,90.0,22500,72000,MF-23C
6286,8841,0,40,24,40.0,89.98333333333333,23400,72900,MF-23D
6287,8842,0,44,1,960.0,119.98333333333333,62400,62400,MBS-17 MHB-HBL-JHV-PSS
6288,8843,1,15,2,480.0,25.0,78000,79200,MF-14A BEML5-BCH-RRMS
6289,8845,0,13,1,960.0,30.0,57600,57600,280-F BYK-YHK
6290,8848,0,42,2,480.0,92.49166666666666,22800,74400,285-L
6291,8848,1,45,3,320.0,89.98333333333333,17400,67500,285-L
6292,8849,0,41,2,480.0,97.49166666666666,56100,70800,285-RA
6293,8849,1,44,3,320.0,99.98333333333333,29700,63000,285-RA
6294,8850,0,51,1,960.0,110.0,69000,69000,285-RB KBS-KKL-KNW
6295,8852,0,33,1,960.0,85.0,22500,22500,285-N KBS-THS
6296,8852,1,36,1,960.0,80.0,17400,17400,285-N KBS-THS
6297,8853,0,56,1,960.0,119.98333333333333,60900,60900,253-G KBS-KNMG
6298,8853,1,58,1,960.0,115.0,27000,27000,253-G KBS-KNMG
6299,8854,0,44,1,960.0,89.98333333333333,22800,22800,258  KMT-TVHA
6300,8855,1,48,1,960.0,90.0,30000,30000,258-C KBS-VSD-TVHA
6301,8857,1,41,1,960.0,74.98333333333333,69600,69600,258-C KBS-TVHA
6302,8862,0,8,1,960.0,19.0,27060,27060,323-D D41G-CDH
6303,8863,1,21,1,960.0,45.0,56100,56100,328-H ATB-CDH
6304,8864,0,27,7,137.14285714285714,60.0,34200,60600,252-G
6305,8864,1,32,6,160.0,60.0,30300,56700,252-G
6306,8865,0,16,1,960.0,24.0,28560,28560,252-G YTTMC-LGRNB
6307,8865,1,17,1,960.0,23.983333333333334,64500,64500,252-G YTTMC-LGRNB
6308,8868,0,54,3,320.0,110.0,27000,51000,V-505 ELCW-KDG FLY
6309,8868,1,49,2,480.0,110.0,60900,62700,V-505 ELCW-KDG FLY
6310,8872,0,2,1,960.0,25.0,28200,28200,LHAI
6311,8872,1,2,1,960.0,25.0,54300,54300,LHAI
6312,8875,0,31,1,960.0,80.0,30000,30000,V-NICE4
6313,8875,1,38,1,960.0,80.0,62400,62400,V-NICE4
6314,8876,0,33,7,137.14285714285714,70.0,24900,79500,369-NR
6315,8876,1,36,7,137.14285714285714,74.98333333333333,21000,75000,369-NR
6316,8877,0,42,8,120.0,80.0,22800,64500,362-CR
6317,8877,1,37,8,120.0,80.0,27000,72600,362-CR
6318,8878,0,37,6,160.0,72.5,28200,55500,343-R
6319,8878,1,34,6,160.0,74.98333333333333,32700,63000,343-R
6320,8879,0,30,2,480.0,79.98333333333333,33900,61200,364-F
6321,8879,1,30,4,240.0,80.0,28500,67800,364-F
6322,8881,0,2,1,960.0,40.0,28500,28500,ABS-01
6323,8881,1,2,1,960.0,35.0,54000,54000,ABS-01
6324,8884,0,21,1,960.0,44.0,26760,26760,MF-11 D24G-KSH
6325,8884,1,21,1,960.0,43.983333333333334,64200,64200,MF-11 D24G-KSH
6326,8883,0,21,4,240.0,54.983333333333334,33900,59400,286-L
6327,8883,1,23,4,240.0,55.0,30000,55800,286-L
6328,8885,0,39,1,960.0,90.0,36000,36000,305-F
6329,8885,1,41,1,960.0,89.98333333333333,28800,28800,305-F
6330,8886,0,10,2,480.0,9.0,22260,54060,215-KA ANP10-ANP2
6331,8890,1,13,2,480.0,35.0,45000,72600,291-E SBS-DAMC
6332,8891,0,7,1,960.0,20.0,39600,39600,V-150
6333,8892,0,20,1,960.0,45.0,27000,27000,317-SH
6334,8892,1,21,2,480.0,44.983333333333334,30000,63300,317-SH
6335,8893,1,2,1,960.0,4.0,65400,65400,D35G-BSKL
6336,8895,0,39,2,480.0,59.983333333333334,61800,66600,240-MD KMT-BSKL
6337,8896,0,39,1,960.0,85.0,57900,57900,317-SH TNF-SLB
6338,8897,0,65,3,320.0,139.98333333333332,21900,68700,327-FA
6339,8897,1,62,3,320.0,149.98333333333332,16200,59400,327-FA
6340,8898,0,52,1,960.0,109.98333333333333,23700,23700,361 KBS-SHK
6341,8898,1,48,2,480.0,114.99166666666666,18000,31500,361 KBS-SHK
6342,8899,0,51,1,960.0,110.0,22200,22200,342-K KBS-ADK
6343,8900,0,27,2,480.0,75.0,21900,31500,333-Q KBS-PTR
6344,8900,1,24,2,480.0,69.99166666666666,18000,26400,333-Q KBS-PTR
6345,8901,0,48,3,320.0,120.0,15300,67500,G-2 KBS-MYH-SJP
6346,8901,1,46,2,480.0,135.0,30600,57600,G-2 KBS-MYH-SJP
6347,8902,0,34,4,240.0,75.0,24000,74700,228-D
6348,8902,1,33,4,240.0,74.98333333333333,19800,69000,228-D
6349,8903,0,30,2,480.0,72.49166666666666,34500,45600,224-DA
6350,1101,1,27,125,7.68,79.98333333333333,300,82200,KIA-9
6351,8903,1,30,2,480.0,72.5,29700,41100,224-DA
6352,8904,0,17,1,960.0,59.983333333333334,59100,59100,89-D KMT-JCN
6353,8904,1,18,1,960.0,55.0,34200,34200,89-D KMT-JCN
6354,8906,0,47,3,320.0,105.0,18000,30600,294-S
6355,8906,1,46,4,240.0,105.0,24000,66600,294-S
6356,8907,0,15,12,80.0,39.983333333333334,31800,66000,MF-10B
6357,8907,1,15,12,80.0,45.0,28800,63000,MF-10B
6358,8908,0,15,2,480.0,29.0,26760,29460,MF-10B D24G-BDH
6359,8908,1,15,2,480.0,28.983333333333334,65700,68400,MF-10B D24G-BDH
6360,8909,0,50,1,960.0,120.0,57000,57000,342-P KMT-GNGP-JGH
6361,8909,1,49,1,960.0,89.98333333333333,22200,22200,342-P KMT-GNGP-JGH
6362,8910,0,39,2,480.0,87.5,41400,60900,600-H
6363,8910,1,39,1,960.0,89.98333333333333,34800,34800,600-H
6364,8911,0,17,1,960.0,39.0,32160,32160,600-H D38G-HNK
6365,8911,1,17,1,960.0,39.0,66600,66600,600-H D38G-HNK
6366,8912,0,49,3,320.0,109.98333333333333,23700,53400,353
6367,8917,0,22,18,53.333333333333336,35.0,37200,66300,MF-40B
6368,8917,1,22,18,53.333333333333336,35.0,33300,63900,MF-40B
6369,8918,0,28,3,320.0,49.0,29760,33360,MF-40B KGR-GLH
6370,8918,1,28,3,320.0,49.0,65100,68700,MF-40B KGR-GLH
6371,8919,0,4,1,960.0,5.0,24600,24600,D23-D10G
6372,8919,1,4,1,960.0,5.0,65700,65700,D23-D10G
6373,8920,0,41,1,960.0,84.0,66300,66300,13-C SBS-PPLO
6374,8923,0,34,10,96.0,90.0,22800,72600,500-CD
6375,8923,1,34,8,120.0,90.0,18000,66000,500-CD
6376,8924,0,21,2,480.0,59.0,48660,49860,500-CD D42-TNF
6377,8924,1,20,4,240.0,58.983333333333334,41400,61200,500-CD D42-TNF
6378,8926,0,2,2,480.0,4.5,27300,27360,342 D42-KDT
6379,8927,0,2,1,960.0,60.0,27900,27900,GGS-05
6380,8927,1,2,1,960.0,60.0,54000,54000,GGS-05
6381,8928,0,14,1,960.0,30.0,57900,57900,342 KDTV-SJP
6382,8930,0,36,1,960.0,74.98333333333333,29100,29100,13-S
6383,8930,1,36,1,960.0,75.0,33900,33900,13-S
6384,8931,0,9,16,60.0,85.0,22500,77700,O EXP-213VJ
6385,8931,1,9,16,60.0,87.5,19800,72600,O EXP-213VJ
6386,8932,0,28,1,960.0,64.0,31560,31560,225-C BEML5-BCH-VSD
6387,8932,1,32,1,960.0,63.983333333333334,63900,63900,225-C BEML5-BCH-VSD
6388,8935,1,2,1,960.0,60.0,26400,26400,JGF-3
6389,8938,0,44,2,480.0,97.5,70500,74100,271-H KBS-HGV
6390,8938,1,42,2,480.0,100.0,63300,66900,271-H KBS-HGV
6391,8939,0,54,1,960.0,135.0,62700,62700,253-FA
6392,8939,1,55,1,960.0,135.0,25800,25800,253-FA
6393,8940,0,50,1,960.0,110.0,18600,18600,253-FA KBS-RDH
6394,8940,1,51,1,960.0,114.98333333333333,72300,72300,253-FA KBS-RDH
6395,8941,0,42,2,480.0,71.5,72000,72600,401-M YBS-D12G
6396,8944,0,7,1,960.0,15.0,50100,50100,138 JBN-HALNP
6397,8946,0,38,1,960.0,99.98333333333333,37800,37800,326-E KMT-KDG
6398,8946,1,35,2,480.0,94.99166666666666,54000,70800,326-E KMT-KDG
6399,8950,0,55,1,960.0,114.98333333333333,63900,63900,365-BB BSK-BNP-ANK
6400,8950,1,56,1,960.0,114.98333333333333,72000,72000,365-BB BSK-BNP-ANK
6401,8951,0,6,1,960.0,20.0,72000,72000,JKLO-YHK
6402,8953,0,31,5,192.0,64.0,27360,56400,398-CH D27G-JAPC-HRH
6403,8953,1,32,1,960.0,64.0,61200,61200,398-CH D27G-JAPC-HRH
6404,8954,0,61,1,960.0,144.0,29760,29760,335-G D31G-KDG
6405,8955,0,20,1,960.0,45.0,30300,30300,369 JBS-CKMH
6406,8955,1,21,1,960.0,59.983333333333334,61200,61200,369 JBS-CKMH
6407,8957,0,50,1,960.0,99.0,47160,47160,240-MB G31G-MGD
6408,8958,0,51,3,320.0,109.98333333333333,29700,74400,253-CD
6409,8958,1,52,3,320.0,109.98333333333333,22500,67500,253-CD
6410,8959,1,24,2,480.0,79.0,40500,59100,500-CH D42G-TNF
6411,8960,0,53,1,960.0,124.98333333333333,57900,57900,360-N KBS-NSP
6412,8963,0,34,3,320.0,90.0,72000,75000,NICE-10 MDR-ELCW
6413,8963,1,33,3,320.0,90.0,21900,26400,NICE-10 MDR-ELCW
6414,8964,0,49,1,960.0,105.0,23400,23400,226-MA KBS-MYGH
6415,8964,1,48,1,960.0,80.0,18000,18000,226-MA KBS-MYGH
6416,8965,0,19,19,50.526315789473685,50.0,21300,78300,215-NJ
6417,8965,1,17,19,50.526315789473685,49.983333333333334,19200,74700,215-NJ
6418,8968,0,12,1,960.0,15.0,36600,36600,37 LBMS-SBS
6419,8970,0,40,1,960.0,84.98333333333333,63000,63000,226-E KBS-CGD
6420,8972,0,17,2,480.0,31.5,20400,61200,238-VK KBS-CLO
6421,8972,1,17,1,960.0,34.0,52560,52560,238-VK KBS-CLO
6422,8974,0,14,1,960.0,20.0,71400,71400,176-C STP-IIHS
6423,8975,0,2,1,960.0,30.0,73800,73800,IIHS-3
6424,8977,0,60,1,960.0,120.0,19200,19200,410-FC BSK-NBC-RMN-KRPGH
6425,8978,0,35,1,960.0,54.983333333333334,21600,21600,301-F SBS-KGN
6426,8979,0,13,1,960.0,40.0,24300,24300,89-F BELC-YRS-GBE
6427,8980,0,31,1,960.0,78.98333333333333,28260,28260,297-A PTH-ISNH
6428,8982,1,45,1,960.0,104.98333333333333,33300,33300,297-A KBS-ISNH
6429,8983,0,34,1,960.0,85.0,52500,52500,297-A HBLB-ISNH
6430,8984,0,41,1,960.0,84.98333333333333,71700,71700,290-S SBS-YHKOT
6431,8988,0,55,1,960.0,130.0,29700,29700,253-HC HDP-KBS
6432,8989,0,17,1,960.0,50.0,38700,38700,89-C KMT-CVN
6433,8989,1,18,1,960.0,55.0,55500,55500,89-C KMT-CVN
6434,8991,0,19,1,960.0,45.0,41100,41100,90-E KBS-YRS-BELC
6435,8991,1,14,1,960.0,45.0,44100,44100,90-E KBS-YRS-BELC
6436,8995,0,10,26,36.92307692307692,90.0,26400,74400,VV-EXP KNP-1
6437,8995,1,10,26,36.92307692307692,89.98333333333333,26400,67800,VV-EXP KNP-1
6438,8996,0,8,12,80.0,89.98333333333333,28800,63000,VV-EXP RMN-1
6439,8996,1,8,12,80.0,90.0,19800,66900,VV-EXP RMN-1
6440,8997,0,33,8,120.0,80.0,50700,60600,V-500L
6441,8997,1,32,1,960.0,90.0,56400,56400,V-500L
6442,8999,0,25,7,137.14285714285714,54.983333333333334,27600,60300,MF-12A
6443,8999,1,24,7,137.14285714285714,54.983333333333334,24300,55200,MF-12A
6444,9000,1,7,4,240.0,75.0,59400,68700,VV-EXP RMN-1 MRBS-RMN
6445,9001,0,31,1,960.0,75.0,59400,59400,285-R HBLB-CHL
6446,9001,1,32,1,960.0,75.0,54600,54600,285-R HBLB-CHL
6447,9002,0,21,1,960.0,59.983333333333334,31200,31200,284-C JLO 26M-VSD-KBS
6448,9003,0,19,1,960.0,60.0,40500,40500,284-C JLO-ALSLK-KBS
6449,9004,0,23,1,960.0,54.0,50760,50760,378 D34G-HLM
6450,9004,1,22,1,960.0,59.0,42000,42000,378 D34G-HLM
6451,9005,0,29,1,960.0,58.983333333333334,48660,48660,378 D34G-KSH
6452,9006,0,55,1,960.0,104.98333333333333,27300,27300,366-T KMT-HRGS-LGP
6453,9006,1,53,1,960.0,119.98333333333333,59700,59700,366-T KMT-HRGS-LGP
6454,9007,0,33,25,38.4,64.98333333333333,22500,76800,MF-22EA
6455,9008,0,33,25,38.4,65.0,21600,78000,MF-22E
6456,9009,0,11,20,48.0,29.983333333333334,21600,75600,MF-22K
6457,9009,1,11,20,48.0,30.0,21600,75600,MF-22K
6458,9010,0,22,3,320.0,39.0,28860,52860,MF-22E KRMTTMC-HRMS
6459,9010,1,20,3,320.0,38.983333333333334,43800,67500,MF-22E KRMTTMC-HRMS
6460,9011,0,13,2,480.0,28.983333333333334,42900,45000,MF-22K HRMS-D42
6461,9011,1,13,2,480.0,29.0,50160,52260,MF-22K HRMS-D42
6462,9013,0,26,2,480.0,79.98333333333333,37500,68400,MF-45
6463,9013,1,24,2,480.0,80.0,32400,61800,MF-45
6464,9014,0,35,3,320.0,90.0,17100,66000,285-F BRP-KBS
6465,9015,0,36,2,480.0,65.0,25500,55200,171-G KBS-SSP
6466,9016,0,13,1,960.0,19.983333333333334,62700,62700,176 KVB-IIHS
6467,9017,1,11,1,960.0,19.983333333333334,31500,31500,104 KBS-IIHS
6468,9018,0,51,2,480.0,117.48333333333333,37800,54000,500-FB CSB-HSK
6469,9018,1,48,1,960.0,115.0,45300,45300,500-FB CSB-HSK
6470,9019,0,21,1,960.0,70.0,54000,54000,304-VS KDG-CKT
6471,9019,1,21,1,960.0,69.98333333333333,40500,40500,304-VS KDG-CKT
6472,9021,0,43,1,960.0,105.0,73200,73200,304-VS CKT-SMVR
6473,9021,1,40,1,960.0,85.0,21000,21000,304-VS CKT-SMVR
6474,9022,0,7,5,192.0,2.1,51900,55800,KSRTC-MYSORE-1
6475,9022,1,7,5,192.0,2.1166666666666667,52673,56573,KSRTC-MYSORE-1
6476,9023,0,26,1,960.0,53.983333333333334,50460,50460,302-D KLN-KMT
6477,9023,1,28,1,960.0,49.0,42300,42300,302-D KLN-KMT
6478,9024,0,3,5,192.0,0.23333333333333334,47400,51300,KSRTC-VIJAYAPURA-1
6479,9024,1,3,5,192.0,0.25,48285,52185,KSRTC-VIJAYAPURA-1
6480,9026,0,3,5,192.0,0.21666666666666667,48600,52500,KSRTC-KALABURAGI-1
6481,9026,1,3,5,192.0,0.9,50346,54246,KSRTC-KALABURAGI-1
6482,9027,0,3,3,320.0,1.2,35100,43200,KSRTC-YADGIRI-1
6483,9027,1,3,3,320.0,0.25,37185,45285,KSRTC-YADGIRI-1
6484,9028,0,3,4,240.0,0.35,52800,71520,KSRTC-KOPPALA-1
6485,9028,1,3,4,240.0,0.36666666666666664,53678,72398,KSRTC-KOPPALA-1
6486,9029,0,3,3,320.0,0.31666666666666665,28500,36600,KSRTC-HUBBALLI-1
6487,9029,1,3,3,320.0,0.3333333333333333,29380,37480,KSRTC-HUBBALLI-1
6488,9030,0,3,1,960.0,0.2,59700,59700,KSRTC-HUMANABAD-1
6489,9030,1,3,1,960.0,0.21666666666666667,60587,60587,KSRTC-HUMANABAD-1
6490,9032,0,7,3,320.0,1.4833333333333334,26100,34200,KSRTC-MM HILS-1
6491,9032,1,7,3,320.0,1.5,26910,35010,KSRTC-MM HILS-1
6492,9034,0,6,3,320.0,1.4333333333333333,27300,35400,KSRTC-MM HILS-2
6493,9034,1,6,3,320.0,1.45,28113,36213,KSRTC-MM HILS-2
6494,9033,0,10,4,240.0,2.033333333333333,24900,59700,KSRTC-KOLLEGALA-2
6495,9033,1,10,4,240.0,2.05,25677,71048,KSRTC-KOLLEGALA-2
6496,9035,0,3,6,160.0,0.4666666666666667,39900,49200,KSRTC-DHARMASTHALA-1
6497,9035,1,3,5,192.0,5.25,40771,54585,KSRTC-DHARMASTHALA-1
6498,9036,0,3,3,320.0,0.48333333333333334,47100,55200,KSRTC-KUKKE SUBRAMANYA-1
6499,9036,1,3,3,320.0,0.5,47670,55770,KSRTC-KUKKE SUBRAMANYA-1
6500,9037,0,3,5,192.0,0.5833333333333334,54300,58200,KSRTC-SOMAVARAPETE-1
6501,9037,1,3,5,192.0,0.6,55164,59064,KSRTC-SOMAVARAPETE-1
6502,9038,0,6,5,192.0,2.2333333333333334,56700,60600,KSRTC-PAVAGADA-1
6503,9038,1,6,5,192.0,2.25,57465,61365,KSRTC-PAVAGADA-1
6504,9039,0,4,5,192.0,1.75,58800,62700,KSRTC-TURUVEKERE-1
6505,9039,1,4,5,192.0,1.7666666666666666,59594,63494,KSRTC-TURUVEKERE-1
6506,9040,0,4,3,320.0,0.8833333333333333,38700,46800,KSRTC-CHIKKAMAGALURU-2
6507,9040,1,4,3,320.0,0.9,39546,47646,KSRTC-CHIKKAMAGALURU-2
6508,9041,0,33,4,240.0,64.98333333333333,21900,69600,227-C KMT-GRP
6509,9041,1,32,3,320.0,64.98333333333333,25800,65100,227-C KMT-GRP
6510,9045,0,4,4,240.0,1.3666666666666667,54000,72720,KSRTC-MULABAGILU-1
6511,9045,1,4,4,240.0,1.3833333333333333,54817,73537,KSRTC-MULABAGILU-1
6512,9046,0,7,3,320.0,4.316666666666666,23400,31500,KSRTC-KOLLEGALA-1
6513,9046,1,7,3,320.0,2.1666666666666665,24470,32570,KSRTC-KOLLEGALA-1
6514,9047,0,2,1,960.0,34.0,28560,28560,SCS-11
6515,9047,1,2,1,960.0,29.0,54900,54900,SCS-11
6516,9049,0,7,2,480.0,4.25,19800,22800,KSRTC-CHINTAMANI-1
6517,9049,1,7,2,480.0,58.80833333333333,21579,23444,KSRTC-CHINTAMANI-1
6518,9050,1,32,1,960.0,70.0,75300,75300,345-F BNP-CSB
6519,9051,0,22,1,960.0,50.0,57300,57300,343-R CSB-SRYL
6520,9051,1,22,1,960.0,60.0,62100,62100,343-R CSB-SRYL
6521,9052,0,30,1,960.0,75.0,64200,64200,353 CSB-RJP
6522,9052,1,31,2,480.0,74.98333333333333,32400,57900,353 CSB-RJP
6523,9053,0,33,2,480.0,87.49166666666666,41400,54000,328
6524,9053,1,30,3,320.0,85.0,34500,61200,328
6525,9056,0,25,1,960.0,60.0,76800,76800,24-A KBS-KMT-BTMS
6526,9056,1,23,1,960.0,60.0,72000,72000,24-A KBS-KMT-BTMS
6527,9060,0,20,4,240.0,52.49166666666667,36300,60900,96-E KMT-KNRBEML
6528,9060,1,21,4,240.0,52.49166666666667,32700,57300,96-E KMT-KNRBEML
6529,9061,0,16,1,960.0,39.983333333333334,63900,63900,89-A VSD-KBS-CVN
6530,9061,1,13,1,960.0,40.0,33000,33000,89-A VSD-KBS-CVN
6531,9063,0,13,1,960.0,30.0,63900,63900,82-A VSD-HCG-SBN
6532,9064,0,46,1,960.0,114.98333333333333,29700,29700,285-MG BNM-KBS
6533,9065,0,13,51,18.823529411764707,44.983333333333334,21600,79500,279-E
6534,9065,1,14,53,18.11320754716981,44.983333333333334,19200,75600,279-E
6535,9066,0,17,5,192.0,49.983333333333334,23400,70800,279-A
6536,9066,1,17,4,240.0,47.5,20400,67200,279-A
6537,9067,0,15,10,96.0,40.0,25200,77700,278-E
6538,9067,1,13,12,80.0,37.5,19500,75000,278-E
6539,9068,1,17,1,960.0,60.0,34800,34800,279-A KMT-VSD-NGH
6540,9069,0,13,2,480.0,50.0,62100,62700,279-E KBS-VSD-NGH
6541,9069,1,15,2,480.0,42.49166666666667,33300,34500,279-E KBS-VSD-NGH
6542,9071,0,20,1,960.0,40.0,64200,64200,79-E VSD-KBS-NLO
6543,9072,0,2,14,68.57142857142857,5.0,21000,69000,D19-ELCI
6544,9072,1,2,24,40.0,5.0,12600,62700,D19-ELCI
6545,9073,0,32,2,480.0,84.99166666666666,21300,32100,279-F
6546,9073,1,33,1,960.0,90.0,26400,26400,279-F
6547,9074,0,36,1,960.0,80.0,16200,16200,210-P CSBS-NGH
6548,9075,0,25,2,480.0,55.0,44100,53700,234-E UTS-GOODSHED-KBS
6549,9076,0,24,2,480.0,65.0,27900,62400,317-D
6550,9076,1,25,2,480.0,65.0,32100,66600,317-D
6551,9077,0,39,1,960.0,69.98333333333333,77700,77700,272-B KBS-SLVP
6552,9077,1,37,1,960.0,79.98333333333333,71100,71100,272-B KBS-SLVP
6553,9078,0,15,1,960.0,40.0,64200,64200,96-E VSD-KBS-SJR-SKNBS
6554,9079,0,3,3,320.0,5.0,24600,28200,D24-KRPRS
6555,9080,0,12,9,106.66666666666667,39.983333333333334,24900,63600,MF-9
6556,9080,1,12,6,160.0,39.983333333333334,27900,60900,MF-9
6557,9081,0,30,1,960.0,69.98333333333333,52800,52800,MF-16A SNBS-KWS
6558,9083,1,24,1,960.0,60.0,29400,29400,G-6 SNBS-KWS
6559,9084,0,39,2,480.0,97.0,24300,55260,251-A
6560,9084,1,41,2,480.0,99.98333333333333,30600,63000,251-A
6561,9086,0,6,1,960.0,20.0,58800,58800,HBL-BELF
6562,9088,0,2,1,960.0,35.0,51000,51000,ARMY-03
6563,9089,0,76,1,960.0,145.0,51600,51600,240-N KBS-HHC
6564,9090,0,42,1,960.0,70.0,75600,75600,242-R KBS-JGRH
6565,9090,1,42,1,960.0,89.98333333333333,69000,69000,242-R KBS-JGRH
6566,9092,0,8,1,960.0,19.983333333333334,47400,47400,139 SBS-HLS LAKE-SVM
6567,9093,0,18,1,960.0,54.983333333333334,63600,63600,139 VSD-JBN
6568,9093,1,17,1,960.0,50.0,33600,33600,139 VSD-JBN
6569,9094,0,67,1,960.0,120.0,52800,52800,MKT-5H SNBS-JBS-HRH
6570,9094,1,69,1,960.0,120.0,37500,37500,MKT-5H SNBS-JBS-HRH
6571,9095,0,32,3,320.0,64.98333333333333,33600,62100,291
6572,9095,1,30,3,320.0,65.0,29400,57900,291
6573,9096,0,8,1,960.0,9.0,31260,31260,PTH-NES-YST
6574,9098,0,2,1,960.0,45.0,26700,26700,KVPTA-1
6575,9098,1,2,1,960.0,45.0,52500,52500,KVPTA-1
6576,9099,0,2,1,960.0,10.0,24000,24000,BEML-33B
6577,9099,1,2,1,960.0,20.0,54000,54000,BEML-33B
6578,9100,0,2,1,960.0,10.0,24000,24000,BEML-33C
6579,9100,1,2,1,960.0,20.0,54000,54000,BEML-33C
6580,9101,0,29,1,960.0,80.0,47400,47400,500-L CSB-BEML
6581,9102,0,20,3,320.0,50.0,47100,74700,KBS-NLO-SMH
6582,9103,0,28,4,240.0,44.5,45900,75300,502-H DWN-KTS-SMH
6583,9103,1,27,1,960.0,39.983333333333334,49500,49500,502-H DWN-KTS-SMH
6584,9106,0,17,1,960.0,28.983333333333334,51960,51960,D31G-UST
6585,9108,0,18,1,960.0,14.983333333333333,49500,49500,PSS-RGPS-SMH
6586,9112,0,27,3,320.0,79.0,25560,27360,KBS-3F D38G-KBS Fly
6587,9113,0,10,3,320.0,14.0,65700,75900,279-E NGH-HBL-D14G
6588,9113,1,10,5,192.0,14.0,28860,52560,279-E NGH-HBL-D14G
6589,9115,0,43,3,320.0,99.98333333333333,30000,31800,290-EY KBS-YHKOT
6590,9115,1,41,2,480.0,99.98333333333333,62700,65400,290-EY KBS-YHKOT
6591,9116,0,13,1,960.0,19.0,27360,27360,243-L D31G-TGN-LDH
6592,9117,0,41,1,960.0,74.0,48660,48660,365-P D34G-LYO-ANK
6593,9121,0,22,1,960.0,60.0,47100,47100,342-F SJPJ-SJP
6594,9121,1,22,1,960.0,60.0,43200,43200,342-F SJPJ-SJP
6595,9122,0,43,2,480.0,107.49166666666666,23700,70800,342-L
6596,9122,1,42,2,480.0,104.99166666666666,18000,31200,342-L
6597,9123,0,8,1,960.0,74.98333333333333,38700,38700,O EXP-356KA CSB-ANK
6598,9124,0,49,1,960.0,149.98333333333332,27000,27000,290-G HSS-RKHN
6599,9125,0,23,7,137.14285714285714,50.0,41100,59100,201-G CSB-JBN
6600,9125,1,23,7,137.14285714285714,50.0,37800,55800,201-G CSB-JBN
6601,9126,0,59,3,320.0,90.0,22500,74700,213-E
6602,9126,1,58,3,320.0,95.0,17400,67500,213-E
6603,9127,0,20,1,960.0,39.0,38700,38700,114 KMT-D14G
6604,9128,0,27,1,960.0,54.983333333333334,41400,41400,293-A SBS-PRC
6605,9128,1,24,1,960.0,55.0,37800,37800,293-A SBS-PRC
6606,9129,1,45,1,960.0,109.98333333333333,28800,28800,289-K KBS-KDYH
6607,9131,1,28,1,960.0,59.983333333333334,57300,57300,289-K YHKOT-KDYH
6608,9132,0,39,1,960.0,70.0,63600,63600,273 VSD-RJB-PSS
6609,9134,1,9,1,960.0,14.0,42300,42300,301 D24G-MRGH
6610,9135,0,11,7,137.14285714285714,19.0,43500,78900,KGR-MLS-BEML5
6611,9135,1,10,7,137.14285714285714,19.0,21060,53460,KGR-MLS-BEML5
6612,9136,0,12,3,320.0,8.983333333333333,47760,51360,D9G-NTTF-LGNB
6613,9136,1,11,3,320.0,9.0,40800,45000,D9G-NTTF-LGNB
6614,9138,0,13,1,960.0,23.0,51420,51420,266-E D45G-MGH
6615,9138,1,13,1,960.0,29.0,39600,39600,266-E D45G-MGH
6616,9140,0,7,1,960.0,13.983333333333333,30960,30960,266-RA D45G-JKBN
6617,9140,1,7,1,960.0,14.0,69300,69300,266-RA D45G-JKBN
6618,9141,0,65,1,960.0,124.98333333333333,51900,51900,258-MA MGRMS-JKH
6619,9141,1,64,1,960.0,125.0,31200,31200,258-MA MGRMS-JKH
6620,9142,1,30,1,960.0,63.983333333333334,60900,60900,258-MA D43G-HIH-JKH
6621,9143,0,32,4,240.0,62.5,32100,60600,248-H
6622,9143,1,28,4,240.0,62.5,27900,56400,248-H
6623,9144,0,22,1,960.0,44.0,25860,25860,242-Z D35G-TGH
6624,9145,0,24,2,480.0,54.49166666666667,24060,52200,242-K D35G-KPL
6625,9147,0,40,1,960.0,85.0,70500,70500,266-K MDP-KBS
6626,9148,1,31,1,960.0,69.0,37800,37800,266-C D45G-KMT
6627,9150,0,25,2,480.0,59.0,49260,53160,266-K D45G-MKT-KBS
6628,9151,0,6,1,960.0,10.0,31800,31800,BSK-KDHP-PNN
6629,9152,0,37,3,320.0,105.0,23100,72900,306-MB
6630,9152,1,38,3,320.0,104.98333333333333,18000,63300,306-MB
6631,9153,0,24,1,960.0,89.98333333333333,58500,58500,298 BSF-MKC-SBS
6632,9156,0,13,1,960.0,20.0,53100,53100,KGR-SCS
6633,9156,1,15,1,960.0,25.0,30900,30900,KGR-SCS
6634,9157,1,35,1,960.0,60.0,60900,60900,401-K KGR-VJN-RJN6
6635,9159,0,25,1,960.0,50.0,55200,55200,176-E MBS-BCC
6636,9159,1,25,1,960.0,50.0,51900,51900,176-E MBS-BCC
6637,9160,0,23,2,480.0,33.99166666666667,39300,60600,238-U KBS-NBC-CLO
6638,9160,1,22,1,960.0,38.983333333333334,47160,47160,238-U KBS-NBC-CLO
6639,9161,1,14,3,320.0,59.983333333333334,50400,51600,121-BA SBS-KMTFLY-VJN
6640,9163,0,31,2,480.0,61.983333333333334,49200,64500,63 SBS-CLO
6641,9163,1,34,2,480.0,62.0,30660,45600,63 SBS-CLO
6642,9166,0,2,2,480.0,1.0,26400,28200,D19-D19G
6643,9166,1,2,1,960.0,1.0,69540,69540,D19-D19G
6644,9167,0,7,2,480.0,4.0,26460,28260,D19G-ELCW
6645,9167,1,7,1,960.0,4.0,69300,69300,D19G-ELCW
6646,9169,1,4,8,120.0,1.25,34725,62325,KSRTC-HOSADURGA-1
6647,9171,0,2,5,192.0,0.16666666666666666,53100,57000,KSRTC-MYSORE H EXPRESS-1
6648,9171,1,2,5,192.0,0.16666666666666666,53990,57890,KSRTC-MYSORE H EXPRESS-1
6649,9170,0,4,3,320.0,1.15,49200,57300,KSRTC-HASSAN-1
6650,9170,1,4,3,320.0,1.1666666666666667,50030,58130,KSRTC-HASSAN-1
6651,9172,0,3,5,192.0,0.38333333333333336,60000,63900,KSRTC-HOSAPETE-1
6652,9172,1,3,5,192.0,0.4,60876,64776,KSRTC-HOSAPETE-1
6653,9173,0,3,5,192.0,0.48333333333333334,55500,59400,KSRTC-DAVANAGERE-1
6654,9173,1,3,5,192.0,0.5,56370,60270,KSRTC-DAVANAGERE-1
6655,9174,0,3,5,192.0,0.4166666666666667,61200,65100,KSRTC-BALLARI-1
6656,9174,1,3,6,160.0,3.8333333333333335,22270,68170,KSRTC-BALLARI-1
6657,9175,0,3,3,320.0,0.26666666666666666,22200,30300,KSRTC-RAICHUR-1
6658,9175,1,3,3,320.0,0.2833333333333333,23083,31183,KSRTC-RAICHUR-1
6659,9176,0,3,3,320.0,0.3,48000,56100,KSRTC-GADAGA-1
6660,9176,1,3,3,320.0,0.31666666666666665,48881,56981,KSRTC-GADAGA-1
6661,9178,0,3,3,320.0,0.7666666666666667,32400,40500,KSRTC-HAVERI-1
6662,9178,1,3,3,320.0,0.4,33576,41676,KSRTC-HAVERI-1
6663,9177,0,3,6,160.0,0.26666666666666666,41100,54600,KSRTC-BAGALKOTE-1
6664,9177,1,3,6,160.0,0.2833333333333333,51583,62308,KSRTC-BAGALKOTE-1
6665,9183,0,7,3,320.0,4.316666666666666,29700,37800,KSRTC-T NARASIPURA-1
6666,9183,1,7,3,320.0,2.1666666666666665,30770,38870,KSRTC-T NARASIPURA-1
6667,9185,0,4,3,320.0,0.8666666666666667,37500,45600,KSRTC-SHIVAMOGGA-1
6668,9185,1,4,3,320.0,0.8833333333333333,38347,46447,KSRTC-SHIVAMOGGA-1
6669,9187,0,22,16,60.0,50.0,26700,72900,314
6670,9187,1,21,16,60.0,50.0,23700,69300,314
6671,9190,0,22,1,960.0,59.983333333333334,67500,67500,314-H KBS-BEMLF
6672,9190,1,21,1,960.0,55.0,24600,24600,314-H KBS-BEMLF
6673,9191,0,22,1,960.0,43.983333333333334,52560,52560,342-TA D42G-HND
6674,9191,1,22,1,960.0,44.0,41700,41700,342-TA D42G-HND
6675,9192,0,15,1,960.0,19.0,67500,67500,36-B GNE-BSK
6676,9195,0,8,13,73.84615384615384,15.0,27000,61800,MF-49
6677,9195,1,8,13,73.84615384615384,14.983333333333333,28200,63300,MF-49
6678,9198,0,2,1,960.0,4.0,30060,30060,61-J CLO-CLO1
6679,9199,0,13,1,960.0,44.0,50460,50460,201-G KRM-BEMLF
6680,9201,1,28,1,960.0,59.0,63000,63000,289-V D52G-DVHOB
6681,9202,0,38,1,960.0,59.983333333333334,71700,71700,365-J JAPC-JNN
6682,9203,0,12,1,960.0,28.983333333333334,42900,42900,242-B KBS-SJR-D31G
6683,9205,0,29,2,480.0,67.5,15600,32400,224-A VHS-KMT-KBS
6684,9206,0,52,1,960.0,88.98333333333333,36000,36000,293 KMT-MGS-D52G
6685,9207,0,32,2,480.0,73.99166666666666,30360,49860,288 D45-TDL-KMT
6686,9207,1,30,2,480.0,74.0,38400,62700,288 D45-TDL-KMT
6687,9208,1,17,1,960.0,29.0,52860,52860,112 SBS-YMCN-D14G
6688,9209,0,9,28,34.285714285714285,100.0,19800,78000,VV-EXP CPT-1
6689,9209,1,9,29,33.10344827586207,100.0,18900,68700,VV-EXP CPT-1
6690,9210,0,19,1,960.0,39.0,35100,35100,210-D KMT-MMI-PPLO
6691,9211,1,57,1,960.0,109.98333333333333,33600,33600,258-Q KBS-HNG
6692,9212,0,10,1,960.0,13.983333333333333,31260,31260,D31G-VSL
6693,9212,1,8,1,960.0,14.0,67200,67200,D31G-VSL
6694,1102,0,32,3,320.0,80.0,19200,62700,237-J
6695,9214,0,49,1,960.0,99.98333333333333,30600,30600,226-M BDD-KMT FLY-SNBS
6696,9214,1,46,1,960.0,100.0,63900,63900,226-M BDD-KMT FLY-SNBS
6697,9215,0,6,1,960.0,5.0,38100,38100,SNBS-JBC-KMT
6698,9216,0,44,1,960.0,104.98333333333333,54000,54000,231-K BDD-KMT
6699,9217,0,38,1,960.0,80.0,21300,21300,253-G YTTMC-BDP
6700,9217,1,40,1,960.0,80.0,71400,71400,253-G YTTMC-BDP
6701,9218,1,31,1,960.0,44.983333333333334,69300,69300,276-A SBS-VRP-MSP
6702,9219,0,9,1,960.0,15.0,22500,22500,255-AE DSP-ALRBDA
6703,9219,1,10,1,960.0,19.983333333333334,73800,73800,255-AE DSP-ALRBDA
6704,9222,1,39,1,960.0,85.0,31200,31200,226-VA KGR-TRD-KGH
6705,9223,1,55,1,960.0,130.0,24600,24600,370-A KBS-JBS-UJPD
6706,9225,0,41,1,960.0,69.98333333333333,64800,64800,298-P DVHOB-HSK
6707,9225,1,40,1,960.0,70.0,71700,71700,298-P DVHOB-HSK
6708,9226,1,32,1,960.0,60.0,48900,48900,KBS-1I BEMLF-KDG
6709,9227,1,30,1,960.0,54.0,63900,63900,276-A D45-MKC-VSD
6710,9228,0,24,2,480.0,68.98333333333333,25560,27960,600-F D38-BSK FLY
6711,9228,1,25,2,480.0,63.983333333333334,62100,64500,600-F D38-BSK FLY
6712,9229,0,43,1,960.0,89.98333333333333,76500,76500,242-E KBS-CNH
6713,9229,1,43,1,960.0,99.98333333333333,30000,30000,242-E KBS-CNH
6714,9230,0,39,1,960.0,99.98333333333333,57600,57600,285-JE
6715,9230,1,42,1,960.0,100.0,26100,26100,285-JE
6716,9232,0,9,1,960.0,20.0,25800,25800,278-E ARMY-HBL-NGH
6717,9233,0,43,1,960.0,95.0,49500,49500,285-MA CVB-SVS-DBP
6718,9234,0,29,1,960.0,60.0,30600,30600,226-N BDD-KBDA-KGR
6719,9235,0,46,1,960.0,90.0,52800,52800,298-MK YHKOT-KYR
6720,9236,0,46,1,960.0,105.0,36600,36600,285 YBS-HBL-DBP
6721,9236,1,47,1,960.0,105.0,51900,51900,285 YBS-HBL-DBP
6722,9237,0,58,1,960.0,133.98333333333332,26760,26760,PTLM-Byatha-YBS
6723,1102,1,32,3,320.0,79.98333333333333,23100,67800,237-J
6724,9237,1,60,1,960.0,130.0,58500,58500,PTLM-Byatha-YBS
6725,9238,0,32,2,480.0,89.98333333333333,37200,39600,NICE-10 BMS-MDVR
6726,9244,1,12,25,38.4,99.98333333333333,19800,75600,O EXP-298MP
6727,9245,0,54,10,96.0,145.0,18000,71400,285-MV
6728,1104,0,13,18,53.333333333333336,34.983333333333334,25800,73500,89-D
6729,9245,1,55,8,120.0,149.98333333333332,20700,71100,285-MV
6730,9247,0,15,1,960.0,35.0,25200,25200,365-BB BSK-DCHBS
6731,9247,1,15,1,960.0,34.983333333333334,63900,63900,365-BB BSK-DCHBS
6732,9249,0,24,1,960.0,59.983333333333334,60300,60300,281-AP KIA-YHKOT
6733,9250,0,21,4,240.0,60.0,24960,60600,225-BC BEML5-KMT FLY-KBS
6734,9253,0,7,37,25.945945945945947,43.31666666666667,21600,75000,VV-EXP TMK-1
6735,9253,1,6,33,29.09090909090909,43.733333333333334,23475,76575,VV-EXP TMK-1
6736,9257,0,11,38,25.263157894736842,90.0,18000,76200,O EXP-317CH
6737,9257,1,11,43,22.325581395348838,90.0,18900,75000,O EXP-317CH
6738,9258,1,14,1,960.0,28.983333333333334,42300,42300,272-B D45G-SLP
6739,9262,0,12,2,480.0,32.5,53700,79200,JHC-ADH
6740,9262,1,12,2,480.0,27.5,22200,77100,JHC-ADH
6741,9263,0,28,2,480.0,79.98333333333333,39300,72000,252-RA KBS-TGP-ADH
6742,1104,1,12,18,53.333333333333336,34.983333333333334,25200,71100,89-D
6743,9263,1,33,1,960.0,90.0,57000,57000,252-RA KBS-TGP-ADH
6744,9264,0,52,1,960.0,69.0,21660,21660,516 D43G-KGR
6745,9264,1,49,1,960.0,104.0,69600,69600,516 D43G-KGR
6746,9266,0,2,1,960.0,55.0,24600,24600,CRST Pickup
6747,9267,0,2,1,960.0,55.0,55800,55800,CRST Drop
6748,9268,0,21,22,43.63636363636363,150.0,23400,66600,O EXP V-STRR-1
6749,9268,1,22,20,48.0,150.0,21600,66600,O EXP V-STRR-1
6750,9270,0,13,1,960.0,20.0,66900,66900,201 KGS-D20
6751,9271,0,39,1,960.0,119.98333333333333,39600,39600,304-T
6752,9274,0,22,2,480.0,47.49166666666667,37800,62100,KMT-SNB
6753,9274,1,20,2,480.0,50.0,34500,58800,KMT-SNB
6754,9276,0,10,18,53.333333333333336,40.0,25200,65700,298-MW
6755,9276,1,10,18,53.333333333333336,40.0,27900,68400,298-MW
6756,9281,0,2,1,960.0,45.0,26400,26400,VLS-4 Pick Up
6757,9282,0,2,1,960.0,45.0,56400,56400,VLS-04 Drop
6758,9283,0,2,1,960.0,44.0,26460,26460,VLS-06
6759,9283,1,2,1,960.0,50.0,56400,56400,VLS-06
6760,9285,0,2,1,960.0,50.0,26100,26100,VLS-07
6761,9285,1,2,1,960.0,60.0,56400,56400,VLS-07
6762,9286,0,48,15,64.0,113.98333333333333,18300,61260,V-500CA KMK-BSK-ITPL
6763,9286,1,46,17,56.470588235294116,114.0,38400,78600,V-500CA KMK-BSK-ITPL
6764,9287,0,2,1,960.0,35.0,29100,29100,ABS-02
6765,9287,1,2,1,960.0,30.0,54000,54000,ABS-02
6766,9288,0,5,1,960.0,9.0,28260,28260,D41G-TRL
6767,9289,0,15,1,960.0,35.0,57300,57300,328 TRL-SJP
6768,9291,0,2,1,960.0,40.0,29100,29100,ASP-3
6769,9291,1,2,1,960.0,35.0,54000,54000,ASP-3
6770,9292,0,24,1,960.0,54.983333333333334,57000,57000,328 KMS-ATB
6771,9293,0,2,1,960.0,40.0,28200,28200,DKN-5
6772,9293,1,2,1,960.0,40.0,54000,54000,DKN-5
6773,9294,0,27,2,480.0,89.98333333333333,47400,48000,500-CH TNF-ASP
6774,9295,0,2,1,960.0,40.0,28200,28200,DKN-6
6775,9295,1,2,1,960.0,40.0,54000,54000,DKN-6
6776,9299,0,37,1,960.0,98.98333333333333,45060,45060,D06G-TNF-HSS
6777,9301,0,47,1,960.0,120.0,54900,54900,342-F BEG-KBS
6778,9302,0,37,1,960.0,90.0,18000,18000,500-CH DNK-BEG
6779,9303,0,2,1,960.0,40.0,52200,52200,HSS-24
6780,9303,1,2,1,960.0,30.0,24600,24600,HSS-24
6781,9305,0,2,1,960.0,60.0,26100,26100,SVM-002
6782,9305,1,2,1,960.0,60.0,52200,52200,SVM-002
6783,9290,0,11,1,960.0,18.983333333333334,27660,27660,D42G-KMS
6784,9308,0,2,1,960.0,60.0,26100,26100,CHMS-2
6785,9308,1,2,1,960.0,45.0,55800,55800,CHMS-2
6786,9311,0,15,1,960.0,24.0,48060,48060,285-RA PTLM-HYNR
6787,9312,1,38,6,160.0,99.0,40800,64800,TR-4 CLO-NGV
6788,9314,0,34,1,960.0,68.98333333333333,53160,53160,241-C D35G-YKH-KMT
6789,9314,1,31,1,960.0,69.0,39600,39600,241-C D35G-YKH-KMT
6790,9316,0,41,1,960.0,89.98333333333333,79500,79500,507-A KRP-TNF-CKB
6791,9316,1,41,1,960.0,109.98333333333333,70500,70500,507-A KRP-TNF-CKB
6792,9317,0,31,1,960.0,58.983333333333334,21660,21660,289-P PTH-MLNH-HNS
6793,9317,1,31,1,960.0,69.0,72300,72300,289-P PTH-MLNH-HNS
6794,9322,0,21,1,960.0,45.0,61500,61500,289-AB BYH-D52G-YHK
6795,9324,0,49,1,960.0,94.98333333333333,63600,63600,293-H SBS-DNH
6796,9324,1,45,1,960.0,89.98333333333333,56400,56400,293-H SBS-DNH
6797,9325,0,51,1,960.0,115.0,29700,29700,293-S LHIA-KBS
6798,9326,0,53,1,960.0,104.98333333333333,45900,45900,293-SB SBS-LHIA
6799,9327,0,46,1,960.0,104.98333333333333,56100,56100,226-N BDD-KBS-VSD
6800,9329,0,13,1,960.0,30.0,48600,48600,298-P PTML-BTH
6801,9330,0,20,1,960.0,39.983333333333334,29700,29700,286 SNBS-SBS-HBLB
6802,1109,0,36,132,7.2727272727272725,70.0,600,82500,242-B
6803,9331,0,54,1,960.0,104.0,36000,36000,412-H ISRO-KLN
6804,9332,1,53,1,960.0,84.98333333333333,21600,21600,600-KB Under Fly
6805,9333,0,5,1,960.0,20.0,63900,63900,KMT-NYD
6806,9334,0,28,1,960.0,48.983333333333334,65400,65400,G-6 NYDL-D12G
6807,9336,0,35,1,960.0,90.0,66000,66000,285-D LGH-KBS
6808,9337,0,50,1,960.0,109.98333333333333,55200,55200,226 BDD-MGST-SBS
6809,9338,0,63,1,960.0,120.0,63300,63300,228-K SBS-BDD
6810,9339,0,40,1,960.0,110.0,69600,69600,500-EB NJP-TNF
6811,9339,1,41,1,960.0,99.98333333333333,22200,22200,500-EB NJP-TNF
6812,9342,0,15,1,960.0,14.0,29460,29460,258-C D43G-JTMK
6813,9342,1,15,1,960.0,14.0,68700,68700,258-C D43G-JTMK
6814,9344,0,48,1,960.0,100.0,37800,37800,258-C SNBS-NMG
6815,9345,0,25,1,960.0,50.0,40200,40200,285 HBLB-TRH
6816,9346,0,48,9,106.66666666666667,89.98333333333333,28800,60300,CHAKRA-3
6817,9348,0,48,8,120.0,86.98333333333333,21660,46500,CHAKRA-3 D27G-JAPC
6818,9349,0,48,5,192.0,94.98333333333333,34800,69000,CHAKRA-3  JAPC-D27G
6819,9351,0,24,1,960.0,34.983333333333334,49800,49800,238-US SGBS-VTTMC
6820,9353,0,28,1,960.0,60.0,45600,45600,221-K KBS-KMGT
6821,9353,1,25,1,960.0,60.0,49800,49800,221-K KBS-KMGT
6822,9356,0,20,1,960.0,48.983333333333334,69300,69300,201-G CSB-D06G
6823,9357,0,16,1,960.0,29.983333333333334,54900,54900,225-BA BEML5-MRBS
6824,9357,1,15,1,960.0,30.0,57000,57000,225-BA BEML5-MRBS
6825,9358,0,3,3,320.0,0.26666666666666666,50400,58500,KSRTC-TALIKOTE-1
6826,9358,1,3,3,320.0,0.2833333333333333,51283,59383,KSRTC-TALIKOTE-1
6827,9360,0,4,3,320.0,0.6666666666666666,21000,28680,KSRTC-SHRUNGERI-1
6828,9360,1,4,3,320.0,0.6833333333333333,21859,29959,KSRTC-SHRUNGERI-1
6829,9361,0,34,1,960.0,60.0,51000,51000,SNBS-BSK-VLS
6830,9362,0,4,4,240.0,0.7333333333333333,55200,73920,KSRTC-HORANADU-1
6831,9362,1,4,4,240.0,0.75,56055,74775,KSRTC-HORANADU-1
6832,9363,1,34,1,960.0,70.0,19800,19800,27 KBS-SBS-MDN
6833,9364,0,10,1,960.0,14.983333333333333,24300,24300,129 KBS-SBS-KBR
6834,9365,0,3,7,137.14285714285714,0.48333333333333334,19800,21900,V-KSRTC DAVANAGERE-1
6835,9365,1,3,7,137.14285714285714,0.5,20670,22770,V-KSRTC DAVANAGERE-1
6836,9370,0,30,7,137.14285714285714,78.98333333333333,24660,58260,365 D44G-GTG-KBS
6837,9370,1,33,7,137.14285714285714,79.0,38100,62700,365 D44G-GTG-KBS
6838,9371,0,41,3,320.0,59.0,25560,33060,365-P ANJ10TH-ANK
6839,9371,1,41,3,320.0,59.0,63300,69900,365-P ANJ10TH-ANK
6840,9372,0,27,1,960.0,54.0,34560,34560,G-4 ANJ10TH-BGDR
6841,9372,1,28,1,960.0,59.0,66300,66300,G-4 ANJ10TH-BGDR
6842,9373,0,19,17,56.470588235294116,40.0,27900,64800,45
6843,9373,1,19,16,60.0,39.983333333333334,30600,69600,45
6844,9375,0,19,15,64.0,50.0,29100,64800,MF-22G
6845,9375,1,19,15,64.0,50.0,25800,61200,MF-22G
6846,9376,0,40,11,87.27272727272727,90.0,18000,70800,398-CH
6847,9376,1,40,11,87.27272727272727,90.0,18600,58800,398-CH
6848,9377,0,13,2,480.0,34.49166666666667,48360,68400,BC-3A D27G-BMS
6849,9377,1,14,1,960.0,35.0,62700,62700,BC-3A D27G-BMS
6850,9378,0,17,1,960.0,30.0,26400,26400,V-12 KBS-BSK
6851,9378,1,14,1,960.0,58.983333333333334,49200,49200,V-12 KBS-BSK
6852,9379,0,24,21,45.714285714285715,55.0,24900,66900,317-HH
6853,9379,1,24,21,45.714285714285715,54.983333333333334,28200,70800,317-HH
6854,9380,0,26,1,960.0,74.98333333333333,26100,26100,EXP NICE-4D
6855,9381,0,48,2,480.0,95.0,30300,61800,CHAKRA-3 CD HSK
6856,9382,0,49,3,320.0,95.0,33300,67200,CHAKRA-3 JAPC-CDHSK-D27G
6857,9383,0,20,1,960.0,43.983333333333334,22560,22560,284 PTH-ZRTN
6858,9384,0,2,1,960.0,40.0,25500,25500,ADITI-04
6859,9385,1,41,1,960.0,109.98333333333333,29400,29400,227 SBS- KMT FLY-DAM
6860,9387,0,22,1,960.0,60.0,59400,59400,225-BA BEML5-VSD
6861,9389,0,2,7,137.14285714285714,2.35,21000,23100,V-KSRTC MYSORE EXP-1
6862,9389,1,2,7,137.14285714285714,0.16666666666666666,25790,27890,V-KSRTC MYSORE EXP-1
6863,9391,0,2,12,80.0,0.8666666666666667,52200,56700,V-KSRTC SHIVAMOGGA-1 (ASK)
6864,9391,1,2,12,80.0,0.8833333333333333,53047,57547,V-KSRTC SHIVAMOGGA-1 (ASK)
6865,9392,0,2,4,240.0,1.0,47100,52200,D40-D40GT
6866,9392,1,2,5,192.0,1.0,42840,68340,D40-D40GT
6867,9394,1,33,2,480.0,64.0,47160,48960,258-C KBS-D40G
6868,9395,1,13,4,240.0,19.0,41700,67200,258-C D40G-NMG
6869,9397,0,47,1,960.0,90.0,30600,30600,258-C JTMK-GGPFLY-SNBS
6870,9397,1,44,1,960.0,89.98333333333333,63300,63300,258-C JTMK-GGPFLY-SNBS
6871,9400,0,53,34,28.235294117647058,94.98333333333333,30900,67500,401-B
6872,9400,1,52,35,27.428571428571427,99.98333333333333,24000,72000,401-B
6873,9399,0,56,2,480.0,99.0,27960,29160,401-B PTH-MRBS
6874,9399,1,56,2,480.0,99.0,61500,62700,401-B PTH-MRBS
6875,9401,0,16,4,240.0,30.0,62400,71100,225-C BEML5-NLS
6876,9402,1,22,1,960.0,55.0,68700,68700,225-B KMT-BCH
6877,9403,0,2,1,960.0,40.0,64800,64800,NLS-5
6878,9403,1,2,1,960.0,25.0,29100,29100,NLS-5
6879,9404,0,19,1,960.0,40.0,31200,31200,410-FA NLS-YBS
6880,9404,1,20,1,960.0,39.983333333333334,60300,60300,410-FA NLS-YBS
6881,9406,0,2,1,960.0,25.0,29700,29700,NLS-6
6882,9407,1,2,1,960.0,40.0,69300,69300,NLS-06
6883,9408,0,2,1,960.0,25.0,30300,30300,NLS-7
6884,9405,0,10,3,320.0,25.0,26100,27900,225-K BEML5-GLH
6885,9409,0,2,1,960.0,40.0,72000,72000,NLS-07
6886,9410,0,2,1,960.0,25.0,30300,30300,NLS-8
6887,9411,0,2,1,960.0,40.0,74700,74700,NLS-08
6888,9413,1,24,1,960.0,39.983333333333334,32400,32400,401-RA YBS-NLS
6889,9414,0,14,1,960.0,40.0,27900,27900,279-F KBS-AGS-DVS
6890,9414,1,12,2,480.0,40.0,30600,55800,279-F KBS-AGS-DVS
6891,9415,1,13,1,960.0,35.0,49500,49500,DVS-KBS
6892,9418,0,39,4,240.0,104.0,47760,54660,MF-22ET D38G-TNF
6893,9418,1,38,3,320.0,89.0,39600,43800,MF-22ET D38G-TNF
6894,9419,0,16,2,480.0,27.491666666666667,23100,50100,36-F BSK-KDLO
6895,9419,1,15,2,480.0,30.0,47700,76200,36-F BSK-KDLO
6896,9420,0,6,1,960.0,10.0,52200,52200,210-AA D20-ILO
6897,9421,1,7,1,960.0,65.85,31148,31148,VV-EXP TMK-1A
6898,9423,0,36,2,480.0,74.0,29160,32760,378-E D44G-GlsF-ELC
6899,9423,1,34,2,480.0,76.5,65100,67500,378-E D44G-GlsF-ELC
6900,9424,0,15,1,960.0,44.983333333333334,48600,48600,210-R BSK-MON-VSP
6901,9424,1,14,1,960.0,45.0,45600,45600,210-R BSK-MON-VSP
6902,9425,0,43,2,480.0,105.0,25500,27300,NICE-9
6903,9425,1,41,2,480.0,104.98333333333333,64800,66600,NICE-9
6904,9426,0,42,3,320.0,99.98333333333333,57900,60300,365 BSK-JAPC
6905,9426,1,39,3,320.0,100.0,32100,33900,365 BSK-JAPC
6906,9427,0,55,1,960.0,90.0,26400,26400,NICE-5J
6907,9427,1,52,1,960.0,100.0,65700,65700,NICE-5J
6908,9430,0,47,2,480.0,103.98333333333333,50460,52260,410-FC D40G-BSK
6909,9430,1,45,2,480.0,98.98333333333333,38400,40200,410-FC D40G-BSK
6910,9431,1,15,1,960.0,109.98333333333333,29400,29400,EXP-360K KBS-ATB FLY
6911,9432,1,13,1,960.0,28.983333333333334,63000,63000,287-G D14G-CBL
6912,9435,0,17,22,43.63636363636363,40.0,29100,61200,MF-14VJ
6913,9435,1,17,22,43.63636363636363,40.0,29700,63900,MF-14VJ
6914,9436,0,13,2,480.0,35.0,27000,28500,MF-14VJ KGR-VHMS
6915,9437,0,25,2,480.0,59.0,59700,61200,MF-14VJ VHMS-D12G
6916,1109,1,37,131,7.32824427480916,70.0,15600,82200,242-B
6917,1110,0,2,54,17.77777777777778,1.0,21000,55800,D16-DPJN
6918,1110,1,2,58,16.551724137931036,1.0,39240,80040,D16-DPJN
6919,996,0,6,37,25.945945945945947,19.983333333333334,21000,80100,129
6920,1111,0,2,68,14.117647058823529,1.0,21300,68400,D31-D31G
6921,1111,1,2,54,17.77777777777778,1.0,22200,79440,D31-D31G
6922,1113,0,2,67,14.328358208955224,1.0,21000,65940,D35-D35G
6923,1113,1,2,76,12.631578947368421,1.0,38640,80340,D35-D35G
6924,1115,0,17,12,80.0,44.983333333333334,20700,74700,18
6925,1115,1,17,14,68.57142857142857,44.983333333333334,23700,77700,18
6926,1116,0,11,4,240.0,22.5,34200,44400,KMT-MMI-BSK
6927,1117,0,23,1,960.0,20.0,20100,20100,314 SBS-NVP
6928,1118,0,15,33,29.09090909090909,29.0,21360,68460,242-B D31G-KBS
6929,1118,1,14,2,480.0,29.0,45600,65100,242-B D31G-KBS
6930,996,1,8,37,25.945945945945947,24.983333333333334,18300,78600,129
6931,1119,0,2,63,15.238095238095237,1.0,21300,56700,D37-KGR
6932,1119,1,2,63,15.238095238095237,1.0,39540,79140,D37-KGR
6933,1124,0,25,5,192.0,48.983333333333334,48960,66360,242-B D31G-TVK
6934,1125,0,10,1,960.0,20.0,50100,50100,89-D SMH-JCN
6935,1125,1,10,1,960.0,20.0,76200,76200,89-D SMH-JCN
6936,1126,0,2,82,11.707317073170731,5.0,19500,79680,SMH-D31
6937,1126,1,3,24,40.0,1.0,21600,52800,SMH-D31
6938,1127,0,26,20,48.0,60.0,19800,75300,314-D
6939,1127,1,25,17,56.470588235294116,60.0,20700,77400,314-D
6940,1114,0,82,1,960.0,134.98333333333332,25500,25500,240-N
6941,1114,1,80,1,960.0,120.0,18000,18000,240-N
6942,1129,0,61,7,137.14285714285714,120.0,20700,74100,240-MB
6943,1129,1,61,7,137.14285714285714,120.0,21600,71100,240-MB
6944,1131,0,32,30,32.0,59.0,41100,76800,242-B KBS-D35G
6945,1131,1,32,20,48.0,59.0,21060,58860,242-B KBS-D35G
6946,1132,0,42,33,29.09090909090909,79.98333333333333,25200,66900,242
6947,993,0,19,78,12.307692307692308,59.983333333333334,18600,79800,13
6948,1132,1,41,30,32.0,79.98333333333333,26400,73800,242
6949,1133,0,43,149,6.442953020134228,90.0,14400,81000,226-N
6950,1133,1,44,154,6.233766233766234,89.98333333333333,15600,80100,226-N
6951,1134,0,45,81,11.851851851851851,89.98333333333333,20700,76500,226-M
6952,1134,1,46,74,12.972972972972974,89.98333333333333,16200,69300,226-M
6953,1135,0,40,1,960.0,75.0,75000,75000,242-FB
6954,1136,0,19,2,480.0,67.49166666666666,27300,29400,222-A KWS-KBS
6955,1136,1,22,1,960.0,60.0,53400,53400,222-A KWS-KBS
6956,1138,0,10,2,480.0,19.0,44700,64800,KBS-DPJN
6957,1141,0,26,1,960.0,64.98333333333333,38700,38700,222-C
6958,1141,1,26,1,960.0,65.0,42900,42900,222-C
6959,1142,0,25,5,192.0,60.0,16200,80100,222-F
6960,1142,1,25,4,240.0,60.0,41100,75300,222-F
6961,1143,0,28,3,320.0,69.98333333333333,48000,63000,222-H
6962,1143,1,28,3,320.0,69.98333333333333,31800,63000,222-H
6963,1144,0,24,3,320.0,55.0,44700,55500,222-A
6964,1144,1,24,1,960.0,55.0,51900,51900,222-A
6965,1145,0,26,2,480.0,70.0,51300,61800,222-N
6966,1145,1,26,1,960.0,70.0,57300,57300,222-N
6967,1147,0,22,8,120.0,65.0,21600,74400,220-D
6968,1147,1,21,9,106.66666666666667,65.0,18000,69300,220-D
6969,1149,0,25,5,192.0,70.0,23400,72900,220-F
6970,1149,1,21,5,192.0,59.983333333333334,20100,66900,220-F
6971,1154,0,29,1,960.0,74.98333333333333,29400,29400,221-E
6972,1154,1,28,1,960.0,75.0,34200,34200,221-E
6973,1155,0,34,6,160.0,67.5,18900,71400,221-F
6974,1155,1,31,5,192.0,70.0,22800,76500,221-F
6975,1156,0,29,5,192.0,65.0,24600,74700,221-G
6976,1156,1,26,5,192.0,70.0,20700,68700,221-G
6977,1157,0,33,3,320.0,70.0,33300,55500,221-H
6978,1157,1,32,4,240.0,70.0,28800,60000,221-H
6979,1158,0,44,4,240.0,84.98333333333333,23700,66300,221-J
6980,1158,1,43,2,480.0,85.0,21600,59100,221-J
6981,1161,0,28,12,80.0,64.98333333333333,22800,77400,13-A
6982,1161,1,30,12,80.0,67.48333333333333,19200,72600,13-A
6983,1163,0,28,9,106.66666666666667,79.98333333333333,24900,59700,13-B
6984,1163,1,30,8,120.0,77.5,30000,60000,13-B
6985,1165,0,25,2,480.0,55.0,66900,76200,27
6986,1165,1,27,2,480.0,59.983333333333334,63000,70800,27
6987,1166,0,29,5,192.0,65.0,18000,63000,369-G
6988,1166,1,26,4,240.0,70.0,22200,74700,369-G
6989,1167,0,35,23,41.73913043478261,79.98333333333333,20400,81300,365-D
6990,1167,1,32,23,41.73913043478261,80.0,15900,80100,365-D
6991,1168,0,39,16,60.0,85.0,18000,69000,365-E
6992,1168,1,36,15,64.0,85.0,18000,74400,365-E
6993,1169,0,28,1,960.0,60.0,23400,23400,343-L
6994,1169,1,24,1,960.0,79.98333333333333,28800,28800,343-L
6995,1170,0,26,5,192.0,84.98333333333333,23400,74700,348-G
6996,1170,1,22,5,192.0,69.98333333333333,19800,69000,348-G
6997,1172,1,61,1,960.0,105.0,28800,28800,375-J
6998,1173,0,46,89,10.786516853932584,94.98333333333333,14400,79200,285-M
6999,993,1,22,73,13.150684931506849,60.0,19200,79800,13
7000,1173,1,47,94,10.212765957446809,94.98333333333333,14400,79200,285-M
7001,1174,0,48,66,14.545454545454545,100.0,16200,78000,298-M
7002,1174,1,50,73,13.150684931506849,100.0,13200,79800,298-M
7003,1175,0,22,21,45.714285714285715,59.983333333333334,32100,78300,284-D
7004,1175,1,24,23,41.73913043478261,60.0,18300,72900,284-D
7005,1176,0,19,7,137.14285714285714,60.0,31800,75900,284
7006,1176,1,21,8,120.0,52.49166666666667,16200,77700,284
7007,1177,0,6,15,64.0,9.0,27960,55560,PTH-YHKOT
7008,1177,1,6,17,56.470588235294116,9.0,37500,84900,PTH-YHKOT
7009,1178,0,29,60,16.0,60.0,20400,72600,285-MC
7010,1178,1,30,65,14.76923076923077,60.0,24000,77400,285-MC
7011,1179,0,36,1,960.0,90.0,65400,65400,285-K
7012,1182,1,25,1,960.0,70.0,39000,39000,280-A KMT-YHKOT
7013,1185,0,26,3,320.0,59.0,40200,64500,285 KBS-YST-PTH
7014,1185,1,28,1,960.0,59.0,49260,49260,285 KBS-YST-PTH
7015,1186,1,29,2,480.0,67.48333333333333,29700,30600,402-D KBS-VSD-YSTF
7016,1187,0,27,1,960.0,59.0,42000,42000,285 KBS-YSTF-PTH
7017,1188,0,2,63,15.238095238095237,1.0,20400,69300,D11-PTH
7018,1188,1,2,67,14.328358208955224,1.0,21780,79740,D11-PTH
7019,1189,0,27,1,960.0,60.0,63900,63900,402-D CVB-YSTF
7020,1190,0,4,1,960.0,10.0,63000,63000,KBS-CVB
7021,1194,0,7,2,480.0,14.0,26160,29760,PTH-KVRY
7022,1194,1,8,1,960.0,29.0,68700,68700,PTH-KVRY
7023,1195,0,36,5,192.0,74.98333333333333,29700,63000,223-A
7024,1195,1,32,1,960.0,80.0,31800,31800,223-A
7025,1196,0,28,73,13.150684931506849,55.0,18000,79800,223-D
7026,1196,1,27,71,13.52112676056338,54.983333333333334,15000,76500,223-D
7027,997,0,42,54,17.77777777777778,90.0,15300,78000,365
7028,1197,0,28,23,41.73913043478261,59.983333333333334,19200,78300,223-E
7029,1197,1,27,24,40.0,60.0,18000,76200,223-E
7030,1198,0,32,5,192.0,65.0,23400,76800,223-F
7031,1198,1,31,6,160.0,64.98333333333333,19800,71100,223-F
7032,1199,0,29,4,240.0,57.483333333333334,32700,59700,223-H
7033,1199,1,28,4,240.0,54.983333333333334,28800,54000,223-H
7034,1201,0,27,4,240.0,55.0,24300,55500,223-L
7035,1201,1,26,4,240.0,54.983333333333334,27900,51600,223-L
7036,1204,0,29,7,137.14285714285714,59.983333333333334,23100,75000,224
7037,1204,1,28,5,192.0,60.0,19800,69600,224
7038,1205,0,28,4,240.0,62.49166666666667,27300,73500,224-A
7039,1205,1,27,4,240.0,65.0,23400,67500,224-A
7040,1206,0,27,5,192.0,70.0,35100,61800,224-C
7041,1206,1,27,5,192.0,70.0,28800,55200,224-C
7042,1207,0,29,5,192.0,59.983333333333334,23400,75900,224-D
7043,1207,1,28,5,192.0,69.98333333333333,19800,71400,224-D
7044,1212,0,23,24,40.0,49.0,18000,75600,225-B
7045,1212,1,22,26,36.92307692307692,46.99166666666667,21660,78600,225-B
7046,1213,0,22,90,10.666666666666666,50.0,18000,81600,225-C
7047,1213,1,22,74,12.972972972972974,50.0,18000,82800,225-C
7048,1215,0,25,2,480.0,52.5,34500,42600,225-CB
7049,1215,1,25,2,480.0,50.0,39300,45900,225-CB
7050,1216,0,26,1,960.0,65.0,33000,33000,225-CF
7051,1216,1,26,1,960.0,65.0,37200,37200,225-CF
7052,1220,0,18,4,240.0,49.983333333333334,33300,63600,225-G
7053,1220,1,18,2,480.0,49.983333333333334,47100,60300,225-G
7054,1221,0,39,47,20.425531914893618,104.98333333333333,18900,75000,G-2
7055,1221,1,40,52,18.46153846153846,100.0,14400,77700,G-2
7056,1223,0,40,7,137.14285714285714,99.98333333333333,19800,79200,G-2 SBS-SJP
7057,1223,1,43,7,137.14285714285714,110.0,27900,77700,G-2 SBS-SJP
7058,1226,0,40,39,24.615384615384617,69.98333333333333,20400,74700,298-P
7059,997,1,39,50,19.2,90.0,17400,75900,365
7060,1226,1,39,40,24.0,69.98333333333333,20400,78900,298-P
7061,1227,0,35,17,56.470588235294116,79.98333333333333,18000,80100,G-3A
7062,1227,1,36,14,68.57142857142857,82.49166666666666,28800,80700,G-3A
7063,1230,0,25,2,480.0,52.5,33300,48000,225-K
7064,1230,1,24,2,480.0,55.0,29700,38400,225-K
7065,1231,0,20,7,137.14285714285714,49.983333333333334,26400,73500,225-P
7066,1231,1,19,5,192.0,45.0,37500,70500,225-P
7067,1232,0,44,1,960.0,89.98333333333333,69300,69300,226
7068,1232,1,42,1,960.0,79.98333333333333,18000,18000,226
7069,1234,0,40,4,240.0,75.0,23100,76500,226-B
7070,1234,1,39,3,320.0,70.0,18600,69900,226-B
7071,1235,0,43,2,480.0,77.49166666666666,54000,71700,226-C
7072,1235,1,41,1,960.0,69.98333333333333,21600,21600,226-C
7073,1237,0,43,2,480.0,87.5,21000,70200,226-D
7074,1237,1,42,2,480.0,77.48333333333333,16200,26100,226-D
7075,1236,0,42,2,480.0,82.49166666666666,24900,75600,226-E
7076,1236,1,41,3,320.0,80.0,19800,70200,226-E
7077,1238,0,53,3,320.0,110.0,35400,38100,226-G
7078,1239,0,48,2,480.0,100.0,32700,37500,226-F
7079,1239,1,46,4,240.0,104.98333333333333,29400,63000,226-F
7080,1242,0,46,1,960.0,105.0,72000,72000,226-K
7081,1242,1,45,1,960.0,80.0,18000,18000,226-K
7082,1243,0,41,1,960.0,80.0,25200,25200,226-L
7083,1243,1,39,2,480.0,77.5,20400,30300,226-L
7084,1246,1,60,1,960.0,110.0,28200,28200,226-NA
7085,1247,0,11,10,96.0,24.983333333333334,19800,78600,144
7086,1247,1,7,8,120.0,25.0,31500,80400,144
7087,1249,0,10,7,137.14285714285714,35.0,24000,68700,127
7088,1249,1,13,7,137.14285714285714,35.0,25800,71400,127
7089,1250,0,7,7,137.14285714285714,5.0,44700,78000,MYH-SNBS
7090,1250,1,5,8,120.0,10.0,23400,54300,MYH-SNBS
7091,1251,0,50,3,320.0,125.0,27900,72600,342-WA
7092,1251,1,50,3,320.0,124.98333333333333,22200,62400,342-WA
7093,1254,0,53,3,320.0,135.0,19800,51300,600-FD
7094,1254,1,56,1,960.0,134.98333333333332,27300,27300,600-FD
7095,1255,0,35,5,192.0,80.0,23400,74400,210-W
7096,1255,1,33,5,192.0,70.0,19800,68700,210-W
7097,1256,0,20,6,160.0,44.983333333333334,23400,75900,24
7098,1256,1,19,6,160.0,44.983333333333334,20700,72900,24
7099,1257,0,48,20,48.0,105.0,18600,75600,285-MK
7100,1257,1,51,17,56.470588235294116,100.0,16200,72600,285-MK
7101,1258,0,27,15,64.0,54.983333333333334,18900,73800,302-D
7102,1258,1,25,17,56.470588235294116,55.0,18900,75600,302-D
7103,1259,0,36,6,160.0,97.49166666666666,26400,63300,305-D
7104,1259,1,36,4,240.0,89.98333333333333,32700,71100,305-D
7105,1261,0,44,9,106.66666666666667,94.98333333333333,33000,66000,285-MA
7106,1261,1,46,12,80.0,94.98333333333333,27000,58500,285-MA
7107,1262,0,34,1,960.0,80.0,54300,54300,320
7108,1262,1,35,2,480.0,82.49166666666666,33600,59400,320
7109,1265,0,18,4,240.0,50.0,23400,76500,334-B
7110,1265,1,16,3,320.0,45.0,20700,32400,334-B
7111,1268,0,24,7,137.14285714285714,60.0,34500,60900,286
7112,1268,1,26,7,137.14285714285714,60.0,30600,58500,286
7113,1269,0,28,1,960.0,60.0,62400,62400,286 KMT-DSKN
7114,1269,1,30,1,960.0,59.983333333333334,31800,31800,286 KMT-DSKN
7115,1270,0,17,1,960.0,23.0,30120,30120,285 PTH-DSKN
7116,1270,1,16,1,960.0,24.0,66300,66300,285 PTH-DSKN
7117,1271,0,16,8,120.0,49.983333333333334,31800,58200,288-D
7118,1271,1,18,9,106.66666666666667,50.0,36600,61500,288-D
7119,1272,0,23,24,40.0,49.983333333333334,21000,79200,288-A
7120,1272,1,24,24,40.0,50.0,18000,75000,288-A
7121,1273,0,18,3,320.0,55.0,37500,51900,288-G
7122,1273,1,20,3,320.0,55.0,41100,58200,288-G
7123,1274,0,24,7,137.14285714285714,60.0,21900,76200,288
7124,1274,1,26,7,137.14285714285714,60.0,18600,69900,288
7125,1276,1,2,59,16.271186440677965,1.0,19740,80040,D12-BSN
7126,1279,0,9,1,960.0,14.0,66000,66000,222-N JBWH-D12G
7127,1280,1,15,1,960.0,19.0,63600,63600,235-K BSN-DBT
7128,1281,1,32,4,240.0,77.49166666666666,25200,57600,223-A FLY
7129,1282,0,10,1,960.0,19.0,27360,27360,223-H KGR-DNH
7130,1282,1,10,1,960.0,18.983333333333334,63600,63600,223-H KGR-DNH
7131,1283,0,38,3,320.0,59.983333333333334,23400,45600,235-K
7132,1283,1,37,3,320.0,60.0,20100,49500,235-K
7133,1284,0,37,1,960.0,75.0,41400,41400,226-N KRBL-BDD
7134,998,0,8,40,24.0,25.0,23700,76800,150
7135,1285,0,29,1,960.0,59.983333333333334,63900,63900,225-C VSD
7136,1285,1,25,2,480.0,65.0,31500,58800,225-C VSD
7137,1286,0,24,9,106.66666666666667,60.0,18000,65100,225-C FLY
7138,1287,0,14,1,960.0,45.0,66000,66000,225-CC
7139,1287,1,14,1,960.0,44.983333333333334,28800,28800,225-CC
7140,1288,0,8,1,960.0,7.983333333333333,28020,28020,225-CC BEML5-DRF
7141,1288,1,7,1,960.0,9.0,68700,68700,225-CC BEML5-DRF
7142,1289,0,2,68,14.117647058823529,1.0,21000,70200,D21-BEML5
7143,1289,1,2,81,11.851851851851851,1.0,20940,80040,D21-BEML5
7144,1291,0,21,2,480.0,60.0,29700,38100,225-G KMT FLY
7145,1292,0,4,2,480.0,4.0,66600,76800,225-G BGPN-BEML5
7146,1292,1,5,1,960.0,4.0,29160,29160,225-G BGPN-BEML5
7147,1295,0,23,1,960.0,60.0,35700,35700,284-KA
7148,1295,1,24,1,960.0,60.0,41100,41100,284-KA
7149,1296,0,2,64,15.0,1.0,22500,65700,D36-D36G
7150,1296,1,2,57,16.842105263157894,1.0,2940,75840,D36-D36G
7151,1297,1,26,1,960.0,80.0,30600,30600,284-KA KBS-VSD-JSNL
7152,1299,0,26,76,12.631578947368421,64.98333333333333,16200,80700,402-B
7153,1299,1,28,71,13.52112676056338,64.98333333333333,17700,76500,402-B
7154,1301,0,49,2,480.0,109.98333333333333,44400,49200,226-M BDD-SNBS
7155,1301,1,49,3,320.0,105.0,33000,40800,226-M BDD-SNBS
7156,1302,0,38,1,960.0,84.98333333333333,63300,63300,CALLBUS-10
7157,1302,1,11,1,960.0,65.0,31500,31500,CALLBUS-10
7158,1303,0,17,17,56.470588235294116,34.0,39600,77700,61-A
7159,1303,1,17,13,73.84615384615384,30.0,20100,64800,61-A
7160,1304,0,45,57,16.842105263157894,85.0,17400,78900,501-C
7161,1304,1,45,58,16.551724137931036,85.0,19800,76800,501-C
7162,1307,0,30,24,40.0,70.0,26100,70500,G-9
7163,1307,1,31,23,41.73913043478261,69.98333333333333,22200,64800,G-9
7164,1308,0,10,1,960.0,19.0,28860,28860,PTH-JSNL
7165,1308,1,10,1,960.0,19.0,67800,67800,PTH-JSNL
7166,1311,0,48,1,960.0,90.0,30600,30600,226-N VSD FLY
7167,1311,1,52,1,960.0,90.0,63900,63900,226-N VSD FLY
7168,1313,0,22,46,20.869565217391305,60.0,19500,74700,96-A
7169,1315,0,49,2,480.0,90.0,57900,70800,226-P
7170,1315,1,48,2,480.0,85.0,19800,65100,226-P
7171,1318,0,50,1,960.0,104.98333333333333,72900,72900,226-S
7172,1318,1,49,2,480.0,94.99166666666666,18000,64800,226-S
7173,1319,0,51,1,960.0,124.98333333333333,61200,61200,226-SB
7174,1319,1,51,2,480.0,117.5,26400,69000,226-SB
7175,1320,0,46,3,320.0,85.0,20700,61200,226-T
7176,1320,1,46,2,480.0,87.49166666666666,27300,75000,226-T
7177,1321,0,45,1,960.0,90.0,37800,37800,226-U
7178,1321,1,45,2,480.0,92.49166666666666,31800,44400,226-U
7179,1322,0,54,1,960.0,105.0,68700,68700,226-V
7180,1323,0,54,1,960.0,104.98333333333333,70200,70200,226-VA
7181,1323,1,54,1,960.0,90.0,16200,16200,226-VA
