stop_id,stop_name,stop_lat,stop_lon,easting,northing,stop_idx
21629,12th Block Nagarabhavi,12.96018,77.51398,772742.0646414765,1434074.779913667,0
21630,12th Block Nagarabhavi,12.96076,77.51351,772690.4126076645,1434138.4733115954,1
20568,14th Main HSR Layout,12.91637,77.63472,785899.3036879036,1429357.5470279576,2
22890,18th Main Jayanagara,12.92328,77.58898,780925.1325162721,1430071.758629584,3
22891,19th Main 13th Cross HSR Layout,12.91593,77.65176,787750.0492124667,1429327.9358083308,4
24300,19th Main 13th Cross HSR Layout,12.91582,77.65175,787749.0894350207,1429315.7483457373,5
29393,1st Main Kodichikkanahalli,12.89854,77.61543,783824.9184675475,1427362.4795504927,6
35599,1st Main Kodichikkanahalli,12.89847,77.6155,783832.5986225205,1427354.8087679828,7
22896,1st Stage 3rd Block Nagarabhavi (Nayandahalli),12.95302,77.52026,773431.6013550905,1433289.0122327176,8
22897,1st Stage 3rd Block Nagarabhavi (Summanahalli),12.95286,77.52017,773422.0059586295,1433271.2065963922,9
35595,2nd Stage 9th Block Nagarabhavi,12.9695,77.50927,772220.6375892358,1435101.306457811,10
21446,3rd Block Jayanagara,12.9318,77.58393,780367.3084905669,1431009.277337748,11
21447,3rd Block Jayanagara,12.93349,77.58396,780368.6762364825,1431196.3722959962,12
29407,4th Phase Yelahanka New Town Iyengar Bakery,13.10426,77.57,778661.9169110006,1450083.1399132772,13
29409,5th Block HBR Layout,13.03585,77.63142,785404.4978369126,1442579.3059889907,14
20594,8th Mile Dasarahalli,13.04541,77.50795,771994.52309476,1443501.784173137,15
38567,8th Mile Dasarahalli,13.04571,77.50753,771948.6183181661,1443534.5383377087,16
20593,8th Mile Dasarahalli,13.04622,77.50755,771950.230602801,1443591.0078390127,17
35572,8th Mile Dasarahalli,13.04543,77.50547,771725.3828054384,1443501.3384202158,18
35570,8th Mile Dasarahalli,13.0451,77.50748,771943.8599404923,1443466.9684167583,19
35571,8th Mile Dasarahalli,13.04555,77.50555,771733.9328470705,1443514.706040859,20
39687,8th Mile Dasarahalli Arrival,13.04556,77.50726,771919.4832579163,1443517.6463577747,21
29453,A G Export Garments Nelamangala,13.12046,77.39237,759374.2319597553,1451686.7386854996,22
35538,A G Export Garments Nelamangala,13.12048,77.39242,759379.6346766186,1451689.0036113395,23
21652,A P J Abdul Kalam Statue,12.97972,77.65404,787924.2779046609,1436391.6268300426,24
21653,A P J Abdul Kalam Statue,12.97977,77.65418,787939.4180545888,1436397.3197466566,25
38855,ADMC Quarters Office,13.0053,77.64117,786497.8082358142,1439208.6320376191,26
29450,AECS Dental College,12.86536,77.59832,782004.1506502512,1423670.9550161893,27
35541,AECS Dental College,12.8654,77.59836,782008.449942427,1423675.426443026,28
20595,AECS Layout Cross,12.96495,77.71832,794919.821166218,1434830.1416097137,29
20596,AECS Layout Cross,12.96511,77.71827,794914.2041383032,1434847.7955783433,30
29451,AECS Layout Singasandra,12.88306,77.64991,787586.764519657,1425687.3890309015,31
35540,AECS Layout Singasandra,12.88286,77.65018,787616.3142418873,1425665.5531086554,32
39893,AET Junction,12.91553,77.69871,792848.5805586665,1429336.9028386045,33
39894,AET Junction,12.91558,77.69881,792859.380947293,1429342.5520839945,34
29461,AGS Layout,12.95173,77.47919,768974.6221864815,1433102.6071579363,35
35533,AGS Layout,12.95163,77.47921,768976.90067948,1433091.5602629886,36
29462,AGS Layout Arehalli,12.91246,77.53706,775299.8862598628,1428817.7252628016,37
35532,AGS Layout Arehalli,12.91246,77.537,775293.3717189969,1428817.6607598162,38
23014,AGS Layout Cross,12.91347,77.54088,775713.5373158368,1428933.626048039,39
24342,AGS Layout Cross,12.91353,77.54088,775713.471455138,1428940.267094501,40
29463,AIR FORCE Quarters,13.05899,77.52141,773440.2015448019,1445019.3464954123,41
35531,AIR FORCE Quarters,13.05895,77.52139,773438.0753837922,1445014.8975578647,42
29474,AL Ameen Residential School,13.06983,77.80832,804562.9060590849,1446546.8685926653,43
35521,AL Ameen Residential School,13.0696,77.80836,804567.5296700052,1446521.4541427074,44
37331,AL-Agro Factory,12.98777,77.88168,812627.9035373703,1437551.2301657815,45
37332,AL-Agro Factory,12.98697,77.88059,812510.5628857433,1437461.3214156255,46
23060,AMC College,12.82938,77.58759,780878.8889602663,1419676.6747431278,47
24134,AMC College,12.83005,77.58779,780899.8677697065,1419751.0531844178,48
29549,APCO Factory,12.76209,77.47036,768217.5870460647,1412104.2854487319,49
35454,APCO Factory,12.76195,77.47044,768226.425559155,1412088.8734029955,50
29550,APMC Yard,13.10494,77.44396,764987.1441515817,1450022.6619189084,51
35453,APMC Yard,13.10488,77.44388,764978.5296346433,1450015.9372492319,52
23134,APS College,12.78276,77.49966,771378.5577329192,1414422.55654482,53
23632,APS College,12.78272,77.4995,771361.2198894509,1414417.9614697217,54
39681,APS College Cross,12.78284,77.49959,771370.8681963029,1414431.3375016353,55
39682,APS College Cross,12.78637,77.50249,771682.1132450388,1414825.0833752246,56
38962,ARMY PUBLIC SCHOOL (Parachute Regiment),13.01651,77.58615,780513.2524677352,1440388.0985652609,57
23190,ASC Centre,12.96239,77.61892,784131.5504717294,1434433.9269920294,58
23930,ASC Centre,12.96248,77.61903,784143.389889231,1434444.0116729944,59
29426,Aane Kempegowdana Doddy,12.86158,77.33503,753417.0613998577,1422978.3854769527,60
35856,Aane Kempegowdana Doddy,12.86152,77.33503,753417.1216706473,1422971.7453727357,61
23396,Abbaiah Circle Sarjapura,12.85975,77.79411,803275.3770246714,1423272.8789630015,62
23418,Abbaiah Circle Sarjapura,12.8597,77.79409,803273.2647694007,1423267.3201450622,63
29428,Abbanakuppe,12.77419,77.4095,761593.716687825,1413381.1979814675,64
35564,Abbanakuppe,12.77413,77.40941,761584.0021466044,1413374.4666319594,65
35563,Abbanakuppe Colony,12.77123,77.41632,762337.6025397559,1413060.506315539,66
29429,Abbanakuppe Colony,12.77126,77.41627,762332.1401906421,1413063.7758611382,67
33404,Abbanakuppe KEB,12.78773,77.42856,763650.0773537912,1414899.0724987027,68
30920,Abbanakuppe KEB,12.78775,77.42874,763669.6084218395,1414901.4695431574,69
29430,Abbigere,13.07696,77.52587,773904.320717287,1447013.157710124,70
35562,Abbigere,13.07692,77.52589,773906.5349701131,1447008.7520073694,71
35561,Abbigere Cross,13.07069,77.52981,774338.7595933166,1446323.4371750678,72
29431,Abbigere Cross,13.07068,77.52978,774335.5154681213,1446322.2978060215,73
29432,Abbigere Dinne,13.07107,77.52816,774159.3045376452,1446363.7088250523,74
35560,Abbigere Dinne,13.07099,77.52812,774155.0527231991,1446354.8107488279,75
29433,Abbigere Gate,13.07248,77.52353,773655.367529464,1446514.7609597123,76
35559,Abbigere Gate,13.07243,77.52355,773657.5927957695,1446509.2483998288,77
22965,Acharya College,13.00234,77.48822,769900.2085417871,1438713.6770504592,78
22966,Acharya College,13.00238,77.48823,769901.2505855137,1438718.1148887102,79
29434,Acharya Institute of Technology,13.08354,77.4841,769365.0607760698,1447696.5767135187,80
35558,Acharya Institute of Technology,13.08351,77.48416,769371.6032119016,1447693.3202180213,81
40369,Acharya Institute of Technology,13.0856,77.48659,769632.977190963,1447927.2343034472,82
29435,Achyuthanagara Gate,13.0842,77.48657,769632.3306968685,1447772.259404436,83
35557,Achyuthanagara Gate,13.08416,77.48656,769631.2892511067,1447767.821493627,84
29437,Adakamaranahalli (Magadi Road),12.94707,77.31056,750674.8067529461,1432415.3139081607,85
39571,Adakamaranahalli (Magadi Road),12.94705,77.31051,750669.3995508816,1432413.0514999647,86
29438,Adakamaranahalli Cross (Magadi Road),12.95445,77.30923,750523.0617927549,1433230.7331485208,87
35554,Adakamaranahalli Cross (Magadi Road),12.9544,77.30926,750526.3680432175,1433225.229223879,88
29441,Adakimaranahalli,13.06492,77.44329,764957.247734233,1445592.6304121674,89
21639,Adakimaranahalli,13.07065,77.4449,765125.813947441,1446228.5001395058,90
22974,Adakimaranahalli,13.06989,77.44532,765172.1962500851,1446144.8249964898,91
29439,Adakimaranahalli,13.07028,77.44482,765117.5293710588,1446187.4655095986,92
29442,Adarshanagara,13.07619,77.42374,762824.1025224689,1446819.5738967173,93
35552,Adarshanagara,13.07621,77.42378,762828.4211600276,1446821.8289848901,94
29444,Adde Vishwanathapura,13.18672,77.55112,776521.0688300363,1459189.5790437937,95
35550,Adde Vishwanathapura,13.18669,77.5511,776518.9334477135,1459186.2363931907,96
29445,Addiganahalli,13.17297,77.56958,778538.7655815661,1457688.0405275093,97
35549,Addiganahalli,13.17292,77.56963,778544.245393,1457682.561587228,98
22981,Addiganahalli Extension,13.1728,77.57126,778721.1780476077,1457671.0877673824,99
31347,Addiganahalli Extension,13.17288,77.57123,778717.833495397,1457679.909526623,100
22982,Adigara Kallahalli,12.82573,77.80302,804284.1635149699,1419517.2220503355,101
23391,Adigara Kallahalli,12.82578,77.80293,804274.326252615,1419522.6510339142,102
29446,Adigondanahalli,12.81457,77.75116,798663.665247998,1418221.1402247215,103
35548,Adigondanahalli,12.81456,77.75126,798674.5405430361,1418220.1490083688,104
25578,Adigondanahalli Junction,12.80604,77.74276,797761.164787099,1417267.160264824,105
32772,Adigondanahalli Junction,12.80604,77.74266,797750.3009944194,1417267.0449070148,106
39104,Aditya Bakery,12.90354,77.51078,772456.214370593,1427802.338220795,107
39105,Aditya Bakery,12.90351,77.51069,772446.4749038342,1427798.9220825494,108
38161,Adrsha Savana,13.20862,77.60376,782205.1649132816,1461672.341158825,109
38162,Adrsha Savana,13.20859,77.60381,782210.6219710227,1461669.0767743078,110
29448,Adugodi,12.94387,77.6077,782934.436855044,1432371.4843719956,111
35544,Adugodi,12.94397,77.60748,782910.4390910761,1432382.3096664147,112
35546,Adugodi,12.94384,77.60761,782924.699656313,1432368.0640032087,113
22990,Adugodi Police Station,12.93897,77.60976,783163.6227311398,1431831.3873091422,114
23802,Adugodi Police Station,12.93985,77.6095,783134.4005010483,1431928.5061430566,115
39938,Adukale Food Factory,12.9769,77.44359,765083.4657943659,1435851.1159853437,116
39939,Adukale Food Factory,12.97693,77.44371,765096.4588612643,1435854.5611206423,117
22992,Aduru,13.05553,77.7058,793453.8829926885,1444842.717953968,118
22995,Aduru,13.05535,77.70589,793463.8631175242,1444822.896542593,119
22993,Aduru,12.73303,77.65433,788237.4445663828,1409085.162716325,120
22994,Aduru,12.73301,77.6544,788245.0735332221,1409083.0266023648,121
36662,Aduru,12.73318,77.657,788527.4027274959,1409104.7326368268,122
29452,Aerospace Bagalur,13.17289,77.73066,796011.283305891,1457863.4907854775,123
35539,Aerospace Bagalur,13.17277,77.73058,796002.7495378805,1457850.1123283082,124
29454,Agalakote,13.21292,77.73612,796555.2334945602,1462301.3239172013,125
35537,Agalakote,13.21287,77.73615,796558.5477479073,1462295.8243691507,126
23003,Agara,12.84479,77.48713,769951.307228487,1421274.8792884995,127
23004,Agara,12.84477,77.48709,769946.9845568903,1421272.6237510017,128
23002,Agara,12.8429,77.4863,769863.187427987,1421064.824880901,129
31348,Agara,12.84288,77.48626,769858.8647160383,1421062.5693647165,130
21640,Agara Cross,12.84888,77.52214,773749.0463050494,1421764.5434647833,131
21641,Agara Cross,12.84888,77.52196,773729.497940231,1421764.3519846832,132
24000,Agara Junction,12.92464,77.64937,787480.5603120532,1430289.384337813,133
35769,Agara Junction,12.92468,77.64998,787546.747761353,1430294.4976470221,134
20597,Agara Junction,12.92433,77.65073,787628.5833463068,1430256.5982978712,135
20598,Agara Junction,12.92452,77.65028,787579.5048851005,1430277.1240264121,136
38120,Agara Junction,12.92417,77.65075,787630.9383320583,1430238.9099213732,137
38462,Agara Junction,12.9239,77.65172,787736.5700272444,1430210.1136348383,138
20599,Agrahara Dasarahalli,12.97853,77.54293,775864.4676268387,1436136.9670846753,139
20600,Agrahara Dasarahalli,12.97874,77.54121,775677.5344756597,1436158.3492496756,140
29456,Agrahara Layout,13.09837,77.62683,784834.5633660196,1449494.605608842,141
35535,Agrahara Layout,13.09838,77.62671,784821.5316805256,1449495.5771573246,142
39986,Agrahara Layout Cross,13.098,77.61832,783911.6430641633,1449444.0649644413,143
39987,Agrahara Layout Cross,13.09807,77.61834,783913.7327832677,1449451.8358552638,144
31849,Agraharapalya Gate,13.13071,77.45347,765991.1012274742,1452884.859592878,145
35686,Agraharapalya Gate,13.13065,77.45343,765986.82690239,1452878.1766217153,146
36061,Ainahalli,13.25849,77.38757,758708.2207403509,1466958.2077540406,147
36062,Ainahalli,13.2585,77.38762,758713.6307974013,1466959.3663402798,148
29464,Air Lines Dhaba Gate,13.22276,77.74085,797056.3242712676,1463396.2429795251,149
35530,Air Lines Dhaba Gate,13.2225,77.74086,797057.724012499,1463367.4722609734,150
39704,Air force Gate Ashwathnagara,13.02684,77.57964,779795.089190686,1441524.3253525784,151
29465,Airport Trumpet,13.19908,77.65792,788090.1845204455,1460677.9790194537,152
35529,Airport Trumpet,13.19905,77.6582,788120.5883855554,1460674.9800866954,153
39835,Airtel office Koramangala,12.9359,77.61551,783791.3758266778,1431497.9470700272,154
29467,Ajjagondahalli,12.95709,77.76839,800365.3186899038,1434018.4579588973,155
35527,Ajjagondahalli,12.95705,77.76842,800368.6239427502,1434014.065161165,156
29468,Ajjanahalli,12.9167,77.3865,758949.2055890157,1429129.9320458847,157
35526,Ajjanahalli,12.91666,77.38648,758947.0755758265,1429125.4849180053,158
29469,Ajmeer Apartment Neeladri Road,12.84185,77.64673,787288.3685998581,1421122.2034814104,159
35525,Ajmeer Apartment Neeladri Road,12.84181,77.64675,787290.5863874315,1421117.7981198381,160
23022,Akkayammana Betta,13.16162,77.64223,786432.0984012976,1456513.3993870872,161
29470,Akkayammana Betta Huttanahalli Cross,13.17134,77.61472,783436.793825609,1457558.128337371,162
29471,Akkipete Devanahalli,13.25413,77.67796,790198.5119190584,1466794.9829365516,163
35524,Akkipete Devanahalli,13.25414,77.67798,790200.6687808433,1466796.1131670736,164
23668,Akkithimmanahalli,12.96186,77.59789,781849.1411327594,1434351.9317696956,165
31349,Akkithimmanahalli,12.96194,77.5978,781839.2807118093,1434360.6874477998,166
29472,Akshayanagara,13.0208,77.68338,791061.3873841472,1440972.3665030452,167
35523,Akshayanagara,13.02069,77.68343,791066.9429663008,1440960.247229223,168
29473,Akshayanagara New Town,12.87657,77.61101,783369.6960826564,1424925.7422233426,169
35522,Akshayanagara New Town,12.87657,77.61166,783440.2841011612,1424926.4596753574,170
25148,Akshyanagara Double Road,12.87874,77.60967,783221.7362948689,1425164.4594787802,171
32565,Akshyanagara Double Road,12.87874,77.6097,783224.9941713961,1425164.492576155,172
29475,Aladamara Chikkanahalli Cross,12.72813,77.64802,787557.3165564991,1408535.7769891215,173
35520,Aladamara Chikkanahalli Cross,12.72807,77.648,787555.2109600075,1408529.1133605656,174
29476,Aladamara Laggere,13.01327,77.52095,773440.5427061415,1439958.4046087696,175
35519,Aladamara Laggere,13.01332,77.52098,773443.7437579441,1439963.9710507835,176
25681,Alahalli,13.27758,77.5216,773218.0837971444,1469214.0477037625,177
32821,Alahalli,13.27752,77.52162,773220.319250754,1469207.4285270094,178
29477,Alambadi,12.89273,77.88659,813279.8006083288,1427035.106474856,179
35518,Alambadi,12.8927,77.88656,813276.5795965199,1427031.7484355706,180
29478,Alanayakanahalli Gate,13.18089,77.32413,751910.3633193874,1458305.3089608576,181
35517,Alanayakanahalli Gate,13.18069,77.32407,751904.061592255,1458283.114766299,182
23034,Ali Bommasandra,12.82033,77.73652,797066.4970639166,1418841.8621321023,183
23035,Ali Bommasandra,12.82032,77.73644,797057.818303426,1418840.6629676605,184
39597,Aliaskar Embassy,12.99388,77.58905,780853.4916098197,1437886.4215763463,185
21452,Alisda,13.03392,77.54098,775591.5680422867,1442265.6847787753,186
21453,Alisda,13.03404,77.54112,775606.6283353238,1442279.1190381218,187
29480,Allalasandra,13.08806,77.58865,780703.7221355787,1448310.6432526466,188
35515,Allalasandra,13.08809,77.58863,780701.5180776421,1448313.9417063275,189
39009,Allalasandra Gate,13.08448,77.59386,781273.088675125,1447920.1685515011,190
29481,Allalasandra Gate,13.08664,77.59375,781258.7009283653,1448159.1352893142,191
35106,Allalasandra Gate,13.08444,77.59437,781328.4716586281,1447916.3085717119,192
35608,Allalasandra Gate,13.08686,77.59386,781270.3865810186,1448183.6093926704,193
35151,Allalasandra Gate FLY,13.08483,77.59415,781304.1577503306,1447959.2325957299,194
39271,Allalasandra Gate FLY,13.085,77.59437,781327.8357917643,1447978.294670952,195
29483,Allammanapalya,12.9356,77.3661,756715.2070029287,1431201.0716686468,196
35513,Allammanapalya,12.93554,77.36618,756723.9526729273,1431194.5117274704,197
29484,Alpha College Chikka Gubbi,13.07701,77.66207,788683.0987999169,1447170.1853644883,198
35512,Alpha College Chikka Gubbi,13.07697,77.66209,788685.3156544059,1447165.7804028222,199
29485,Aluru,13.08482,77.46553,767348.9014968204,1447818.5338886562,200
35511,Aluru,13.08487,77.46561,767357.5271618683,1447824.1524773506,201
38789,Aluru BDA 1st Stage,13.09262,77.44748,765382.2195140648,1448662.8037112309,202
29486,Aluru BDA 2nd Stage,13.09146,77.44993,765649.265532502,1448536.9916451806,203
35510,Aluru BDA 2nd Stage,13.09138,77.44998,765654.7758983155,1448528.189943716,204
35509,Aluru Cross,13.08236,77.47477,768354.0638282662,1447556.0514433878,205
29487,Aluru Cross,13.0824,77.47479,768356.1904550979,1447560.4998802727,206
29488,Alurupalya,13.09723,77.47067,767893.1438825653,1449197.5140886046,207
35508,Alurupalya,13.09721,77.47062,767887.7410214157,1449195.2474502926,208
29489,Amarajyothi Badavane,13.05526,77.62929,785151.0592116483,1444725.4418230269,209
35507,Amarajyothi Badavane,13.05525,77.62932,785154.3263122162,1444724.3686748643,210
29490,Amba Bhavani Nagara,13.09719,77.54597,776062.7037306996,1449274.1841381153,211
35506,Amba Bhavani Nagara,13.09721,77.54603,776069.191169919,1449276.463446374,212
39321,Ambabhavani Badavane,13.11013,77.62408,784522.6581455988,1450793.2422984508,213
36059,Ambalagere,13.24322,77.38657,758615.9529736524,1465267.1659692486,214
36060,Ambalagere,13.24327,77.38658,758616.9843334001,1465272.7100618712,215
39735,Ambalipura,13.06995,77.88026,812370.5326458099,1446647.8778156256,216
40494,Ambedkar Circle CK Nagara,12.87073,77.65404,788049.371308258,1424327.1781236655,217
40495,Ambedkar Circle CK Nagara,12.87076,77.65408,788053.6811320465,1424330.5437647898,218
21454,Ambedkar Institute of Technology,12.96319,77.50502,771766.1615966489,1434398.37135971,219
21643,Ambedkar Institute of Technology,12.96338,77.50515,771780.0668614546,1434419.5393774977,220
35503,Ambedkar Medical College Shampura,13.02327,77.6126,783376.3164469099,1441165.7207366906,221
23058,Ambedkar Nagara,12.89914,77.71286,794404.2991673443,1427538.7954824339,222
23901,Ambedkar Nagara,12.89929,77.71273,794390.0061448889,1427555.2508261,223
29494,Ambika School,13.15775,77.33712,753342.8532768423,1455757.4615641944,224
35502,Ambika School,13.15775,77.33719,753350.4450478479,1455757.532096546,225
20601,Amma Ashrama Cross,12.94936,77.48882,770022.5587027373,1432850.4591091955,226
20602,Amma Ashrama Cross,12.94958,77.48867,770006.0381374601,1432874.6501842213,227
29497,Amogha Layout,13.07508,77.71811,794766.6242038046,1447021.185625601,228
35499,Amogha Layout,13.0751,77.71814,794769.8559943276,1447023.4345804614,229
40474,Amphenol,12.80265,77.66226,789019.9429108328,1416800.413725274,230
40475,Amphenol,12.80266,77.66213,789005.809235903,1416801.3751439434,231
29498,Amritha Ayurvedic Hospital,13.12479,77.54721,776166.4101036189,1452330.4722085486,232
35498,Amritha Ayurvedic Hospital,13.12476,77.54722,776167.5284845874,1452327.162586062,233
38136,Amruth Sweets,12.90921,77.64153,786646.9172453512,1428572.6076944785,234
38137,Amruth Sweets,12.90926,77.64147,786640.3450879287,1428578.0751447086,235
35368,Amrutha Engineering College,12.89689,77.67517,790313.9977212481,1427246.739378674,236
35101,Amrutha Engineering College,12.8968,77.6752,790317.3594170841,1427236.8108305393,237
23067,Amruthahalli,13.06576,77.60081,782048.4940527931,1445855.7980351055,238
35173,Amruthahalli,13.06574,77.60076,782043.091097896,1445853.5285220419,239
29711,Amruthahalli Bank,13.066,77.59824,781769.3414009742,1445879.5011251774,240
31884,Amruthahalli Bank,13.06604,77.59824,781769.2959778688,1445883.928710867,241
31850,Amruthanagara,12.8394,77.54987,776770.9976542431,1420744.9182379493,242
35497,Amruthanagara,12.83949,77.54993,776777.4155636907,1420754.9443153178,243
29502,Amruthanagara Canara Bank,13.05518,77.59969,781938.9748028344,1444683.4530159405,244
35496,Amruthanagara Canara Bank,13.05506,77.59974,781944.5369550085,1444670.2259048019,245
39318,Amruthaya central school,13.11346,77.62438,784551.3741748829,1451162.1851539381,246
29503,Anagalipura,13.06842,77.68234,790892.7632995921,1446242.5311251506,247
35495,Anagalipura,13.06838,77.68241,790900.406540239,1446238.1837411793,248
29504,Anagalipura Gate,13.07306,77.67885,790508.5973162046,1446752.151800946,249
35494,Anagalipura Gate,13.07303,77.67888,790511.8879646535,1446748.8653703243,250
22744,Ananda Ashrama (BG Rd),12.9275,77.60062,782184.2048190755,1430551.6751405464,251
22768,Ananda Ashrama (BG Rd),12.92644,77.60037,782158.2533983542,1430434.069129115,252
39748,Ananda Ashrama Bannerughatta,12.818,77.58395,780496.146269466,1418413.0933823572,253
39749,Ananda Ashrama Bannerughatta,12.81799,77.58412,780514.622766163,1418412.17139968,254
20603,Ananda Rao Circle,12.98115,77.57466,779305.7870329753,1436461.5363193525,255
29506,Ananda Rao Circle,12.98074,77.57503,779346.4085235978,1436416.5602689236,256
35375,Ananda Rao Circle,12.98117,77.57694,779553.2559312426,1436466.2510813375,257
29507,Anandanagara,12.98386,77.24218,743216.9484103017,1436420.4889624347,258
35492,Anandanagara,12.9838,77.24209,743207.239696771,1436413.7632770222,259
29511,Anandapura,13.02423,77.69285,792085.240392559,1441362.9304642228,260
35489,Anandapura,13.0241,77.6927,792069.1120368533,1441348.3672868456,261
39923,Anandgiri layout,12.82781,77.56638,778576.9019662023,1419479.87532883,262
39924,Anandgiri layout,12.82803,77.56648,778587.5210764806,1419504.3342355723,263
29512,Ananthapura,13.11474,77.56709,778334.4021090411,1451239.9336412451,264
35488,Ananthapura,13.11478,77.56706,778331.1023788259,1451244.3280320247,265
23081,Ananthapura Gate,13.1146,77.57901,779627.7625204606,1451237.623694675,266
23082,Ananthapura Gate,13.11478,77.57907,779634.068323846,1451257.6141467283,267
29513,Anche Muskuru,12.90473,77.86785,811229.5576266923,1428340.8135586253,268
35487,Anche Muskuru,12.90471,77.8678,811224.1521066657,1428338.538583532,269
21644,Anchepalya,13.05529,77.47983,768932.4003092855,1444565.3067327128,270
23084,Anchepalya,13.05497,77.47936,768881.747433821,1444529.3901339066,271
20604,Anchepalya,12.89258,77.45798,766735.0467188265,1426533.7656343745,272
20605,Anchepalya,12.8926,77.45753,766686.1652638549,1426535.5112474153,273
39960,Anchibare Gandhinagara,12.67429,77.491,770552.9106334229,1402408.1332994688,274
39961,Anchibare Gandhinagara,12.67434,77.491,770552.857811051,1402413.6672318345,275
29515,Anchipura,12.77061,77.43203,764044.7947145982,1413007.8588915558,276
35485,Anchipura,12.77008,77.43196,764037.7413710285,1412949.1298346133,277
29516,Anchipura Colony,12.76763,77.43855,764756.1615717453,1412684.7049086103,278
35484,Anchipura Colony,12.76759,77.43854,764755.1169295657,1412680.2676721078,279
29517,Anchipura Cross,12.79009,77.44125,765026.0234813367,1415173.2407638582,280
35483,Anchipura Cross,12.79006,77.44125,765026.0548191254,1415169.920493694,281
29518,Andhrahalli,13.00805,77.48484,769527.1957624038,1439342.078136885,282
35482,Andhrahalli,13.00802,77.48484,769527.2281961507,1439338.7577232688,283
29519,Andhrahalli Gate,13.11545,77.74528,797666.5620500455,1451522.0444768867,284
35481,Andhrahalli Gate,13.11547,77.74531,797669.7930631343,1451524.293934456,285
29520,Andhrahalli Govt School,13.00956,77.48295,769320.4424910666,1439507.2025469835,286
35480,Andhrahalli Govt School,13.00952,77.48294,769319.4004139297,1439502.7647399148,287
29521,Ane Hosahalli Gate,12.62071,77.51387,773095.3219716833,1396501.7195196613,288
35479,Ane Hosahalli Gate,12.62062,77.51383,773091.0695689593,1396491.7166069518,289
29522,Anehalla,12.97985,77.2414,743136.2018040526,1435975.9869711916,290
35478,Anehalla,12.97983,77.24132,743127.5392400429,1435973.6973933044,291
23094,Anekal,12.70939,77.69641,792837.1546111674,1406515.4204308782,292
23095,Anekal Circle,12.71677,77.70018,793238.383056972,1407336.6018529937,293
23974,Anekal Circle,12.71674,77.70009,793228.636989557,1407333.1794459033,294
30365,Anekal Road Junction,12.76835,77.77015,800781.4723344283,1413126.5608278003,295
33142,Anekal Road Junction,12.76839,77.77011,800777.0787260339,1413130.9424209318,296
23800,Anepalya,12.95289,77.60532,782665.8664685187,1433367.2679813276,297
23818,Anepalya,12.95303,77.60518,782650.5095436815,1433382.609483724,298
29525,Anjan Vidya Kendra School,12.92427,77.82438,806484.6899869554,1430451.6178380337,299
35475,Anjan Vidya Kendra School,12.92411,77.82445,806492.4870032127,1430433.9885292095,300
39891,Anjanadri High School Doddakannahalli,12.911,77.69787,792762.6481369799,1428834.4860413126,301
39892,Anjanadri High School Doddakannahalli,12.91097,77.69795,792771.3702186156,1428831.2566079558,302
38756,Anjanamurty,13.04511,77.57437,779202.6322658216,1443540.784484049,303
21455,Anjananagara,12.98617,77.48817,769912.2689427631,1436923.9185060374,304
21456,Anjananagara,12.98614,77.48847,769944.8633665767,1436920.9160735875,305
23101,Anjanapura,12.86196,77.56393,778273.167603025,1423257.1363436386,306
23649,Anjanapura,12.86196,77.56381,778260.1356538765,1423257.0064437145,307
23651,Anjanapura,12.862,77.56385,778264.4355054019,1423261.4771651083,308
38034,Anjanapura 10th  Block,12.8556,77.57056,779000.2181106107,1422560.3594635604,309
38033,Anjanapura 10th Block,12.85601,77.569,778830.3447349055,1422604.0488648715,310
38032,Anjanapura 10th Block,12.85564,77.57054,778998.0018284953,1422564.7652083952,311
21294,Anjanapura 10th Block,12.85593,77.56907,778838.0353152733,1422595.2698864744,312
29373,Anjanapura 11th Block,12.85225,77.57235,779198.323324438,1422191.5033358112,313
35416,Anjanapura 11th Block,12.85224,77.57265,779230.9157165828,1422190.7220911477,314
29526,Anjanapura 1st Block,12.85995,77.54822,776569.2815343493,1423017.706656186,315
35474,Anjanapura 1st Block,12.8599,77.54814,776560.6484117013,1423012.0863849015,316
29527,Anjanapura 2nd Block,12.86573,77.55245,777022.3080563127,1423662.0180853729,317
35473,Anjanapura 2nd Block,12.86563,77.55253,777031.1056932199,1423651.0358541373,318
29528,Anjanapura 2nd Block Cross (LBSN),12.86054,77.55939,777781.6901421236,1423095.0530650744,319
38778,Anjanapura 2nd Block Cross (LBSN),12.86053,77.55945,777788.2171455834,1423094.011043298,320
39977,Anjanapura 6th Block (Lakshmivenkateshwara Temple),12.85322,77.55352,777152.2506427992,1422278.5058084663,321
39978,Anjanapura 6th Block (Lakshmivenkateshwara Temple),12.85321,77.55342,777141.4013683557,1422277.2912205327,322
29529,Anjanapura Cross,12.86183,77.56091,777945.340480821,1423239.4799585145,323
35471,Anjanapura Cross,12.86183,77.56083,777936.6525286918,1423239.3934610323,324
39836,Anjanapura RTO Office,12.86477,77.56304,778173.4144297931,1423567.1993143337,325
24184,Anjaneya Temple Anekal,12.71729,77.70025,793245.3925145208,1407394.2425391923,326
23106,Anjaneya Temple Anekal,12.7173,77.70046,793268.2022455408,1407395.586449801,327
21645,Anjaneya Temple Bidaraguppe,12.79986,77.78226,802059.7954905946,1416628.9119902197,328
21646,Anjaneya Temple Bidaraguppe,12.79988,77.78219,802052.1665821818,1416631.044169143,329
29530,Anjaneya Temple Devanahalli,13.2351,77.71302,794023.2211770599,1464729.397250095,330
35470,Anjaneya Temple Devanahalli,13.23506,77.713,794021.1002584116,1464724.9457163126,331
21647,Anjaneya Temple Nelamangala,13.09737,77.39777,759984.2633215499,1449136.821960186,332
29533,Anjaneya Temple Nelamangala,13.09723,77.39774,759981.1558022287,1449121.2966352876,333
29534,Anjaneya Temple Thigalarapalya,13.01371,77.48343,769368.051270863,1439967.034664943,334
35468,Anjaneya Temple Thigalarapalya,13.01372,77.48347,769372.3815655326,1439968.183867095,335
29536,Ankanahalli,13.20433,77.79846,803327.3889224466,1461425.053941008,336
35466,Ankanahalli,13.20433,77.79838,803318.7114353848,1461424.9570510748,337
29537,Ankegowdana Doddy,12.70677,77.51728,773374.181266679,1406030.4497683,338
35465,Ankegowdana Doddy,12.70677,77.51733,773379.6143971852,1406030.5023088565,339
39526,Anna Kuteera Kathriguppe,12.92613,77.55016,776707.1673645873,1430344.9072145715,340
35464,Annahalli,12.69958,77.38452,758956.0761994954,1405098.9112315266,341
35463,Annapoorneshwari nagara Cross,12.96998,77.49655,770839.3828686159,1435140.8877290003,342
22686,Annapoorneshwarinagara,12.98077,77.50687,771947.8586081406,1436346.130469212,343
22687,Annapoorneshwarinagara,12.98002,77.50667,771926.9661433025,1436262.9055403767,344
39966,Annapoorneshwarinagara (HGH),13.0009,77.51745,773074.2346017614,1438585.4933890034,345
22684,Annapoorneshwarinagara 3rd Main Road,12.97816,77.50434,771676.0810217639,1436054.5518105964,346
22688,Annapoorneshwarinagara 3rd Main Road,12.97811,77.50446,771689.1607443178,1436049.1456683935,347
29540,Annapoorneshwarinagara Cross,12.97002,77.49658,770842.5959732232,1435145.3468395283,348
29541,Annapoorneshwarinagara Water Tank,12.97203,77.49697,770882.7519673274,1435368.2302023764,349
35462,Annapoorneshwarinagara Water Tank,12.97196,77.49702,770888.2551504953,1435360.5356520556,350
39138,Annapurneshwari Badavane,13.13874,77.50802,771899.6266332734,1453831.8849573638,351
39139,Annapurneshwari Badavane,13.13879,77.50799,771896.3172946647,1453837.3867125856,352
21648,Annasandrapalya,12.96444,77.67236,789930.7511477082,1434720.9855631394,353
21649,Annasandrapalya,12.96444,77.67252,789948.1213362373,1434721.167461847,354
23120,Annasandrapalya Cross,12.96039,77.66622,789268.8547260675,1434265.7011049371,355
23646,Annasandrapalya Cross,12.96044,77.66607,789252.51218249,1434271.0657465549,356
29543,Anneshwara Circle,13.21541,77.71063,793787.6404619155,1462546.9074188634,357
35460,Anneshwara Circle,13.21536,77.71062,793786.6158062746,1462541.3606931416,358
29545,Anugondanahalli,12.95714,77.81518,805445.5590867567,1434079.5422519145,359
35458,Anugondanahalli,12.9571,77.81524,805452.1226294618,1434075.1858099236,360
21650,Anugondanahalli Cross,12.95896,77.81597,805529.1138300368,1434281.9747568397,361
21651,Anugondanahalli Cross,12.95892,77.81598,805530.2484554488,1434277.5584566372,362
38116,Anugraha Badavane (Bilekahalli),12.90328,77.60895,783115.9336653419,1427879.9810503232,363
40007,Anugraha Green Villa,12.75619,77.66433,789297.7508324473,1411659.9327532123,364
24988,Anupahalli,13.21543,77.85596,809550.4618775577,1462724.3160200503,365
32486,Anupahalli,13.21548,77.85612,809567.753703268,1462730.0495623678,366
39921,Anupama Hospital,12.9827,77.47874,768892.4758611943,1436529.8837747597,367
39922,Anupama Hospital,12.98269,77.47882,768901.1698886927,1436528.8614254314,368
29548,Aparel Park,13.27257,77.55193,776511.9937866053,1468692.9624928164,369
35455,Aparel Park,13.27266,77.55205,776524.9020831764,1468703.0574922657,370
20607,Apex Bank,12.94177,77.55602,777326.0960962297,1432082.3733178787,371
20608,Apex Bank,12.94183,77.55567,777288.032167348,1432088.634577037,372
23578,Apollo Hospital,12.89662,77.6,782151.5726493644,1427132.922793976,373
23870,Apollo Hospital,12.89635,77.59972,782121.4710479781,1427102.7287273633,374
29551,Appasandra,13.06315,77.89669,814162.3840460023,1445915.365571515,375
35452,Appasandra,13.06317,77.89659,814151.5048000074,1445917.4557296447,376
29553,Aradeshanahalli,13.22247,77.56361,777835.2268287092,1463160.4728389713,377
35450,Aradeshanahalli,13.22244,77.56364,777838.5140900991,1463157.1855167146,378
23137,Aradeshanahalli Gate,13.21637,77.55258,776646.002044298,1462473.0582020083,379
23140,Aradeshanahalli Gate,13.21648,77.55266,776654.5534323615,1462485.3222091608,380
23142,Arakere,13.18477,77.5442,775772.7382128173,1458966.1228243422,381
23144,Arakere,13.18474,77.54418,775770.602727023,1458962.7802532457,382
29555,Arakere Byrapura,13.20062,77.5393,775223.5428156089,1460715.113321505,383
35448,Arakere Byrapura,13.20064,77.53932,775225.6893883,1460717.3490072547,384
39361,Arakere Gate,12.89059,77.5978,781919.4380721741,1426463.0512677282,385
23145,Arakere Gate,12.89024,77.59811,781953.4931010585,1426424.6510667119,386
23147,Arakere Gate,12.89042,77.59793,781933.745225169,1426444.3771265151,387
29557,Aralalusandra,12.73314,77.45381,766449.9782783093,1408883.1284653628,388
35446,Aralalusandra,12.73311,77.45385,766454.3555044134,1408879.8492273334,389
29558,Aralalusandra Cross,12.74337,77.46289,767425.7542778878,1410024.688901547,390
35445,Aralalusandra Cross,12.74341,77.46301,767438.7494207729,1410029.239679244,391
23810,Aralimara (PK Kalyana Mantapa ),12.88003,77.62459,784840.5365967839,1425323.75775205,392
23814,Aralimara (PK Kalyana Mantapa ),12.87985,77.62456,784837.4822905003,1425303.8001737916,393
21654,Aralimara Industrial Area Rajajinagara,12.97858,77.54902,776525.4675479836,1436149.1028495424,394
21655,Aralimara Industrial Area Rajajinagara,12.97857,77.54871,776491.8287768543,1436147.6595768717,395
20609,Aralimara Sunkadakatte,12.99209,77.50467,771696.7464487273,1437596.701233009,396
29560,Aralimara Ullalu,12.95769,77.48728,769846.4050091093,1433770.7978662727,397
35443,Aralimara Ullalu,12.95768,77.48731,769849.6723591043,1433769.7227837893,398
23154,Aralimarada Doddy,12.8066,77.27057,746471.5377369926,1416831.4452527163,399
23155,Aralimaradapalya,12.9297,77.36468,756567.0964196069,1430546.6871988687,400
29561,Aralimaradapalya Cross,12.92666,77.36,756062.159436583,1430205.558724602,401
35442,Aralimaradapalya Cross,12.92659,77.35999,756061.145294607,1430197.801770512,402
29562,Aralumallige,13.2737,77.50925,771883.4970232976,1468771.08402966,403
35441,Aralumallige,13.27365,77.50931,771890.0576042951,1468765.6152742095,404
29563,Aralumallige Cross,13.26702,77.51161,772146.8011000152,1468034.2884657306,405
23160,Arasanahalli,13.20152,77.79732,803207.2065393336,1461112.5870924252,406
23161,Arasanahalli,13.20148,77.79737,803212.6794422264,1461108.219336953,407
23159,Arasanahalli,12.96478,77.88863,813411.3132461907,1435014.4767089288,408
29565,Arathipalya,13.03724,77.42604,763114.9050648918,1442511.1194436033,409
35438,Arathipalya,13.03724,77.42597,763107.309146773,1442511.0468459434,410
23166,Aravinda Limited,12.81475,77.67016,789864.2964341296,1418148.6636759,411
23889,Aravinda Limited,12.81485,77.67002,789848.9739780624,1418159.5757406459,412
29567,Arch Railway Gollahalli,13.1482,77.41192,761465.530446966,1454777.082604181,413
35436,Arch Railway Gollahalli,13.14818,77.41187,761460.1284861861,1454774.81712367,414
29568,Archakara Badavane,12.91878,77.45255,766117.7273675606,1429427.870506398,415
35435,Archakara Badavane,12.91876,77.45237,766098.2065716435,1429425.469833922,416
29569,Are Bannimangala,13.15396,77.71761,794618.3187225885,1455752.59038838,417
35434,Are Bannimangala,13.154,77.71759,794616.1012066256,1455756.9949472689,418
39099,Are bannimangala Cross,13.15681,77.71965,794836.2157809635,1456070.477104376,419
21656,Arebic College,13.03021,77.62093,784272.4749655138,1441943.2288447574,420
21657,Arebic College,13.03049,77.62121,784302.5437004287,1441974.5360458903,421
23171,Arebommanahalli T Begur,13.14258,77.28487,747691.4723831161,1454026.587773667,422
23173,Arehalli,12.76319,77.7669,800434.4396927746,1412551.5669643963,423
23175,Arehalli,12.76317,77.76695,800439.8962493683,1412549.4109431445,424
23176,Arehalli,13.26528,77.56541,777981.7820243319,1467901.037852847,425
21659,Arehalli,12.90834,77.53797,775403.2063355151,1428362.686239298,426
21661,Arehalli,12.90865,77.53885,775498.414720162,1428397.944531943,427
21658,Arehalli,12.93717,77.8298,807057.4720767963,1431886.2511516542,428
21660,Arehalli,12.93715,77.82987,807065.0977766516,1431884.1211121539,429
21662,Arehalli Cross,12.94227,77.83669,807799.3841576661,1432459.1548150317,430
21663,Arehalli Cross,12.94222,77.83665,807795.1021129077,1432453.571181899,431
29570,Arenur,12.80984,77.77503,801262.4336316775,1417725.276039255,432
35433,Arenur,12.80975,77.7749,801248.4176355421,1417715.161040985,433
29571,Arishinakunte,13.07971,77.42421,762871.3635408923,1447209.6432170367,434
21664,Arishinakunte,13.08026,77.42417,762866.4405514689,1447270.4736655413,435
35680,Arishinakunte,13.2008,77.77368,800643.8869664003,1461004.3868998908,436
35679,Arishinakunte,13.20051,77.77355,800630.1412935657,1460972.1264766126,437
38573,Arishinakunte  Toll,13.0799,77.42487,762942.7683218117,1447231.357894881,438
29572,Arivesandra,13.18506,77.32518,752019.9546365081,1458767.8568393015,439
35677,Arivesandra,13.18504,77.32512,752013.4686773536,1458765.5831784613,440
39661,Arjun bettahalli,13.15969,77.41892,762212.5508587551,1456056.0412942613,441
36501,Army Public School Kamaraja Road,12.97871,77.60941,783080.6664939111,1436229.8124118468,442
35675,Arogya Dhama,13.07838,77.35297,755143.7741605564,1446989.4890932434,443
29576,Art Of Living Ravishankar Ashram,12.8286,77.51257,772731.6150468359,1419509.7630702772,444
35673,Art Of Living Ravishankar Ashram,12.82858,77.51277,772753.3586273836,1419507.7610931555,445
29575,Art of Living (Kanakapura Road),12.82279,77.51417,772911.6592653834,1418868.3975361814,446
35674,Art of Living (Kanakapura Road),12.82267,77.51403,772896.582916243,1418854.9675892163,447
39585,Art of Living Sri Ravishankar Ashram,12.82857,77.51236,772708.8392873951,1419506.2204160779,448
39626,Asha Nandagokula Badavane,13.13139,77.70151,792898.5390623687,1453235.314481304,449
39627,Asha Nandagokula Badavane,13.13145,77.70147,792894.1281472889,1453241.9098653921,450
21457,Ashoka Pillar,12.9426,77.58508,780480.0814840388,1432205.9660965526,451
21458,Ashoka Pillar,12.94322,77.58529,780502.1863623546,1432274.8230827625,452
23759,Ashoka Pillar,12.94367,77.58496,780465.8558747506,1432324.2702607345,453
38758,Ashoka Polytechnic,13.06547,77.53305,774696.09936073,1445749.178853896,454
38759,Ashoka Polytechnic,13.06554,77.53305,774696.021873972,1445756.9267716426,455
29578,Ashokanagara,12.93703,77.5625,778034.8528794867,1431564.7642338986,456
23193,Ashraya Badavane,12.97871,77.47403,768385.5355686534,1436083.3056701957,457
21666,Ashwath Nagara,13.05289,77.63144,785387.1020393539,1444465.5226156889,458
21667,Ashwath Nagara,13.05274,77.63125,785366.6552352202,1444448.7047663012,459
21668,Ashwath Nagara Cross,13.05078,77.63054,785291.8558154411,1444230.9485899163,460
21669,Ashwath Nagara Cross,13.05075,77.63067,785305.9982154197,1444227.7741987004,461
29580,Ashwathkatte Kodihalli,13.0186,77.81054,804866.6833553077,1440878.0222885679,462
35670,Ashwathkatte Kodihalli,13.01858,77.81063,804876.4774675958,1440875.9161966762,463
23196,Ashwathkatte Manorayanapalya,13.02801,77.60443,782484.2230164283,1441681.28710894,464
23347,Ashwathkatte Manorayanapalya,13.028,77.60436,782476.6372264468,1441680.1023087539,465
20610,Ashwathnagara,13.02679,77.57984,779816.8512341159,1441519.011399809,466
23198,Ashwathnagara,13.02691,77.57973,779804.7781259626,1441532.172704028,467
36066,Asian Paints Dabaspet,13.23008,77.27239,746250.2799649995,1463697.6447207173,468
36556,Aspire bee School,12.87915,77.72373,795608.2183033954,1425338.4407747413,469
23201,Athimagere Gate,12.87458,77.28357,747816.7001235232,1424366.8701329562,470
29585,Attibele,12.77799,77.76976,800727.6815412843,1414193.2728899654,471
21670,Attibele Bus Stand,12.77805,77.77034,800790.6287558482,1414200.5893905263,472
21672,Attibele Bus Stand,12.77954,77.77046,800801.9014915423,1414365.6747376143,473
21673,Attibele Bus Stand,12.77844,77.77129,800893.3861863796,1414244.8680627798,474
21671,Attibele Bus Stand,12.77958,77.77061,800818.1518324071,1414370.2772747544,475
31853,Attibele Bus Stand,12.77796,77.76989,800741.841868886,1414190.1029789648,476
29586,Attibele Sulibele,13.16987,77.79388,802873.0763448464,1457604.5648624038,477
35665,Attibele Sulibele,13.1698,77.79387,802872.0776753235,1457596.8033519452,478
21674,Attiguppe,12.95786,77.53431,774951.5160649878,1433839.8124898707,479
20613,Attiguppe,12.95789,77.53385,774901.5474697694,1433842.637442638,480
23208,Attiguppe,12.95785,77.53437,774958.0403967707,1433838.7702961515,481
35427,Attiguppe,12.95809,77.53395,774912.1833651135,1433864.8819409169,482
39950,Attiguppe Cross,12.67351,77.52172,773892.2598120379,1402353.865525456,483
39951,Attiguppe Cross,12.67355,77.52177,773897.6508888655,1402358.3452706547,484
39679,Attiguppe Metro Station,12.96245,77.53377,774887.853903952,1434347.269731878,485
29587,Attivatta,13.08812,77.85348,809441.3107580051,1448626.579570886,486
31854,Attivatta Gate,13.09743,77.85521,809617.4131757997,1449659.4204722866,487
35663,Attivatta Gate,13.09724,77.85527,809624.1621544743,1449638.4589321646,488
23211,Atturu,13.10653,77.56578,778201.5178959506,1450329.744710437,489
23214,Atturu,13.10649,77.56577,778200.4779547047,1450325.306191269,490
23212,Atturu,13.09855,77.85864,809988.2361551956,1449787.626807478,491
23213,Atturu,13.09877,77.85841,809963.0008542119,1449811.7008902316,492
21675,Atturu Layout,13.09774,77.56766,778415.3758481361,1449358.875155014,493
21676,Atturu Layout,13.09792,77.56753,778401.0687534447,1449378.655561351,494
38903,Atturu Layout,13.09789,77.56703,778346.8539624051,1449374.783719055,495
38904,Atturu Layout,13.09791,77.56706,778350.0863820077,1449377.0305372574,496
29590,Atturu Layout Vegetable Market,13.10078,77.56685,778324.0743216544,1449694.4718874614,497
35662,Atturu Layout Vegetable Market,13.10081,77.56689,778328.3804093599,1449697.8366093026,498
21677,Austin Town,12.96157,77.61345,783538.6559542633,1434337.0746437623,499
23672,Austin Town,12.96152,77.61459,783662.4713856613,1434332.8074729922,500
29591,Austin Town,12.9616,77.61254,783439.8321670266,1434339.384094497,501
28061,Auto Gas/Royal School,12.90133,77.58585,780609.8128039755,1427638.7306707534,502
23216,Avadadenahalli Gate,12.74649,77.7078,794032.1799292504,1410635.105652909,503
23840,Avadadenahalli Gate,12.74668,77.70779,794030.8738446449,1410656.126631813,504
21679,Avalahalli,12.87283,77.56661,778552.2041233634,1424463.1937366077,505
21682,Avalahalli,12.8728,77.56655,778545.7215789182,1424459.8080914493,506
23217,Avalahalli,13.1353,77.5691,778529.279164488,1453517.8930404033,507
23220,Avalahalli,13.1352,77.56928,778548.9185729853,1453507.0233709533,508
21684,Avalahalli BDA Layout,12.87222,77.56118,777963.2067475903,1424389.7929753787,509
29592,Avalahalli BDA Layout,12.87386,77.56153,777999.4057063372,1424571.6958885526,510
35661,Avalahalli BDA Layout,12.87383,77.56154,778000.5247475572,1424568.3861494442,511
21685,Avalahalli BDA Park Girinagara,12.94328,77.54311,775922.8732406652,1432235.5297162829,512
21686,Avalahalli BDA Park Girinagara,12.94332,77.54271,775879.4040987678,1432239.5251166841,513
35660,Avalahalli Electronic City,12.86957,77.71163,794305.2971758973,1424264.0541020683,514
21680,Avalahalli Hosakote,13.0355,77.73575,796728.2070703305,1442660.276877512,515
23219,Avalahalli Hosakote,13.03605,77.7358,796732.9777061862,1442721.220716116,516
23221,Avalahalli Hosakote,13.03591,77.73531,796679.96133521,1442705.1494350247,517
29594,Avalahalli New BDA Layout,12.9434,77.53675,775232.2837357826,1432241.9514239551,518
35659,Avalahalli New BDA Layout,12.94341,77.53685,775243.1289756048,1432243.1659989979,519
39401,Avalakuppe,13.00108,77.33102,752841.0095094596,1438412.7076585544,520
39402,Avalakuppe,13.00115,77.33101,752839.8533441804,1438420.4445574698,521
29596,Avalakuppe Cross,13.02376,77.34841,754705.042539271,1440940.0601089841,522
35657,Avalakuppe Cross,13.02384,77.34843,754707.1309822398,1440948.9338072168,523
29598,Avaragere,12.81999,77.38085,758434.936701384,1418421.1589474422,524
35655,Avaragere,12.82,77.3808,758429.4962878898,1418422.2155647078,525
29599,Avaragere Cross,12.80957,77.37782,758116.487906601,1417264.9314662276,526
35654,Avaragere Cross,12.80962,77.37784,758118.6091276417,1417270.4850209425,527
35653,Avarehalli,12.89926,77.33696,753588.6904509076,1427150.2840832288,528
29601,Avasarala Factory Kanakapura Road,12.78211,77.49263,770615.5922120644,1414343.2490753906,529
35652,Avasarala Factory Kanakapura Road,12.78204,77.49265,770617.8394022826,1414335.5224350868,530
29602,Avathi,13.29633,77.72548,795300.4441778739,1471522.3316209828,531
35651,Avathi,13.29627,77.7256,795313.527502689,1471515.831980999,532
37671,Avathi,13.29642,77.72582,795337.1984519942,1471532.6983859981,533
37672,Avathi,13.29638,77.72579,795333.994289286,1471528.234708377,534
29603,Averahalli,13.03508,77.41617,762046.1594518996,1442261.8447932533,535
35650,Averahalli,13.03503,77.41612,762040.7864489555,1442256.2593818803,536
29606,Averahalli Cross,13.04392,77.41493,761902.2933705889,1443238.9354905323,537
31856,Averahalli Cross,13.04391,77.4149,761899.048623416,1443237.7977503547,538
31855,Averahalli Cross,13.03343,77.42184,762663.1732447551,1442085.0920156792,539
35649,Averahalli Cross,13.03337,77.42186,762665.4068742744,1442078.4721616441,540
23235,Avinash Petrol Bunk,12.99045,77.58862,780810.6765649538,1437506.2859200493,541
23238,Ayyappa Nagara  Sadaramangala,13.00426,77.70997,793967.0077689067,1439172.0438877898,542
35070,Ayyappa Nagara Muneshwara Temple Sadaramangala,13.00441,77.71254,794245.8028199368,1439191.6214675126,543
35307,Ayyappa Nagara Muneshwara Temple Sadaramangala,13.0045,77.71251,794242.4401174579,1439201.5496126818,544
24258,Ayyappa Nagara Sadaramangala,13.00431,77.71002,793972.3762813611,1439177.6366115299,545
23240,Ayyappa School Kereguddadahalli,13.07468,77.517,772944.4108552237,1446751.2104172648,546
29659,Ayyappa Temple (Subbayyanapalya),13.00747,77.64063,786436.7015239766,1439448.2266221428,547
36254,Ayyappa Temple (Subbayyanapalya),13.00755,77.64093,786469.1723073022,1439457.4200816695,548
21688,Ayyappa Temple Jalahalli Cross,13.04623,77.52243,773564.9341254123,1443608.1248576872,549
21689,Ayyappa Temple Jalahalli Cross,13.0461,77.52231,773552.0552512698,1443593.6064979793,550
35646,Ayyappaswamy Temple Madivala,12.92478,77.61791,784064.5414043046,1430269.7369159816,551
29612,Aziz Palya,13.02711,77.36691,756709.0997818295,1441329.4373970518,552
35645,Aziz Palya,13.02706,77.36695,756713.4918728743,1441323.9442461669,553
23246,B Channasandra,13.01,77.6576,788275.7510831339,1439747.4652199075,554
23248,B Channasandra,13.0102,77.6576,788275.519739273,1439769.6040248335,555
23247,B Channasandra,13.01006,77.6575,788264.8274203263,1439753.9934400804,556
21459,B Channasandra Bridge(Ramamurthy Nagara Ring Road),13.01354,77.66209,788759.006049647,1440144.420403238,557
20614,B Channasandra Bridge(Ramamurthy Nagara Ring Road),13.01128,77.66242,788797.444130125,1439894.6260368018,558
21692,B Channasandra Bridge(Ramamurthy Nagara Ring Road),13.01329,77.66193,788741.9291452059,1440116.564978796,559
21694,B Channasandra Bridge(Ramamurthy Nagara Ring Road),13.01311,77.66257,788811.6043948948,1440097.3673303165,560
21695,B Channasandra Bridge(Ramamurthy Nagara Ring Road),13.01318,77.66272,788827.8045003776,1440105.2864389447,561
22651,B Channasandra Bridge(Ramamurthy Nagara Ring Road),13.01124,77.66226,788780.1236925893,1439890.0164422612,562
37623,B Channasandra Bridge(Ramamurthy Nagara Ring Road),13.01229,77.66199,788749.6005098261,1440005.9387616622,563
29613,B Hosur Circle,12.7425,77.44816,765826.360435656,1409913.262855446,564
35644,B Hosur Circle,12.74247,77.4482,765830.7374352843,1409909.983561547,565
29614,B Hosur Water Tank,12.74258,77.45109,766144.5987555002,1409925.120659748,566
39628,B K Nagara Cross,12.99063,77.40285,760647.2508311744,1437328.6509087463,567
39629,B K Nagara Cross,12.99067,77.4029,760652.6356606898,1437333.1290664268,568
29615,B Marenahalli,13.16635,77.73759,796770.9177533544,1457147.6833282975,569
35642,B Marenahalli,13.16626,77.73752,796763.432639488,1457137.6374745,570
37948,B Marenahalli,13.17023,77.73952,796975.6028177964,1457579.4875480335,571
39206,B Marenahalli,13.17016,77.73924,796945.3132268782,1457571.407283518,572
29616,B Nagasandra,12.94436,77.65279,787829.2624867348,1432476.0987580086,573
35641,B Nagasandra,12.94429,77.65284,787834.7714518926,1432468.4065771087,574
21696,B Narayanapura,13.00042,77.68444,791200.2535619376,1438717.5927824758,575
21697,B Narayanapura,13.0002,77.68443,791199.4249383484,1438693.2281807761,576
20615,B Narayanapura Ring Road,12.99583,77.68417,791176.3030979724,1438209.188514332,577
20616,B Narayanapura Ring Road,12.99589,77.68387,791143.6678034612,1438215.4869637066,578
29617,B Palya Razakapalya,13.1444,77.65941,788315.8550512528,1454626.8759007007,579
35640,B Palya Razakapalya,13.14436,77.6594,788314.8169835655,1454622.436638868,580
31927,BCC Layout,12.95128,77.52978,774466.9727851779,1433106.6385923196,581
29805,BCC Layout Cross,12.95473,77.53486,775014.6604905061,1433493.9644226804,582
40440,BCC Layout Cross,12.95425,77.53557,775092.2635235877,1433441.601177422,583
29807,BCMC Layout Raghuvanahalli,12.87838,77.54934,776670.6835181357,1425058.82643005,584
31928,BCMC Layout Raghuvanahalli,12.87833,77.54947,776684.8553193021,1425053.4322980752,585
23373,BDA Complex Banashankari 2nd Stage,12.9247,77.56428,778241.7796907043,1430201.9421861367,586
24341,BDA Complex Banashankari 2nd Stage,12.92448,77.56464,778281.1097412561,1430177.9828189753,587
29809,BDA Complex Cross Nagarabhavi,12.97211,77.51293,772615.0810527967,1435394.0977274887,588
31929,BDA Complex Cross Nagarabhavi,12.97199,77.51278,772598.929701895,1435380.6554439005,589
29811,BDA Complex HBR Layout,13.02589,77.62809,785054.5062953106,1441473.0716364789,590
31930,BDA Complex HBR Layout,13.02577,77.62812,785057.8997205794,1441459.822312392,591
23716,BDA Complex HSR Layout,12.91294,77.63807,786266.9622320684,1428981.6181137,592
23925,BDA Complex HSR Layout,12.91293,77.63814,786274.5744620311,1428980.589459843,593
21730,BDA Complex Koramangala,12.93074,77.62237,784542.0337738268,1430934.409799065,594
21731,BDA Complex Koramangala,12.93076,77.62212,784514.867500271,1430936.3454261802,595
29813,BDA Complex Nagarabhavi,12.97983,77.51054,772347.239238428,1436246.009642115,596
35397,BDA Complex Nagarabhavi,12.97958,77.51064,772358.3661910137,1436218.4459835018,597
35404,BDA Complex Nagarabhavi,12.97938,77.51073,772368.3532118036,1436196.4057472555,598
31932,BDA Park Bande Maramma Temple,12.96948,77.5148,772820.9354976786,1435105.0032921557,599
31934,BDS Nagara,13.06583,77.64305,786632.1042971469,1445910.9996097083,600
29820,BDS Nagara,13.0657,77.64308,786635.5099869018,1445896.6434658442,601
29841,BEL Circle,13.04339,77.55713,777333.6647285089,1443331.4806173416,602
20636,BEL Circle,13.04639,77.55583,777189.2429189414,1443662.1175144163,603
21734,BEL Circle,13.04588,77.55654,777266.8602413733,1443606.4440256553,604
21463,BEL Circle,13.04376,77.55806,777434.1755966103,1443373.4519949832,605
21464,BEL Circle,13.04402,77.55489,777089.877424313,1443398.7637768239,606
20637,BEL Circle,13.0452,77.55669,777283.8967350092,1443531.34145301,607
21735,BEL Factory,13.04887,77.55861,777488.1561284061,1443939.6613581392,608
21736,BEL Hospital,13.05016,77.55749,777365.1760616008,1444081.2207233645,609
21737,BEL Hospital,13.05019,77.55747,777362.972225355,1444084.5194233446,610
29843,BEL Layout Dasanapura,13.08929,77.42317,762748.3716459451,1448268.8420270237,611
31946,BEL Layout Dasanapura,13.08927,77.4232,762751.6475632697,1448266.6596912532,612
31947,BEL Market,13.0518,77.55189,776755.6536592415,1444256.623133903,613
35683,BEL Market 1,13.05192,77.5519,776756.6051317845,1444269.9163650027,614
29870,BEML Complex,12.91978,77.52033,773475.4542891525,1429609.995114744,615
31960,BEML Complex,12.91969,77.52034,773476.6380381038,1429600.0443693972,616
36497,BEML Factory,12.97146,77.65908,788480.9338166432,1435482.99698859,617
24153,BEML Gate,12.9713,77.6588,788450.7217612049,1435464.9691015242,618
21743,BEML Gate,12.97146,77.65859,788427.7396441245,1435482.4424900955,619
35925,BEML Layout 5th Stage,12.90691,77.52111,773574.156576765,1428186.3439183512,620
39073,BEML Layout 5th Stage,12.90681,77.52104,773566.6650484807,1428175.2009167674,621
29871,BEML Layout 5th stage,12.90685,77.52137,773602.4518880864,1428179.9806218888,622
20640,BEML Layout Gate,12.96083,77.71641,794717.3121643148,1434371.8555085121,623
20641,BEML Layout Gate,12.96054,77.7165,794727.4249847338,1434339.8569169813,624
24062,BEML Layout Kamalanagara,12.99284,77.52994,774438.7170077933,1437706.8234587524,625
38830,BEML Layout Mylasandra 7th Stage,12.91274,77.50063,771344.2219078434,1428809.833462154,626
38831,BEML Layout Mylasandra 7th Stage,12.91265,77.50051,771331.2903818082,1428799.7450239665,627
38000,BGS College Chikkaballapura( SJC Institute),13.39551,77.72662,795303.3450665907,1482503.1027972028,628
38001,BGS College Chikkaballapura( SJC Institute),13.39584,77.72679,795321.3661149344,1482539.8378373447,629
32007,BGS College Gate Devagere,12.84762,77.46871,767947.8839692554,1421568.8531743574,630
29953,BGS College Gate Devagere,12.84759,77.46868,767944.6578432824,1421565.5015971828,631
29956,BGS Health City,12.90313,77.49819,771089.6709944796,1427743.6069893697,632
21753,BGS Health City Gate Abhiman Studio,12.90719,77.4991,771184.0956182203,1428193.93396933,633
21754,BGS Health City Gate Abhiman Studio,12.9071,77.49916,771190.7072413247,1428184.0362050845,634
32009,BGS International Residential School,12.84672,77.46354,767387.3832437044,1421463.8662848107,635
29959,BGS PU College Thotagere,13.14425,77.45143,765755.2318689895,1454381.2980169985,636
20658,BGS PU College Thotagere,13.14428,77.45146,765758.4535823327,1454384.6500640318,637
29961,BGS School Banandur,12.77941,77.39728,760260.9660493396,1413946.5886499614,638
32010,BGS School Banandur,12.77952,77.39727,760259.7670853487,1413958.7525483756,639
20662,BHEL,12.84492,77.66026,788754.4233601895,1421477.1692269442,640
20663,BHEL,12.8452,77.66026,788754.1031998025,1421508.1633077795,641
20661,BHEL,12.94874,77.53559,775100.4877178599,1432831.7541348357,642
20664,BHEL,12.94872,77.53583,775126.5640476828,1432829.799007709,643
23997,BHEL,12.84506,77.65993,788718.4205239514,1421492.2960444086,644
32037,BHEL Layout,12.91624,77.50835,772178.6134187574,1429205.411853441,645
30018,BHEL Layout Cross,12.91577,77.51103,772470.0962370172,1429156.2421652908,646
32038,BHEL Layout Cross,12.91617,77.51305,772688.9780650795,1429202.6656131279,647
32039,BHEL Layout Cross,12.91583,77.51098,772464.6025284543,1429162.8298620735,648
32040,BHEL Layout Maramma Temple,12.92192,77.5088,772221.3122986531,1429834.5621992082,649
30022,BHEL Layout Water Tank,12.91895,77.50906,772252.7612103659,1429506.1141488876,650
32041,BHEL Layout Water Tank,12.91904,77.50901,772247.2350838714,1429516.022318158,651
38881,BHOGA NANDISWARA TEMPLE,13.38634,77.69787,792198.6083279366,1481453.7885014275,652
32073,BIES Kuduregere,13.06247,77.46964,767818.9512528023,1445349.1917489416,653
30131,BK Circle,12.87067,77.58316,780351.8663767448,1424242.1162683608,654
32100,BK Circle,12.87062,77.58325,780361.6957543503,1424236.6801354266,655
35060,BK Circle,12.87056,77.58309,780344.3869213774,1424229.8642905406,656
30136,BME-1 NICE Road,12.91943,77.53179,774720.0686819776,1429583.529020464,657
32101,BME-1 NICE Road,12.91947,77.53196,774738.4821952579,1429588.138836385,658
30138,BME-2 NICE Road,12.89331,77.51354,772766.9840108574,1426672.9985274817,659
32102,BME-2 NICE Road,12.89344,77.51345,772757.0706772036,1426687.291446455,660
30147,BMTC Training Centre,13.01991,77.44837,765556.509919962,1440616.338150044,661
32105,BMTC Training Centre,13.01994,77.44841,765560.8188272114,1440619.7003003617,662
30148,BN Bachegowda Badavane,12.9627,77.84542,808722.1529026648,1434731.4851051162,663
30150,BN Bachegowda Badavane Colony,12.96279,77.84504,808680.781913853,1434740.9889668531,664
32106,BN Bachegowda Badavane Colony,12.96278,77.84512,808689.4805493038,1434739.978707642,665
38508,BOB Colony,12.89299,77.5864,780678.84172181,1426716.198649891,666
30189,BP Indian School Nelamangala,13.0877,77.37529,757555.6007383409,1448043.5826076712,667
32126,BP Indian School Nelamangala,13.08764,77.37555,757583.8698376011,1448037.207193528,668
20680,BPL,12.98525,77.74828,798148.3087714668,1437112.2177782236,669
20681,BPL,12.98531,77.74768,798083.1006955008,1437118.1573373245,670
37197,BPL,12.98545,77.74784,798100.303261277,1437133.8428443538,671
35109,BPL,12.88702,77.59697,781833.3064997366,1426066.9817244513,672
35232,BPL,12.88691,77.59676,781810.6254854361,1426054.5753316188,673
21785,BRV Talkies Cubbon Road,12.97911,77.60273,782355.0856418489,1436266.6755480457,674
30209,BRV Talkies Cubbon Road,12.97941,77.60223,782300.4707901286,1436299.328273262,675
30211,BSF Yelahanka,13.12915,77.60494,782424.3153272961,1452877.0675405639,676
32135,BSF Yelahanka,13.12912,77.60492,782422.1799202745,1452873.7243997622,677
21786,BTL College,12.81185,77.69485,792549.7041952047,1417855.5180422808,678
21787,BTL College,12.8117,77.69472,792535.7553997178,1417838.766281672,679
39774,BTM 4th Stage Circle,12.8868,77.61507,783799.0700696812,1426062.582532943,680
39775,BTM 4th Stage Circle,12.88669,77.61506,783798.1081693349,1426050.395595998,681
22869,BTM Layout 12th Main 7th Cross,12.91393,77.61007,783225.5439829949,1429060.0622072578,682
22873,BTM Layout 12th Main 7th Cross,12.914,77.61002,783220.0360111656,1429067.7551656887,683
20571,BTM Layout 16th Main,12.91644,77.60928,783136.9353244068,1429337.0190810156,684
20572,BTM Layout 16th Main,12.91669,77.60912,783119.2807211517,1429364.5144882624,685
31345,BTM Layout 16th Main,12.91627,77.61014,783230.5054997923,1429319.1532402704,686
22881,BTM Layout 16th Main Hopcoms,12.91971,77.61036,783250.512099016,1429700.1689181426,687
22884,BTM Layout 16th Main Hopcoms,12.91953,77.61028,783242.0289343907,1429680.1562450407,688
39479,BTM Layout 4th Phase (ELC RTO Office),12.88683,77.61115,783373.3530396519,1426061.5702734017,689
39766,BTM Layout 4th Phase (ELC RTO Office),12.88678,77.6104,783291.9649621241,1426055.2075376532,690
39767,BTM Layout 4th Phase (ELC RTO Office),12.88672,77.61055,783308.3213670291,1426048.731806216,691
39701,BTM Layout 4th Stage Stadium,12.88337,77.61516,783812.7104961956,1425683.0161735879,692
20688,BTM Layout Water Tank,12.91654,77.60711,782901.2052630645,1429345.6888183064,693
20689,BTM Layout Water Tank,12.91673,77.60713,782903.1627839148,1429366.7418966196,694
23327,BTR Garden,12.89033,77.64645,787202.7229083183,1426488.2471141014,695
23329,BTR Garden,12.89028,77.64662,787221.2409248957,1426482.9028657184,696
23989,BTS Layout Basaveshwaranagara,12.97707,77.48056,769096.0835002719,1435908.67762803,697
24291,BTS Layout Basaveshwaranagara,12.97704,77.4804,769078.7488612338,1435905.1882851617,698
35428,BUC ADM Block,12.95007,77.50069,771310.3550506751,1432941.623752711,699
20646,BUC ADM Block,12.95005,77.50086,771328.8313437755,1432939.5907546396,700
20650,BUC Ladies Hostel,12.94184,77.50601,771896.8088851509,1432036.3722689485,701
20651,BUC Ladies Hostel,12.94195,77.50599,771894.5183341845,1432048.525963907,702
20652,BUC Library,12.94439,77.50435,771713.8334670073,1432316.8442331895,703
24363,BUC Library,12.9443,77.50421,771698.7327470424,1432306.7339987094,704
20655,BUC Quarters,12.95203,77.49917,771143.2269997575,1433156.9443364162,705
20690,BWSSB Quarters Nayandahalli,12.94013,77.52412,773864.7220682255,1431866.4453126704,706
20691,BWSSB Quarters Nayandahalli,12.93987,77.5236,773808.5534963203,1431837.110520737,707
39366,BWSSB Quaters Harohalli,12.66841,77.45685,766847.8464711361,1401722.1774471079,708
39367,BWSSB Quaters Harohalli,12.66836,77.457,766864.1997094832,1401716.7970418609,709
30241,BWSSB Tavarekere,12.96999,77.39935,760288.889375269,1435040.7612813183,710
32150,BWSSB Tavarekere,12.97007,77.39937,760290.9769190793,1435049.6356020384,711
27826,Babasabarapalya Railway Bridge,12.90277,77.46235,767198.7093409724,1427666.1230684298,712
31403,Babasabarapalya Railway Bridge,12.90275,77.46229,767192.2161394267,1427663.8469538367,713
29619,Babasahebarapalya,12.90132,77.46264,767231.7370164071,1427505.942268304,714
37934,Babusabpalya,13.02285,77.64747,787161.404239184,1441158.4056710992,715
20617,Babusabpalya,13.0226,77.64702,787112.8512515274,1441130.2234830472,716
20618,Babusabpalya,13.02274,77.64721,787133.3116884463,1441145.9353843788,717
29620,Bachahalli Gate,13.21219,77.6732,789731.9754690633,1462146.8292831134,718
35638,Bachahalli Gate,13.21205,77.67332,789745.1554455432,1462131.4706396179,719
38757,Bachahalli Government School,13.25289,77.59419,781116.4767098275,1466561.8423802909,720
29622,Bachenahatti,12.95495,77.30407,749962.4924453433,1433281.009145694,721
35636,Bachenahatti,12.95476,77.30405,749960.5113011799,1433259.96286003,722
29623,Badekatte,12.8181,77.48975,770264.3687655146,1418323.58936683,723
35635,Badekatte,12.81806,77.48975,770264.4114736349,1418319.1621858305,724
39699,Badesab Doddi RV PU College,12.70789,77.45403,766500.2530544063,1406088.7813053797,725
23263,Badrapura,12.87177,77.42746,763443.0371495872,1424199.0711319828,726
20619,Bagalagunte,13.05665,77.50735,771917.1116363094,1444745.2114309866,727
20620,Bagalagunte,13.05657,77.50728,771909.6034869801,1444736.2816891628,728
21698,Bagalur,13.13456,77.66816,789276.6304050335,1453547.6729189185,729
21699,Bagalur,13.13452,77.66809,789269.0830771215,1453543.1646696567,730
23267,Bagalur,13.13461,77.66794,789252.7042597072,1453552.9549596428,731
35634,Bagalur Colony,13.14146,77.6713,789609.1854695983,1454315.084906453,732
29624,Bagalur Colony,13.14146,77.67118,789596.16714752,1454314.946813238,733
29626,Bagalur Cross,13.12198,77.61061,783047.6511067997,1452089.7766912582,734
31858,Bagalur Cross,13.12182,77.61128,783120.5226808207,1452072.8186435036,735
35633,Bagalur Cross,13.12211,77.61116,783107.1715340605,1452104.7842546639,736
38375,Bagalur Cross,13.12174,77.61129,783121.6992674113,1452063.9745919676,737
39919,Bagalur Sante/ CMR University Cross,13.13187,77.66215,788627.7599897853,1453243.005786661,738
39920,Bagalur Sante/ CMR University Cross,13.13211,77.66222,788635.0735976998,1453269.652864497,739
31859,Bagalur Santhe Circle,13.13351,77.66675,789124.891422828,1453429.8230435674,740
21700,Bagalur Santhe‌ Circle,13.1334,77.66686,789136.9541058904,1453417.772830814,741
38653,Bagluru Old police Station,13.12977,77.6667,789123.8478352514,1453015.764175068,742
38654,Bagluru Old police Station,13.12952,77.66661,789114.3764479858,1452987.9869798105,743
21701,Bagmane Tech Park,12.98076,77.65642,788181.440616142,1436509.4395173634,744
21702,Bagmane Tech Park,12.98065,77.65654,788194.5941573441,1436497.398971077,745
23272,Baguru,12.89645,77.84275,808513.7404537422,1427393.7796189473,746
23403,Baguru,12.89677,77.84224,808457.9581831613,1427428.5926112216,747
23273,Baguru Colony,12.89515,77.84536,808798.8022180852,1427253.0008963076,748
23404,Baguru Colony,12.89528,77.84535,808797.5564992332,1427267.3810273677,749
39441,Bakery 1st Main Road,12.99435,77.57801,779654.6407607826,1437926.2870088182,750
39442,Bakery 1st Main Road,12.99436,77.57794,779647.0315293204,1437927.3169610563,751
29631,Baladimmanahalli,13.18959,77.74336,797368.7460944995,1459727.227152152,752
35631,Baladimmanahalli,13.1898,77.74341,797373.9154371659,1459750.533930904,753
35629,Balageranahalli Cross,12.78744,77.73468,796905.1569367477,1415198.851986522,754
29634,Balagere,12.9396,77.72902,796111.4764525048,1432036.3078167457,755
35628,Balagere,12.93963,77.72901,796110.3552145029,1432039.6172102399,756
29635,Balaji Apartment HSR Layout,12.90497,77.64899,787461.8155420483,1428111.6320688385,757
35627,Balaji Apartment HSR Layout,12.90496,77.64895,787457.4834745602,1428110.4802612248,758
38389,Balaji Badavane Sulikere,12.93564,77.44327,765092.4198721575,1431284.251436211,759
38390,Balaji Badavane Sulikere,12.93568,77.44324,765089.1208270788,1431288.6474013384,760
29636,Balaji Layout,12.96007,77.4893,770063.1126885233,1434036.3540476523,761
35626,Balaji Layout,12.96005,77.48925,770057.7067000007,1434034.087519798,762
35625,Balaji Layout 100ft Road,12.87772,77.53984,775639.7911773752,1424975.5568202503,763
40403,Balaji Nagara Cross,13.01405,77.49106,770195.7504553748,1440012.7660570128,764
40404,Balaji Nagara Cross,13.01418,77.49109,770198.865330802,1440027.1864805536,765
29638,Balaji Theatre Magadi,12.96057,77.23686,742662.2027707051,1433838.0904132947,766
35624,Balaji Theatre Magadi,12.96052,77.23689,742665.5072446126,1433832.585825383,767
23283,Balavikas International School,12.96696,77.51453,772794.3759915943,1434825.794649319,768
23284,Balavikas School Gidadakonenahalli,12.97008,77.4914,770280.2553691026,1435146.4909634,769
29639,Balekatte,12.9279,77.21035,739816.2648070463,1430197.7610469218,770
35623,Balekatte,12.92788,77.2103,739810.8566308215,1430195.500977599,771
23289,Balenahalli,12.89571,77.19355,738023.193731205,1426619.9620198244,772
23290,Balenahalli,12.89568,77.19349,738016.7085954566,1426616.5865742986,773
29641,Balepura,13.1992,77.77895,801217.4783373233,1460833.5888089712,774
35621,Balepura,13.19918,77.77898,801220.7569552518,1460831.4107694633,775
31860,Balepura Gate,13.19764,77.77686,800992.6903885915,1460658.3770576932,776
21703,Balepura Gate,13.19791,77.77734,801044.4248171903,1460688.8440806884,777
29643,Balepura Gate,13.19786,77.77725,801034.7238532933,1460683.2006952886,778
38992,Balepura Gate,13.19787,77.77729,801039.0503796393,1460684.3558027053,779
29644,Baleveeranahalli,13.0186,77.39394,759651.113245757,1440415.0884785843,780
35620,Baleveeranahalli,13.01854,77.39391,759647.9202141427,1440408.417393155,781
35619,Balluru,12.75424,77.78728,802659.5670282182,1411584.5048729214,782
29646,Balluru Cross,12.74978,77.77932,801799.8960415525,1411081.4881820425,783
35618,Balluru Cross,12.74971,77.77934,801802.152369136,1411073.7622955437,784
39386,Baluvanahalli Cross,13.26239,77.80826,804318.2071787544,1467864.653198517,785
29648,Baluvanahalli Cross,13.2624,77.8082,804311.6881040938,1467865.6870601967,786
21704,Bamboo Bazar,12.99191,77.60342,782415.5101912161,1437684.26607776,787
21706,Bamboo Bazar,12.99204,77.60397,782475.0635180946,1437699.2660655365,788
29651,Banahalli,13.21376,77.91228,815661.6947023335,1462609.7812109508,789
35612,Banahalli,13.21369,77.9123,815663.9543108207,1462602.0562517436,790
29656,Banandur Circle,12.77536,77.39841,760387.8618125492,1413499.502330131,791
31861,Banandur Circle,12.77538,77.39844,760391.1000461061,1413501.745960706,792
29654,Bananduru,12.77677,77.3979,760331.0182419689,1413655.0373154287,793
35609,Bananduru,12.77677,77.39795,760336.4494346202,1413655.0876144532,794
29657,Banarahalli,12.95716,77.86284,810620.4862340798,1434139.299307135,795
22673,Banasawadi,13.01452,77.65234,787699.599107112,1440241.8402279106,796
36255,Banasawadi,13.01441,77.65102,787556.4530268918,1440228.1696214955,797
37807,Banasawadi 100 Feet Road,13.01513,77.64963,787404.7516264652,1440306.2961328053,798
37808,Banasawadi 100 Feet Road,13.01508,77.64969,787411.321697062,1440300.8293365713,799
29419,Banasawadi 80ft Road,13.01538,77.6429,786673.9931717468,1440326.3658662415,800
35575,Banasawadi 80ft Road,13.01511,77.64267,786649.3398520544,1440296.2192829698,801
21711,Banashankari,12.91631,77.57373,779277.1268049339,1429283.5773296265,802
21709,Banashankari 1st Stage Muneshwara Block KEB,12.94211,77.55079,776757.9297665588,1432114.3353661634,803
21710,Banashankari 1st Stage Muneshwara Block KEB,12.94213,77.55061,776738.3661856435,1432116.3540964278,804
31865,Banashankari 3rd Stage 3rd Phase,12.92763,77.5514,776840.1401193133,1430512.2763709947,805
31866,Banashankari 3rd Stage 3rd Phase,12.92761,77.55125,776823.8766573484,1430509.9003244175,806
29670,Banashankari 5th Stage,12.9022,77.52809,774337.1654833264,1427672.490704174,807
39828,Banashankari 6th Phase 5th Block,12.87945,77.5075,772126.1312582735,1425132.5386903342,808
39829,Banashankari 6th Phase 5th Block,12.8793,77.50748,772124.1215619803,1425115.9152963825,809
20623_ST,Banashankari Bus Station,12.917583,77.57289,779184.5069237977,1429423.565162329,810
20624,Banashankari Bus Station,12.91736,77.5727,779164.1253781535,1429398.6748211181,811
20623,Banashankari Bus Station,12.91779,77.57272,779165.8188204241,1429446.2918813508,812
20623_PF1,Banashankari Bus Station - Platform 1,12.91736,77.57304,779201.0413211808,1429399.0456490295,813
20623_PF2,Banashankari Bus Station - Platform 2,12.917364,77.5729,779185.8361901487,1429399.3356957755,814
20623_PF5,Banashankari Bus Station - Platform 5,12.917663,77.57291,779186.5894952792,1429432.4419074582,815
20623_PF6,Banashankari Bus Station - Platform 6,12.9175005,77.57291,779186.770179864,1429414.4553286727,816
20623_PF7,Banashankari Bus Station - Platform 7,12.917407,77.57278,779172.7592254889,1429403.9643417962,817
20623_PF9,Banashankari Bus Station - Platform 9,12.917802,77.57278,779172.3200444612,1429447.6855600968,818
21712,Banashankari Hunasemara,12.92097,77.57407,779308.8586904691,1429799.748473102,819
21713,Banashankari Hunasemara,12.92084,77.57414,779316.603582374,1429785.435598151,820
22062,Banashankari Hunasemara,12.91966,77.57413,779316.8307723919,1429654.8143152094,821
39904,Banashankari Layout,12.96272,77.44299,765033.3692152803,1434281.0915233213,822
39905,Banashankari Layout,12.9628,77.44303,765037.6263498664,1434289.9872367184,823
29673,Banashankari Post Office,12.92629,77.56991,778851.2769260935,1430384.0635413183,824
31869,Banashankari Post Office,12.92623,77.56995,778855.6864955921,1430377.4659583003,825
39586,Banashankari Temple,12.91564,77.5735,779252.8991939625,1429209.1663498338,826
31862,Banaswadi Fire Station,13.01131,77.64604,787019.4948310269,1439879.3900938674,827
29675,Banawadi,13.11759,77.25546,744526.5257790263,1451232.3244681018,828
31870,Banawadi,13.11756,77.25544,744524.3861353173,1451228.9851377949,829
20625,Bandaiahanapalya,13.18654,77.44337,764835.492023851,1459053.391748334,830
29676,Bandaiahanapalya,13.18652,77.44332,764830.0911346127,1459051.1253939192,831
29678,Bandapura,12.76981,77.72655,796042.4312992326,1413237.9186427777,832
31871,Bandapura,12.76982,77.72653,796040.2466034633,1413239.0027494703,833
21714,Bandapura Gate,13.04174,77.74453,797673.7010554832,1443361.3411332555,834
21715,Bandapura Gate,13.04228,77.74459,797679.566498658,1443421.1903404875,835
29680,Bande Bommasandra,13.07664,77.68072,790707.3260715537,1447150.5931114587,836
31872,Bande Bommasandra,13.07672,77.6809,790726.7650049794,1447159.6557521704,837
29682,Bande Bommasandra Cross,13.08119,77.6824,790884.2918960594,1447656.1941059008,838
31873,Bande Bommasandra Cross,13.08123,77.68241,790885.3300771785,1447660.6334734734,839
29684,Bande Inorpalya,12.9366,77.36241,756313.6244747401,1431308.040368687,840
31874,Bande Inorpalya,12.93666,77.36236,756308.135526919,1431314.630493226,841
29686,Bande Kodigehalli,13.17216,77.69082,791690.4924529043,1457736.0507512721,842
38638,Bande Kodigehalli palya,13.1735,77.7063,793368.0820906365,1457902.423435116,843
38639,Bande Kodigehalli palya,13.17346,77.7061,793346.4348542264,1457897.7617658176,844
29690,Bande Kodigehallipalya Cross,13.17283,77.69107,791716.8165340042,1457810.5087563547,845
31876,Bande Kodigehallipalya Cross,13.17275,77.691,791709.3182283889,1457801.5715961908,846
29691,Bande Maramma Bus Station,12.96697,77.51613,772968.045677164,1434828.613498429,847
31877,Bande Mutt Badavane Radiant Enclave,12.91277,77.47358,768407.322660069,1428784.6471382787,848
29696,Bande Mutt Gate Kengeri,12.91911,77.47745,768820.7058458584,1429490.4129974772,849
31878,Bande Mutt Gate Kengeri,12.91899,77.47749,768825.1770583652,1429477.1734929732,850
37784,Bande Mutt Kunchugal,13.10656,77.25913,744935.5203749884,1450015.2520876166,851
29685,Bande kodigehalli,13.17202,77.69075,791683.0652463158,1457720.471735911,852
29699,Bandi Reddy Circle,12.99141,77.56389,778125.2943027222,1437585.3947627146,853
31879,Bandi Reddy Circle,12.99141,77.56384,778119.8671318728,1437585.340130696,854
40001,Bangalore MysoreToll Plaza,12.84064,77.41844,762495.9796680722,1420744.5436414876,855
40002,Bangalore MysoreToll Plaza,12.85974,77.43122,763863.9052685353,1422871.5042753299,856
29703,Bangarappa Nagara,12.92477,77.52634,774122.5192066946,1430168.7329487216,857
29705,Banglow Sulikere,12.93298,77.45186,766027.7629069032,1430998.7723578548,858
31881,Banglow Sulikere,12.93304,77.45183,766024.4424543784,1431005.3817931877,859
29707,Banjara Layout,13.03837,77.66527,789075.3291969884,1442896.587175075,860
31882,Banjara Layout,13.03833,77.66531,789079.7169331149,1442892.2049746928,861
29709,Banjarapalya,12.8304,77.48572,769813.5419444008,1419680.725189065,862
31883,Banjarapalya,12.83036,77.48568,769809.240332526,1419676.2561373415,863
29713,Bank Circle Bashettyhalli,13.258,77.55271,776613.058541063,1467081.1119386782,864
31885,Bank Circle Bashettyhalli,13.25811,77.55281,776623.7765630543,1467093.398414565,865
21716,Bank Colony,12.93864,77.55305,777007.1193834154,1431732.7067353504,866
21717,Bank Colony,12.93861,77.55326,777029.9513047239,1431729.6138069374,867
29716,Bannerughatta Circle,12.81382,77.58103,780183.6023526988,1417947.2496291413,868
35140,Bannerughatta Circle,12.81386,77.58123,780205.2824155679,1417951.894294456,869
35145,Bannerughatta Circle,12.8135,77.58127,780210.0256936426,1417912.0905608512,870
39211,Bannerughatta Circle,12.81365,77.58088,780167.4972180625,1417928.2700223357,871
22757,Bannerughatta National Park,12.80092,77.57748,779812.2444994175,1416515.5443784602,872
23785,Bannerughatta National Park,12.80079,77.57787,779854.7525422788,1416501.5777433328,873
29718,Bannigiri,12.75686,77.43642,764535.9821959531,1411490.5571231856,874
31887,Bannigiri,12.75687,77.43645,764539.2308526733,1411491.6944949264,875
29720,Bannigiri Cross,12.74727,77.43325,764201.5645662916,1410425.9521766854,876
31888,Bannigiri Cross,12.74724,77.43327,764203.7684794469,1410422.6523061313,877
29722,Bannikuppe,12.84702,77.38389,758737.4312062011,1421415.6638179698,878
31889,Bannikuppe,12.847,77.38386,758734.193915344,1421413.420225529,879
31890,Bannimangala,13.26019,77.58847,780487.8779909915,1467363.4455182452,880
29726,Bapuji Layout Saraswathi Nagara,12.97203,77.52938,774400.7928866784,1435402.8921897872,881
20626,Bapujinagara,12.95321,77.54182,775771.8944745967,1433333.2330912293,882
29728,Baradi,13.17629,77.36669,756530.5470349835,1457839.3193642045,883
29730,Baraguru,12.95115,77.88386,812910.4263672826,1433499.6022982956,884
31893,Baraguru,12.95122,77.88394,812919.0258310993,1433507.4502739287,885
29733,Basammanahalli,12.87519,77.35305,755359.9525369237,1424502.4296557554,886
29735,Basammanahalli Cross,12.87518,77.3544,755506.5434587898,1424502.665501669,887
31895,Basammanahalli Cross,12.87516,77.35436,755502.2206005927,1424500.4123137877,888
21718,Basappa Circle,12.95624,77.57721,779610.4385001265,1433707.1124551748,889
29736,Basappa Circle,12.95601,77.57728,779618.2946091675,1433681.7310808266,890
35139,Basappa Circle,12.95636,77.57717,779605.962065592,1433720.35110064,891
29738,Basappa Layout Mattahalli,13.10653,77.45371,766043.1639489135,1450208.8977152263,892
31896,Basappa Layout Mattahalli,13.10656,77.45369,766040.961989301,1450212.1969957086,893
29740,Basappanapalya,12.83133,77.50046,771413.4228170883,1419799.1367041324,894
31897,Basappanapalya,12.83134,77.50052,771419.9285605948,1419800.3067073443,895
29742,Basappanapalya Cross,12.84253,77.50237,771608.8276959446,1421040.7721953744,896
31898,Basappanapalya Cross,12.84255,77.50238,771609.8922257326,1421042.9963581823,897
29744,Basapura Electronic City,12.86413,77.65026,787646.384160179,1423592.3718480594,898
31899,Basapura Electronic City,12.86411,77.65033,787654.0093545993,1423590.2363488514,899
29745,Basava Gangotri Samste,12.88359,77.45044,765925.8653466579,1425530.9498696318,900
21719,Basavanagara,12.96664,77.68279,791060.5142739278,1434976.3966685757,901
21720,Basavanagara,12.96682,77.68276,791057.0478691802,1434996.287666568,902
21721,Basavanagudi Police Station,12.94168,77.57396,779273.854365369,1432091.952332858,903
21722,Basavanagudi Police Station,12.9416,77.57376,779252.2303450729,1432082.8787825608,904
29748,Basavanahalli,13.11028,77.38815,758927.1337041338,1450555.739619338,905
31900,Basavanahalli,13.1104,77.38823,758935.6863329624,1450569.1025956562,906
31901,Basavanahalli Cross,13.10231,77.38869,758994.0557716691,1449674.2220717,907
29751,Basavanahalli Cross,13.10215,77.38867,758992.0535838443,1449656.493720053,908
31902,Basavanahalli Cross,13.10223,77.38875,759000.6484147386,1449665.4297056876,909
29753,Basavanapalya,12.93215,77.40007,760406.3785529132,1430853.6021267676,910
31903,Basavanapalya,12.93214,77.40003,760402.046653866,1430852.454659413,911
39948,Basavanapura,12.67112,77.54512,776437.9046417171,1402114.019979193,912
39949,Basavanapura,12.67118,77.54515,776441.1002860903,1402120.69273826,913
31904,Basavanapura,13.22559,77.57657,779237.0836406264,1463520.2521660316,914
31909,Basavanapura,13.22562,77.57649,779228.3741426864,1463523.4835215698,915
29760,Basavanapura,12.84986,77.38333,758673.7102639708,1421729.4088765664,916
31906,Basavanapura,12.84977,77.3835,758692.2630062776,1421719.6192983976,917
39012,Basavanapura,12.84561,77.59433,781592.8729769557,1421480.4936107863,918
39013,Basavanapura,12.84558,77.59433,781592.9064282848,1421477.1729753467,919
29762,Basavanapura Church,12.84678,77.5932,781468.8407774223,1421608.762225729,920
31910,Basavanapura Church,12.84671,77.59313,781461.3162136131,1421600.9375232516,921
22752,Basavanapura Gate,12.84634,77.58822,780928.4614244173,1421554.6183124958,922
22760,Basavanapura Gate,12.84634,77.58818,780924.1170965275,1421554.5746497822,923
29763,Basavanna Devasthana CK Palya,12.84391,77.60611,782874.1963701097,1421305.2405824722,924
35339,Basavanna Devasthana CK Palya,12.84393,77.60596,782857.8823763989,1421307.2895196397,925
29766,Basavanna Temple Hoovinayakanahalli,13.16788,77.6886,791454.7495550434,1457259.6869034013,926
31911,Basavanna Temple Hoovinayakanahalli,13.1679,77.6885,791443.8782980547,1457261.7848131065,927
29768,Basavapatna,12.97027,77.17677,736131.400462189,1434855.1101044957,928
31912,Basavapatna,12.9702,77.17665,736118.4435246265,1434847.2529263943,929
29770,Basavenahalli,13.0385,77.31474,751036.5658536211,1442537.7844675318,930
31913,Basavenahalli,13.03853,77.3148,751043.0458565375,1442541.1638853003,931
29773,Basavenahalli Colony,13.03602,77.31422,750982.6455408053,1442262.8129218882,932
31914,Basavenahalli Colony,13.03604,77.31436,750997.8161655805,1442265.1647647729,933
31915,Basavenahalli Colony,13.03605,77.31429,750990.2106762651,1442266.2022055422,934
20629,Basaveshwara College,12.99448,77.5527,776907.292157511,1437912.999454991,935
24194,Basaveshwara College,12.9941,77.55278,776916.3971120309,1437871.0259834444,936
29776,Basaveshwaranagara 2nd Phase,12.90829,77.461,767046.2695639738,1428275.6582351793,937
29404,Basaveshwaranagara 3rd Stage,12.98912,77.54249,775805.012653124,1437308.6418325305,938
35589,Basaveshwaranagara 3rd Stage,12.98898,77.54254,775810.5944529232,1437293.2001342173,939
29780,Basaveshwaranagara Banandur,12.75942,77.40367,760975.5927956098,1411740.6768567453,940
31917,Basaveshwaranagara Banandur,12.75944,77.40372,760981.0038594048,1411742.9406667834,941
24059,Basaveshwaranagara New Bus Stand,12.98832,77.5336,774840.950966476,1437210.4807210455,942
29783,Bashettihalli,13.26176,77.5527,776607.7184111415,1467497.2854855468,943
31918,Bashettihalli,13.26164,77.5526,776597.0119005016,1467483.892110224,944
39296,Bashyam Circle,13.00659,77.57886,779733.1751368376,1439282.0382926778,945
39297,Bashyam Circle,13.00656,77.57892,779739.7210758242,1439278.7836768162,946
31921,Bashyam Circle Rajajinagara,12.98441,77.55398,777057.4000499949,1436799.7881538542,947
20631,Bashyam Circle Rajajinagara,12.98391,77.55412,777073.1511277768,1436744.597650537,948
20632,Bashyam Circle Rajajinagara,12.98441,77.5544,777102.9892551786,1436800.2450963487,949
29788,Bashyam Circle Rajajinagara,12.98458,77.55414,777074.57876803,1436818.7787740463,950
20633,Bashyam Circle Sadashivanagara,13.00628,77.57915,779764.9990123735,1439248.0441855858,951
29789,Bashyam Circle Sadashivanagara,13.0062,77.57905,779754.2349693851,1439239.079135424,952
29791,Bashyam Nagara Okalipuram,12.98724,77.5677,778543.4977907636,1437127.997264377,953
37682,Bata Show Room banashankari,12.92348,77.57008,778872.8569432624,1430073.2198984956,954
37683,Bata Show Room banashankari,12.92351,77.57006,778870.6521395037,1430076.5186929267,955
29793,Bayalahalli Gate(Bande kodigehalli),13.16998,77.69009,791613.8900708801,1457493.8816902922,956
31922,Bayalahalli Gate(Bande kodigehalli),13.17001,77.68996,791599.7527804596,1457497.0516619058,957
29795,Bayalu Bandikhane,13.2956,77.73597,796438.6800707867,1471453.9952424164,958
31923,Bayalu Bandikhane,13.29566,77.73589,796429.9332472058,1471460.5420584835,959
21723,Bayyanapalya,12.87558,77.54374,776065.6414601179,1424742.8829431839,960
21724,Bayyanapalya,12.87554,77.54355,776045.0527792014,1424738.251332169,961
29797,Bayyandahalli,13.00718,77.44249,764931.9330591669,1439201.2764450093,962
31924,Bayyandahalli,13.00715,77.44244,764926.5385635779,1439197.9040308902,963
29799,Bayyandahalli Colony,13.00342,77.44235,764920.7337082135,1438784.9841538742,964
31925,Bayyandahalli Colony,13.00343,77.44231,764916.3819232744,1438786.049262587,965
29801,Bayyappanahalli,13.07156,77.72081,795063.8145558446,1446634.6714578592,966
31926,Bayyappanahalli,13.07163,77.72083,795065.9016821606,1446642.4437596232,967
21725,Bayyappanahalli Cross,12.98525,77.64246,786660.8630690672,1436990.6973324372,968
21726,Bayyappanahalli Cross,12.98559,77.64255,786670.242449679,1437028.434149965,969
21727,Bayyappanahalli Gate,12.99157,77.64327,786741.5314083747,1437691.187321972,970
21728,Bayyappanahalli Gate,12.9916,77.6433,786744.7534285928,1437694.5419026539,971
20634,Bayyappanahalli Metro Station,12.99001,77.65454,787966.6894843242,1437531.2292369702,972
20635,Bayyappanahalli Metro Station,12.98967,77.65404,787912.8060933069,1437493.0278166353,973
36295,Bayyappanahalli Metro Station  Back Gate,12.99166,77.65212,787702.0941652849,1437711.1369411577,974
29822,Beedi Karmikara Colony,12.91906,77.471,768120.4951163207,1429478.1139125356,975
31935,Beedi Karmikara Colony,12.92003,77.47146,768169.4002937909,1429585.9542669593,976
29824,Beedi Karmikara Colony Gate,12.92236,77.47481,768530.6094114338,1429847.3489210235,977
31936,Beedi Karmikara Colony Gate,12.92231,77.47482,768531.7485672864,1429841.8254593608,978
29826,Beerahalli,13.15748,77.91533,816064.9268799466,1456382.4744537994,979
31937,Beerahalli,13.15743,77.91538,816070.4160193244,1456377.0014984233,980
31938,Beerasandra Chapradakallu,13.28046,77.62049,783936.1753254307,1469643.4137440852,981
31939,Beerasandra Chapradakallu,13.28005,77.62042,783929.0630409915,1469597.9498762374,982
36375,Beerawara,13.0634,77.2746,746656.5271554703,1445253.9817509966,983
36376,Beerawara,13.06362,77.27445,746640.0349321228,1445278.1820776819,984
29832,Beereshwara Nagara,12.88205,77.56545,778416.0431735835,1425482.4588967634,985
31941,Beereshwara Nagara,12.88206,77.56537,778407.344835985,1425483.4789765757,986
24080,Begihalli,12.79796,77.60381,782675.719080242,1416216.580395807,987
24230,Begihalli,12.79788,77.60381,782675.808283831,1416207.7253330366,988
37610,Beguru,13.18351,77.67959,790458.9286177832,1458979.4417827087,989
29836,Beguru,13.18348,77.67967,790467.6415158204,1458976.2134999738,990
31944,Beguru,13.18356,77.67974,790475.1397508122,1458985.1503094595,991
31942,Beguru,13.13883,77.84336,808279.7835923386,1454228.323773095,992
39901,Beguru,13.13886,77.8433,808273.2360150268,1454231.571588466,993
35222,Beguru,12.87364,77.62515,784908.5779580629,1424617.0668290365,994
36307,Beguru,12.87361,77.62535,784930.3317456418,1424613.968001324,995
23809,Beguru Canara Bank,12.88518,77.62516,784896.6091949467,1425894.4466996982,996
23815,Beguru Canara Bank,12.88501,77.62508,784888.1140420864,1425875.5404785846,997
24160,Beguru Lake,12.87783,77.62549,784940.7624737081,1425081.2373993227,998
24166,Beguru Lake,12.87795,77.62532,784922.1651526871,1425094.331591001,999
38497,Bejjarahalli Katte,12.79897,77.29167,748770.5456425996,1416007.3054457272,1000
29840,Bekary Chunchaghatta,12.88648,77.57068,778979.0662852619,1425978.4779531404,1001
31945,Bekary Chunchaghatta,12.88652,77.57071,778982.2796376146,1425982.938022937,1002
29847,Belagumba,12.99482,77.24641,743665.3095908177,1437637.3987284505,1003
31948,Belagumba,12.9949,77.24643,743667.4018799117,1437646.2709251605,1004
37980,Belenus Hospital,12.90247,77.70891,793971.4543324058,1427902.8841019494,1005
37981,Belenus Hospital,12.90255,77.709,793981.134184377,1427911.8431632775,1006
29851,Bellahalli,13.09915,77.64212,786492.6571917103,1449598.2459518646,1007
31950,Bellahalli,13.09923,77.64223,786504.4998294467,1449607.2262511086,1008
21739,Bellahalli Cross,13.10124,77.63492,785709.0292273185,1449821.434627644,1009
31951,Bellahalli Cross,13.10207,77.63351,785555.0851742672,1449911.7140864627,1010
31953,Bellahalli Cross,13.10144,77.63606,785832.4892059504,1449844.8637952192,1011
31952,Bellahalli Cross,13.10196,77.63362,785567.1471793579,1449899.6623351697,1012
21740,Bellahalli Cross THS Main Road,13.10113,77.6351,785728.686408944,1449809.4621572217,1013
20639,Bellanduru City Light Appartment,12.92412,77.67278,790023.0207048857,1430258.2478270214,1014
20638,Bellanduru City light Apartment,12.92493,77.67394,790148.0383599219,1430349.2260046669,1015
23896,Bellanduru Gate SJP Road,12.91858,77.66991,789717.7877181575,1429641.7486285558,1016
23918,Bellanduru Gate SJP Road,12.91864,77.66931,789652.5684638398,1429647.7111400354,1017
21091,Bellanduru Petrol Bunk,12.92309,77.6705,789776.6451073308,1430141.648719263,1018
21092,Bellanduru Petrol Bunk,12.92322,77.6702,789743.9205675849,1430155.699220388,1019
21741,Bellathur,13.00414,77.7569,799061.4622620032,1439213.4908478167,1020
21742,Bellathur,13.00405,77.75706,799078.9387466684,1439203.7158579119,1021
29866,Bellikere,12.93031,77.7972,803525.8366811699,1431087.8648311906,1022
31958,Bellikere,12.93032,77.79716,803521.4810280825,1431088.924394046,1023
29868,Bellikere Cross,12.93664,77.79726,803524.6884308713,1431788.699706041,1024
31959,Bellikere Cross,12.93666,77.7973,803529.0076511826,1431790.9613214233,1025
39954,Benachakal Doddi Cross,12.67097,77.51477,773139.6643395394,1402065.4491459883,1026
39955,Benachakaldoddi Cross,12.67103,77.51478,773140.6871388683,1402072.1004429827,1027
31963,Bendiganahalli,12.81443,77.74051,797506.8722102323,1418193.3349877351,1028
31964,Bendiganahalli,12.81438,77.74047,797502.585608013,1418187.7538750803,1029
29880,Bendiganahalli,13.21749,77.83125,806867.6521166904,1462921.942737196,1030
31966,Bendiganahalli,13.21751,77.8313,806873.0503535494,1462924.2182621562,1031
31962,Bendiganahalli,13.06717,77.75756,799057.3010776624,1446191.8428882966,1032
31965,Bendiganahalli,13.06728,77.7576,799061.5094914102,1446204.0674557749,1033
29883,Bendiganahalli Cross,13.20626,77.83458,807242.912276881,1461682.754308266,1034
31967,Bendiganahalli Cross,13.2063,77.83441,807224.4221571592,1461686.9741290277,1035
31968,Bendiganahalli Cross,13.20652,77.83465,807250.1796134164,1461711.624834565,1036
23389,Bengaluru Central Jail,12.87365,77.66643,789391.6132019424,1424664.3309116305,1037
23376,Bengaluru Central Jail,12.87374,77.66629,789376.3054729298,1424674.1355939715,1038
29886,Bengaluru Children Hospital,12.90991,77.5135,772744.6325440039,1428510.275715952,1039
31969,Bengaluru Children Hospital,12.90987,77.51339,772732.7327127007,1428505.7313063575,1040
20643,Bengaluru Dairy Circle,12.9372,77.60176,782297.0602175419,1431626.616642825,1041
20642,Bengaluru Dairy Circle,12.93709,77.60105,782220.099418801,1431613.6567411565,1042
35057,Bengaluru Dairy Circle,12.93528,77.60129,782248.1939060795,1431413.5746628623,1043
35108,Bengaluru Dairy Circle,12.93535,77.60143,782263.3150041933,1431421.4774834027,1044
35266,Bengaluru Dairy Circle,12.93909,77.6021,782331.8452516603,1431836.1945806,1045
20644,Bengaluru High School,12.95209,77.56749,778559.8587868793,1433237.1347741548,1046
21746,Bengaluru High School,12.95325,77.56762,778572.6811041267,1433365.6729156633,1047
20647,Bengaluru University Gate (JBMS),12.93582,77.51282,772642.6556949986,1431377.3224464024,1048
20648,Bengaluru University Gate (JBMS),12.93537,77.51269,772629.0316927047,1431327.3768614836,1049
20649,Bengaluru University Gate (JBMS),12.93573,77.51332,772697.0354453479,1431367.8943845422,1050
21748,Bengaluru University Quarters,12.95176,77.49972,771203.2250304164,1433127.6445658545,1051
24302,Bengaluru University Quarters,12.95195,77.50025,771260.553807546,1433149.2370239513,1052
39147,Bennehalli,12.71652,77.38354,758832.4265988341,1406972.7006927547,1053
39148,Bennehalli,12.71645,77.38353,758831.411096574,1406964.943774536,1054
20656,Benniganahalli,12.99428,77.6633,788912.6571641547,1438013.8207747468,1055
20657,Benniganahalli,12.99406,77.6632,788902.0568791761,1437989.3544755545,1056
29894,Benniganahalli Bridge,12.99718,77.66274,788848.5118623711,1438334.1986260575,1057
31971,Benniganahalli Bridge,12.99714,77.66288,788863.7549878294,1438329.9298099554,1058
39867,Beratena Agrahara Metro Station,12.86363,77.65799,788486.4783322397,1423545.6899397278,1059
39868,Beratena Agrahara Metro Station,12.86401,77.65824,788513.195096527,1423588.0339597673,1060
29896,Best County,13.0893,77.54466,775929.3667013298,1448399.4428031184,1061
31972,Best County,13.08933,77.54466,775929.3332802514,1448402.7633711572,1062
29898,Besthamanahalli,12.73087,77.72666,796099.6922825037,1408927.464091747,1063
31973,Besthamanahalli,12.73084,77.72668,796101.900514157,1408924.1659657932,1064
29900,Bethan Byatha,13.20038,77.48634,769480.4197706879,1460630.9906682705,1065
31974,Bethan Byatha,13.1901,77.48136,768951.6161997917,1459487.835145122,1066
39722,Bethanagere,13.11428,77.41015,761309.4479623336,1451021.1226893922,1067
29904,Bethimgere,12.85694,77.36489,756664.0985218443,1422494.4924669862,1068
31977,Bethimgere Cross,12.86708,77.36815,757007.7616039289,1423619.9496312328,1069
31978,Bethimgere Cross,12.86714,77.36812,757004.4429643576,1423626.5598807365,1070
39182,Bethimgere Gate,12.8547,77.36541,756722.84224747,1422247.1093990956,1071
24289,Bettadasanapura,12.84157,77.63177,785663.8176955959,1421074.5624569736,1072
24347,Bettadasanapura,12.84158,77.63194,785682.2707113151,1421075.8580068143,1073
29910,Bettahalasuru Circle,13.16112,77.61103,783048.2969475756,1456422.7008105847,1074
31980,Bettahalasuru Circle,13.16108,77.61102,783047.2581954857,1456418.2618953486,1075
29914,Bettahalasuru Cross,13.15656,77.62358,784414.8995860685,1455932.113311027,1076
31981,Bettahalasuru Cross,13.1571,77.62336,784390.4115673285,1455991.6382361124,1077
31983,Bettahalasuru Cross,13.15676,77.62261,784309.4474854502,1455953.154512985,1078
39282,Bettahalasuru Cross FLY,13.15666,77.6232,784373.5634341917,1455942.752641281,1079
39283,Bettahalasuru Cross FLY,13.15679,77.62352,784408.1255192736,1455957.504650647,1080
29917,Bettahalasuru Hospital,13.15922,77.61154,783105.8020240876,1456212.9617457376,1081
31984,Bettahalasuru Hospital,13.15926,77.61143,783093.8239677129,1456217.265498966,1082
29919,Bettahalasuru Village,13.16278,77.60861,782783.8872259532,1456603.723650292,1083
31986,Bettahalasuru Village,13.16285,77.60857,782779.4679702636,1456611.4270130508,1084
31988,Bettahalli,13.01679,77.4373,764358.4832949239,1440259.4796689532,1085
29925,Bettahalli,13.16378,77.38642,758683.3818048703,1456475.026613718,1086
31991,Bettahalli,13.16372,77.38641,758682.360282006,1456468.3758660043,1087
29929,Bettahalli Colony,13.1621,77.38436,758461.7283567402,1456286.9746292804,1088
31993,Bettahalli Colony,13.16215,77.38433,758458.4222308175,1456292.477483479,1089
31992,Bettahalli Colony,13.01528,77.4433,765011.2279438295,1440098.6071099762,1090
31994,Bettahalli Colony,13.0153,77.44325,765005.7804742204,1440100.7685136825,1091
29931,Bettahalli Cross,13.00816,77.43478,764094.1505547684,1439301.7189861285,1092
31995,Bettahalli Cross,13.00812,77.43482,764098.5339853439,1439297.3334669298,1093
29935,Bettahalli Gate,13.19322,77.81314,804933.5169231645,1460212.9117903565,1094
31997,Bettahalli Gate,13.19319,77.81317,804936.8084143724,1460209.6270414833,1095
29937,Bettahalli Kaval,12.73521,77.50922,772467.9875998215,1409169.7433236532,1096
31999,Bettahalli Kaval,12.73518,77.50918,772463.6736820269,1409166.3809258759,1097
21749,Bettahalli Layout,13.0923,77.55954,777540.4799083509,1448747.800145615,1098
21750,Bettahalli Layout,13.09242,77.55946,777531.6654988406,1448760.994666356,1099
29939,Bettahallipalya,13.16176,77.39286,759383.9588281586,1456258.1016364926,1100
32000,Bettahallipalya,13.16168,77.39285,759382.958514388,1456249.2373413034,1101
29943,Bettakote,13.20268,77.72924,795821.3800788041,1461159.6024017897,1102
32002,Bettakote,13.19941,77.73925,796911.0603561675,1460809.4497716764,1103
29947,Bettanahalli Site,13.21008,77.58793,780486.7258912569,1461816.163349473,1104
32004,Bettanahalli Site,13.21012,77.58795,780488.8491410383,1461820.6133455497,1105
29949,Bettanapalya,12.91203,77.44326,765116.271467106,1428671.1631599215,1106
32005,Bettanapalya,12.91199,77.44322,765111.9709223087,1428666.6946872661,1107
29951,Bettenahalli,13.20839,77.58908,780613.3754032694,1461630.3859113287,1108
32006,Bettenahalli,13.20836,77.58899,780603.6492145137,1461626.9643680346,1109
21751,Bevinamara Kannamangala,13.02801,77.76027,799398.5927607567,1441859.9272451303,1110
21752,Bevinamara Kannamangala,13.02809,77.76037,799409.3508098836,1441868.9014307456,1111
39561,Bhadra Block,12.84564,77.62972,785436.5601982975,1421522.7996264328,1112
39562,Bhadra Block,12.84567,77.62978,785443.0429934656,1421526.1868924978,1113
20659,Bhadrappa Layout,13.0472,77.57339,779093.9348821563,1443771.0423418446,1114
20660,Bhadrappa Layout,13.04759,77.57596,779372.3925079529,1443817.0417951532,1115
38454,Bhagwan Mahaveer Jain Hospital,12.99059,77.59596,781607.2464832417,1437529.8909984475,1116
29970,Bhagya Nagara,12.86083,77.58545,780611.5056474844,1423155.4537633543,1117
35342,Bhagya Nagara,12.86089,77.58544,780610.3528795526,1423162.0840826053,1118
32017,Bhaktharahalli,13.02193,77.79627,803313.6069033158,1441229.5848212931,1119
32018,Bhaktharahalli,13.02196,77.79627,803313.5703516894,1441232.9059906078,1120
32019,Bhaktharahalli,13.02044,77.79462,803136.315825718,1441062.663043667,1121
29978,Bhaktharahalli Cross,13.01851,77.78448,802037.9718583233,1440836.9198967307,1122
32020,Bhaktharahalli Cross,13.01852,77.78438,802027.1048056013,1440837.9080148218,1123
29980,Bhakthi Yoga Ashrama,13.02256,77.68928,791699.7126339825,1441173.9624424642,1124
32021,Bhakthi Yoga Ashrama,13.02262,77.6893,791701.8131273409,1441180.6272207557,1125
29983,Bhakthipura Cross,12.75734,77.76184,799891.5298805154,1411898.1009341828,1126
32022,Bhakthipura Cross,12.75736,77.7618,799887.1598787149,1411900.2686533825,1127
29985,Bhantaraguppe,12.98787,77.27363,746626.0887015966,1436894.491072649,1128
32023,Bhantaraguppe,12.98786,77.27372,746635.8657321937,1436893.4715785037,1129
29990,Bharath Nagara 1st Phase,12.98118,77.48508,769582.2661687001,1436368.3507821776,1130
35251,Bharath Nagara 1st Phase,12.98117,77.48513,769587.7040553438,1436367.2968891475,1131
23988,Bharath Nagara 2nd Stage,12.97866,77.47789,768804.5627018302,1436081.8405298835,1132
24292,Bharath Nagara 2nd Stage,12.97868,77.47781,768795.8577901548,1436083.9697315858,1133
36068,Bharath Petrol Bunk Thyamagondlu,13.21928,77.29097,748275.6266323805,1462520.8005940455,1134
29992,Bharathi Nagara,13.1374,77.61746,783773.0831343965,1453804.344014122,1135
32026,Bharathi Nagara,13.13752,77.61764,783792.4721488225,1453817.829918703,1136
29994,Bharathi Nursing Home Jayanagara,12.93682,77.57395,779278.1836781021,1431554.003230052,1137
32027,Bharathi Nursing Home Jayanagara,12.93691,77.57402,779285.6831725431,1431564.0415343773,1138
29996,Bharathnagara Sunkadakatte,12.97958,77.50203,771423.800584862,1436209.2578869264,1139
32028,Bharathnagara Sunkadakatte,12.97957,77.50205,771425.9823254475,1436208.1723774131,1140
21755,Bhattarahalli,13.01951,77.70898,793841.5593281531,1440859.0477036382,1141
21756,Bhattarahalli,13.02046,77.70985,793934.8700204364,1440965.2179254193,1142
38686,Bhattarahalli,13.01892,77.70878,793820.546942313,1440793.5043249906,1143
26700,Bhattarahalli Bank Of India,13.01521,77.70947,793899.8193079066,1440383.6119144175,1144
29998,Bhattarahalli Cross,13.01618,77.70932,793882.3932168325,1440490.8157367439,1145
32029,Bhattarahalli Cross,13.01616,77.70931,793881.3313729204,1440488.590201852,1146
30000,Bhavani Nagara 2nd Stage,12.96316,77.48186,769252.1672372662,1434370.492384835,1147
32030,Bhavani Nagara 2nd Stage,12.96323,77.48182,769247.7499262174,1434378.197761435,1148
30002,Bhavani Nagara 2nd Stage Cross,12.96072,77.48821,769944.0905325194,1434107.1429097906,1149
32031,Bhavani Nagara 2nd Stage Cross,12.96075,77.48813,769935.3740875819,1434110.3786849598,1150
30004,Bhavapura,13.18427,77.8704,811156.2549598594,1459292.401727154,1151
30006,Bheemajyothi Nagara Shankara Mutt,13.00219,77.54073,775599.5418951961,1438753.3842869306,1152
32033,Bheemajyothi Nagara Shankara Mutt,13.00257,77.54096,775624.0854403423,1438795.693716267,1153
30008,Bheemanakuppe,12.90401,77.43857,764615.5286308874,1427778.689105286,1154
32034,Bheemanakuppe,12.904,77.43843,764600.3390775027,1427777.4377863738,1155
30010,Bheemanakuppe Cross,12.89482,77.43661,764412.3897643893,1426759.5529118641,1156
32035,Bheemanakuppe Cross,12.8949,77.43669,764420.9917476757,1426768.4894821674,1157
39691,Bheemanakuppe Sri Krishna Mandira,12.91203,77.43711,764448.5743253804,1428664.8049218045,1158
30027,Bhimakanahalli Gate,13.13531,77.85597,809652.4110195138,1453854.1005502176,1159
32043,Bhimakanahalli Gate,13.13529,77.85584,809638.3306060898,1453851.7264071875,1160
21759,Bhodhana Hosahalli,12.97886,77.80248,804040.2034797987,1436468.902927867,1161
21760,Bhodhana Hosahalli,12.97884,77.80247,804039.14214169,1436466.676873732,1162
23511,Bhoganahalli,12.92644,77.70108,793093.1915086728,1430547.3196175334,1163
30029,Bhokipura,12.73601,77.47455,768700.2987195394,1409222.1476041672,1164
32044,Bhokipura,12.73597,77.47426,768668.8332917615,1409217.4203228126,1165
20665,Bhoopasandra,13.04244,77.58086,779909.9402581719,1443252.4040073017,1166
20666,Bhoopasandra,13.04247,77.5808,779903.395134349,1443255.6584157099,1167
20667,Bhoopasandra Ayyappa Bakery,13.04265,77.57712,779503.8307849079,1443271.5227693939,1168
20668,Bhoopasandra Ayyappa Bakery,13.04271,77.57711,779502.6781043179,1443278.1530150215,1169
30034,Bhovipalya,13.20209,77.62376,784381.7676822729,1460972.1438408105,1170
32046,Bhovipalya,13.20166,77.64511,786697.8119854459,1460948.8785068735,1171
32047,Bhovipalya,13.20163,77.64509,786695.6778763997,1460945.5347912996,1172
35148,Bhovipalya,12.8935,77.79742,803594.220604891,1427013.0738237742,1173
35257,Bhovipalya,12.89336,77.79745,803597.6477365498,1426997.6106607635,1174
30039,Bhuvanahalli,13.21787,77.68187,790665.5493327954,1462785.641165067,1175
32048,Bhuvanahalli,13.21793,77.68191,790669.8163154231,1462792.329473522,1176
32049,Bhuvanahalli,13.18519,77.86161,810201.5264553276,1459383.3685565952,1177
32050,Bhuvanahalli,13.18513,77.86161,810201.6021954142,1459376.7258165367,1178
30042,Bhuvanahalli Gate,13.21859,77.6798,790440.198631811,1462862.939569363,1179
32051,Bhuvanahalli Gate,13.2187,77.67964,790422.7159001348,1462874.9305458744,1180
32055,Bhuvaneshwari Nagara,12.92295,77.54897,776581.4729302622,1429991.642595301,1181
32056,Bhuvaneshwari Nagara,12.92298,77.54904,776589.0399132798,1429995.0388065095,1182
30048,Bhuvaneshwari Nagara,13.03713,77.49131,770197.8317317031,1442567.5508906327,1183
32053,Bhuvaneshwari Nagara,13.03719,77.4913,770196.6813721948,1442574.1811083693,1184
32057,Bhuvaneshwari Nagara,13.0322,77.60479,782518.5368189972,1442145.4785380308,1185
32054,Bhuvaneshwari Nagara,13.03219,77.60473,782512.0364481756,1442144.3048366837,1186
30050,Bhuvaneshwari Nagara 1st Stage,12.9423,77.4903,770190.835302719,1432070.620569132,1187
32058,Bhuvaneshwari Nagara 1st Stage,12.94225,77.49036,770197.4027631086,1432065.1499964313,1188
30052,Bhuvaneshwari Nagara 2nd Stage,12.94259,77.48713,769846.3907021248,1432099.3678144864,1189
32059,Bhuvaneshwari Nagara 2nd Stage,12.94262,77.48728,769862.6422260175,1432102.846644597,1190
30053,Bhuvaneshwari Nagara Mahalakshmi Temple,12.92191,77.55084,776785.6496404479,1429878.5523603158,1191
39619,Bhuvaneshwari Nagara Mahalakshmi Temple,12.92197,77.55084,776785.5834782578,1429885.1934567147,1192
30055,Bhuvaneshwari Petrol Bunk,13.1392,77.35126,754895.5731991141,1453718.7939963585,1193
32060,Bhuvaneshwari Petrol Bunk,13.13876,77.35144,754915.5510887243,1453670.2807527767,1194
21761,Bible College Byrathi,13.07137,77.6514,787531.8028729667,1446533.715258366,1195
21762,Bible College Byrathi,13.07145,77.65159,787552.3280210417,1446542.7867242135,1196
21465,Bidadi,12.79678,77.38496,758905.0178155336,1415856.5917824502,1197
35913,Bidadi,12.7969,77.38458,758863.6218753515,1415869.4916411438,1198
21466,Bidadi Railway Station,12.79973,77.39107,759565.6328289073,1416189.204238617,1199
21467,Bidadi Railway Station,12.79976,77.39082,759538.4487422155,1416192.2732174825,1200
30059,Bidalapura,13.18779,77.7708,800347.4098657069,1459560.665482958,1201
32062,Bidalapura,13.1877,77.7706,800325.8251470907,1459550.462535727,1202
32064,Bidalapura Cross,13.19664,77.77773,801088.2854004877,1460548.7170452802,1203
32063,Bidalapura Cross,13.18948,77.76207,799398.3788803392,1459737.3153064165,1204
32065,Bidalapura Cross,13.18947,77.76203,799394.0521805382,1459736.160504912,1205
30064,Bidaragere,12.71566,77.72302,795721.7754116752,1407239.605983279,1206
32066,Bidaraguppe,12.80605,77.7833,802165.4026607448,1417315.3811087743,1207
21764,Bidaraguppe,12.8059,77.78355,802192.7419418339,1417299.0683255387,1208
21765,Bidaraguppe,12.80593,77.7836,802198.1382194073,1417302.4479615588,1209
25040,Bidarahalli,13.06538,77.71704,794662.0330757829,1445946.1555574785,1210
32512,Bidarahalli,13.06538,77.717,794657.6921490969,1445946.1089867163,1211
30069,Bidarahalli Cross,13.05703,77.71504,794454.8931185963,1445019.4906110181,1212
32069,Bidarahalli Cross,13.05694,77.71522,794474.534666932,1445009.73699339,1213
32070,Bidarahalli Cross,13.05684,77.715,794450.7773870873,1444998.4112846327,1214
38746,Bidarahalli Dargah,13.06834,77.70807,793685.0794066349,1446263.3969453096,1215
32067,Bidarahalli School,13.06012,77.71622,794579.2878768295,1445362.923307828,1216
32068,Bidarahalli School,13.06013,77.71626,794583.6170251381,1445364.0768394035,1217
21767,Bidiganahalli Cross,13.25654,77.80487,803957.8615839265,1467212.8773077559,1218
30077,Bidiganahalli Cross,13.25652,77.80481,803951.3797034532,1467210.5900476614,1219
20670,Big Bazzar ITPL,12.98823,77.73197,796374.1559849852,1437423.0617345972,1220
21768,Big Bazzar ITPL,12.98827,77.73061,796226.4695364649,1437425.9067230537,1221
20669,Big Bazzar ITPL,12.98795,77.7318,796356.0335061405,1437391.8678202252,1222
24352,Bikashipura,12.89807,77.55757,777542.6792677504,1427247.1019766303,1223
35405,Bikashipura,12.89818,77.55768,777554.5020481821,1427259.396455745,1224
30085,Bikkana Hosahalli,12.84756,77.76375,799992.2333695164,1421887.7985237325,1225
32076,Bikkana Hosahalli,12.84759,77.7637,799986.7666322712,1421891.0612780347,1226
30087,Bikkanahalli,12.83672,77.76003,799601.0193642181,1420683.4608202376,1227
32077,Bikkanahalli,12.83667,77.75999,799596.7336029712,1420677.8792130335,1228
22110,Bikkanahalli Junction,12.85356,77.78255,802027.1573777432,1422574.0138678742,1229
22111,Bikkanahalli Junction,12.85363,77.7824,802010.7804823553,1422581.5869420108,1230
39944,Bilanganakuppe Cross,12.67586,77.55526,777534.7861169376,1402649.4268971968,1231
39945,Bilanganakuppe Cross,12.6759,77.5553,777539.0899067437,1402653.8968142488,1232
23740,Bilavaradahalli,12.83617,77.57681,779700.5063562539,1420416.5099495023,1233
23858,Bilavaradahalli,12.83621,77.57675,779693.9453878959,1420420.872249221,1234
30092,Bilavaradahalli Cross,12.8224,77.57236,779232.3897641236,1418887.535430575,1235
32079,Bilavaradahalli Cross,12.82245,77.57234,779230.1622384579,1418893.0480687446,1236
23577,Bilekahalli,12.90079,77.60112,782268.5096699839,1427595.7277452364,1237
23871,Bilekahalli,12.90051,77.6009,782244.9351490476,1427564.492607989,1238
32082,Bileshivale,13.05454,77.67093,789670.7650651841,1444692.9892620437,1239
32083,Bileshivale,13.05448,77.67085,789662.1531133589,1444686.2560541232,1240
30099,Bileshivale,13.05459,77.67085,789662.0248081589,1444698.4325479441,1241
30101,Bilijaji,13.12638,77.47337,768154.4524304181,1452426.7107047888,1242
30103,Bilijaji Cross,13.12583,77.47565,768402.3789572727,1452368.2637399184,1243
23990,Bilikallu,12.97515,77.47996,769033.0241594361,1435695.5387993117,1244
24290,Bilikallu,12.97511,77.47988,769024.3836775201,1435691.0271631517,1245
30104,Billa Kempanahalli,12.81039,77.40634,761213.1811905603,1417384.3724704357,1246
21468,Billa Kempanahalli Gate,12.81212,77.40408,760965.9402509372,1417573.5508259435,1247
21469,Billa Kempanahalli Gate,12.81204,77.40384,760939.9564856455,1417564.4543128323,1248
30106,Billamaranahalli,13.15061,77.63804,785990.3705336537,1455289.8925392474,1249
32086,Billamaranahalli,13.15063,77.63794,785979.4993924977,1455291.992692973,1250
21770,Billapura,12.83768,77.78504,802316.636610483,1420818.9672043996,1251
21771,Billapura,12.83742,77.785,802312.6026018293,1420790.137330671,1252
30090,Billinakote,13.19801,77.27191,746230.4259543014,1460148.097869951,1253
32078,Billinakote,13.19776,77.27177,746215.496120007,1460120.2937775485,1254
30107,Bingipura,12.8257,77.63222,785730.6324630571,1419318.3988469671,1255
35217,Bingipura,12.82575,77.6324,785750.1276750115,1419324.132927603,1256
24147,Bingipura Cross,12.82587,77.62304,784733.307840992,1419327.0576307008,1257
24337,Bingipura Cross,12.82578,77.62297,784725.8057709154,1419317.018204785,1258
20671,Binnamangala,12.98384,77.64002,786397.6128871705,1436831.875446804,1259
20672,Binnamangala,12.98331,77.63834,786215.8519303638,1436771.3198202332,1260
21774,Binnamangala,13.08745,77.41256,761599.2386504252,1448054.1914796582,1261
30108,Binnamangala,13.08744,77.41242,761584.0605886613,1448052.9398224868,1262
21772,Binnamangala,12.9835,77.64067,786468.562115955,1436794.9710795574,1263
35957,Binnamangala,12.98368,77.64049,786448.8161545319,1436814.6932582045,1264
36673,Binnamangala Gokare,13.25365,77.74268,797217.2835677981,1466818.0187110694,1265
36674,Binnamangala Gokare,13.25355,77.74266,797215.2363102013,1466806.9246261064,1266
20673,Binny MIll,12.9653,77.56817,778618.9731340087,1434700.0460753096,1267
21470,Binny Mill,12.97036,77.56621,778400.5722326115,1435257.9791751257,1268
21471,Binny Mill,12.9706,77.5662,778399.2194737243,1435284.533007929,1269
21472,Binnypet,12.96448,77.56171,777918.6197160681,1434602.2352741396,1270
21473,Binnypet,12.96468,77.56176,777923.8252584751,1434624.4269716938,1271
39869,Biocon Hebbagodi Metro Station,12.82899,77.68148,791077.5900763663,1419737.7036013403,1272
23878,Biocon Jigani Road,12.80525,77.66309,789107.1414847242,1417089.1450038073,1273
23887,Biocon Jigani Road,12.80552,77.66296,789092.7112504697,1417118.8865574722,1274
30110,Birla Circle Haralur Road,12.8942,77.6571,788354.8152910795,1426928.5795207482,1275
40491,Birla Circle Haralur Road,12.89416,77.65715,788360.2907937295,1426924.2080233202,1276
30114,Bisanahalli,13.15092,77.88987,813310.9067462557,1455624.3042715788,1277
32088,Bisanahalli,13.15104,77.88996,813320.5191482607,1455637.7021793996,1278
32089,Bisanahalli,13.00891,77.81306,805152.1031043704,1439808.2977621239,1279
32090,Bisanahalli,13.00884,77.81304,805150.017703572,1439800.5242579542,1280
30116,Bisanahalli Cross,13.00916,77.81418,805273.3794352841,1439837.3196225036,1281
32091,Bisanahalli Cross,13.00916,77.81419,805274.4649934825,1439837.3316348437,1282
32093,Biscuits Factory,13.08217,77.44976,765640.7824622985,1447508.61093045,1283
32094,Biscuits Factory,13.08213,77.44975,765639.7403820375,1447504.1732908404,1284
30120,Biscuits Factory,12.989,77.8132,805191.6640703524,1437604.2906002842,1285
32092,Biscuits Factory,12.98905,77.81322,805193.7742234976,1437609.8499260945,1286
36208,Bishop Coton Girls High School,12.96889,77.6014,782222.2511127307,1435133.957564973,1287
32095,Biskur,13.08712,77.14181,732228.3827116699,1447753.2021833993,1288
32097,Bittasandra,13.10752,77.28669,747924.0463079861,1450148.3988518184,1289
32098,Bittasandra,13.10747,77.2867,747925.1811414564,1450142.875337638,1290
30129,Bittasandra Colony,13.10588,77.29434,748755.5119178578,1449974.4316930491,1291
32099,Bittasandra Colony,13.10583,77.29431,748752.3079749261,1449968.8687658526,1292
36486,Bloom Field Garden,13.06557,77.55318,776880.2831308774,1445782.179414012,1293
36487,Bloom Field Garden,13.06573,77.55331,776894.2109191155,1445800.0313957953,1294
23236,Bodhanahosahalli Ayurvedic Hospital,12.96969,77.8004,803825.5309858302,1435451.2499498208,1295
23569,Bodhanahosahalli Ayurvedic Hospital,12.96962,77.80022,803806.0731191492,1435443.2860103282,1296
30152,Bolamaranahalli,13.15942,77.39788,759930.8782028237,1456004.3079964805,1297
32107,Bolamaranahalli,13.15935,77.39782,759924.4446139679,1455996.4987058425,1298
23552,Bolare,12.75429,77.48468,769781.5271037407,1411255.8605910323,1299
23625,Bolare,12.75414,77.48453,769765.390161888,1411239.1026760293,1300
23335,Bombay Dyeing Yashwanthapura,13.02492,77.55746,777390.0707617219,1441287.4671286978,1301
24272,Bombay Dyeing Yashwanthapura,13.02493,77.55751,777395.48603413,1441288.6286167172,1302
30154,Bombay Estate Guruvanahalli,13.05288,77.35565,755460.7725046776,1444170.0754200325,1303
32108,Bombay Estate Guruvanahalli,13.05285,77.35568,755464.0583894938,1444166.7855254964,1304
32109,Bommachannahalli,12.80418,77.31468,751264.4434011002,1416606.14470089,1305
38487,Bommachannahalli,12.80413,77.31467,751263.4069070703,1416600.6016442075,1306
30159,Bommanabande,13.01218,77.87175,811519.3024881155,1440241.5352017009,1307
32110,Bommanabande,13.01208,77.87171,811515.0851582023,1440230.4149446883,1308
20674,Bommanahalli,12.90559,77.63003,785402.3041938022,1428159.0630060574,1309
20675,Bommanahalli,12.90477,77.62999,785398.8919355193,1428068.2517471118,1310
35164,Bommanahalli,12.90696,77.6285,785234.6129243589,1428309.0056761617,1311
35221,Bommanahalli,12.90678,77.62847,785231.5596822412,1428289.0478943798,1312
30164,Bommanahalli,13.1213,77.36814,756745.0503623667,1451754.9034387474,1313
32113,Bommanahalli,13.12141,77.3683,756762.2915982459,1451767.2403726324,1314
35780,Bommanahalli Fly Over,12.90557,77.62985,785382.7814507945,1428156.648664936,1315
35782,Bommanahalli Fly Over,12.90488,77.63017,785418.312536477,1428080.6282871272,1316
30167,Bommandahalli,12.75406,77.64278,786958.7010505327,1411400.199259068,1317
32115,Bommandahalli,12.75404,77.64274,786954.3775239089,1411397.941149164,1318
37910,Bommasandra,12.81893,77.68939,791948.4114860089,1418633.0564617496,1319
21775,Bommasandra,12.81869,77.68947,791957.3786174421,1418606.5801461388,1320
21776,Bommasandra,12.81932,77.68858,791859.9730040659,1418675.3107363551,1321
23891,Bommasandra,12.81857,77.68864,791867.3556908676,1418592.3571730999,1322
23875,Bommasandra,12.82097,77.68687,791672.3176340372,1418856.0229489238,1323
36711,Bommasandra Canara Bank,12.82135,77.68772,791764.2123669357,1418899.0488433882,1324
39752,Bommasandra Metro Station,12.81946,77.68835,791834.8271552515,1418690.5477667542,1325
38655,Bommasandra Village,12.8169,77.69891,792984.9040830953,1418419.1403615202,1326
32116,Bommashettyhalli,13.1308,77.41895,762246.523077796,1452858.6288605707,1327
30171,Bommashettyhalli Cross,13.1258,77.41669,762006.6822927205,1452302.8963351012,1328
32117,Bommashettyhalli Cross,13.12583,77.41671,762008.819941767,1452306.2374135295,1329
30173,Bommawara,13.25405,77.67177,789527.385357986,1466778.9374264758,1330
32118,Bommawara,13.25397,77.67169,789518.80520761,1466769.9888705811,1331
32119,Bommawara Gate,13.26488,77.68053,790464.4156051857,1467987.971747668,1332
30175,Bommawara Gate,13.26496,77.68047,790457.8145475723,1467996.7576647252,1333
30177,Bommenahalli,13.07442,77.74688,797889.5425802829,1446981.8331683122,1334
32120,Bommenahalli,13.07449,77.7468,797880.7767445254,1446989.4880665608,1335
30179,Bommenahalli Colony,13.07128,77.74521,797712.081618142,1446632.2635147101,1336
32121,Bommenahalli Colony,13.07103,77.74504,797693.9328368308,1446604.3880414402,1337
20676,Bone Mill,13.06385,77.50508,771662.9140450578,1445539.6887101426,1338
20677,Bone Mill,13.06383,77.50494,771647.7449142495,1445537.324840349,1339
20678,Bone Mill,13.06385,77.50503,771657.4886803508,1445539.6350583134,1340
21777,Book Factory Thanisandra,13.06161,77.63322,785570.2415992566,1445432.765906542,1341
21778,Book Factory Thanisandra,13.06161,77.63334,785583.2637740634,1445432.9012618614,1342
21779,Boorugunte,12.84214,77.78383,802179.8616726055,1421311.2839984144,1343
21780,Boorugunte,12.84205,77.78377,802173.4518049076,1421301.250250723,1344
30239,Boothanahalli,12.80447,77.5603,777942.1519967038,1416889.9242808772,1345
32149,Boothanahalli,12.80452,77.56044,777957.3045181517,1416895.609237405,1346
38184,Boppanahalli Chikkapura,12.99584,77.90308,814941.1547325907,1438471.0812504906,1347
38185,Boppanahalli Chikkapura,12.99583,77.90307,814940.0816662612,1438469.9617213306,1348
30181,Bordugallu,12.96819,77.28955,748373.3540384888,1434732.05458649,1349
32122,Bordugallu,12.96825,77.28958,748376.5504695803,1434738.7237574456,1350
30185,Borehalli,12.84351,77.3581,755940.4067204681,1421001.428726835,1351
32124,Borehalli,12.8435,77.35804,755933.9013111799,1421000.2623855507,1352
38139,Born Babies,12.90929,77.63804,786267.8642127856,1428577.5595653905,1353
38138,Born Babies,12.90929,77.63806,786270.0359106559,1428577.5819202273,1354
32125,Bosch Main Gate Bidadi,12.80023,77.42076,762789.8814454188,1416274.5589379938,1355
30187,Bosch Main Gate Bidadi,12.8002,77.42063,762775.7925351711,1416271.1064628866,1356
30192,Brahma Devara Gudda,12.96334,77.47212,768194.7054591696,1434380.154825339,1357
36502,Brigade Meadows Kanakapura Road,12.81429,77.50677,772117.0656051803,1417919.7896115943,1358
36503,Brigade Meadows Kanakapura Road,12.81437,77.5068,772120.238100051,1417928.6757158646,1359
30200,Brigade Omega Apartment,12.89286,77.52894,774439.6496137544,1426639.6208350423,1360
32130,Brigade Omega Apartment,12.89301,77.52884,774428.6276464539,1426656.1162828528,1361
38509,Brigade Palm Springs,12.89514,77.58613,780647.1243750937,1426953.8813254405,1362
38512,Brigade Palm Springs,12.89508,77.58628,780663.4793664009,1426947.404260611,1363
23657,Brigade Road,12.97145,77.60675,782800.1319373193,1435423.2511443458,1364
23431,Bristol Quarters,12.98855,77.66239,788820.5073555992,1437378.5094689818,1365
30202,Broad Casting Compound Kadanur,13.25794,77.489,769705.5099478728,1467004.7262098894,1366
32131,Broad Casting Compound Kadanur,13.25791,77.48905,769710.964071321,1467001.4597771794,1367
21783,Brooke Bond,12.96454,77.74869,798217.5324299589,1434820.0737894792,1368
21784,Brooke Bond,12.96392,77.74833,798179.1864631022,1434751.018072343,1369
39082,Brundavana Badavane,12.72147,77.71776,795143.4241523199,1407876.777268629,1370
39083,Brundavana Badavane,12.72147,77.71783,795151.0312019294,1407876.856789784,1371
20682,Brundavana Nagara,12.95049,77.55553,777263.248494875,1433047.0188149002,1372
20683,Brundavana Nagara,12.95042,77.5555,777260.0691757661,1433039.2382538028,1373
20684,Brundavana Peenya,13.02031,77.50805,772032.8165359134,1440723.763398789,1374
20685,Brundavana Peenya,13.0204,77.50822,772051.167742747,1440733.906882538,1375
30206,Brundavana School Maralawadi,12.61755,77.52121,773896.5386708127,1396159.6336803753,1376
32133,Brundavana School Maralawadi,12.61763,77.52116,773891.0184642617,1396168.435850854,1377
30208,Brundavana Vaddarahalli,13.024,77.44946,765670.4360459626,1441070.1504520786,1378
21788,Budigere,13.13511,77.74756,797890.2318257319,1453701.14270652,1379
30214,Budigere,13.13512,77.74753,797886.9649030454,1453702.2142321016,1380
21790,Budigere Cross,13.04603,77.75054,798320.8529393992,1443843.3165785861,1381
21791,Budigere Cross,13.04651,77.75054,798320.2766560623,1443896.4535062432,1382
36723,Budigere Cross,13.04651,77.75021,798284.4603813437,1443896.065086058,1383
32138,Budihal,13.13495,77.3622,756086.572983546,1453259.537936385,1384
30224,Budihal Gate,13.13108,77.35881,755722.8834263986,1452827.7927479856,1385
32143,Budihal Gate,13.13119,77.35895,755737.9548943121,1452840.1087819166,1386
32141,Budihal Gate,13.22448,77.73872,796823.2303136536,1463584.1219047287,1387
32142,Budihal Gate,13.22417,77.73861,796811.6758294208,1463549.6736966225,1388
30226,Budumanahalli,13.19088,77.52794,774002.4253830285,1459624.5919809144,1389
32144,Budumanahalli,13.19091,77.52791,773999.1383371552,1459627.879751889,1390
30228,Budumanahalli Cross,13.18592,77.54021,775338.7072466265,1459089.0291668994,1391
32145,Budumanahalli Cross,13.186,77.54023,775340.7867574522,1459097.905992674,1392
30230,Bukkasagara,12.77898,77.61961,784413.3635683251,1414133.0367770095,1393
32146,Bukkasagara,12.77881,77.61964,784416.8131920747,1414114.2525586062,1394
30231,Bull Temple,12.94269,77.56778,778601.7961065546,1432196.998704092,1395
30233,Bullahalli,13.30722,77.73069,795852.0925496677,1472734.0666368583,1396
38666,Bullahalli,13.30723,77.73054,795835.8178142896,1472734.9951250495,1397
40413,Bullahalli Gate,13.30865,77.72538,795274.6636127625,1472886.0558554234,1398
40414,Bullahalli Gate,13.30865,77.72554,795292.0101985945,1472886.245947455,1399
30235,Buragamarada Palya,13.06408,77.32832,752484.0725904028,1445382.181352137,1400
32148,Buragamarada Palya,13.06377,77.32852,752506.0868120077,1445348.073284179,1401
30236,Burumarana Doddy,12.78692,77.31067,750846.0030175878,1414692.147962503,1402
38480,Burumarana Doddy,12.78694,77.31071,750850.327783721,1414694.4000857505,1403
21474,Byadarahalli,12.98517,77.48219,769264.2793566473,1436806.907930677,1404
21475,Byadarahalli,12.98506,77.4821,769254.6293462355,1436794.6379697837,1405
32151,Byadarahalli,12.98697,77.25673,744792.9257945792,1436778.5890484033,1406
39253,Byadarahalli,13.28446,77.65528,787703.4501882084,1470126.118357773,1407
39254,Byadarahalli,13.2844,77.65525,787700.2683269323,1470119.441954111,1408
21492,Byadarahalli College Cross,12.98569,77.47952,768973.917890257,1436861.640128035,1409
21493,Byadarahalli College Cross,12.98553,77.47951,768973.0048099889,1436843.9207832788,1410
30248,Byadarahalli Gate,12.99366,77.25514,744613.8203945045,1437517.4016966375,1411
32154,Byadarahalli Gate,12.99377,77.25509,744608.2866032607,1437529.52666413,1412
30252,Byagadadenahalli,12.75238,77.70258,793458.1804158549,1411281.191831883,1413
32156,Byagadadenahalli,12.75244,77.7026,793460.2843625554,1411287.8562369216,1414
23839,Byagadadenahalli Gate,12.75224,77.70671,793907.099025714,1411270.3738956677,1415
23979,Byagadadenahalli Gate,12.75215,77.70667,793902.8566683446,1411260.3658673814,1416
30256,Byalahalli,12.93975,77.81529,805478.7167240535,1432154.4827066648,1417
32158,Byalahalli,12.93969,77.81528,805477.7040074051,1432147.8283447598,1418
32157,Byalahalli,13.16975,77.6813,790660.6701891908,1457458.2306206704,1419
32159,Byalahalli,13.16978,77.68134,790664.9737272889,1457461.5978291903,1420
30258,Byalahalli Garment,12.94547,77.81545,805489.1154012663,1432787.9167862386,1421
32160,Byalahalli Garment,12.9454,77.81542,805485.9432677447,1432780.1314220843,1422
30260,Byalalu,12.89194,77.37637,757874.8648563009,1426379.4776295354,1423
32161,Byalalu,12.89185,77.3763,757867.3569875801,1426369.4468173627,1424
23853,Byatarayana Doddy,12.81634,77.55078,776895.0767717224,1418193.516532699,1425
24151,Byatarayana Doddy,12.81629,77.55077,776894.0452796242,1418187.9715877129,1426
32164,Byatarayana Doddy Cross,12.80373,77.54365,776134.3783541061,1416790.153469173,1427
32165,Byatarayana Doddy Cross,12.80368,77.54362,776131.174144581,1416784.5872083663,1428
34804,Byatarayana Doddy Cross 1,12.80374,77.5436,776128.9363022554,1416791.2068353908,1429
35107,Byatarayanapura,13.06646,77.59299,781199.1254969747,1445924.5795302924,1430
35273,Byatarayanapura,13.06693,77.59337,781239.8276405507,1445977.025705533,1431
30270,Byatarayanapura,13.06723,77.59354,781257.9347139318,1446010.4214041436,1432
32166,Byatarayanapura,13.06715,77.5938,781286.2386792337,1446001.855219844,1433
39269,Byatarayanapura FLY,13.06723,77.59298,781197.1676954322,1446009.7991283215,1434
39270,Byatarayanapura FLY,13.06734,77.59318,781218.7455178945,1446022.1971717505,1435
30272,Byatha,13.19307,77.48456,769295.4012668967,1459819.9937098012,1436
32167,Byatha,13.19312,77.48453,769292.0929955218,1459825.4955755752,1437
30274,Byatha Cross,13.19307,77.48624,769477.5954614617,1459821.798656357,1438
32168,Byatha Cross,13.1931,77.48628,769481.9005145088,1459825.162101661,1439
30276,Bychakuppe,12.97049,77.38862,759123.7356265666,1435085.169616461,1440
32169,Bychakuppe,12.97051,77.38868,759130.2272743657,1435087.4440510895,1441
32171,Bychapura,13.22432,77.71283,794015.5568014381,1463535.8275824715,1442
30279,Bychapura,13.22435,77.71285,794017.6898562359,1463539.1720938382,1443
32170,Bychapura,13.22421,77.71283,794015.6887962566,1463523.6505851874,1444
30281,Bychapura Appartment,13.22219,77.71777,794553.8744601398,1463305.8485403256,1445
32172,Bychapura Appartment,13.22216,77.71777,794553.9105189096,1463302.527529248,1446
30283,Bychohalli,12.80653,77.43822,764679.738703653,1416989.6415848578,1447
32173,Bychohalli,12.8063,77.43817,764674.5482572867,1416964.1349501598,1448
30284,Bylakonenahalli,13.01087,77.45988,766815.2869633201,1439627.8643700932,1449
39886,Bylakonenahalli  Cross (Madakari Circle),13.01064,77.46893,767797.707449388,1439611.925031496,1450
39887,Bylakonenahalli  Cross (Madakari Circle),13.0107,77.46895,767799.8135426835,1439618.5868580383,1451
39888,Bylakonenahalli farm house,13.01412,77.46842,767738.6196332963,1439996.551562805,1452
39889,Bylakonenahalli farm house,13.01418,77.46847,767743.9814808106,1440003.2449965572,1453
32174,Bylanarasapura,13.17714,77.93486,818158.5131831642,1458583.8505639401,1454
30288,Bylanarasapura,13.17704,77.93468,818139.113962922,1458572.5504608797,1455
30290,Bylanjaneya Swamy Temple Gollahalli,13.15018,77.40961,761212.8824527094,1454993.821286572,1456
32177,Bylanjaneya Swamy Temple Gollahalli,13.15014,77.40961,761212.9248352111,1454989.3942531373,1457
30294,Byra Doddy Circle,12.79486,77.38918,759365.33454855,1415648.3339514905,1458
32179,Byra Doddy Circle,12.79493,77.38921,759368.5214275586,1415656.1110903646,1459
30296,Byramangala,12.74876,77.42431,763228.7937691553,1410581.7667286021,1460
32180,Byramangala,12.74879,77.42433,763230.9355032926,1410585.1072525298,1461
30298,Byramangala Circle,12.7498,77.42214,762991.975537555,1410694.6660943378,1462
32181,Byramangala Circle,12.74986,77.42207,762984.3089475844,1410701.2355417712,1463
21477,Byramangala Cross,12.80246,77.39725,760234.0631231763,1416497.5577067798,1464
30299,Byramangala Cross,12.80181,77.39781,760295.5537808851,1416426.18487048,1465
35399,Byramangala Cross,12.80222,77.39714,760222.3621096285,1416470.8854779545,1466
32182,Byramangala Lake,12.77614,77.42026,762760.5173705881,1413607.9113424388,1467
30303,Byranahalli Cross,13.15387,77.33824,753468.3123496021,1455329.187945969,1468
32183,Byranahalli Cross,13.15384,77.33819,753462.9204174973,1455325.8174355687,1469
30305,Byranayakanahalli,13.19938,77.37682,757604.9270244394,1460405.1475638633,1470
32184,Byranayakanahalli,13.19911,77.37649,757569.4255747872,1460374.9265072336,1471
27828,Byranayakanahalli Railway Bridge,13.19663,77.38058,758015.5442986607,1460104.6613494083,1472
34318,Byranayakanahalli Railway Bridge,13.19662,77.38051,758007.9640200523,1460103.4825664836,1473
27841,Byranayakanahalli Railway Station,13.19406,77.38192,758163.554416958,1459821.608322675,1474
34323,Byranayakanahalli Railway Station,13.19402,77.38186,758157.0899886992,1459817.1195831911,1475
39593,Byrappa layout Kannuru,13.08882,77.65719,788139.8192363721,1448471.9213474893,1476
30310,Byrapura Village,13.20181,77.52289,773442.5693569337,1460828.8629746467,1477
32186,Byrapura Village,13.20178,77.52289,773442.602771139,1460825.5424336775,1478
32187,Byrasandra,12.83492,77.48543,769777.2228317882,1420180.691990952,1479
32188,Byrasandra,12.83495,77.48547,769781.5350261861,1420184.0542596697,1480
32189,Byrasandra Aralumallige,13.24803,77.52086,773170.8931926389,1465942.4955613888,1481
21793,Byrasandra Cross,12.97544,77.66807,789452.2783051952,1435933.7531714174,1482
23541,Byrasandra Cross,12.97552,77.66802,789446.7577198871,1435942.5519483495,1483
32190,Byrasandra Dinne,13.23975,77.84771,808624.9526274712,1465406.6261411721,1484
30318,Byrasandra Dinne,13.23969,77.84764,808617.436312579,1465399.89696125,1485
30319,Byrasandra New Bus Stand,12.93549,77.59001,781023.2856202887,1431424.3910877225,1486
32191,Byrasandrapalya Gate,13.24243,77.52225,773327.8629700264,1465324.1808545687,1487
30323,Byrashettyhalli,13.15657,77.40339,760531.4933888488,1455694.5867905885,1488
32192,Byrashettyhalli,13.15655,77.40334,760526.0915812794,1455692.321475058,1489
30325,Byrathi,13.05614,77.652,787614.5629380037,1444848.5287019827,1490
32193,Byrathi,13.05609,77.65198,787612.4504120097,1444842.971296915,1491
21794,Byrathi Bande,13.07803,77.6534,787741.104487573,1447273.2120127832,1492
21795,Byrathi Bande,13.07788,77.65345,787746.7042377315,1447256.6647887554,1493
30326,Byrathi Bande,13.07794,77.65355,787757.4858438759,1447263.4202345726,1494
21796,Byrathi Cross,13.05702,77.64822,787203.3324724588,1444941.6496853584,1495
21797,Byrathi Cross,13.05702,77.64834,787216.3550308065,1444941.785769823,1496
30327,Byrathi Cross,13.05708,77.64845,787228.2229681016,1444948.552135247,1497
20693,Byraveshwara Layout,13.06417,77.49494,770562.3050673027,1445564.2482125186,1498
20692,Byraveshwara Layout,13.06413,77.49493,770561.2636086637,1445559.810261065,1499
21478,Byraveshwaranagara,12.96501,77.52338,773757.1834100237,1434619.4459015492,1500
21798,Byraveshwaranagara,12.96519,77.52334,773752.6443516552,1434639.3259282948,1501
26047,Byregowdanahalli,13.05926,77.39389,759603.2433488165,1444915.0381889245,1502
32996,Byregowdanahalli,13.05913,77.39389,759603.3792599661,1444900.6505632643,1503
30331,Byregowdanahalli Colony,13.06449,77.39379,759586.9245480028,1445493.761004426,1504
32195,Byregowdanahalli Colony,13.06434,77.39376,759583.8264556469,1445477.1291353446,1505
32196,Byregowdanapalya Cross,12.91897,77.32371,752130.4124085088,1429318.4807624922,1506
32197,Byrohalli,12.92357,77.44915,765743.5308098255,1429954.4818770925,1507
30337,Byrohalli Gate,12.93433,77.44829,765638.7727940826,1431144.4750783567,1508
32198,Byrohalli Gate,12.93438,77.44817,765625.692687107,1431149.884263904,1509
24172,C Q A L,13.01175,77.59331,781295.7331764265,1439869.1360882837,1510
24738,C R P F Kaggalipura Main Road,12.79567,77.53926,775666.2886142,1415893.356165959,1511
32385,C R P F Kaggalipura Main Road,12.79562,77.53931,775671.7742832513,1415887.8753532006,1512
24736,C R P F Yelahanka,13.12298,77.57554,779241.8303269108,1452161.3459574676,1513
32384,C R P F Yelahanka,13.12278,77.57552,779239.8866800503,1452139.1861505527,1514
20698,CBI,13.02613,77.58514,780392.8005542398,1441451.8050727774,1515
20699,CBI,13.02653,77.58565,780447.7001402923,1441496.643762156,1516
20700,CBI,13.02699,77.58584,780467.802468349,1441547.7703297725,1517
20701,CBI,13.02695,77.58587,780471.1034289761,1441543.3759392924,1518
40465,CD Hosakote Cross,12.73119,77.67259,790223.722606967,1408901.8315883987,1519
32215,CFSP Farm,13.1786,77.48949,769845.9389391716,1458223.7247035634,1520
32216,CFSP Farm,13.17858,77.48946,769842.7072124565,1458221.478812482,1521
23592,CK Palya,12.8334,77.60871,783168.3623251391,1420144.7584588425,1522
23952,CK Palya,12.83337,77.60874,783171.6543927097,1420141.4707680047,1523
24701,CK Palya Cross,12.84049,77.59373,781533.4141870635,1420913.115774046,1524
35341,CK Palya Cross,12.84055,77.59357,781515.969547133,1420919.582093755,1525
23591,CK Palya Dinne,12.83831,77.60501,782760.992595105,1420684.175451265,1526
23953,CK Palya Dinne,12.83828,77.60498,782757.7677763656,1420680.8218508444,1527
24703,CK Thandya,12.87023,77.39753,760194.7065176247,1423998.132299857,1528
32370,CK Thandya,12.8703,77.39759,760201.1492819163,1424005.9401704683,1529
24705,CK Thandya Cross,12.86548,77.3922,759620.847773006,1423467.0460100442,1530
32371,CK Thandya Cross,12.86545,77.39216,759616.5352454807,1423463.6854308262,1531
30367,CK Thandya Junction,12.87609,77.40103,760568.6909716068,1424650.2245822158,1532
21855,CMH Hospital,12.97861,77.64648,787104.8757460404,1436260.2252023485,1533
24707,CMH Hospital,12.97849,77.64655,787112.6125245368,1436247.0209382602,1534
35942,CMH Hospital,12.97838,77.64668,787126.8511510883,1436234.9912233567,1535
38872,CMP Centre and School,12.95908,77.6122,783405.7759057074,1434060.067456026,1536
39215,CMR College,13.11772,77.65499,787867.4702415972,1451668.4826598333,1537
39216,CMR College,13.11768,77.65495,787863.1770325573,1451664.0092056247,1538
39230,CMR College Cross,13.11238,77.65261,787615.4660691454,1451074.658629024,1539
39231,CMR College Cross,13.11236,77.65266,787620.9142064401,1451072.5017620572,1540
20721,CMRIT College,12.96763,77.71447,794498.6821094691,1435122.363972976,1541
20722,CMRIT College,12.96764,77.71389,794435.7022530932,1435122.8010853042,1542
20723,CMTI,13.03074,77.53647,775105.6456785877,1441908.813636765,1543
20724,CMTI,13.03143,77.53561,775011.5523415713,1441984.2538838666,1544
24726,CPRI,13.01484,77.57489,779293.0346838043,1440190.8449410286,1545
32382,CPRI,13.01473,77.57499,779304.011403051,1440178.7792420913,1546
20730,CPRI Quarters,13.02217,77.57224,778997.2089943832,1440999.271261719,1547
20731,CPRI Quarters,13.02241,77.5722,778992.5988586836,1441025.792266702,1548
35127,CPWD Quarters HSR Layout,12.91413,77.65182,787758.6268155042,1429128.755994153,1549
35317,CPWD Quarters HSR Layout,12.914,77.65181,787757.6899318802,1429114.3546752336,1550
36572,CS- Bengaluru Club,12.96638,77.59838,781897.2412980222,1434852.787314157,1551
36413,CS-5th Block HBR Layout,13.03545,77.6319,785457.0509735879,1442535.569234889,1552
36589,CS-8th Mile,13.04508,77.5075,771946.052135663,1443464.7762210371,1553
38856,CS-ADMC Quarters Office,13.00534,77.64118,786498.8477042973,1439213.0710123817,1554
38961,CS-ARMY PUBLIC SCHOOL (Parachute Regiment),13.01671,77.58643,780543.4168024051,1440410.5454185475,1555
39705,CS-Air force Gate Ashwathnagara,13.02686,77.57956,779786.3843765673,1441526.4509380504,1556
39834,CS-Airtel office Koramangala,12.93591,77.61557,783797.8788015391,1431499.120589471,1557
39598,CS-Aliaskar Embassy,12.99389,77.58906,780854.5657985671,1437887.5394966726,1558
39639,CS-Ambedkar Nagara,12.90058,77.71013,794106.1497602831,1427695.0656409885,1559
36433,CS-Anchepalya,12.89273,77.45782,766717.5151806271,1426550.2008890638,1560
38755,CS-Anjanamurty,13.04518,77.57415,779178.6790719964,1443548.2903294696,1561
39527,CS-Anna Kuteera Kathriguppe,12.92622,77.55029,776721.1823096739,1430355.0094820298,1562
36476,CS-Annapoorneshwarinagara,12.98075,77.507,771961.991064196,1436344.055603796,1563
36554,CS-Arakere Gate,12.89051,77.59802,781943.4174751943,1426454.4380148859,1564
38229,CS-Arehalli Taja Cake,12.91252,77.54017,775637.4911660851,1428827.7118055664,1565
36456,CS-Army Public School Kamaraja Road,12.97867,77.60941,783080.711813038,1436225.3848142554,1566
35738,CS-Ashoka Pillar,12.94312,77.58529,780502.2983073231,1432263.7543040626,1567
36557,CS-Aspire bee School,12.87932,77.72381,795616.7071262458,1425357.3516718622,1568
39456,CS-Attibele Bus Stand,12.779,77.77051,800807.9739654092,1414305.9538715847,1569
36637,CS-Avasarala Factory Kanakapura Road,12.782,77.49287,770641.7803301743,1414331.32543719,1570
38910,CS-Ayyappa Temple Banasawadi,13.00756,77.64077,786451.794036282,1439458.346710696,1571
36676,CS-B Channasandra Bridge,13.0132,77.66241,788794.1334112098,1440107.1479773277,1572
35759,CS-BEL Factory,13.04887,77.55902,777532.6484778111,1443940.1102948992,1573
35746,CS-BEML Factory,12.97154,77.65928,788502.5534032693,1435492.0788562696,1574
36615,CS-BEML Layout 5th Stage,12.9064,77.52115,773579.0548178388,1428129.9385402272,1575
36401,CS-BEML Layout Kamalanagara,12.99287,77.52977,774420.2321896029,1437709.9606764005,1576
39612,CS-BK Circle,12.87058,77.58316,780351.9664888231,1424232.154426588,1577
36532,CS-BPL Arekere,12.88755,77.59714,781851.1735188239,1426125.8333029298,1578
36616,CS-BUC Quarters,12.95241,77.49998,771230.7455095052,1433199.8635442306,1579
36608,CS-Bagalagunte Cross,13.05665,77.50727,771908.4307868958,1444745.1255545863,1580
39745,CS-Bagalur Cross,13.11948,77.60932,782910.5621290545,1451811.601120181,1581
39876,CS-Bagalur Santhe Circle,13.13344,77.6667,789119.5489708374,1453422.0169433164,1582
29629,CS-Bagmane Tech Park,12.97947,77.6641,789016.6400486487,1436375.345193866,1583
36579,CS-Banashankari,12.91761,77.57381,779284.3670356937,1429427.557324125,1584
36689,CS-Banashankari 3rd Stage 2nd Phase,12.93416,77.5398,775573.5566608261,1431222.517292601,1585
36767,CS-Bande Mutt Gate Kengeri,12.91903,77.4775,768826.2199155332,1429481.6111667617,1586
36691,CS-Bannerughatta Circle,12.81379,77.58123,780205.3598842733,1417944.1462326024,1587
36434,CS-Basava Gangotri Samste,12.88364,77.45005,765883.4656941122,1425536.0796767578,1588
39686,CS-Basavanagara,12.96677,77.68276,791057.1060634276,1434990.752877168,1589
37052,CS-Basavanagara Kengeri,12.90118,77.46752,767761.7326348231,1427495.5402112233,1590
36703,CS-Bayyappanahalli Metro Station,12.99026,77.65496,788011.9925022651,1437559.3778396128,1591
36384,CS-Beereshwara Nagara,12.88205,77.5654,778410.6136227552,1425482.4046600347,1592
36505,CS-Beguru,12.87351,77.6251,784903.2949880414,1424602.6215958686,1593
37979,CS-Belenus Hospital,12.9022,77.7085,793927.2467145671,1427872.5254217945,1594
39685,CS-Bhattarahalli,13.01929,77.70863,793803.8289868964,1440834.2891542485,1595
36414,CS-Bhattarahalli Bank Of India,13.01497,77.70945,793897.931572186,1440357.0211839194,1596
36369,CS-Bhodhana Hosahalli,12.97932,77.80271,804064.6142002998,1436520.1021949404,1597
38227,CS-Bidarahalli,13.062,77.71588,794540.1581922963,1445570.642130643,1598
36206,CS-Bishop Coton Girls High School,12.96916,77.60157,782240.400897351,1435164.0318418352,1599
39408,CS-Bishop Coton Girls High School 1,12.96967,77.60252,782342.9532738806,1435221.5352362934,1600
36788,CS-Bommanahalli Bosch,12.90196,77.63248,785672.4654273578,1427759.9842990476,1601
36710,CS-Bommasandra Canara Bank,12.82162,77.68772,791763.9010063317,1418928.936557876,1602
36359,CS-Bone Mill,13.06366,77.5051,771665.292157019,1445518.680518872,1603
36646,CS-Bristol Quarters,12.98855,77.66256,788838.9612600112,1437378.702346494,1604
39594,CS-Byrappa layout Kannuru,13.08881,77.65718,788138.745789824,1448470.8029979165,1605
36619,CS-Byrathi Bande,13.07796,77.6535,787752.0369988712,1447265.577218335,1606
36598,CS-CBI,13.02624,77.58563,780445.8562814295,1441464.5220385364,1607
38874,CS-CMP Centre and School,12.95906,77.61229,783415.5690687236,1434057.9536224757,1608
35737,CS-CPWD Quarters HSR Layout,12.91417,77.65226,787806.3578933695,1429133.6783083135,1609
36772,CS-CPWD Quarters Koramangala,12.92585,77.62524,784859.1951871066,1430396.3269325788,1610
36729,CS-CV Raman Nagara Railway Gate,12.98364,77.67975,790710.7051719998,1436854.7537320654,1611
36308,CS-CWS-3,12.90384,77.44982,765837.1479822042,1427771.5173498788,1612
39579,CS-Cafe Coffee Day (Vijaya Bank Layout),12.89157,77.60818,783045.5022937162,1426582.9587459627,1613
39588,CS-Cathedral School,12.96639,77.60779,782918.7546861197,1434864.3150283142,1614
36518,CS-Centre for Learning School Varadenahalli,12.95907,77.3089,750482.6210907124,1433741.6919305658,1615
36465,CS-Chandra Layout,12.95887,77.52662,774115.6182699648,1433943.329963494,1616
36457,CS-Chandrappa Circle,12.9105,77.36986,757149.0778824441,1428426.9994211746,1617
36370,CS-Channasandra,12.9833,77.76801,800292.5738656748,1436919.5338471273,1618
39457,CS-Channasandra Uttarahalli,12.9029,77.52128,773596.9794184675,1427742.6885035106,1619
36567,CS-Chikka Bellanduru,12.91221,77.71445,794561.6448601696,1428987.445314298,1620
39874,CS-Chikka Dasarahalli,12.89153,77.78451,802194.5072755925,1426779.7351779866,1621
36648,CS-Chikkabanavara,13.08046,77.50266,771382.1522757141,1447375.525404987,1622
36654,CS-Chinmaya Vidyalaya Koramangala,12.93488,77.62816,785165.9726839422,1431399.1213089435,1623
38859,CS-Chowdary Line,13.00521,77.63881,786241.7494080602,1439196.0116245784,1624
36745,CS-Chowdeshwarinagara ORR,13.00053,77.52498,773891.9172006227,1438552.6362959559,1625
36489,CS-Christal House Learning School,13.09443,77.65145,787510.4701867683,1449086.3760546409,1626
40406,CS-Cox Town,12.99644,77.62146,784368.5351848847,1438205.7829558027,1627
39599,CS-Cunnigham Road(infinity),12.98711,77.59485,781490.6839011661,1437143.4660686129,1628
39684,CS-DECATHLON Gubbi Cross,13.0655,77.65193,787596.1212623242,1445884.5441626648,1629
38478,CS-DLF Home Town,12.87568,77.6178,784108.0747571321,1424834.7316459522,1630
38106,CS-DSC HAL GM Palya,12.97664,77.66825,789470.4287874568,1436066.7912363128,1631
36527,CS-Dayanand Sagar College Kanakapura Road,12.82509,77.51368,772855.9585595264,1419122.4461671014,1632
36526,CS-Dayananda Sagar College Banashankari,12.90949,77.56573,778416.0739429148,1428519.9844949665,1633
35752,CS-Deepanjalinagara,12.95239,77.5368,775227.8338001578,1433237.0546752738,1634
36418,CS-Depot-06 Gate,12.98255,77.63448,785797.708555422,1436682.8591114376,1635
36248,CS-Depot-10 Gate,13.02548,77.63098,785368.6380563271,1441430.9348000586,1636
38900,CS-Depot-12 Gate,12.90465,77.47084,768118.5025571741,1427883.0657970589,1637
36617,CS-Depot-14 Gate,13.02857,77.59349,781296.2702328421,1441731.123556132,1638
37960,CS-Depot-24 Gate,13.00328,77.68252,790988.50244673,1439031.9858506753,1639
36309,CS-Depot-31,12.99279,77.52135,773506.4142104092,1437692.0429236544,1640
36207,CS-Depot-34,12.87149,77.5855,780605.0712895757,1424335.4348088056,1641
37959,CS-Depot-48,13.07744,77.65507,787923.0057879037,1447209.8033468504,1642
37917,CS-Devarachikkanahalli,12.88885,77.61571,783866.2572957166,1426290.204731128,1643
39590,CS-Dodda Gubbi Cross (Udupi Hotel),13.06226,77.652,787607.4725647813,1445525.9753676343,1644
36577,CS-Doddakannalli,12.90727,77.69523,792480.316081306,1428418.5714745405,1645
38868,CS-Domlur Marriad Accomadation,12.96205,77.63381,785748.4108188883,1434412.9244537102,1646
36197,CS-East End Jayanagara,12.91703,77.59681,781782.292555514,1429388.5655326252,1647
38873,CS-Ejipura,12.94678,77.62871,785212.1443356992,1432716.9605866196,1648
36713,CS-Electronic City,12.84829,77.67081,789896.4415141066,1421862.0681443864,1649
40418,CS-Exide Gate Billapura,12.83506,77.78536,802354.5326087447,1420529.2997405997,1650
35757,CS-Featherlite Factory Hejjala,12.85352,77.4265,763357.8495639963,1422178.2668065683,1651
35758,CS-Fetherlite Factory Guddadahalli,12.95018,77.54642,776274.6066776898,1433002.8318189303,1652
36667,CS-GBJ Colony Gate Doddanekkundi,12.95746,77.69136,792001.6218350603,1433970.0011804074,1653
36635,CS-GM Palya,12.97512,77.66587,789213.8200411331,1435895.833001155,1654
38866,CS-Ganapathi Enclave,12.94738,77.64094,786539.2491034563,1432797.0660783204,1655
36680,CS-Genius Global School Kodathi,12.87829,77.71695,794872.8863744969,1425235.4419541568,1656
35760,CS-Girinagara Extension,12.94103,77.53887,775465.040969189,1431981.9148915075,1657
38998,CS-Good Earth Malhar,12.88562,77.46454,767454.7182376075,1425770.277324377,1658
40476,CS-Good land Hostel,12.92082,77.50738,772068.3359545239,1429711.3023312162,1659
36719,CS-Goraguntepalya (Towards Yashwanthapura TTMC),13.02855,77.54071,775568.2137985381,1441671.0136368063,1660
36516,CS-Gottigere,12.85618,77.58881,780981.5869094881,1422644.4269053321,1661
35963,CS-Gowdanapalya,12.91167,77.55644,777404.9697244195,1428751.1984041957,1662
36423,CS-Gubbi Cross,13.06491,77.65192,787595.7199208708,1445819.2233790492,1663
36278,CS-Gunjuru,12.92104,77.73657,796953.2262486754,1429990.4779797744,1664
36747,CS-HAL ARDC,12.96186,77.68526,791334.2339871688,1434450.0906247029,1665
36685,CS-HAL Gnanajyothi School,12.96033,77.69336,792215.4068837282,1434289.9900329902,1666
36668,CS-HAL Hospital,12.96247,77.66609,789252.3364770816,1434495.7980363625,1667
36298,CS-HAL Main Gate,12.95852,77.66605,789252.5603442586,1434058.5098713392,1668
38111,CS-HAL Market/SBI Bank,12.96036,77.66622,789268.8894097041,1434262.3802731112,1669
38006,CS-HAL Museum,12.95461,77.6807,790847.6008269896,1433642.3441301023,1670
36645,CS-HAL New Public School,12.95649,77.68224,791012.6107815707,1433852.2074628081,1671
36566,CS-HP Petrol Bunk Coles Road,12.99667,77.6118,783319.7262633671,1438220.464992449,1672
36744,CS-Hadosiddapura,12.89456,77.70111,793133.6487633631,1427018.335984265,1673
36651,CS-Hanuman Temple Beguru,12.87296,77.62468,784858.3050517444,1424541.275949727,1674
36493,CS-Hasanath College Hennur Bande,12.97925,77.61488,783673.8366150334,1436295.6693332826,1675
36231,CS-Head Start School Kommasandra,12.86047,77.73498,796852.0308399596,1423283.557609375,1676
38377,CS-Hennur Junction,13.02753,77.63262,785544.2817043948,1441659.6976982947,1677
35817,CS-Heritage Estate,13.11811,77.57793,779506.6230915328,1451624.9426619434,1678
39755,CS-Hope farm,12.98361,77.7525,798608.3971401849,1436935.6123985634,1679
36768,CS-Hosa Road Metro Station,12.8702,77.65336,787976.1270056588,1424267.748504047,1680
36190,CS-Hosakerehalli Junction,12.93032,77.54355,775984.9070524786,1430801.5341957596,1681
36431,CS-Hosakote KEB Circle,13.07202,77.78704,802250.763849011,1446763.7909523577,1682
39592,CS-Hosuru Bande,13.10616,77.66079,788510.2344934447,1450395.4787466675,1683
37916,CS-Hulimavu,12.87707,77.60231,782424.3452077776,1424971.5009977496,1684
39017,CS-IIHS Bettanapalya,12.91843,77.43842,764584.0571003896,1429374.4863960021,1685
36606,CS-IIHS Sadashivanagara,13.00514,77.58126,779995.2948224716,1439124.1826715025,1686
36614,CS-ISRO Karthik Nagara,12.96605,77.69507,792394.3705778342,1434925.1349468012,1687
36394,CS-ISRO Murugeshpalya,12.95959,77.65423,787968.0874848436,1434163.5817997286,1688
36393,CS-ISRO Quarters Jalahalli,13.04416,77.53506,774937.7909478841,1443392.6716777952,1689
35777,CS-ITPL,12.98597,77.74669,797974.8379896479,1437190.0613136278,1690
36752,CS-Immadihalli,12.96592,77.76338,799810.7776778257,1434990.0682042022,1691
40407,CS-Indian Oil,13.00485,77.637,786045.6993083933,1439154.1253955227,1692
39524,CS-Indira Canteen Gubbalala,12.89301,77.5431,775977.0358062437,1426671.4185634484,1693
36545,CS-Indiranagara 12th Main,12.9702,77.64128,786550.0305077687,1435323.4472963961,1694
37328,CS-Infosys Parking Lot,12.84976,77.66304,789050.8309751695,1422016.045866726,1695
36632,CS-Ittamadu Reliance Smart Point,12.91966,77.54229,775859.8288996202,1429620.2801423208,1696
36546,CS-JP Nagara 15th Cross,12.90625,77.58737,780769.3653184454,1428184.9788616882,1697
36540,CS-JP Nagara 6th Phase,12.90633,77.57809,779761.636417282,1428183.6816257448,1698
35885,CS-JP Nagara Metro Station,12.90743,77.57305,779213.1645433235,1428299.9384724093,1699
36488,CS-Jai Bharath Nagar,13.00135,77.62958,785244.31415752,1438758.368719142,1700
36600,CS-Jalahalli Cross,13.03983,77.5183,773123.7935875948,1442895.2988503424,1701
36215,CS-Jambu Savari Dinne,12.86581,77.58105,780128.1268732782,1423701.8758777834,1702
36379,CS-Janatha Bazar Banashankari,12.92832,77.54603,776256.359473052,1430582.8427136678,1703
36252,CS-Jayanagara TTMC,12.92845,77.58466,780450.3107862693,1430639.2742813444,1704
36739,CS-Jnanakshi Vidyaniketan School,12.9123,77.5138,772774.6101168735,1428775.1251692777,1705
36740,CS-Jnanakshi Vidyaniketan School,12.91204,77.51353,772745.5774282885,1428746.060274244,1706
36541,CS-Juggath Pharma,12.89093,77.45496,766408.8872318357,1426348.0091849875,1707
36692,CS-K Narayanapura Cross,13.05283,77.64607,786974.8537348643,1444475.4072419442,1708
39550,CS-KPTCL Office,12.98301,77.57658,779512.1194398776,1436669.5207847308,1709
36368,CS-KR Puram Railway Station,13.00021,77.6771,790403.7508860608,1438685.9543949885,1710
36490,CS-Kacharakanahalli,13.02108,77.62899,785157.695636492,1440941.6548014926,1711
38994,CS-Kalkere,13.03366,77.67471,790105.3579467337,1442385.989981933,1712
38009,CS-Kalyananagara 80 feet Road,13.02554,77.64084,786438.7157150599,1441448.6805636687,1713
36797,CS-Kalyananagara Bus Stand,13.02629,77.63902,786240.3205518208,1441529.6472309846,1714
36450,CS-Kannamangala Railway Gollahalli,13.19626,77.41037,761246.3895635742,1460094.5631826434,1715
38857,CS-Karnataka High Court Staff Quarters,12.99497,77.65405,787907.7774398621,1438079.7153034958,1716
38901,CS-Kastruriba Road,12.97323,77.59504,781526.9485698037,1435607.3154765053,1717
36586,CS-Kaval Byrasandra,13.0198,77.60739,782814.800231951,1440775.8175644954,1718
35743,CS-Kempegowda Bus Station,12.97816,77.57068,778877.1011495701,1436126.2220549607,1719
35739,CS-Kendriya Vidyalaya ASC Center,12.96701,77.61232,783409.8193510692,1434937.9729750627,1720
36686,CS-Kendriya Vidyalaya DRDO Quarters,12.98693,77.66389,788985.211163817,1437200.8868498027,1721
38909,CS-Kendriya Vidyalaya Halasuru (MEGC),12.98826,77.6149,783665.7740604223,1437293.0122127044,1722
31013,CS-Kendriya Vidyalaya Malleshwara,13.0093,77.569,778659.9653333792,1439571.1722872793,1723
38960,CS-Kengeri Bus Stand,12.91372,77.48663,769823.1572278166,1428903.5070520495,1724
36409,CS-Kengeri Railway Station,12.9169,77.4824,769360.4906231181,1429251.014825151,1725
35727,CS-Kengeri Work Shop,12.90396,77.47575,768652.3396607693,1427811.839844254,1726
39698,CS-Kirloskar Business Park,13.05115,77.59542,781480.1692825769,1444232.626347262,1727
36406,CS-Kittanahalli,13.00908,77.42024,762515.214830033,1439388.4829199747,1728
38932,CS-Kodathi Gate,12.8965,77.72033,795218.6078267435,1427255.1443154728,1729
38633,CS-Kodathi Village,12.89509,77.7055,793609.7686982651,1427082.028834875,1730
39929,CS-Kodathi Village,12.88836,77.71625,794785.0711419238,1426349.3668434066,1731
39743,CS-Kogilu Cross,13.10383,77.60027,781946.570169799,1450069.1620126972,1732
39744,CS-Kogilu Cross,13.10389,77.60081,782005.0901673727,1450076.406727151,1733
36517,CS-Koli Farm Gate,12.84146,77.58858,780972.9889929751,1421014.85688996,1734
40417,CS-Kommasandra,12.86139,77.74419,797851.2811155091,1423396.0561356167,1735
36670,CS-Koramangala TTMC,12.94053,77.62488,784803.4342278884,1432020.868048925,1736
36528,CS-Kothnoor Dinne JP Nagara 8th Phase,12.87514,77.58413,780452.23082565,1424737.9469711706,1737
39098,CS-Kumbalagodu,12.87822,77.44549,765394.0453387217,1424931.4930216842,1738
38984,CS-LAKE VIEW appartment near beedi colony,12.92185,77.47579,768637.550617833,1429791.931112493,1739
38865,CS-MEG Center,12.98759,77.62236,784476.3132999382,1437227.1731174497,1740
36549,CS-MS Palya,13.08161,77.54819,776320.9454285764,1447552.126167322,1741
36519,CS-Madhavan Park,12.93672,77.58392,780360.7217450493,1431553.8494568672,1742
36701,CS-Mahathma Vidhyalaya Muttanalluru,12.83189,77.73495,796882.3753174026,1420119.7363934326,1743
36377,CS-Makali,13.06604,77.45335,766047.5834859407,1445727.1406655728,1744
36430,CS-Maligondanahalli,12.91587,77.41527,762073.4512496253,1429067.3457408685,1745
36339,CS-Malleshwara Sai Hot Chips,13.00873,77.56932,778695.3341646212,1439508.431529327,1746
36279,CS-Malya Adithi School,13.1022,77.58288,780061.6641047746,1449869.3778962928,1747
39455,CS-Mandur,13.08225,77.7386,796981.6039365581,1447838.8851333114,1748
36583,CS-Marappa Garden,13.00467,77.59987,782015.746294806,1439092.7253571304,1749
38177,CS-Mariyannapalya,13.04943,77.61183,783262.9499300623,1444060.525563928,1750
36426,CS-Maruthi Mandira,12.98404,77.51854,773210.9925948542,1436720.5497577738,1751
38011,CS-Medahalli,13.02608,77.72051,795085.2732689555,1441599.710860588,1752
36641,CS-Miranda School,12.96813,77.6515,787661.8859672325,1435105.8221515256,1753
39736,CS-Mother Dairy Cross Yelahanka,13.09928,77.57717,779445.448560458,1449539.8400967447,1754
36746,CS-Mount Carmel College,12.99299,77.58886,780833.8696990872,1437787.6992159388,1755
36780,CS-Muneshwara Devasthana,12.93646,77.60663,782826.6315794573,1431550.0905935788,1756
37047,CS-Muneshwara Layout,12.87433,77.47104,768172.5222477373,1424527.500127088,1757
36378,CS-Munnekolalu,12.94857,77.70804,793822.9851136806,1433005.0453743122,1758
36644,CS-Munnekolalu Cross,12.95637,77.70854,793868.1159619663,1433869.0637716053,1759
36699,CS-Muttanallur Cross,12.88734,77.73826,797176.5867410793,1426261.8508901962,1760
37597,CS-Mylasandra BDA Apartment,12.91927,77.48927,770103.8164633781,1429520.5652568112,1761
39587,CS-Mysore Road Metro Station,12.9463,77.52968,774461.5738555134,1432555.327366942,1762
39747,CS-NES Office,13.09699,77.59236,781096.1310601158,1449303.223498041,1763
36770,CS-NGV Koramangala,12.94477,77.62338,784635.7624276255,1432488.525607537,1764
36471,CS-NITTE Meenakshi College,13.13122,77.58986,780785.9975500037,1453089.3368863568,1765
36468,CS-Nagarabhavi Circle,12.95849,77.51892,773280.1638927329,1433893.011772195,1766
36494,CS-Nagavara Junction,13.0402,77.62433,784630.048351953,1443052.8480128683,1767
38862,CS-Nagavarapalya,12.98949,77.66389,788982.2478420015,1437484.2644872116,1768
36561,CS-Narendra Tent Nagawara,13.02693,77.62032,784210.0169927543,1441579.478677336,1769
37721,CS-National Games Village Gate,12.94905,77.62029,784295.428928542,1432958.8400486675,1770
39646,CS-National Law College University,12.95348,77.51681,773056.5791672204,1433336.233621868,1771
39530,CS-Nelamangala Taluk Office,13.09836,77.39295,759460.3301318181,1449241.432756462,1772
38870,CS-Nethravathi Block,12.94593,77.62266,784556.2756307516,1432616.1246846875,1773
39710,CS-Niviksha Arcade Yelahanka 5th phase,13.10426,77.57004,778666.2566902189,1450083.1840779688,1774
36417,CS-Oasis School,13.08918,77.66602,789097.5283783972,1448521.8585229192,1775
35861,CS-Okalipuram,12.98258,77.56812,778594.2852362555,1436612.6566562958,1776
36495,CS-Old Baiyappanahalli,12.99465,77.64401,786818.3182242368,1438032.9549865439,1777
39853,CS-Olive Hostel jayanna circle,12.9249,77.51437,772822.8059846557,1430170.3267695203,1778
39568,CS-PAPAS Trading Company Hommadevanahalli,12.84082,77.59722,781912.0993372407,1420953.4615216544,1779
36529,CS-PAPAS Trading PVT LTD,12.89131,77.59408,781514.6788987172,1426538.6608346403,1780
38861,CS-Parachute,13.01184,77.59594,781581.0835733118,1439882.0105753974,1781
36609,CS-Peenya 2nd Stage,13.01064,77.50676,771903.3702376231,1439652.0855461806,1782
36253,CS-People Tree Hospital Nagendra Block,12.94194,77.55366,777069.6963365102,1432098.6294331984,1783
39601,CS-Phoenix One Bengaluru West Apartment,13.00973,77.55286,776907.7264748516,1439601.1296007102,1784
36636,CS-Poorva Fountain Apartment,12.95681,77.70595,793586.4035234741,1433914.789488882,1785
35818,CS-Puttenahalli,13.11078,77.57995,779734.0661407042,1450815.836027579,1786
36587,CS-R T Nagara Police Station,13.02495,77.59297,781243.9252172038,1441329.8532939758,1787
36618,CS-RK Hegde Nagara,13.07169,77.63375,785616.1520800723,1446549.1439600487,1788
39742,CS-RR Gold Yelahanka,13.10007,77.59795,781699.1381651246,1449650.377565327,1789
39746,CS-RR Gold Yelahanka,13.10005,77.598,781704.5858567543,1449648.2195599552,1790
36454,CS-RR Medical College,12.89659,77.46092,767050.0108189406,1426980.6431886866,1791
36408,CS-RV College,12.92619,77.50096,771365.513224253,1430298.8435770539,1792
39382,CS-Raghavendra Swamy Mutt Hosakerehalli,12.93083,77.5399,775588.0724512467,1430854.046831034,1793
37050,CS-Rajajinagara 6th Block,12.9798,77.55367,777028.8633105368,1436289.190461364,1794
36427,CS-Rajanukunte,13.17329,77.5643,777965.714384364,1457717.6095046075,1795
36425,CS-Ramasandra,12.94537,77.46782,767747.1626679688,1432386.740181751,1796
36565,CS-Ramaswamipalya,13.00979,77.63534,785859.8526480092,1439699.0780037325,1797
36779,CS-Ravi Tent,12.95186,77.62108,784378.0051700332,1433270.7605663908,1798
36786,CS-Renaissance prosperio apartment,13.0645,77.59381,781290.3278944888,1445708.539714975,1799
39737,CS-SB College Yelahanka,13.10485,77.57301,778987.820252206,1450151.7711033826,1800
37146,CS-SDM Hospital Anchepalya,12.8939,77.45717,766645.6993704773,1426679.0178037728,1801
38010,CS-SJS CBSE Gate-2,12.97086,77.5942,781438.4315622037,1435344.055636004,1802
36568,CS-Sapthagiri Vidya Mandir,12.90739,77.70544,793588.8874788717,1428443.535969631,1803
38216,CS-Senior Officers Quaters,12.96814,77.65479,788019.0386024541,1435110.643265651,1804
36627,CS-Shakthi Hills Resort,12.91154,77.52778,774293.3117163535,1428705.9385492695,1805
40420,CS-Shaneshwara Swamy Temple Doddakannahalli,12.90659,77.69755,792733.0380987443,1428345.9481016933,1806
35794,CS-Shanthinagara Bus Station,12.95558,77.59223,781241.7563223264,1433650.5617824206,1807
36537,CS-Shanthinikethana Layout,12.88296,77.60325,782519.817869537,1425624.492128198,1808
39739,CS-Sharavathi Hotel,13.09802,77.58443,780234.5670966149,1449408.4190212765,1809
39741,CS-Sheshadripuram College Yelahanka,13.09959,77.58839,780662.4406417081,1449586.5992176153,1810
36455,CS-Shilp Bekary,13.03779,77.65016,787436.1077518251,1442815.2111681555,1811
36289,CS-Shirke KHB Quarters,12.93192,77.48811,769964.2674168947,1430919.4451357974,1812
39738,CS-Shivamandir,13.10739,77.57486,779185.6681622537,1450434.9646306222,1813
38915,CS-Sinclair High School,13.03175,77.64362,786733.2866319055,1442139.222548075,1814
36578,CS-Sompura Gate,12.86216,77.77194,800864.4380034485,1423513.618456264,1815
36341,CS-Sophiya School,12.98601,77.58863,780816.7558635942,1437014.8406550162,1816
36480,CS-Sophiya School,12.98587,77.58941,780901.5805620686,1437000.20459415,1817
36214,CS-Sri Dharmaraya Circle,12.8924,77.58191,780191.9398862448,1426645.9832000642,1818
36599,CS-Sri Sai Packaging Company,12.99789,77.46336,767206.8692483862,1438194.9088450586,1819
36451,CS-St Benidict School,12.88699,77.45886,766836.5223442017,1425915.9927480537,1820
36410,CS-St Clare School,12.91469,77.44763,765587.9057904057,1428970.0917074888,1821
36275,CS-St Johns High School Thomas Cafe,12.99477,77.60981,783105.8779614327,1438007.9387013617,1822
37150,CS-St Johns Hospital,12.92875,77.61831,784103.4764941158,1430709.6216174804,1823
38953,CS-St Johns Wood Apartment Tavarekere,12.93016,77.60971,783168.1435444781,1430856.1559360276,1824
35928,CS-St Joseph Boys High School Musuem Road,12.97169,77.60448,782553.4400529582,1435447.2994149702,1825
36571,CS-Stanley Boutique Domlur,12.96356,77.64157,786589.121718056,1434588.7754865754,1826
36595,CS-Sultanpalya,13.0266,77.60407,782446.7521071979,1441524.8138169844,1827
36761,CS-Suncity Apartment ORR Road,12.92402,77.66531,789212.0364191709,1430238.7214124452,1828
36477,CS-Sunkadakatte,12.99028,77.50394,771619.4826794241,1437395.5881102888,1829
36643,CS-Swamy Vivekanada Metro Station,12.9859,77.64532,786970.5757706368,1437065.869087398,1830
36272,CS-TC Palya,13.02143,77.70038,792905.8374088816,1441061.6525496473,1831
40416,CS-Tamara Residencial Layout Kachmaranhalli,12.91121,77.73255,796528.3134897278,1428897.6389229607,1832
38869,CS-Tarapura Officer Colony,12.99015,77.61575,783755.892264154,1437503.1645209456,1833
36428,CS-Thanisandra,13.05642,77.63297,785549.0816116247,1444857.9905625265,1834
36562,CS-The Embassy Cunningham Road,12.98789,77.59428,781427.9325649543,1437229.1732379135,1835
37990,CS-The Light House International Academy,13.13359,77.72208,795127.6239544989,1453502.8697808404,1836
36396,CS-Therelek Eng Pvt Limited Avverahalli,13.20065,77.25775,744692.4110465302,1460426.3902097135,1837
36398,CS-Therelek Engineers PVT LTD Peenya,13.02376,77.51852,773165.309241693,1441116.8569381565,1838
36551,CS-Thindlu,13.07376,77.56683,778352.2640753301,1446703.6786091737,1839
36569,CS-Tin Factory,12.99692,77.66919,789548.9539881464,1438312.7501130798,1840
36633,CS-Udbhava School Gulaganjanahalli,12.92669,77.41745,762298.8185246623,1430267.079534555,1841
36500,CS-Uttamasagar Hotel Banasawadi,13.00931,77.64337,786731.9913133548,1439654.9904133633,1842
38978,CS-V CARE HOSPITAL,13.01589,77.5976,781756.675164371,1440332.1418154868,1843
36283,CS-Valley School Kanakapura Road,12.85463,77.50983,772405.9560446043,1422387.8973601474,1844
38864,CS-Vasanth Enclave,13.01167,77.59351,781317.5308505194,1439860.5023527632,1845
36470,CS-Vidyaranyapura Bus Station,13.08377,77.56096,777704.1113408826,1447805.2017664085,1846
36467,CS-Vidyaranyapura Bus Station,13.08396,77.56027,777629.0315529306,1447825.4743133935,1847
39740,CS-Vishnu Park,13.09907,77.58494,780288.712119404,1449525.2083473557,1848
37184,CS-Wilson Garden 10th Cross,12.948,77.597,781768.1237372349,1432816.801954048,1849
37181,CS-Wilson Garden 10th Cross,12.94671,77.59613,781675.1229530945,1432673.0538000753,1850
39655,CS-YGR Mall,12.90925,77.51306,772697.5758466774,1428436.757146777,1851
36429,CS-Yashwanthapura TTMC,13.01789,77.55704,777352.3186213677,1440508.8850286996,1852
36573,CS-Yelahanka 4th Phase Vivekanad Park,13.10409,77.57167,778843.2944142069,1450066.1674482666,1853
35836,CS-Yelahanka 5th Phase,13.10413,77.57254,778937.6397152226,1450071.55631556,1854
36498,CS-Yelahanka Satellite Town,13.09595,77.57902,779649.930883659,1449173.2962540342,1855
39712,CS-Yeshwanthapura Circle,13.01836,77.55866,777527.6158193187,1440562.6768049174,1856
40468,CS-ZRTN,13.01662,77.59191,781138.2864903619,1440406.6413396697,1857
21868,CSI Hospital,12.98983,77.59938,781979.3336163391,1437449.5532292826,1858
24744,CV Raman Nagara,12.98564,77.66401,788999.7306343464,1437058.2272998441,1859
35262,CV Raman Nagara,12.98555,77.66382,788979.2095753881,1437048.0491658559,1860
36730,CV Raman Nagara Railway Gate,12.98353,77.67997,790734.7155288297,1436842.8283615515,1861
24745,CWS-3 BMTC,12.90378,77.44984,765839.3828871518,1427764.89747096,1862
30339,Cable Factory Ittagallapura,13.17405,77.54045,775378.0283062744,1457775.4509644015,1863
32199,Cable Factory Ittagallapura,13.174,77.54049,775382.4227288344,1457769.9605425473,1864
32200,Cadabams,12.79785,77.52866,774512.4946169329,1416123.3580225292,1865
39577,Cafe Coffee Day (Vijaya Bank Layout),12.89156,77.60817,783044.4276411408,1426581.8408171083,1866
39472,Cambridge Hospital,12.97191,77.62726,785026.0958615036,1435497.0124952472,1867
39473,Cambridge Hospital,12.97187,77.6273,785030.4837425218,1435492.6295698823,1868
38163,Cambridge North Campus,13.24594,77.61288,783151.1049583041,1465813.6586326314,1869
38164,Cambridge North Campus,13.24591,77.6129,783153.3083854441,1465810.3605489118,1870
30346,Cambridge Public School Yelahanka,13.09431,77.58933,780770.4178786867,1449003.2056727875,1871
21799,Canara Bank Koramangala,12.93411,77.62375,784688.0407309401,1431308.9737765575,1872
21800,Canara Bank Koramangala,12.93487,77.62399,784713.2352633289,1431393.366080299,1873
30350,Canara Bank Millers Road,12.99549,77.60169,782223.6766577858,1438078.6152712167,1874
32204,Canara Bank Millers Road,12.99556,77.60172,782226.8538198248,1438086.396806406,1875
24187,Canara Bank Rajajinagara 1st Block,13.00089,77.55044,776654.8812241285,1438620.0349915992,1876
30352,Canara Bank Subramanyanagara,13.0047,77.55996,777683.9265580196,1439052.1231265045,1877
32205,Canara Bank Subramanyanagara,13.00466,77.55993,777680.7149830295,1439047.6629179611,1878
21801,Canara Bank Tannery Road,13.00619,77.61239,783372.950810996,1439274.8940093252,1879
21802,Canara Bank Tannery Road,13.00622,77.61242,783376.1729332493,1439278.2481574563,1880
21803,Canara Bank Vidyaranyapura,13.07176,77.55618,777198.8975566968,1446470.6114344385,1881
21804,Canara Bank Vidyaranyapura,13.07171,77.55609,777189.1877435236,1446464.978511851,1882
21805,Cantonment Railway Station,12.9937,77.59689,781704.6843560467,1437875.1629399576,1883
32206,Cantonment Railway Station,12.99475,77.59711,781727.3788560703,1437991.6299976504,1884
37968,Cargo Village,13.19967,77.68231,790734.8364092862,1460771.4602323326,1885
38068,Cargo Village,13.19956,77.68225,790728.4590019116,1460759.2139111534,1886
35199,Carmel Convent Jayanagara,12.92643,77.59724,781818.4268346457,1430429.5116638287,1887
35147,Carmel Convent Jayanagara,12.9268,77.59713,781806.068090822,1430470.345260249,1888
24373,Carmel Convent Jayanagara,12.92711,77.59722,781815.4915528123,1430504.7578913034,1889
35111,Carmel Convent Jayanagara,12.92708,77.59711,781803.5821138341,1430501.3160374293,1890
39814,Carmel School,12.79057,77.67631,790560.0870342688,1415478.9969933217,1891
39815,Carmel School,12.79044,77.67633,790562.408739545,1415464.6292460288,1892
34324,Carmelaram Railway Station,12.9072,77.70537,793581.5081026184,1428422.4232551388,1893
40023,Carmelram,12.90364,77.70408,793445.5825571876,1428026.8632083882,1894
40024,Carmelram,12.90367,77.70417,793455.3208668076,1428030.2872055715,1895
23914,Carmelram Gate,12.90343,77.70399,793436.0543951074,1428003.5137337714,1896
23900,Carmelram Gate,12.90352,77.70401,793438.1211743646,1428013.4993805164,1897
24377,Carmelram School Railway Gate,12.9095,77.7059,793636.3733126684,1428677.6346054284,1898
32208,Carmelram School Railway Gate,12.90975,77.70602,793649.1119121576,1428705.4465330287,1899
39589,Cathedral School,12.96632,77.60781,782921.0050260547,1434856.5889359121,1900
20696,Cauvery Bhavana,12.97438,77.58183,780091.6717272985,1435720.0527897107,1901
20697,Cauvery Bhavana,12.97372,77.58157,780064.1876541495,1435646.7131864382,1902
24379,Cauvery Nagara,12.99965,77.53048,774489.8373111555,1438461.1629019799,1903
32209,Cauvery Nagara,12.99965,77.53073,774516.971633092,1438461.432666574,1904
24383,Center for Learning School Campus Magadi Road,12.98016,77.37505,757640.8941592828,1436141.6178627086,1905
32211,Center for Learning School Campus Magadi Road,12.9795,77.37505,757641.5746323727,1436068.5742671667,1906
20703,Central,12.9898,77.57204,779011.7252297251,1437416.1078940444,1907
23426,Central,12.98984,77.57181,778986.715238193,1437420.2833049179,1908
20702,Central,12.99006,77.57199,779006.0074087167,1437444.8317286237,1909
20707_ST,Central Silk Board,12.918153,77.62326,784652.9427750523,1429542.136726723,1910
35943,Central Silk Board,12.91819,77.62237,784556.2647730391,1429545.2426192653,1911
20707,Central Silk Board,12.91803,77.62355,784684.5704153099,1429528.844320846,1912
35944,Central Silk Board,12.91802,77.62208,784524.9692905603,1429526.1028253252,1913
35768,Central Silk Board,12.91591,77.62384,784718.4625486948,1429294.5026585218,1914
37850,Central Silk Board,12.91756,77.62379,784711.1625807451,1429477.0866598012,1915
20707_PF2A,Central Silk Board - Platform 2A,12.917932,77.6235,784679.2525370726,1429517.941022841,1916
20704,Central Silk Board Metro Station,12.91674,77.62143,784455.8425490373,1429383.6965147527,1917
21479,Central Silk Board Metro Station,12.91691,77.62136,784448.0493405329,1429402.436108238,1918
21480,Centre For Learning School,12.95914,77.30874,750465.1848279316,1433749.2816166796,1919
21808,Chaithanya Samarpan Apartment,13.0207,77.76206,799601.6836554498,1441052.8024760173,1920
21809,Chaithanya Samarpan Apartment,13.02191,77.76208,799602.3984978704,1441186.776388609,1921
21810,Chakkalatti,13.12255,77.66823,789298.2974527238,1452218.2982131117,1922
21811,Chakkalatti,13.12256,77.66836,789312.3899751256,1452219.5544053183,1923
32217,Challaghatta,12.94603,77.64913,787429.9776373408,1432656.834487348,1924
32218,Challaghatta,12.94606,77.64913,787429.943214257,1432660.1552746873,1925
24398,Challahalli,13.21742,77.50635,771631.5698544101,1462538.6414924664,1926
32220,Challahalli,13.21739,77.50643,771640.2782646748,1462535.4078123947,1927
24399,Challahalli Colony,13.21663,77.50507,771493.641765441,1462449.8127285258,1928
31359,Challahalli Colony,13.21664,77.50502,771488.2086967058,1462450.8653286076,1929
24396,Challeghatta,12.89663,77.45333,766225.8723253342,1426977.1774542623,1930
32219,Challeghatta,12.89669,77.45344,766237.7522097883,1426983.932307813,1931
20709,Chamarajapet,12.95714,77.56801,778610.6902210438,1433796.6690531406,1932
20710,Chamarajapet,12.95707,77.56705,778506.5518353174,1433787.873142442,1933
21812,Chamarajapet,12.95627,77.56744,778549.7799694872,1433699.7496071914,1934
22770,Chamarajapet,12.95764,77.56736,778539.5706792104,1433851.3027579125,1935
23479,Chamarajapet,12.96033,77.56255,778014.4173805518,1434143.803263717,1936
21117,Chamarajapet Rama Mandira,12.957,77.56302,778069.1390141206,1433775.730596765,1937
21116,Chamarajapet Rama Mandira,12.95703,77.56381,778154.8667833618,1433779.9120884822,1938
21813,Chambenahalli,12.87934,77.76163,799724.17434601,1425403.4268763913,1939
21814,Chambenahalli,12.87932,77.76156,799716.5956000863,1425401.1310986595,1940
39630,Champion International School,12.88973,77.81796,805829.5629736213,1426620.1220633518,1941
39631,Champion International School,12.8898,77.81803,805837.0804451262,1426627.9550102344,1942
21815,Chamundeshwari Layout,13.06492,77.55971,777589.5833251537,1445717.3851161154,1943
21816,Chamundeshwari Layout,13.06478,77.55947,777563.6972837225,1445701.6258213513,1944
32222,Chamundi Nagara,13.01475,77.42046,762533.117878915,1440016.2410995667,1945
32223,Chamundi Nagara,13.01471,77.42038,762524.4782172516,1440011.731428155,1946
39906,Chandanahosahalli,13.22533,77.2433,743101.1570940102,1463143.5291852807,1947
39907,Chandanahosahalli,13.22579,77.24333,743103.9533840466,1463194.4640561293,1948
21817,Chandapura,12.80258,77.70457,793616.3518860049,1416840.4021758349,1949
35123,Chandapura,12.80285,77.70476,793636.6798928073,1416870.5063113666,1950
35916,Chandapura,12.80181,77.70512,793676.9942589693,1416755.7913523156,1951
21818,Chandapura,12.80229,77.70441,793599.3060966514,1416808.1182475716,1952
36706,Chandapura,12.80275,77.7046,793619.4139823295,1416859.2546984644,1953
23834,Chandapura KEB,12.79874,77.70603,793779.4123466036,1416416.9879245402,1954
23985,Chandapura KEB,12.79863,77.70593,793768.676030447,1416404.6975522556,1955
22776,Chandra Layout,12.95925,77.52671,774124.9719734583,1433985.4863058166,1956
20711,Chandra Layout 1st Stage,12.95448,77.52244,773666.6595546986,1433452.945238969,1957
20712,Chandra Layout Circle,12.95815,77.5265,774103.3802371754,1433863.509085051,1958
20713,Chandra Layout Circle,12.95817,77.52669,774123.9837931693,1433865.9268382348,1959
24406,Chandra Nagara,12.89945,77.56486,778332.7274751228,1427407.752334198,1960
24408,Chandra Nagara Cross,12.89935,77.56117,777932.1656144401,1427392.679844008,1961
32224,Chandra Nagara Cross,12.89938,77.56118,777933.2182879639,1427396.011254732,1962
20714,Chandra Public School,12.96046,77.52963,774440.6247306163,1434122.5521063209,1963
20715,Chandra Public School,12.96029,77.52954,774431.0412787606,1434103.6390995472,1964
24411,Chandrappa Circle,12.91049,77.36962,757123.0327012048,1428425.6517918706,1965
32225,Chandrappa Circle,12.91059,77.36979,757141.3862868238,1428436.8895634513,1966
38775,Chandrappanagara,12.9412,77.60247,782369.6385995043,1432070.157457347,1967
38776,Chandrappanagara,12.9413,77.60255,782378.2113817174,1432081.3147853196,1968
24414,Chandurayanahalli,12.97293,77.19662,738283.1031845515,1435167.9269047582,1969
32227,Chandurayanahalli,12.97286,77.19667,738288.5961520008,1435160.2274569664,1970
24415,Channa Marayyanapalya,12.98134,77.36478,756525.0386258264,1436261.8482979953,1971
24416,Channa Nayakanapalya,13.04428,77.48518,769524.8678001357,1443352.3969208386,1972
21481,Channadasipalya,12.97091,77.4147,761954.0311256713,1435158.301139289,1973
21482,Channadasipalya,12.97085,77.41485,761970.3751686494,1435151.8147526456,1974
24420,Channadevi Agrahara,13.21884,77.455,766061.74830093,1462640.6484276378,1975
32230,Channadevi Agrahara,13.2189,77.45504,766066.020603437,1462647.3317336494,1976
24422,Channadevi Agrahara Cross,13.2157,77.45561,766131.3015662543,1462293.762708081,1977
32231,Channadevi Agrahara Cross,13.2157,77.45553,766122.6266296196,1462293.6776576333,1978
39573,Channahalli,13.2123,77.74829,797875.9464418963,1462247.1390865059,1979
39574,Channahalli,13.21232,77.74833,797880.26058572,1462249.4007443357,1980
32232,Channahalli Gate,13.21278,77.75462,798561.9212711082,1462307.8182073706,1981
32233,Channahalli Gate,13.21287,77.75494,798596.5192794937,1462318.1632336748,1982
24427,Channakeshavanagara,12.87791,77.65491,788135.6441946239,1425122.9289615166,1983
32234,Channakeshavanagara,12.8781,77.65481,788124.5668612567,1425143.848382298,1984
22727,Channammanakere Achukattu,12.9283,77.5565,777393.1083387663,1430591.961077685,1985
24430,Channammanapalya,12.7628,77.46399,767524.8337716414,1412176.2796304387,1986
32235,Channammanapalya,12.76282,77.46397,767522.6400356771,1412178.4725199454,1987
40377,Channapatna Bus Stand,12.65328,77.20409,739395.7087094365,1399802.7798551612,1988
40372,Channappa Badavane,13.0928,77.71465,794370.0934682474,1448978.7450801576,1989
40373,Channappa Badavane,13.0929,77.71472,794377.5703279315,1448989.8965930839,1990
24432,Channappa Circle,12.91021,77.37336,757529.3503405629,1428398.4208371248,1991
24434,Channapura Gate,13.10328,77.86663,810849.3730511828,1450321.121773372,1992
32237,Channapura Gate,13.10304,77.86669,810856.185835593,1450294.6247506246,1993
21819,Channarayapatna,13.24713,77.79652,803064.0060046274,1466160.9645851015,1994
24435,Channarayapatna,13.24711,77.79649,803060.777305915,1466158.7140244376,1995
24437,Channarayapatna School,13.24409,77.79689,803107.8995733287,1465824.864010211,1996
32238,Channarayapatna School,13.24408,77.79694,803113.3345048926,1465823.8176313124,1997
21821,Channasandra,12.98345,77.76814,800306.5067030083,1436936.2926058015,1998
21822,Channasandra,12.98328,77.76704,800187.2915947943,1436916.1761028538,1999
38634,Channasandra,12.98347,77.76803,800294.5407014962,1436938.3769416113,2000
24439,Channasandra,13.2006,77.50817,771847.5648284567,1460678.9189418918,2001
21820,Channasandra,12.90284,77.52121,773589.4442110829,1427735.9728204529,2002
21823,Channasandra,12.90283,77.52132,773601.3987460015,1427734.983432049,2003
35923,Channasandra,12.90289,77.52133,773602.4192331962,1427741.635059732,2004
32239,Channasandra,13.20062,77.50809,771838.8669026453,1460681.0458288442,2005
21824,Channasandra Colony,12.90335,77.51628,773053.5984544905,1427787.1626818348,2006
21825,Channasandra Colony,12.90331,77.5164,773066.6712707363,1427782.8632625605,2007
24441,Channegowdana Doddy,12.80722,77.42929,763709.1003530303,1417056.8694353977,2008
32240,Channegowdana Doddy,12.8072,77.42925,763704.7766469304,1417054.6150801745,2009
21483,Channenahalli,12.97791,77.43037,763647.4983734267,1435949.1854347498,2010
21484,Channenahalli,12.97786,77.43052,763663.8320225112,1435943.8068181518,2011
21485,Channenahalli Arch,12.97987,77.43545,764196.8068596912,1436171.3726372388,2012
21486,Channenahalli Arch,12.97977,77.43546,764197.997979786,1436160.3153511807,2013
24445,Chapparadakallu,13.27935,77.62543,784473.067233198,1469526.1807496557,2014
31940,Chapparadakallu,13.27904,77.62536,784465.8391648765,1469491.7859037938,2015
40460,Chapparadkallu (DC Office),13.28001,77.62259,784164.3824474164,1469595.9966697723,2016
40461,Chapparadkallu (DC Office),13.27965,77.62233,784136.6123013475,1469555.8505915264,2017
29830,Chapradakallu,13.27924,77.62536,784465.6059913037,1469513.9245539543,2018
21826,Charls School Toll Gate,13.00616,77.62084,784290.1569714503,1439281.006646207,2019
21827,Charls School Toll Gate,13.00618,77.62096,784303.1591328296,1439283.3546519524,2020
38396,Chatra (Yeliyuru Gate),13.27744,77.75845,798898.307629386,1469470.504611865,2021
38397,Chatra (Yeliyuru Gate),13.27743,77.75846,798899.4042074946,1469469.4095695703,2022
21829,Cheemachanahalli,13.21815,77.78611,801970.7917016887,1462940.086627192,2023
21828,Cheemachanahalli,13.21814,77.78604,801963.2117205136,1462938.8950813396,2024
24449,Cheemandahalli,13.05051,77.81179,804963.2400676941,1444412.1853056317,2025
32244,Cheemandahalli,13.05063,77.81171,804954.4097315656,1444425.3738645762,2026
24451,Cheemandahalli Cross,13.0449,77.81346,805151.3885579689,1443793.1283255233,2027
32245,Cheemandahalli Cross,13.0449,77.81356,805162.2425704189,1443793.2487268774,2028
32246,Cheemasandra,13.04772,77.73938,797107.5934391568,1444017.2920120684,2029
24454,Cheemasandra,13.21347,77.86867,810931.5892834009,1462523.0767833493,2030
32247,Cheemasandra,13.21365,77.86867,810931.3610180485,1462543.0051473666,2031
21830,Cheemasandra Gate,13.03878,77.74042,797231.1587345351,1443028.8440275553,2032
24455,Cheemasandra Gate,13.03903,77.74008,797193.9574137967,1443056.1207873973,2033
24459,Chelekere Circle,13.03074,77.64375,786748.5598296449,1442027.5694750694,2034
32249,Chelekere Circle,13.0307,77.64396,786771.397751756,1442023.3790561776,2035
24462,Cheluvayyanapalya,12.99213,77.26465,745647.3557165008,1437357.242473953,2036
32250,Cheluvayyanapalya,12.99222,77.26465,745647.2671661527,1437367.202268579,2037
24464,Chennathimmana Gollahalli,13.13953,77.88582,812885.9394579316,1454358.2261829267,2038
32251,Chennathimmana Gollahalli,13.13956,77.88586,812890.2415822868,1454361.5973444013,2039
24466,Chennathimmana Gollahalli Gate,13.14109,77.89828,814235.9263831447,1454546.4684133937,2040
32252,Chennathimmana Gollahalli Gate,13.14104,77.89838,814246.8406096899,1454541.0575452023,2041
24468,Chenuvalli,13.19909,77.34717,754390.0638270229,1460342.7702138154,2042
32253,Chenuvalli,13.19911,77.34711,754383.5369330656,1460344.9227546528,2043
23958,Chikka Adugodi,12.92899,77.60943,783139.0635959015,1430726.3390465728,2044
23963,Chikka Adugodi,12.92894,77.60939,783134.7770669917,1430720.7602808282,2045
24470,Chikka Arasanahalli,12.7335,77.38128,758569.6673498001,1408849.6419491733,2046
32254,Chikka Arasanahalli,12.73344,77.38125,758566.468979283,1408842.9718237373,2047
20717,Chikka Banavara,13.08043,77.5026,771375.6751310773,1447372.1405401211,2048
20718,Chikka Banavara,13.08046,77.50248,771362.6223073563,1447375.3322224938,2049
38531,Chikka Banavara,13.08068,77.50275,771391.6763800955,1447399.9721112861,2050
24480,Chikka Basti,12.94466,77.47504,768531.701375928,1432315.7364000336,2051
32260,Chikka Basti,12.94455,77.47503,768530.7336900316,1432303.5511685682,2052
24481,Chikka Basti Masjid,12.94178,77.47403,768425.1436462483,1431995.9189044656,2053
28880,Chikka Basti Masjid,12.94191,77.47411,768433.6890679577,1432010.3912391406,2054
32261,Chikka Beguru,12.87873,77.63767,786262.4631956324,1425194.409537987,2055
32262,Chikka Beguru,12.87874,77.63776,786272.2256577231,1425195.6168155288,2056
24486,Chikka Belavagala Gate,13.19838,77.42677,763022.5784075307,1460346.3477732544,2057
32263,Chikka Belavagala Gate,13.19828,77.42688,763034.6141613002,1460335.395459415,2058
24488,Chikka Bellanduru,12.91219,77.71442,794558.4106232289,1428985.1968396462,2059
32264,Chikka Bellanduru,12.91227,77.71435,794550.7155187193,1428993.9721516042,2060
21832,Chikka Bettahalli,13.08945,77.55629,777191.0487096808,1448428.7751786334,2061
21833,Chikka Bettahalli,13.0895,77.55623,777184.4827570464,1448434.243681711,2062
21835,Chikka Bommasandra Cross,13.09354,77.58248,780028.0632493971,1448910.3707300427,2063
21834,Chikka Bommasandra Cross,13.09353,77.58251,780031.3295641388,1448909.2971036786,2064
24491,Chikka Byalakere,13.11964,77.52157,773390.6119513819,1451732.4928632868,2065
32265,Chikka Byalakere,13.11962,77.52155,773388.4643987924,1451730.2574944524,2066
24493,Chikka Dasarahalli,12.89159,77.78471,802216.156094373,1426786.6131176085,2067
32266,Chikka Dasarahalli,12.89201,77.78445,802187.4143878479,1426832.8022895725,2068
24495,Chikka Dasarahalli Cross,12.88203,77.78777,802559.9799256319,1425731.8909483296,2069
32267,Chikka Dasarahalli Cross,12.88203,77.78773,802555.6355703117,1425731.843785238,2070
24257,Chikka Devasandra KR Puram,13.00442,77.70583,793517.4258173545,1439184.9726254852,2071
24260,Chikka Devasandra KR Puram,13.00423,77.70605,793541.5302854176,1439164.193998282,2072
39255,Chikka Gollahalli,13.29838,77.65492,787647.991369652,1471666.5866511678,2073
39256,Chikka Gollahalli,13.2989,77.65523,787680.9859981239,1471724.5069590276,2074
21487,Chikka Gollarahatti,12.99147,77.46559,767455.7780264586,1437486.6931965263,2075
21488,Chikka Gollarahatti,12.99142,77.4656,767456.9169555611,1437481.1697586412,2076
24499,Chikka Gubbi,13.08049,77.66638,789146.7336698929,1447560.3288769322,2077
32269,Chikka Gubbi,13.08052,77.66634,789142.3581701147,1447563.6039845266,2078
21836,Chikka Gubbi Cross,13.08427,77.65414,787814.1565541539,1447964.7861369275,2079
21837,Chikka Gubbi Cross,13.08439,77.65434,787835.7191081714,1447978.297208498,2080
24501,Chikka Hagade,12.7337,77.69927,793120.0281349005,1409209.6512500634,2081
32270,Chikka Hagade,12.73354,77.69923,793115.8655721776,1409191.8947814566,2082
23842,Chikka Hagade Gate,12.73138,77.70642,793899.6634939557,1408960.920981569,2083
23977,Chikka Hagade Gate,12.73136,77.70636,793893.1665393831,1408958.6391344198,2084
24503,Chikka Haralagere,13.20047,77.82506,806217.4993836317,1461030.0861662189,2085
32271,Chikka Haralagere,13.20048,77.82501,806212.0632816114,1461031.1321411305,2086
24507,Chikka Hosahalli,12.70575,77.64522,787278.2536498454,1406055.4118167276,2087
24509,Chikka Indluwadi,12.71624,77.64074,786779.6154922347,1407211.6139761424,2088
32274,Chikka Indluwadi,12.71622,77.64071,786776.3779235261,1407209.3670638828,2089
24511,Chikka Kammanahalli,12.84966,77.59993,782196.5581215625,1421934.9148674263,2090
32275,Chikka Kammanahalli,12.84969,77.59996,782199.7828173344,1421938.2684211554,2091
24513,Chikka Kodigehalli,12.97202,77.46492,767403.876271927,1435333.2873394762,2092
32276,Chikka Kodigehalli,12.97206,77.46486,767397.3208277549,1435337.6515548113,2093
20719,Chikka Kukkanahalli,13.15745,77.44891,765467.6770514436,1455839.5977186065,2094
24518,Chikka Kukkanahalli,13.15753,77.44899,765476.2678086134,1455848.5364958784,2095
24520,Chikka Kuntanahalli,12.79354,77.43838,764710.6805970547,1415552.1305324147,2096
32279,Chikka Kuntanahalli,12.79357,77.43843,764716.080267316,1415555.5020101573,2097
24522,Chikka Kuntanahalli Cross,12.79221,77.43864,764740.3098137393,1415405.1984423888,2098
32280,Chikka Kuntanahalli Cross,12.79216,77.43871,764747.9654108839,1415399.736367015,2099
20720,Chikka Madhure,13.20652,77.43998,764446.3393005898,1461261.1700458669,2100
24523,Chikka Madhure,13.20659,77.43992,764439.7575007963,1461268.8541987634,2101
24525,Chikka Mariyappanapalya,12.93985,77.40043,760437.4618125916,1431706.1559080258,2102
32281,Chikka Mariyappanapalya,12.9399,77.40046,760440.6664771953,1431711.7201628836,2103
24526,Chikka Maskal,12.91971,77.33055,752872.2009003971,1429407.121914063,2104
24528,Chikka Nagamangala,12.86001,77.69499,792509.1626188974,1423186.7928926088,2105
32282,Chikka Nagamangala,12.86005,77.69493,792502.5995844478,1423191.1524634522,2106
24530,Chikka Nagamangala Gate,12.85923,77.70364,793449.5562779903,1423110.3079767344,2107
32283,Chikka Nagamangala Gate,12.85919,77.70368,793453.9472870243,1423105.9257645444,2108
32284,Chikka Nallala,13.09694,77.89533,813971.9501592518,1449654.7246269493,2109
24533,Chikka Nekkundi,12.92985,77.76583,800119.9993929118,1430999.9082542453,2110
35329,Chikka Nekkundi,12.92992,77.76569,800104.713543531,1431007.4930955924,2111
24535,Chikka Puttaiahnapalya,13.09284,77.31818,751354.7861307187,1448554.9254475771,2112
32285,Chikka Puttaiahnapalya,13.09289,77.31825,751362.3290630875,1448560.5285286685,2113
39384,Chikka Puttaiahnapalya Cross,13.09715,77.31905,751444.7882238985,1449032.7741624487,2114
39385,Chikka Puttaiahnapalya Cross,13.09717,77.31906,751445.8527047404,1449034.997496252,2115
24537,Chikka Sanne Gate,13.23031,77.69109,791650.6828157927,1464173.4551262925,2116
32286,Chikka Sanne Gate,13.23038,77.69093,791633.2477378587,1464181.0173455884,2117
24539,Chikka Tanda Manchenahalli Cross,13.03776,77.35001,754864.3273685937,1442491.0546315,2118
32287,Chikka Tanda Manchenahalli Cross,13.03781,77.35004,754867.5313617998,1442496.61830486,2119
24543,Chikka Thataguni,12.84542,77.51416,772886.1433923956,1421373.1093730384,2120
32289,Chikka Thataguni,12.84537,77.51418,772888.3694744641,1421367.5964975285,2121
24545,Chikka Thimmasandra,12.84561,77.74452,797905.752709649,1421649.5898959117,2122
32290,Chikka Thimmasandra,12.84557,77.74455,797909.0585340587,1421645.1966212706,2123
24547,Chikka Thimmasandra Colony,12.84861,77.7418,797606.7674504622,1421978.5423074623,2124
32291,Chikka Thimmasandra Colony,12.84866,77.7418,797606.7085041798,1421984.0773029728,2125
24549,Chikka Thirupathi,12.89536,77.86697,811145.5827873698,1427302.38257404,2126
32292,Chikka Thirupathi,12.89538,77.86704,811153.1607279072,1427304.6817660667,2127
35366,Chikka Thirupathi,12.89532,77.867,811148.890577516,1427297.990552643,2128
32294,Chikka Thogurupalya,12.95628,77.28314,747689.4423929635,1433407.7957335704,2129
24553,Chikka Thogurupalya,12.9562,77.28287,747660.2161760407,1433398.6805540018,2130
24555,Chikka Tumkur,13.26368,77.53253,774418.6754063016,1467687.5247441395,2131
32295,Chikka Tumkur,13.26359,77.53248,774413.3554386166,1467677.5080044616,2132
24557,Chikka Tumkur Cross,13.25273,77.53883,775114.0549801189,1466482.4497574347,2133
32296,Chikka Tumkur Cross,13.25266,77.53886,775117.3865329567,1466474.7347822848,2134
24559,Chikka Tumkur Lake,13.27738,77.51904,772940.7675963026,1469189.1049866308,2135
32297,Chikka Tumkur Lake,13.27745,77.51901,772937.4368916417,1469196.8200694,2136
24561,Chikka Veeraiahanapalya Cross,13.11427,77.43148,763623.3147775508,1451042.2112522237,2137
32298,Chikka Veeraiahanapalya Cross,13.11416,77.4316,763636.449648487,1451030.1621828165,2138
24563,Chikka Veeraiahnapalya,12.94543,77.40051,760440.3475650594,1432323.7967345368,2139
32299,Chikka Veeraiahnapalya,12.94541,77.40046,760434.940788506,1432321.532287897,2140
37648,Chikkaballapura Bus Stand,13.43768,77.73199,795833.643556586,1487177.8697612607,2141
37998,Chikkaballapura R T O Office,13.38317,77.72626,795279.3927516167,1481136.607259376,2142
37999,Chikkaballapura R T O Office,13.38321,77.7263,795283.6792586073,1481141.0831296302,2143
21108,Chikkabanavara Railway Station,13.07543,77.50464,771602.4925803852,1446820.918641579,2144
21109,Chikkabanavara Railway Station,13.07547,77.50469,771607.8738760971,1446825.399626442,2145
21838,Chikkabidarakallu,13.05235,77.48774,769793.90336865,1444248.3149293633,2146
24566,Chikkabidarakallu,13.05196,77.48778,769798.6673575101,1444205.1919357614,2147
39373,Chikkabidarakallu Metrto Station,13.05239,77.48757,769775.4130552206,1444252.5611709834,2148
39374,Chikkabidarakallu Metrto Station,13.05244,77.48744,769761.2523300708,1444257.956817325,2149
39910,Chikkabillakempanahalli (Padmashree Hospital),12.80755,77.40062,760594.854364312,1417064.2800158956,2150
39911,Chikkabillakempanahalli (Padmashree Hospital),12.80747,77.40077,760611.2282790274,1417055.5776039348,2151
24568,Chikkagattiganabbe,13.04166,77.79549,803204.8889838973,1443412.875426874,2152
32301,Chikkagattiganabbe,13.0416,77.79554,803210.3891783608,1443406.29288468,2153
24570,Chikkahosahalli Gate,13.20739,77.7631,799488.256426981,1461721.253908547,2154
32302,Chikkahosahalli Gate,13.20711,77.76307,799485.3442968219,1461690.2208947185,2155
24572,Chikkahullur,13.1051,77.82485,806313.269649935,1450471.5176265906,2156
32303,Chikkahullur,13.10508,77.82493,806321.9755946731,1450469.4005808288,2157
24574,Chikkajala,13.17277,77.63318,785437.4742899472,1457737.329599845,2158
32304,Chikkajala,13.17273,77.63369,785492.8399966718,1457733.481714467,2159
39284,Chikkajala  FLY,13.17299,77.6336,785482.7760778524,1457762.1596095625,2160
39285,Chikkajala  FLY,13.17288,77.63336,785456.8711185025,1457749.710485405,2161
24575,Chikkallasandra,12.91507,77.55198,776916.966386649,1429122.700287803,2162
21840,Chikkallasandra Aralimara,12.91168,77.55226,776951.1053953208,1428747.7810294796,2163
21841,Chikkallasandra Aralimara,12.91157,77.55238,776964.2559331107,1428735.735459147,2164
24576,Chikkallasandra Aralimara,12.91184,77.55215,776938.9855192639,1428765.3716668577,2165
21842,Chikkallasandra Bank Colony,12.90906,77.5491,776610.8864468927,1428454.3717473405,2166
21843,Chikkallasandra Bank Colony,12.90914,77.54927,776629.2566450874,1428463.410117552,2167
24580,Chikkamaranahalli,13.25705,77.7637,799492.5879897717,1467219.5453781202,2168
32306,Chikkamaranahalli,13.0905,77.32312,751893.0633739531,1448300.8792165169,2169
32307,Chikkamaranahalli,13.0904,77.32309,751889.9105850898,1448289.7823956732,2170
24582,Chikkamaranahalli Colony,13.0967,77.32268,751839.0262031418,1448986.5895259539,2171
32308,Chikkamaranahalli Colony,13.09665,77.32266,751836.9074656657,1448981.0361259226,2172
32309,Chikkammanapalya,12.95049,77.42292,762867.6902756459,1432906.7671306033,2173
24584,Chikkammanapalya,12.95033,77.423,762876.5422595813,1432889.1414142498,2174
24586,Chikkana Hosahalli,13.21479,77.58064,779690.762934319,1462329.3552144892,2175
32310,Chikkana Hosahalli,13.21474,77.58065,779691.9044236701,1462323.8319247123,2176
39956,Chikkanadoddi Cross,12.66985,77.51247,772890.8989984349,1401939.080277553,2177
39957,Chikkanadoddi Cross,12.6699,77.51248,772891.932517237,1401944.6247503136,2178
32313,Chikkanahalli,12.71756,77.64678,787434.4856910512,1407364.3977931843,2179
32314,Chikkanahalli,12.71755,77.64682,787438.8436791888,1407363.3351179028,2180
32311,Chikkanahalli,13.18385,77.6882,791392.4389318742,1459027.0638660921,2181
32320,Chikkanahalli,13.18394,77.68817,791389.0781830675,1459036.9918100336,2182
32315,Chikkanahalli,12.93444,77.47249,768265.8182037646,1431181.9175226032,2183
32318,Chikkanahalli,12.93457,77.47251,768267.8503607159,1431196.326780069,2184
24599,Chikkanahalli,13.1318,77.90317,814778.3720016504,1453524.0323071885,2185
32317,Chikkanahalli,13.13185,77.90319,814780.4784103245,1453529.5930939198,2186
32316,Chikkanahalli,12.8816,77.35521,755587.9787563821,1425213.9725997488,2187
32319,Chikkanahalli,12.88186,77.35537,755605.0870070551,1425242.9060971432,2188
24588,Chikkanahalli (Railway Gollahalli),13.18371,77.38434,758436.8643645311,1458678.6225259784,2189
32312,Chikkanahalli (Railway Gollahalli),13.18367,77.38426,758428.2307468754,1458674.1131674708,2190
24601,Chikkanahalli Bande,13.17933,77.39042,759100.8303340797,1458200.1372438953,2191
32321,Chikkanahalli Bande,13.17931,77.39034,759092.1755535685,1458197.8411764826,2192
24605,Chikkanahalli Gate,13.12584,77.90411,814887.9746679799,1452865.3421182078,2193
32323,Chikkanahalli Gate,13.12559,77.90421,814899.1447780067,1452837.7882078958,2194
28191,Chikkanahalli School,13.18267,77.3866,758683.0459843682,1458565.8498084932,2195
34485,Chikkanahalli School,13.18269,77.3865,758672.1803112039,1458567.960219296,2196
24607,Chikkanayakanahalli,12.89228,77.69454,792422.8231745186,1426758.4459285156,2197
32324,Chikkanayakanahalli,12.89232,77.69445,792413.0029700014,1426762.771148294,2198
24609,Chikkanayakanahalli Dinne,12.88384,77.69704,792704.1320423308,1425827.020171618,2199
32325,Chikkanayakanahalli Dinne,12.88386,77.69713,792713.8828441945,1425829.3367669277,2200
24613,Chikkegowdanapalya,12.8787,77.51471,772909.8633793676,1425057.1806889225,2201
32327,Chikkegowdanapalya,12.87882,77.51474,772912.9910203089,1425070.4944002766,2202
39110,Chikkegowdanapalya Junction,12.87816,77.51649,773103.7366761458,1424999.3051706494,2203
39111,Chikkegowdanapalya Junction,12.8782,77.51661,773116.7239833043,1425003.8600949664,2204
24615,Chikkellur Cross,12.89191,77.42158,762783.5424540916,1426422.0400093317,2205
32328,Chikkellur Cross,12.89183,77.42171,762797.7408795597,1426413.3191998547,2206
24618,Chinmaya Vidyalaya Koramangala,12.93491,77.62811,785160.5099133353,1431402.3862640832,2207
24621,Chinnaiahnapalya,12.72257,77.65589,788418.7907686147,1407929.056827263,2208
24623,Chinnakurchi,12.82745,77.45962,766982.0319540526,1419327.0442231558,2209
32331,Chinnakurchi,12.82741,77.45962,766982.0741740979,1419322.6171309033,2210
32332,Chinnappa Garden,13.00302,77.60354,782415.9588943846,1438914.1606779515,2211
32333,Chinnappa Garden,13.0031,77.60353,782414.7828798166,1438923.0047435942,2212
24630,Chinnappa Layout,13.02823,77.60961,783046.1622301848,1441711.4095115045,2213
32335,Chinnappa Layout,13.02825,77.60964,783049.3954100279,1441713.6567714838,2214
22694,Chinnaswamy Stadium,12.97742,77.59885,781935.8122064839,1436075.3140640312,2215
21844,Chinnayyanapalya Silk Farm,12.85356,77.52343,773884.0654554358,1422283.9094629104,2216
21845,Chinnayyanapalya Silk Farm,12.85368,77.52331,773870.9032314827,1422297.0635800457,2217
37208,Chinnayyanapalya Silk Farm,12.85366,77.5232,773858.9789271677,1422294.732820926,2218
24637,Chinthala Madivala,12.85269,77.71173,794335.8580402401,1422395.595178528,2219
32338,Chinthala Madivala,12.85266,77.71179,794342.4099477385,1422392.342918797,2220
24639,Chinthala Madivala Cross,12.85453,77.71226,794391.2775681315,1422599.885114234,2221
32339,Chinthala Madivala Cross,12.85452,77.71222,794386.9446536058,1422598.7323497117,2222
39154,Chirayu Pali Clinic,13.04424,77.49068,770121.7414898572,1443353.8227445048,2223
39155,Chirayu Pali Clinic,13.04452,77.49071,770124.6926681085,1443384.84542799,2224
24642,Chitrapura Mutt,13.00564,77.56528,778260.2971576953,1439161.9841073314,2225
24646,Chokkahalli Gate,13.11222,77.83227,807109.6060559734,1451268.788091362,2226
32341,Chokkahalli Gate,13.11222,77.83213,807094.4143578869,1451268.617591482,2227
28791,Chokkanahali Government School,13.11131,77.69131,791815.6361797134,1451000.6678684137,2228
33826,Chokkanahali Government School,13.11135,77.69133,791817.7589813219,1451005.118906186,2229
32342,Chokkanahalli,13.18312,77.53915,775226.8785066274,1458777.9456418874,2230
32346,Chokkanahalli,13.18306,77.53932,775245.3834288946,1458771.4909728565,2231
32343,Chokkanahalli,13.11355,77.68756,791406.1177091899,1451244.293837571,2232
32344,Chokkanahalli,13.11351,77.68758,791408.3348599618,1451239.889062242,2233
24652,Chokkanahalli,13.08235,77.62499,784653.3343134115,1447719.2457478603,2234
32345,Chokkanahalli,13.08233,77.62497,784651.1871201333,1447717.0093891677,2235
21846,Chokkanahalli Gate,13.08466,77.63487,785722.7370793968,1447986.0923044034,2236
21847,Chokkanahalli Gate,13.08471,77.63473,785707.4882814676,1447991.468673142,2237
32347,Chokkasandra,12.87059,77.7211,795332.6231327131,1424387.8354903834,2238
32348,Chokkasandra,12.87066,77.7212,795343.4019246993,1424395.699359015,2239
24658,Chokkasandra Cross,12.87348,77.73397,796727.0155725679,1424722.5902496492,2240
32349,Chokkasandra Cross,12.87355,77.73402,796732.3635323471,1424730.396986222,2241
32350,Chokkasandra Cross,12.87348,77.73409,796740.0485481175,1424722.728916658,2242
24660,Chokkasandra Gate,13.1832,77.88681,812937.8442336507,1459194.354611215,2243
32351,Chokkasandra Gate,13.18333,77.8867,812925.7453106946,1459208.610257003,2244
21489,Cholanayakanahalli,12.96024,77.35952,755975.7524916115,1433921.4016830276,2245
21490,Cholanayakanahalli,12.9605,77.35961,755985.255339883,1433950.2663846335,2246
24664,Cholappanahalli Gate,13.11897,77.83919,807852.1021690504,1452024.5182855518,2247
32353,Cholappanahalli Gate,13.1191,77.83923,807856.2805467283,1452038.959439534,2248
24667,Choodasandra Circle,12.88853,77.67299,790086.9047154477,1426318.8655086583,2249
35370,Choodasandra Circle,12.88855,77.67294,790081.4518276851,1426321.0228535407,2250
24669,Choudappa Layout,13.10983,77.5281,774109.8923689632,1450653.7684091302,2251
32355,Choudappa Layout,13.10978,77.52807,774106.6931265052,1450648.2015918882,2252
24671,Chowdanahalli,13.21449,77.62801,784828.3086174028,1462349.5648495948,2253
32356,Chowdanahalli,13.21444,77.628,784827.2821872185,1462344.0188193158,2254
21848,Chowdappanahalli,13.14841,77.7537,798540.2913014231,1455180.763550529,2255
21849,Chowdappanahalli,13.14852,77.75373,798543.4127532389,1455192.9764771059,2256
23971,Chowdareddy Circle,12.71119,77.69949,793169.80863633,1406718.1425194754,2257
23973,Chowdareddy Circle,12.71125,77.69931,793150.1782288791,1406724.5813072992,2258
38858,Chowdary Line,13.00521,77.63878,786238.493111119,1439195.977850857,2259
24673,Chowdasandra Cross,13.01049,77.33506,753269.8826772271,1439458.1254678613,2260
32357,Chowdasandra Cross,13.01056,77.33502,753265.4708275566,1439465.832481146,2261
32358,Chowdeshwari Temple,12.75911,77.69019,792104.189172495,1412012.1736346607,2262
32359,Chowdeshwari Temple,12.75914,77.69013,792097.6354845664,1412015.426833812,2263
24678,Chowdeshwari Temple,12.99483,77.56638,778391.7528025198,1437966.6650890678,2264
24679,Chowdeshwari Temple B Channasandra,13.01094,77.65918,788446.1605431628,1439853.3103427344,2265
36390,Chowdeshwarinagara,13.00047,77.52479,773871.3611471367,1438545.7907194586,2266
36391,Chowdeshwarinagara,13.0006,77.525,773894.0110680468,1438560.4056735353,2267
24682,Chowdeshwarinagara,12.99759,77.39939,760264.4737906789,1438095.4021949854,2268
32362,Chowdeshwarinagara,12.9975,77.39944,760269.9940892179,1438085.4926739396,2269
39199,Chowdeshwarinagara Bus Stand,13.00135,77.52087,773444.9339791071,1438638.9747771944,2270
24270,Chowdeshwarinagara JP Park,13.03272,77.55408,777014.5634429858,1442147.127038437,2271
24683,Chowdeshwarinagara JP Park,13.03281,77.55446,777055.7025850797,1442157.5036444755,2272
37606,Chowdeshwarinagara JP Park,13.03284,77.55432,777040.475733074,1442160.6713690741,2273
24684,Chowdeshwarinagara Tataguni,12.84988,77.51885,773390.6632083573,1421871.7277667064,2274
24674,Chowdeshwarinagara Thataguni,12.84995,77.51892,773398.1895009552,1421879.549881253,2275
24686,Christ International School Cross,12.88589,77.89044,813706.489231003,1426282.5375203858,2276
32363,Christ International School Cross,12.88587,77.89049,813711.9449623707,1426280.3844128675,2277
24688,Christ School,12.79913,77.51193,772693.8407264724,1416247.3110979071,2278
32364,Christ School,12.79918,77.5119,772690.5282630636,1416252.8134825975,2279
24690,Christal House Learning School,13.0943,77.65168,787535.5773668224,1449072.2476691054,2280
32365,Christal House Learning School,13.09439,77.65173,787540.8980928292,1449082.2670654804,2281
24692,Chudahalli,12.78228,77.48943,770267.8003261776,1414358.7187487255,2282
32366,Chudahalli,12.78225,77.48943,770267.8322650737,1414355.3983710099,2283
24694,Chunchaghatta,12.88558,77.57487,779435.0560647734,1425883.4195924264,2284
32367,Chunchaghatta,12.88553,77.57489,779437.2833716193,1425877.9070439532,2285
24696,Chunchanakuppe,12.91038,77.38631,758935.0927989637,1428430.2898859668,2286
32368,Chunchanakuppe,12.91034,77.38632,758936.2196723836,1428425.8730965948,2287
38192,Cipla Avalahalli,13.03229,77.73139,796258.806491975,1442299.8326935177,2288
21850,Cipla Avalahalli,13.03243,77.73148,796268.4082488192,1442315.4358221425,2289
21851,Cipla Avalahalli,13.03263,77.73114,796231.2668964213,1442337.1788586283,2290
21491,City Civil Court,12.97334,77.58243,780157.9687217539,1435605.596974506,2291
24128,City Civil Court,12.97343,77.58243,780157.8678520017,1435615.5588733796,2292
37720,City Civil Court (CHAKRA),12.97339,77.58237,780151.3995213266,1435611.0654141288,2293
35922,Clarence School,13.00309,77.61666,783839.9493843981,1438936.515962587,2294
36224,Cloride Metal,12.93964,77.91132,815906.7783101273,1432259.0969593634,2295
36225,Cloride Metal,12.93954,77.91152,815928.6232941344,1432248.2727874403,2296
24711,Coca Cola Byramangala,12.78086,77.40412,761002.4564162489,1414113.9545000335,2297
32374,Coca Cola Byramangala,12.78103,77.40411,761001.195442069,1414132.7587962565,2298
24715,Coffee Board Layout,13.04843,77.60914,782972.165518858,1443946.8299176854,2299
32377,Coffee Board Layout,13.04853,77.60919,782977.4777319157,1443957.9547844029,2300
38049,Coffee Day Hope Farm,12.97998,77.75162,798517.2014282958,1436532.7338115575,2301
38050,Coffee Day Hope Farm,12.97987,77.75168,798523.8466879872,1436520.6269556552,2302
38695,Cohera,13.17322,77.74122,797156.4055546108,1457912.497680758,2303
24717,Coles Park,12.99308,77.60928,783050.2657001892,1437820.2829547317,2304
32378,Coles Park,12.99301,77.60927,783049.2596286158,1437812.5235310767,2305
21857,Coles Park,12.99534,77.60829,782940.2425565836,1438069.3413936447,2306
21859,Coles Park,12.99573,77.60668,782765.043017056,1438110.7207484245,2307
21862,Coles Road,12.99661,77.61204,783345.8451664199,1438214.0908417208,2308
21863,Coles Road,12.99632,77.61247,783392.8488661053,1438182.4695639801,2309
21865,Commando Hospital,12.96268,77.62756,785069.1841904462,1434475.6671343432,2310
21864,Commando Hospital,12.96364,77.62641,784943.2457489592,1434580.6457587455,2311
35086,Commercial Street,12.97994,77.60981,783122.6936471782,1436366.4055570746,2312
24721,Commercial Street,12.98283,77.60623,782730.8071081399,1436682.3228348757,2313
35212,Commercial Street,12.98163,77.60822,782948.1819458294,1436551.704879782,2314
24722,Concord Apartment Electronic City,12.84056,77.65185,787845.9469922476,1420985.1295585155,2315
35337,Concord Apartment Electronic City,12.84061,77.65172,787831.7699844266,1420990.518838885,2316
37972,Concorde Napa Valley,12.78852,77.5121,772723.715627024,1415073.1643938487,2317
20726,Corporation,12.9682,77.58936,780916.0160784831,1435044.2865209423,2318
20727,Corporation,12.96701,77.58822,780793.5990017266,1434911.3119159185,2319
20725,Corporation,12.96839,77.58675,780632.4732799416,1435062.4432572848,2320
20728,Corporation,12.9648,77.58778,780748.3150558231,1434666.2066793358,2321
24724,Country Club Bagaluru,13.12348,77.63937,786166.1129598954,1452288.2932533035,2322
32381,Country Club Bagaluru,13.12358,77.63932,786160.5725307378,1452299.3058070915,2323
23660,Cox Town,12.99648,77.62157,784380.4296193318,1438210.3335431567,2324
24047,Cox Town,12.99629,77.62153,784376.3043510348,1438189.2575396919,2325
24733,Crown Plaza,12.85092,77.66,788719.322186127,1422141.0363964853,2326
20732,Crown Plaza,12.85082,77.66023,788744.4173130784,1422130.2252241233,2327
21866,Crystal Apartment Sarjapura Road,12.86771,77.76724,800347.3307785369,1424122.517929828,2328
21867,Crystal Apartment Sarjapura Road,12.86758,77.76714,800336.6243495184,1424108.0097341521,2329
37694,Cubbon Park Metro Station,12.98068,77.59835,781877.8582044793,1436435.6072181303,2330
24741,Cubbon Park Metro Station,12.98083,77.59722,781755.0267205747,1436450.9604561336,2331
38459,Cubbon Park Metro Station,12.98068,77.59831,781873.5161742102,1436435.5629571455,2332
21869,Cunningham Road,12.98788,77.59423,781422.5164715602,1437228.0110822208,2333
39688,Cura Hospital,12.88802,77.56148,777978.345327307,1426138.9483673207,2334
39689,Cura Hospital,12.88787,77.56161,777992.6274611606,1426122.4863968932,2335
23341,C‌ Q A L,13.0118,77.59321,781284.8230581179,1439874.5598503,2336
24749,D Cross Doddaballapura,13.30659,77.54594,775824.0786599927,1472451.899717777,2337
32387,D Cross Doddaballapura,13.30654,77.54584,775813.2949961914,1472446.2544194318,2338
32389,D Cross Doddaballapura,13.3066,77.54574,775802.3867324635,1472452.7847169274,2339
24751,D Group Employees Layout,13.09134,77.69091,791795.787320651,1448789.579025222,2340
32390,D Group Employees Layout,13.09127,77.69089,791793.6996188608,1448781.8071121604,2341
26638,D Group Employees Layout Srigandhada Kaval,12.97808,77.49874,771068.3188023819,1436039.7333833657,2342
34680,D Group Employees Layout Srigandhada Kaval,12.97813,77.49874,771068.2645658683,1436045.2674486132,2343
24753,D Hosahalli,12.96839,77.83253,807315.5871375233,1435345.8469727486,2344
32391,D Hosahalli,12.96831,77.83242,807303.742206738,1435336.8576904463,2345
24755,D Shettihalli Gate,13.15057,77.86844,810986.2135606976,1455558.949011255,2346
32392,D Shettihalli Gate,13.15057,77.8685,810992.7234587442,1455559.0232231796,2347
21872,D Souza Circle,12.96755,77.61106,783272.4249170108,1434996.3455325854,2348
24758,D Souza Nagara,12.93179,77.53331,774871.5593709274,1430953.2103544306,2349
32393,D Souza Nagara,12.93199,77.53289,774825.7420810135,1430974.895629239,2350
38109,DEPOT-19 Gate,12.84691,77.67192,790018.5881511893,1421710.5611494512,2351
37969,DHFL,13.19963,77.69561,792177.4246433921,1460782.5028771416,2352
38070,DHFL,13.19945,77.69561,792177.6388646184,1460762.5771663918,2353
25000,DLF Home Town,12.87565,77.61775,784102.6786970994,1424831.3556268613,2354
32493,DLF Home Town,12.8758,77.61776,784103.5955139762,1424847.97017867,2355
21925,DRDO Quarters,12.98546,77.66133,788709.0149327937,1437035.262103703,2356
21926,DRDO Quarters,12.98551,77.66147,788724.1546297575,1437040.9555532364,2357
38105,DSC HAL GM Palya,12.97659,77.66824,789469.4011284632,1436061.245142277,2358
39323,DTDC Wear House (Godown),13.10745,77.61864,783935.5177610862,1450490.459604243,2359
25164,DUO Heights Layout,12.89486,77.61468,783747.6295072774,1426954.3107164116,2360
32572,DUO Heights Layout,12.89486,77.61463,783742.2000422555,1426954.2553842673,2361
24761,Dabaspete,13.22787,77.24187,742943.6022386451,1463423.2280447967,2362
32394,Dabaspete,13.2277,77.24144,742897.1517030625,1463403.9975022,2363
24763,Dabbaguli,12.89092,77.32275,752054.3184832714,1426213.3027221838,2364
24765,Dabbaguli Gate,12.87,77.32808,752653.97632924,1423903.3699115762,2365
32396,Dabbaguli Gate,12.87007,77.32804,752649.5630270425,1423911.0773396776,2366
24768,Dabbaguli Gate-2,12.87945,77.31628,751363.3256657997,1424937.601796186,2367
32398,Dabbaguli Gate-2,12.8796,77.31615,751349.0613990643,1424954.0746186369,2368
20733,Dalai Lama College,12.85049,77.42456,763150.3378133974,1421840.936806535,2369
20734,Dalai Lama College,12.85056,77.42409,763099.2256538034,1421848.2034406282,2370
24769,Dalmia Circle,12.90639,77.59505,781603.1223330568,1428208.9047161327,2371
35201,Dalmia Circle,12.90618,77.59504,781602.2718176318,1428185.6491785669,2372
39259,Dalmia Circle,12.90611,77.59493,781590.4061361202,1428177.7800867434,2373
35959,Dalmia Circle,12.90697,77.595,781597.0432746063,1428273.0489749522,2374
24771,Damodhar Nagara,12.9536,77.79708,803484.593039913,1433666.046378567,2375
24773,Dandiganahalli,13.30949,77.76763,799854.284000136,1473029.6333246657,2376
32400,Dandiganahalli,13.30955,77.76757,799847.7049257713,1473036.2032359068,2377
24775,Dandupalya,13.07455,77.81156,804908.7353714807,1447073.3099009816,2378
32401,Dandupalya,13.07461,77.81115,804864.1655411853,1447079.4580280497,2379
24777,Dandupalya Cross,13.07636,77.81145,804894.5711483007,1447273.5574682516,2380
32402,Dandupalya Cross,13.07638,77.81149,804898.8875928121,1447275.8198476236,2381
32403,Dandupalya Gate,13.07728,77.80786,804503.8325639248,1447371.0817574826,2382
32404,Dandupalya Gate,13.07689,77.80804,804523.846311206,1447328.122816138,2383
24782,Danojipalya,13.08869,77.40498,760775.5801582441,1448183.5953193237,2384
32405,Danojipalya,13.08827,77.40508,760786.8711931022,1448137.2149796232,2385
24784,Dargha,13.28735,77.7744,800615.6059586043,1470586.7899280796,2386
32406,Dargha,13.28744,77.77438,800613.3263919093,1470596.7292719542,2387
24785,Darshan Farm,12.9313,77.52682,774167.4966450972,1430892.0080552143,2388
24788,Dasanapura,13.07523,77.43599,764154.2053105576,1446726.0839399006,2389
21873,Dasanapura,13.07542,77.43636,764194.146862791,1446747.49901159,2390
32407,Dasanapura,12.74761,77.77447,801275.4402590069,1410835.6231563042,2391
24050,Dasanayakanahalli,13.11829,77.6884,791491.6664441064,1451769.96957651,2392
24303,Dasanayakanahalli,13.11823,77.68833,791484.1423945867,1451763.2468016134,2393
24792,Dasappanapalya,13.07934,77.50593,771738.1749256414,1447255.0728511591,2394
32409,Dasappanapalya,13.0794,77.50591,771735.9391423116,1447261.6923123463,2395
24796,Dasarahalli,13.09995,77.83616,807546.9789461012,1449915.1219616167,2396
32412,Dasarahalli,13.09998,77.83611,807541.5157600841,1449918.3823240302,2397
32414,Dasarahalli Hebbala,13.05627,77.61157,783226.9346779396,1444817.3587431367,2398
32413,Dasarahalli Hebbala,13.05631,77.61148,783217.1223678034,1444821.685731497,2399
21496,Dasarahalli Kere,12.98595,77.54179,775732.5332454972,1436957.0131678432,2400
24067,Dasarahalli Kere,12.98517,77.54417,775991.7304489464,1436873.2572077543,2401
30369,Dasarahalli Road Junction,13.05573,77.59451,781376.2278069096,1444738.572458063,2402
33143,Dasarahalli Road Junction,13.05583,77.5941,781331.6222795995,1444749.1859765719,2403
24805,Dasegowdarapalya,13.02341,77.39444,759700.3573250347,1440947.9405833576,2404
32417,Dasegowdarapalya,13.02347,77.39426,759680.7617179895,1440954.396957225,2405
20735,Dasenahalli Cross,13.14084,77.46523,767255.7917032399,1454018.4935147108,2406
24808,Dasenahalli Cross,13.14088,77.4652,767252.4942552708,1454022.8888594285,2407
24812,Dattatreya Peeta Doddagubbi,13.06732,77.66465,788974.3554421002,1446100.4974208104,2408
32420,Dattatreya Peeta Doddagubbi,13.06739,77.66465,788974.273904856,1446108.246069389,2409
21874,Dayananda Sagar College,12.90948,77.56553,778394.3691919179,1428518.6602400807,2410
21875,Dayananda Sagar College,12.90949,77.5654,778380.2428230597,1428519.6258025942,2411
23601,Dayananda Sagar Vidya Samste,12.82494,77.51374,772862.6370476219,1419105.9074608632,2412
23637,Dayananda Sagar Vidya Samste,12.82488,77.51369,772857.2711760921,1419099.213656066,2413
39368,Dayananda Sagara MDC,12.66282,77.4501,766120.1002237494,1401096.608371171,2414
39369,Dayananda Sagara MDC,12.66269,77.44972,766078.9381725092,1401081.8332332068,2415
24161,Deccan,12.90247,77.62741,785121.3487170647,1427810.7901478575,2416
24165,Deccan,12.90255,77.62745,785125.6014575028,1427819.6899248709,2417
24817,Deepa Complex,12.96659,77.50483,771741.8434667906,1434774.48666544,2418
35400,Deepa Complex,12.96667,77.50506,771766.7229874937,1434783.586279861,2419
35406,Deepa Complex,12.96636,77.50508,771769.2308081046,1434749.296262137,2420
21877,Deepak Factory,13.04749,77.50135,771276.0515517714,1443724.9310828617,2421
24818,Deepak Factory,13.04704,77.50159,771302.5862059887,1443675.3810430507,2422
21878,Deepak Nursing Home,12.92598,77.57711,779633.3442597792,1430357.6104063592,2423
21879,Deepak Nursing Home,12.92518,77.57699,779621.2069951815,1430268.9296201428,2424
20738,Deepanjalinagara,12.95375,77.53624,775165.5465448102,1433386.9812984676,2425
20739,Deepanjalinagara,12.9514,77.53724,775276.68778874,1433127.9518119302,2426
40463,Deepanjalinagara Nice Link Road,12.95031,77.53793,775352.7918546833,1433008.0501378847,2427
32423,Deganahalli,13.13446,77.3735,757312.7504214835,1453216.8254234693,2428
24821,Dell,12.95275,77.64044,786478.8214905503,1433390.9224158707,2429
21881,Dell Domluru,12.95291,77.64065,786501.4373033978,1433408.8688643232,2430
24824,Depot-02 Shanthinagara,12.95442,77.59488,781530.7483603386,1433525.0845921116,2431
23652,Depot-03 Shanthinagara,12.95532,77.596,781651.3251650841,1433625.9400275322,2432
24827,Depot-04 Jayanagara,12.92489,77.59346,781409.7438116445,1430254.890065897,2433
20741,Depot-06 Gate,12.98255,77.63434,785782.5111678044,1436682.7020186682,2434
20742,Depot-06 Gate,12.9824,77.6344,785789.1959626689,1436666.1655482282,2435
20743,Depot-06 Indiranagara,12.98189,77.63446,785796.2926699196,1436609.7799695402,2436
22774,Depot-07 Subhashnagara,12.97901,77.57186,779004.240745248,1436221.59780219,2437
32424,Depot-08 Yeshawanthapura,13.01778,77.55559,777195.0706722396,1440495.1269288582,2438
39142,Depot-09 Gate,13.02071,77.5006,771223.8600640671,1440760.0690843863,2439
35710,Depot-09 Peenya,13.02021,77.50013,771173.3973389413,1440704.2263992452,2440
35919,Depot-10 Gate,13.02545,77.63057,785324.1736087531,1441427.1532077831,2441
35918,Depot-10 Gate,13.0255,77.63053,785319.7749477746,1441432.6428495029,2442
39174,Depot-10 Gate,13.02577,77.63181,785458.3885318695,1441463.9686219355,2443
28843,Depot-10 Gate,13.02623,77.63175,785451.3489788522,1441514.8194962104,2444
21498,Depot-10 Gate,13.02766,77.63242,785522.4259664793,1441673.8626929573,2445
21500,Depot-10 Hennuru,13.02568,77.63233,785514.9292989976,1441454.5911068916,2446
32425,Depot-11 Puttenahalli,13.11061,77.57947,779682.1821023207,1450796.4867615663,2447
36407,Depot-12 Gate,12.90481,77.47068,768100.9600554757,1427900.6069772374,2448
35721,Depot-12 Gate,12.90471,77.47084,768118.4385604048,1427889.7065179998,2449
24833,Depot-12 Kengeri,12.90424,77.4727,768320.8881336988,1427839.634385964,2450
20745,Depot-13 Kathriguppe,12.92493,77.55434,777162.3192192836,1430216.6101382084,2451
36584,Depot-14 Gate,13.02844,77.5937,781319.2083753394,1441716.9667238898,2452
35045,Depot-14 RT Nagara,13.02868,77.59328,781273.3547205575,1441743.066623143,2453
32426,Depot-15 Koramangala,12.9414,77.62487,784801.3598096997,1432117.1580051878,2454
20746,Depot-16 Deepanajalinagara,12.95136,77.53703,775253.9344095732,1433123.2980454587,2455
22775,Depot-17 Chandra Layout,12.95897,77.52733,774192.5826002291,1433955.1610953736,2456
24838,Depot-18 White Field,12.97686,77.72596,795735.1863842821,1436157.4193572544,2457
24839,Depot-19 Electronic City,12.8474,77.67229,790058.2126318553,1421765.2183136554,2458
21503,Depot-20 Banashankari,12.91871,77.57086,778962.8452113902,1429546.0955894128,2459
39764,Depot-20 Gate,12.91841,77.57111,778990.322466745,1429513.1621319798,2460
39765,Depot-20 Gate,12.91839,77.57108,778987.0874190361,1429510.9157020333,2461
24840,Depot-21 BEML Layout,12.90673,77.52042,773499.4344353639,1428165.6843530517,2462
39141,Depot-22 Gate,13.02016,77.50191,771366.6282509869,1440700.5933013211,2463
20747,Depot-22 Peenya,13.01948,77.50172,771346.7491128013,1440625.1266850813,2464
24841,Depot-23 Kalyana Nagara,13.02655,77.63895,786232.4241714494,1441558.348384022,2465
36727,Depot-24 Gate,13.00331,77.6825,790986.2964858104,1439035.283843994,2466
21886,Depot-24 Gate,13.00341,77.6825,790986.1797858542,1439046.353444904,2467
24843,Depot-24 ITI Layout,13.00163,77.68359,791106.574580291,1438850.5619992916,2468
32427,Depot-25 Gate,12.91956,77.64495,787006.4504701653,1429722.1038477723,2469
20749,Depot-25 Gate,12.91936,77.64255,786746.0847811287,1429697.2750190333,2470
20748,Depot-25 Gate (Central Silk Board),12.91952,77.64294,786788.2485428839,1429715.4227914647,2471
24847,Depot-25 HSR Layout,12.91986,77.64457,786964.846751974,1429754.8854165094,2472
23309,Depot-26 Yeshawanthapura,13.0186,77.55537,777170.2813296207,1440585.6493610418,2473
36342,Depot-27 Gate,12.7801,77.63448,786027.5817447617,1414273.4057307227,2474
36343,Depot-27 Gate,12.78003,77.63445,786024.4014013777,1414265.6242129535,2475
24849,Depot-27 Jigani,12.78019,77.63446,786025.3075378449,1414283.3457710082,2476
20750,Depot-28 Hebbala,13.04355,77.59335,781264.1355609752,1443389.090404555,2477
24851,Depot-29 KR Puram,13.00444,77.69175,791989.0413586971,1439170.9747032395,2478
24852,Depot-30 Puttenahalli,13.11009,77.57762,779482.05902099,1450736.8784992353,2479
35917,Depot-31 Gate,12.99311,77.5213,773500.636580265,1437727.4077989724,2480
21887,Depot-31 Gate,12.99306,77.52146,773518.0576843128,1437722.0455790325,2481
24854,Depot-31 Summanahalli,12.99285,77.52221,773599.692506297,1437699.6082058777,2482
24855,Depot-32 Suryacity,12.79047,77.70677,793869.3894135291,1415502.3685937596,2483
35283,Depot-33 Poornapragna layout,12.90974,77.53606,775194.2900732511,1428515.5907015032,2484
32430,Depot-34 Gate,12.87023,77.58567,780624.9357637337,1424196.1544886401,2485
35964,Depot-34 Gate,12.87021,77.58571,780629.3019398551,1424193.9844378827,2486
32431,Depot-34 Kottanur,12.87168,77.58616,780676.5338041971,1424357.1864961933,2487
35809,Depot-35 Gate,12.9726,77.44268,764989.2519975088,1435374.2582997116,2488
24860,Depot-35 Kannalli,12.97253,77.44263,764983.8990611816,1435366.4589358822,2489
24861,Depot-36 Bidadi,12.76888,77.41428,762118.4263286386,1412798.3572466199,2490
24863,Depot-36 Gate,12.7684,77.41397,762085.2464907907,1412744.9201825503,2491
32432,Depot-36 Gate Bidadi,12.76845,77.41403,762091.7126473438,1412750.514584971,2492
35735,Depot-37 Kengeri,12.91344,77.48793,769964.6009592814,1428873.8868420944,2493
24864,Depot-38 Chikkanagamangala,12.85019,77.69176,792169.7208975018,1422096.0870480686,2494
24866,Depot-38 Gate,12.84901,77.69247,792248.2035034741,1421966.2724491828,2495
36785,Depot-38 Gate,12.84902,77.69251,792252.536539152,1421967.4248442447,2496
36725,Depot-39 Gate,13.06905,77.78178,801683.5311665875,1446428.7184362449,2497
32434,Depot-39 Hoskote,13.06832,77.78173,801678.9927265247,1446347.8443762565,2498
32435,Depot-40 Dasanapura,13.07402,77.44491,765123.29684656,1446601.4951352442,2499
22973,Depot-40 Gate,13.06872,77.44766,765427.3386892467,1446017.7847262202,2500
40470,Depot-40 Gate,13.07363,77.44521,765156.2633242131,1446558.645148203,2501
40471,Depot-40 Gate,13.07354,77.44514,765148.7646404102,1446548.610772106,2502
37149,Depot-41 Gate,12.9213,77.74239,797584.8999842838,1430026.0220870294,2503
37151,Depot-41 Gate,12.92131,77.74234,797579.458722032,1430027.0709360742,2504
24871,Depot-41 Gunjuru,12.92231,77.7433,797682.5171489045,1430138.8882148112,2505
23510,Depot-42 Gate  Arrival,12.89538,77.70565,793625.7195983158,1427114.3028149006,2506
23509,Depot-42 Gate Departure,12.89553,77.7057,793630.9742874744,1427130.9646631486,2507
38595,Depot-42 Kodathi,12.89596,77.7041,793456.7186029407,1427176.7323629253,2508
24875,Depot-43 Gate,13.06595,77.42564,763041.1025608989,1445688.221860173,2509
32437,Depot-43 Shivanapura,13.0668,77.42575,763052.1366217728,1445782.4111306123,2510
24877,Depot-44 Anjanapura,12.85538,77.56969,778905.9768284175,1422535.0649064472,2511
35044,Depot-45 Gate,13.08298,77.55066,776587.418450261,1447706.4669133981,2512
36327,Depot-45 Gate,13.0829,77.55072,776594.0178843137,1447697.6776791052,2513
24878,Depot-45 MS Palya,13.08431,77.55046,776564.2335591076,1447853.4604949907,2514
32438,Depot-46 Gate,13.18748,77.5634,777852.0632735727,1459287.271593703,2515
24884,Depot-46 Sadenahalli,13.18393,77.56681,778225.9212473998,1458898.1092169157,2516
36726,Depot-47 Gate,13.08467,77.73201,796263.5813720978,1448099.0470285644,2517
35708,Depot-47 Manduru,13.08535,77.73146,796203.0845435939,1448173.6787195695,2518
24888,Depot-48 Byrathibande,13.07668,77.65422,787831.6522790146,1447124.708094373,2519
35041,Depot-48 Gate,13.07748,77.65471,787883.8946949396,1447213.8212455725,2520
35042,Depot-48 Gate,13.07753,77.65469,787881.6663710795,1447219.3331885387,2521
36313,Depot-49 Bidadi,12.80177,77.39285,759756.8746718916,1416416.7646238483,2522
36234,Depot-50 Devanahalli,13.24698,77.71744,794488.2642139303,1466049.7235034583,2523
37588,Depot-51 Sadaramangala,12.99672,77.72654,795774.6237628064,1438356.5854514726,2524
37590,Depot-51 Sadaramangala Arrival,12.99596,77.72624,795742.9585257887,1438272.104999286,2525
37589,Depot-51 Sadaramangala Departure,12.99606,77.72622,795740.6688972036,1438283.1517071927,2526
38895,Depot-52 Gate Arrival,13.15738,77.65908,788264.8729536,1456063.320032887,2527
38894,Depot-52 Gate Departure,13.15742,77.65912,788269.1652639225,1456067.7937110534,2528
38893,Depot-52 Huttanahalli,13.15723,77.65873,788227.0811630897,1456046.3144105372,2529
38085,Depot-9,13.02066,77.50118,771286.8595265349,1440755.1544099906,2530
21888,Deshnarayanaswamy Temple,13.13719,77.74576,797692.4312174179,1453929.273989042,2531
24892,Deshnarayanaswamy Temple,13.13726,77.74569,797684.7521751801,1453936.940354209,2532
24894,Design Global Mavallipura,13.13124,77.53088,774387.7140532283,1453026.551004989,2533
32439,Design Global Mavallipura,13.13121,77.53091,774391.0017866195,1453023.2631402733,2534
21504,Deva Machohalli Cross,12.96552,77.3811,758312.6530011483,1434527.497543162,2535
21505,Deva Machohalli Cross,12.96536,77.38112,758314.9890299055,1434509.8102035492,2536
24896,Devadiga Soudha,12.92658,77.52002,773434.3890041454,1430362.3053046684,2537
32440,Devadiga Soudha,12.9265,77.51998,773430.133449642,1430353.4079423188,2538
24898,Devaganahalli,13.25331,77.64888,787046.1706504255,1466670.581287192,2539
32441,Devaganahalli,13.2531,77.64887,787045.3328612593,1466647.3238448512,2540
24900,Devagere,12.85653,77.4657,767611.5569444161,1422551.8617119396,2541
32442,Devagere,12.85669,77.46556,767596.1840457873,1422569.4245163435,2542
24902,Devagere Colony,12.85346,77.45795,766773.196752405,1422204.0308915977,2543
32443,Devagere Colony,12.85357,77.45801,766779.5962070613,1422216.2676227556,2544
24904,Devagere Cross,12.86431,77.45713,766672.6804998976,1423404.029770294,2545
32444,Devagere Cross,12.86428,77.45713,766672.7122222339,1423400.7094491392,2546
20751,Devaiah Park,12.99628,77.56424,778157.8564912223,1438124.8203487126,2547
20752,Devaiah Park,12.99642,77.56419,778152.2733572341,1438140.2617984493,2548
24906,Devalapura,12.98457,77.82944,806960.2105471687,1437133.382472007,2549
32445,Devalapura,12.98466,77.82936,806951.4144752672,1437143.2497636895,2550
24909,Devalapura Circle,12.98272,77.82842,806851.7448263587,1436927.3428445715,2551
32446,Devalapura Circle,12.98277,77.82836,806845.1692739036,1436932.8059496433,2552
32447,Devalapura Circle,12.98268,77.82829,806837.6800632523,1436922.757866072,2553
24911,Devanagondi,12.97403,77.83877,807986.1479705819,1435977.7766456052,2554
32448,Devanagondi,12.97408,77.83873,807981.7434171063,1435983.2637464113,2555
24913,Devanagondi IOC,12.98789,77.83736,807815.9768904063,1437510.498311101,2556
32449,Devanagondi IOC,12.98799,77.83728,807807.1682102438,1437521.4724618495,2557
24915,Devanagondi LPG,12.98996,77.83018,807033.9211327448,1437730.992679473,2558
32450,Devanagondi LPG,12.98996,77.83009,807024.1502330984,1437730.884102626,2559
24917,Devanagondi Railway Station,12.98547,77.82975,806992.7599496057,1437233.3936957235,2560
32451,Devanagondi Railway Station,12.98534,77.82956,806972.2919712509,1437218.7725159773,2561
24919,Devanagundi Cross,13.06038,77.82715,806618.1967766378,1445523.4186834896,2562
32452,Devanagundi Cross,13.06044,77.82737,806642.0002319546,1445530.3276733365,2563
24922,Devanahalli Bypass NH-7,13.24207,77.70346,792978.1192038878,1465489.7432499602,2564
32454,Devanahalli Bypass NH-7,13.24231,77.70399,793035.307132811,1465516.932839873,2565
24925,Devanahalli Cross Sulibele,13.18482,77.79795,803296.1650309521,1459264.5444380715,2566
32455,Devanahalli Cross Sulibele,13.18487,77.79804,803305.8662708653,1459270.188615981,2567
32456,Devanahalli Cross Sulibele,13.18495,77.79797,803298.1741380638,1459278.9605140134,2568
24927,Devanahalli Govt Hospital,13.25748,77.72655,795463.4934990265,1467222.8502149081,2569
32457,Devanahalli Govt Hospital,13.25751,77.72657,795465.6260093992,1467226.1949412832,2570
24931,Devanahalli New Bus Station,13.24528,77.71281,793988.2172264326,1465856.0769987013,2571
32458,Devanahalli New Bus Station,13.2454,77.71276,793982.6508414511,1465869.302146645,2572
32461,Devanahalli Old Bus Stand,13.24853,77.71547,794272.7666736029,1466218.9863265136,2573
32462,Devanahalli Old Bus Stand,13.24845,77.7156,794286.9604211557,1466210.2835377157,2574
24936,Devanahalli Talluk Office,13.24363,77.70877,793552.0865532274,1465668.6695575023,2575
32463,Devanahalli Talluk Office,13.24358,77.70893,793569.497557148,1465663.3226415238,2576
24938,Devanayakanahalli,13.17539,77.7726,800557.8227218201,1458190.0840824533,2577
32464,Devanayakanahalli,13.17536,77.77256,800553.5202118249,1458186.715045111,2578
24940,Devanayakanahalli Cross,13.17634,77.77199,800490.4896735305,1458294.5230690723,2579
32465,Devanayakanahalli Cross,13.17632,77.77196,800487.2597465453,1458292.2730590024,2580
24941,Devaninjayyanapalya,13.01712,77.41453,761887.0894461075,1440272.4228603037,2581
21889,Devannanapalya,13.07769,77.43139,763652.5032767903,1446993.5503437277,2582
24942,Devannanapalya,13.07734,77.43133,763646.365695748,1446954.750875479,2583
20753,Devarabisanahalli Ring Road,12.93145,77.68686,791543.3332797913,1431085.6534855638,2584
20754,Devarabisanahalli Ring Road,12.93218,77.68729,791589.173516469,1431166.9518878278,2585
24944,Devarabisanahalli Village(Ambedkar Circle),12.92447,77.69499,792434.2216962997,1430322.2764912343,2586
32466,Devarabisanahalli Village(Ambedkar Circle),12.92434,77.69492,792426.7724005184,1430307.8059222158,2587
35313,Devarachikkanahalli,12.88899,77.61555,783848.7246697372,1426305.5242549218,2588
24946,Devarachikkanahalli,12.88887,77.61556,783849.9459404988,1426292.2525409597,2589
24950,Devarahalli Gate,13.24054,77.61099,782952.4071190984,1465213.7803680534,2590
32469,Devarahalli Gate,13.2405,77.61094,782947.0314936832,1465209.2960647596,2591
39514,Devarahatti Magadi,12.96565,77.16382,734730.3399850342,1434331.9188357175,2592
24255,Devasandra,13.00624,77.70007,792890.0470576356,1439379.799630299,2593
24262,Devasandra,13.00615,77.70008,792891.2382777834,1439369.8483789123,2594
24952,Devasandra Chikkamaranahalli,13.03636,77.5664,778347.5196820908,1442563.509430238,2595
32470,Devasandra Chikkamaranahalli,13.03638,77.56656,778364.8611364532,1442565.898733762,2596
32471,Devashettyhalli,13.02419,77.82104,805999.6064933004,1441509.5073849875,2597
24954,Devashettyhalli,13.02425,77.82109,806004.9602174463,1441516.2101259672,2598
24956,Devasthana Bidluru,13.27827,77.68983,791456.8505934402,1469481.0754183184,2599
32472,Devasthana Bidluru,13.27826,77.68979,791452.5254646752,1469479.9216339209,2600
24962,Devegowda Hospital,12.92041,77.55998,777779.6666521198,1429722.4279985973,2601
32475,Devegowda Hospital,12.92055,77.56005,777787.1119111436,1429737.99997048,2602
20755,Devegowda Petrol Bunk,12.92189,77.56058,777843.1729057832,1429886.8941608702,2603
20756,Devegowda Petrol Bunk,12.92194,77.55914,777686.7719843811,1429890.8653315508,2604
23679,Devegowda Petrol Bunk,12.9227,77.56033,777815.1330126522,1429976.2781282936,2605
23735,Devegowda Petrol Bunk,12.92141,77.56027,777810.0464063288,1429833.4284599987,2606
20757,Devinagara Cross,13.047,77.56904,778622.0988241525,1443744.1192039358,2607
20758,Devinagara Cross,13.04689,77.5692,778639.5852852223,1443732.1194884279,2608
21890,Devis Road,13.00426,77.61968,784166.4144986185,1439069.3970621382,2609
21891,Devis Road,13.00327,77.61899,784092.6483586844,1438959.04210224,2610
24967,Dhaba Gate,13.22638,77.68726,791239.9991116705,1463733.9473488538,2611
32476,Dhaba Gate,13.22644,77.68707,791219.322343881,1463740.3679462988,2612
24969,Dhananayakanahalli,12.93885,77.46781,767753.0426872491,1431665.104502697,2613
32477,Dhananayakanahalli,12.93894,77.4677,767741.005070046,1431674.9503482538,2614
24971,Dharma Nayakana Tandya,13.03025,77.34879,754739.6368696229,1441658.693135301,2615
32478,Dharma Nayakana Tandya,13.03018,77.34885,754746.2191548694,1441651.0064059617,2616
24973,Dharmapura,12.81279,77.62759,785242.271153496,1417884.2587006085,2617
35333,Dharmapura,12.81294,77.62756,785238.8434001951,1417900.8290776415,2618
21892,Dharmapura Cross,13.26441,77.80908,804404.6134411083,1468089.2848330964,2619
21893,Dharmapura Cross,13.26444,77.80912,804408.9137599838,1468092.6549186755,2620
24975,Dharmapura Gate,13.28389,77.80409,803839.2310649008,1470239.7890885025,2621
21894,Dhobi Ghat Rajajinagara,12.98565,77.54912,776528.495809698,1436931.755849632,2622
24978,Dhobi Ghat Rajajinagara,12.98721,77.55089,776718.8915277154,1437106.347737454,2623
32481,Dhobi Ghat Rajajinagara,12.98761,77.551,776730.3880887532,1437150.7414432112,2624
21895,Dhobi Ghat Rajajinagara,12.98552,77.54929,776547.0923847512,1436917.5513741362,2625
21506,Dhobi Ghat Rajajinagara,12.98701,77.55087,776716.9422799782,1437084.1889252083,2626
21896,Dhoopanahalli,12.96342,77.64169,786602.3095118317,1434573.4133842646,2627
24979,Dhoopanahalli,12.96336,77.64146,786577.4090654117,1434566.5134095342,2628
35940,Dhoopanahalli,12.96354,77.64156,786588.0590153786,1434586.5504020802,2629
22893,Diacon Hospital,13.00379,77.55003,776607.1641605874,1438940.5768233617,2630
24193,Diacon Hospital,13.00398,77.55002,776605.8680385095,1438961.5961787864,2631
24981,Dibbur,13.16687,77.52876,774118.1160927159,1456967.9414666202,2632
32482,Dibbur,13.16685,77.5288,774122.4769131361,1456965.7714150548,2633
24986,Dickenson Road,12.98086,77.61073,783221.5184925676,1436469.2630507676,2634
35354,Dickenson Road,12.98081,77.61058,783205.2924302365,1436463.5617776567,2635
24990,Dinnepalya,12.81122,77.49245,770564.9755932227,1417564.9434899462,2636
32487,Dinnepalya,12.81117,77.49245,770565.0290081919,1417559.409505742,2637
21898,Dinnur,13.25255,77.80198,803649.4100559636,1466767.6344852797,2638
32488,Dinnur,13.25263,77.80195,803646.0572616679,1466776.4545928992,2639
32489,Dinnur,12.99159,77.7515,798490.2936738689,1437817.838953052,2640
32490,Dinnur,12.99165,77.75146,798485.8795804655,1437824.4341364277,2641
32491,Dinnur Cross,13.25085,77.80137,803585.3681583225,1466578.6894448355,2642
24996,Dinnur Cross,13.25084,77.80132,803579.9581666993,1466577.521551226,2643
20759,Dinnur Main Road,13.02398,77.59884,781882.1019691934,1441228.9943761206,2644
20760,Dinnur Main Road,13.02392,77.59889,781887.5965002978,1441222.4085209933,2645
24998,Dinnur Sudhamanagara,12.71452,77.70584,793856.0628921497,1407093.9282904447,2646
32492,Dinnur Sudhamanagara,12.71445,77.70591,793863.7506852839,1407086.258697984,2647
21899,Diwanarapalya,13.02677,77.56181,777860.1045798815,1441496.993664302,2648
21900,Diwanarapalya,13.02673,77.56177,777855.8081181366,1441492.522423373,2649
25003,Doctors Layout Kasturinagara,13.00609,77.65948,788484.3366484756,1439316.7841486486,2650
32494,Doctors Layout Kasturinagara,13.00611,77.65951,788487.5698390609,1439319.03207341,2651
39800,Dodda Aladamara,12.91,77.39412,759783.3840623358,1428396.1418346546,2652
39801,Dodda Aladamara,12.90999,77.39406,759776.8804295099,1428394.9742569237,2653
25005,Dodda Aladamara,12.90991,77.39529,759910.499632993,1428387.3680900477,2654
32495,Dodda Aladamara,12.9099,77.39534,759915.9382917192,1428386.3120910593,2655
25007,Dodda Aladamara Cross,12.96386,77.40744,761173.3848625242,1434370.5991759265,2656
32496,Dodda Aladamara Cross,12.96391,77.40741,761170.0763572946,1434376.102181607,2657
22731,Dodda Basti,12.93967,77.47298,768313.4162410148,1431761.2832399711,2658
25008,Dodda Basti,12.93956,77.47289,768303.7636627636,1431749.0140536006,2659
25010,Dodda Bettahalli,13.0943,77.55426,776965.3694290577,1448963.3779305445,2660
32497,Dodda Bettahalli,13.09433,77.5542,776958.8260107067,1448966.6327296242,2661
21901,Dodda Bommasandra,13.06001,77.559,777518.0303032212,1445173.1357588635,2662
21902,Dodda Bommasandra,13.06016,77.55878,777493.989765365,1445189.4976425513,2663
21903,Dodda Bommasandra Arch,13.05872,77.55927,777548.7709632466,1445030.646044754,2664
21904,Dodda Bommasandra Arch,13.05877,77.55921,777542.2042520083,1445036.114615811,2665
32498,Dodda Byalakere,13.11267,77.52494,773763.9235707088,1450964.680492764,2666
32499,Dodda Byalakere,13.11275,77.52495,773764.9198583869,1450973.5460853626,2667
25014,Dodda Byalakere,13.11354,77.52473,773740.177912934,1451060.7478579842,2668
32500,Dodda Byalakere,13.1135,77.52464,773730.4583775586,1451056.2228126423,2669
25016,Dodda Cheemanahalli,13.24783,77.62204,784142.1788580295,1466033.2723551386,2670
32501,Dodda Cheemanahalli,13.24782,77.622,784137.8530734286,1466032.1199079691,2671
25018,Dodda Cheemanahalli Cross,13.25053,77.62394,784345.0664065878,1466334.3062509568,2672
32502,Dodda Cheemanahalli Cross,13.2505,77.62393,784344.0169496206,1466330.9740723681,2673
25020,Dodda Dasarahalli,13.00462,77.8308,807083.1824919429,1439354.7266311494,2674
32503,Dodda Dasarahalli,13.00454,77.83087,807090.8801889482,1439345.9545092115,2675
25022,Dodda Dasarahalli Cross,12.99821,77.84148,808250.5239807337,1438658.0048216095,2676
32504,Dodda Dasarahalli Cross,12.99815,77.84145,808247.3412489824,1438651.3258996925,2677
21905,Dodda Dunnasandra,12.97685,77.81653,805568.0515823758,1436263.1943096386,2678
21906,Dodda Dunnasandra,12.97683,77.81661,805576.7616542164,1436261.0761258993,2679
21907,Dodda Dunnasandra Cross,12.97599,77.82056,806006.6431628116,1436172.823212771,2680
21908,Dodda Dunnasandra Cross,12.97608,77.82017,805964.1903317587,1436182.318478574,2681
25023,Dodda Dunnasandra Cross,12.97585,77.82046,805995.9575372075,1436157.204065116,2682
25026,Dodda Gubbi,13.07144,77.67359,789939.6945351071,1446566.7896322485,2683
32505,Dodda Gubbi,13.07093,77.67401,789985.8680088739,1446510.8161859983,2684
32506,Dodda Gubbi,13.07146,77.67375,789957.0338742316,1446569.1869268208,2685
39591,Dodda Gubbi Cross(Udupi Hotel),13.06221,77.65194,787601.0193456954,1445520.3725090905,2686
25030,Dodda Haralegere,13.19412,77.83885,807721.3026462413,1460343.972606986,2687
32508,Dodda Haralegere,13.19408,77.83885,807721.3527698508,1460339.5441902683,2688
25032,Dodda Hullur Gate,13.10193,77.82162,805966.6892362952,1450116.6529766973,2689
32509,Dodda Hullur Gate,13.10189,77.82166,805971.079343667,1450112.2731397168,2690
25034,Dodda Hulluru School Gate,13.09719,77.81684,805453.8367392065,1449586.107126102,2691
32510,Dodda Hulluru School Gate,13.0973,77.81685,805454.7861332139,1449598.2970938238,2692
25036,Dodda Kurabarahalli,13.22553,77.8092,804466.0186268431,1463785.096390798,2693
32511,Dodda Kurabarahalli,13.22559,77.80913,804458.3518516772,1463791.6536427403,2694
25037,Dodda Maralawadi,12.61221,77.52529,774345.7315990594,1395572.8669995014,2695
39226,Dodda Maskal,12.92675,77.32963,752765.2393897166,1430185.3191950833,2696
24168,Dodda Nagamangala,12.86231,77.67491,790325.6269755294,1423418.6267339168,2697
24176,Dodda Nagamangala,12.86238,77.67481,790314.6855743339,1423426.2623904224,2698
25042,Dodda Nagamangala Tirumala Bekary,12.86224,77.67794,790654.7907389995,1423414.302645033,2699
32513,Dodda Nagamangala Tirumala Bekary,12.8623,77.67814,790676.4432671183,1423421.1705062045,2700
32514,Dodda Nallala,13.08426,77.89664,814130.2058877723,1448252.4906620618,2701
32515,Dodda Nekkundi,12.97154,77.69429,792303.2718009229,1435531.9658287705,2702
32516,Dodda Nekkundi,12.97146,77.69418,792291.4234855501,1435522.9839451408,2703
20761,Dodda Nekkundi Bridge/Rainbow Hospital,12.97565,77.697,792592.6645202166,1435990.0398495067,2704
20762,Dodda Nekkundi Bridge/Rainbow Hospital,12.97499,77.69764,792662.9163699535,1435917.71476867,2705
25050,Dodda Nekkundi Cross,12.96793,77.6933,792200.0142509355,1435131.2157382378,2706
25047,Dodda Nekkundi Cross,12.96796,77.6934,792210.8355763198,1435134.6512463426,2707
32517,Dodda Nekkundi Junction,12.95607,77.69166,792035.8142602567,1433816.4764418886,2708
32518,Dodda Nekkundi Junction,12.95617,77.69173,792043.2973965496,1433827.626195152,2709
31428,Dodda Tattamangala,13.26947,77.76217,799311.4519358084,1468592.6570908942,2710
35012,Dodda Tattamangala,13.26946,77.76211,799304.957997147,1468591.4779969912,2711
25054,Dodda Thimmasandra,12.88087,77.80619,804561.97311591,1425625.2632507302,2712
23399,Dodda Thimmasandra Gate,12.87887,77.8129,805293.1793858325,1425411.8239712392,2713
23415,Dodda Thimmasandra Gate,12.879,77.81301,805304.9691257001,1425426.3466174214,2714
25057,Dodda Thoguru,12.85055,77.65512,788189.7195978346,1422094.6081714106,2715
32521,Dodda Thoguru,12.85063,77.65506,788183.1115653522,1422103.396379224,2716
25064,Dodda Tumkur,13.22619,77.531,774294.8170042661,1463536.23790265,2717
32524,Dodda Tumkur,13.22606,77.53099,774293.8781520426,1463521.8378219563,2718
25066,Doddabadhegere Gate,12.66896,77.48294,769682.6083373225,1401809.8722916343,2719
32525,Doddabadhegere Gate,12.669,77.48293,769681.4794729627,1401814.289076048,2720
25068,Doddaballapura Bus Stand,13.29346,77.54224,775437.8326095557,1470994.4792706864,2721
38731,Doddaballapura Govt Hospital,13.31184,77.54517,775734.6618997899,1473032.153207173,2722
30921,Doddaballapura KEB Circle,13.31166,77.54202,775393.4040220378,1473008.7368770062,2723
33405,Doddaballapura KEB Circle,13.31134,77.54187,775377.5059961346,1472973.1508535699,2724
27845,Doddaballapura Railway Station,13.28041,77.55176,776484.6810181951,1469560.563470244,2725
34325,Doddaballapura Railway Station,13.28041,77.55162,776469.5029013949,1469560.4080853583,2726
25070,Doddaballapura Tollgate,13.29568,77.53639,774801.1405693362,1471233.7358712573,2727
32526,Doddaballapura Tollgate,13.29569,77.53633,774794.624864246,1471234.776472341,2728
25072,Doddabannahalli,13.02629,77.74833,798104.654632475,1441655.465140395,2729
32527,Doddabannahalli,13.0264,77.74829,798100.1811602702,1441667.595339909,2730
32529,Doddabele,12.88874,77.47754,768862.9562543767,1426129.180703649,2731
38622,Doddabele Colony,12.89155,77.47164,768219.3320095993,1426434.012057395,2732
25081,Doddabidarakallu,13.03597,77.49368,770456.2808130033,1442441.6860511838,2733
32531,Doddabidarakallu,13.03594,77.49368,770456.3134311929,1442438.3656116414,2734
37232,Doddadenahalli 1,13.0683,77.91946,816627.2707850472,1446513.9338164858,2735
25085,Doddagattiganabbe,13.03369,77.78788,802388.5945624658,1442521.4672298634,2736
32534,Doddagattiganabbe,13.03366,77.78798,802399.4853266787,1442518.2652866584,2737
25088,Doddagattiganabbe Cross,13.03341,77.78551,802131.688284244,1442487.6459305638,2738
32535,Doddagattiganabbe Cross,13.03345,77.78547,802127.2979831772,1442492.026482467,2739
25028,Doddahagade,12.74691,77.6893,792021.4905339631,1410660.6922397679,2740
32507,Doddahagade,12.74697,77.68932,792023.5948762919,1410667.3564561403,2741
38836,Doddahejjaji,13.2707,77.41615,761793.6046304343,1468339.3825834282,2742
38837,Doddahejjaji,13.27049,77.41604,761781.9047061158,1468316.0248759803,2743
25090,Doddahosahalli,13.19782,77.75047,798129.9835398018,1460646.7552784842,2744
32537,Doddahosahalli,13.19786,77.75048,798131.0196438102,1460651.1952931199,2745
25092,Doddajala,13.17735,77.65338,787623.212515518,1458267.3641940574,2746
32538,Doddajala,13.1773,77.65328,787612.4241125379,1458261.7148607387,2747
21909,Doddakallasandra,12.88574,77.5565,777440.0904184196,1425881.1955255126,2748
21910,Doddakallasandra,12.88596,77.55671,777462.6515679221,1425905.7733286368,2749
38362,Doddakallasandra Metro Station,12.88467,77.55312,777074.2385787473,1425759.1105564917,2750
38363,Doddakallasandra Metro Station,12.88469,77.55255,777012.3208897777,1425760.7088815395,2751
25096,Doddakammanahalli,12.85302,77.59989,782188.4575577907,1422306.7837789292,2752
32540,Doddakammanahalli,12.85316,77.59994,782193.7313345263,1422322.33499989,2753
25097,Doddakannalli,12.90703,77.69558,792518.6021078731,1428392.4040133848,2754
35104,Doddakannalli,12.90731,77.69556,792516.1043315256,1428423.3761781938,2755
35240,Doddakannalli,12.90715,77.69554,792514.118790759,1428405.6419064228,2756
39902,Doddakoliga,13.1591,77.84041,807934.3763169821,1456468.8089346997,2757
39903,Doddakoliga,13.15904,77.84056,807950.7251736714,1456462.3501377678,2758
25099,Doddakukkanahalli,13.17505,77.44123,764615.7747543016,1457779.4389581855,2759
32541,Doddakukkanahalli,13.1752,77.44119,764611.2752845394,1457795.9985545774,2760
25101,Doddakuntanahalli,12.81215,77.44973,765923.9910286675,1417623.4706458466,2761
32542,Doddakuntanahalli,12.81217,77.44979,765930.4867744421,1417625.7460017018,2762
40021,Doddamara,12.8818,77.68819,791745.3835850125,1425591.1222015573,2763
40022,Doddamara,12.88169,77.68822,791748.7690700891,1425578.97978147,2764
25103,Doddamaranahalli,12.93056,77.38286,758539.7617271002,1430660.1713056138,2765
32543,Doddamaranahalli,12.93053,77.38284,758537.6215142057,1430656.8309185694,2766
25107,Doddamma Temple,12.84741,77.69086,792075.1840060537,1421787.331099457,2767
32544,Doddamma Temple,12.8472,77.69068,792055.8760675852,1421763.8807012427,2768
25110,Doddanallurahalli,13.11876,77.86296,810431.6667976605,1452030.424823988,2769
32547,Doddanallurahalli,13.11878,77.86294,810429.4714269594,1452032.6144304029,2770
25112,Doddanalluru,13.1913,77.76314,799512.2251724572,1459940.0743982128,2771
32548,Doddanalluru,13.19129,77.76309,799506.8137933789,1459938.907624166,2772
25114,Doddasanne,13.21846,77.69407,791987.979942393,1462865.1571871322,2773
32549,Doddasanne,13.21842,77.69411,791992.3657387772,1462860.7759299811,2774
25118,Dodderi College,12.86752,77.38597,758942.267990461,1423686.532620338,2775
32551,Dodderi College,12.86757,77.38586,758930.2724096108,1423691.955394973,2776
32552,Dodderi Grama,12.86641,77.37808,758086.6788523651,1423555.7505874876,2777
25120,Dodderi Grama,12.86638,77.37811,758089.9670729557,1423552.460566115,2778
25122,Dodderi Tumkur Road,13.16986,77.30933,750316.6386164613,1457069.8258940526,2779
32553,Dodderi Tumkur Road,13.16968,77.30925,750308.1459135183,1457049.8258026321,2780
27957,Doddipalya,13.11974,77.41441,761765.7832940111,1451629.8305508331,2781
21911,Doddy,13.00266,77.61215,783350.9124729936,1438883.8896558995,2782
21912,Doddy,13.00264,77.61211,783346.5935073103,1438881.6312826287,2783
20763,Doddy,13.16972,77.45173,765760.2981088168,1457200.6089762545,2784
25123,Doddy,13.16971,77.45169,765755.9706350378,1457199.4598643705,2785
25125,Doddy Chikkakuntanahalli,12.79695,77.44132,765026.4589586451,1415932.5478380113,2786
32554,Doddy Chikkakuntanahalli,12.79696,77.44139,765034.0517914349,1415933.726398605,2787
25127,Doddypalya,12.85787,77.47216,768311.6541654847,1422706.9014138165,2788
25141,Dombara Doddy,12.70278,77.39691,760299.068646237,1405465.4173443227,2789
32562,Dombara Doddy,12.7028,77.39699,760307.74070448,1405467.7107908973,2790
32556,Dombara Doddy Cross,12.70197,77.39316,759892.4351997231,1405372.0259245422,2791
25132,Dombarahalli,13.0491,77.45981,766766.7083165798,1443859.0382798177,2792
32558,Dombarahalli,13.04914,77.45984,766769.9206869095,1443863.497008914,2793
25134,Dombarahatti Dongadipura Cross,12.9722,77.46049,766922.8330773799,1435348.5670607425,2794
32559,Dombarahatti Dongadipura Cross,12.97213,77.46048,766921.8223686975,1435340.80910495,2795
21914,Domlur,12.96111,77.63809,786214.1307432086,1434313.672161751,2796
21913,Domlur,12.96122,77.63667,786059.8464553466,1434324.255562773,2797
32560,Domlur,12.96758,77.87192,811593.4383814514,1435303.9891919277,2798
25139,Domlur Cross,12.97456,77.8559,809845.3627411306,1436057.2213495127,2799
32561,Domlur Cross,12.97476,77.8556,809812.5424272788,1436078.998632938,2800
21916,Domlur Flyover,12.9577,77.64133,786569.7784759264,1433939.8484940853,2801
21918,Domlur Flyover,12.95799,77.64146,786583.5597268234,1433972.095280729,2802
35937,Domlur Flyover,12.9606,77.64155,786590.3412721381,1434261.1034936535,2803
21915,Domlur Flyover,12.96045,77.64251,786694.7335562586,1434245.5782563062,2804
21917,Domlur Flyover,12.96048,77.64352,786804.3478711462,1434250.034257589,2805
38867,Domlur Marriad Accomodation,12.96186,77.63378,785745.3709768783,1434391.8594103635,2806
23906,Dommasandra,12.8796,77.75371,798863.694015754,1425422.973803775,2807
23909,Dommasandra,12.87953,77.75375,798868.1213820663,1425415.2713029257,2808
35149,Dommasandra Circle,12.88321,77.75244,798721.4798419373,1425821.1260012013,2809
37920,Dommasandra Circle,12.88333,77.75233,798709.3908513479,1425834.2820655545,2810
35237,Dommasandra Circle,12.88321,77.75239,798716.049570198,1425821.0677923695,2811
25144,Donnenahalli,12.88426,77.37521,757756.7842508241,1425528.3547878694,2812
32563,Donnenahalli,12.88424,77.37517,757752.4616843818,1425526.101189588,2813
25146,Dorekavalu,13.2621,77.68637,791100.9730851554,1467687.0413210888,2814
32564,Dorekavalu,13.26215,77.68632,791095.491820249,1467692.5178655128,2815
32566,Double Road BEML Layout,12.91559,77.51341,772728.6939462542,1429138.8535307427,2816
25151,Double Road BEML Layout,12.91477,77.52066,773516.7398423762,1429055.8280761053,2817
32567,Double Road BEML Layout,12.91493,77.52072,773523.0800001664,1429073.6013822258,2818
21921,Double Road Indiranagara,12.97843,77.63654,786026.0446450715,1436229.1200333775,2819
21922,Double Road Indiranagara,12.97821,77.63645,786016.5265591815,1436204.6667321483,2820
25152,Dr Ambedkar Nagara,12.97981,77.75279,798644.4238402909,1436515.2860314788,2821
21923_ST,Dr BR Ambedkar Bus Terminal (Domlur),12.96173,77.63862,786270.9594173911,1434382.8959902918,2822
21923,Dr BR Ambedkar Bus Terminal (Domlur),12.96163,77.63881,786291.7006614613,1434372.0400002007,2823
21924,Dr BR Ambedkar Bus Terminal (Domlur),12.96191,77.63853,786260.9828668099,1434402.7195817425,2824
21923_PF1,Dr BR Ambedkar Bus Terminal (Domlur) - Platform 1,12.961706,77.63846,786253.6169315001,1434380.059830033,2825
21923_PF5,Dr BR Ambedkar Bus Terminal (Domlur) - Platform 5,12.961591,77.6386,786268.9472200649,1434367.4873352004,2826
24101,Dr Shivaramkaranth Residents,13.06893,77.62544,784717.5737544585,1446234.267577772,2827
35071,Dr Shivaramkaranth Residents,13.06908,77.62542,784715.2313054398,1446250.8488483448,2828
24100,Dr.Shivaramakaranth Nagara,13.06809,77.62938,785146.0862316017,1446145.7227165818,2829
35096,Dr.Shivaramakaranth Nagara,13.06831,77.62917,785123.0452361389,1446169.838363955,2830
20764,Dubasipalya Cross,12.92273,77.49603,770834.0126395561,1429910.6638330177,2831
20765,Dubasipalya Cross,12.9229,77.49583,770812.115597025,1429929.2678797324,2832
25162,Dudapanahalli,12.96027,77.29611,749093.2201404764,1433861.9741945306,2833
32571,Dudapanahalli,12.96017,77.29634,749118.2832928186,1433851.1320590426,2834
25166,Durga Bakery Mallathahallli,12.96098,77.50162,771399.4849271544,1434150.1457863094,2835
21927,Durga Parameshwari Temple,13.08182,77.55979,777579.347387648,1447588.077552759,2836
21928,Durga Parameshwari Temple,13.08182,77.55975,777575.0072455135,1447588.033634788,2837
21507,Dwaraka Nagara,13.08768,77.49527,770572.456921889,1448166.7280430289,2838
32575,Dwaraka Nagara,13.08764,77.49526,770571.4156490918,1448162.2900647586,2839
25171,Dwaraka Nagara,13.12129,77.61811,783862.1198375842,1452021.8342883526,2840
32574,Dwaraka Nagara,13.12137,77.61807,783857.688286288,1452030.644568052,2841
25173,Dyavalingaiahnapalya,12.8502,77.41584,762203.7012427716,1421799.9397916617,2842
32576,Dyavalingaiahnapalya,12.85026,77.41591,762211.2404836778,1421806.6515712189,2843
24948,Dyavarahalli,13.23978,77.59916,781670.4726108764,1465116.287010091,2844
32468,Dyavarahalli,13.23979,77.59911,781665.0392612168,1465117.337549748,2845
25174,Dyavarahalli Cross,13.2314,77.60754,782588.8481521559,1464198.1548107613,2846
31363,Dyavarahalli Cross,13.23138,77.60738,782571.5206357725,1464195.760125715,2847
36101,Dyavarahalli Cross,13.23141,77.60744,782577.9924941999,1464199.1486899664,2848
32577,Dyavarahalli Cross,13.23135,77.60747,782581.3149582171,1464192.5411102048,2849
25177,Dyavasandra,12.75753,77.64803,787525.2035143622,1411790.1175491367,2850
32578,Dyavasandra,12.75752,77.648,787521.9552872223,1411788.9773431134,2851
39958,Dyavasandra,12.67263,77.50224,771776.1778382726,1402236.0911311375,2852
39959,Dyavasandra,12.6727,77.5023,771782.6241208441,1402243.9012099754,2853
25179,Dyavasandra Cross,12.75792,77.64053,786709.883027627,1411824.9762328623,2854
32579,Dyavasandra Cross,12.75795,77.64057,786714.1952192958,1411828.3412248355,2855
25183,E Hosuru,13.22706,77.60587,782412.755075416,1463715.8671829612,2856
32581,E Hosuru,13.22706,77.60585,782410.5862154138,1463715.84459686,2857
29105,E Muthasandra Gate,13.14462,77.82392,806163.3445511558,1454845.595799076,2858
33984,E Muthasandra Gate,13.14462,77.82373,806142.7300953716,1454845.364563664,2859
25185,E Muthsandra,13.14535,77.81581,805282.531502137,1454916.5565165682,2860
32582,E Muthsandra,13.14543,77.81562,805261.8181743748,1454925.1825840303,2861
39854,E-CITY - 3M JUNCTION,12.84332,77.66029,788759.5111717717,1421300.093858177,2862
35336,E-CITY - SBI JUNCTION,12.84536,77.66543,789315.4572403708,1421531.6805130856,2863
35352,E-CITY - SBI JUNCTION,12.84549,77.6653,789301.1883958335,1421545.9245372633,2864
25203,E-CITY 2 - XIME JUNCTION,12.8474,77.67492,790343.8687340885,1421768.184418374,2865
25204,E-CITY 2 - XIME JUNCTION,12.84757,77.67476,790326.2949176582,1421786.8219260534,2866
35723,ELC Toll Point,12.84621,77.67184,790010.7029758024,1421632.9851169116,2867
39467,ELC Toll Point (Volvo),12.84641,77.67167,789992.0087586928,1421654.9323581934,2868
20774,EMC2,12.98256,77.69301,792151.4268640436,1436750.3759062444,2869
20775,EMC2,12.98239,77.69288,792137.5132433532,1436731.4083390452,2870
40370,EMVEE Company,13.19025,77.7854,801928.1103973148,1459850.5349011195,2871
40371,EMVEE Company,13.19016,77.78547,801935.8141769909,1459840.6556772331,2872
25230,ESI Hospital Indiranagara,12.97106,77.63603,785979.1147368259,1435412.7471530668,2873
39474,ESI Hospital Indiranagara,12.97094,77.63594,785969.4817902399,1435399.363145954,2874
21935,ESI Hospital Rajajinagara,12.99075,77.55091,776717.1388147082,1437498.195791946,2875
21936,ESI Hospital Rajajinagara,12.99101,77.55084,776709.2526175918,1437526.897905627,2876
20776,ESI Hospital Rajajinagara,12.99041,77.55256,776896.6115279006,1437462.3569235767,2877
20777,ESI Hospital Rajajinagara,12.99069,77.55258,776898.4718058353,1437493.3706299134,2878
23689,ESI Hospital White Field,12.99076,77.70641,793596.4609991126,1437673.5084355734,2879
21781,ESI Hospital/Brook Steel,12.9931,77.70535,793478.6410603754,1437931.3188007989,2880
21782,ESI Hospital/Brook Steel,12.99287,77.70549,793494.1091046683,1437906.0197635735,2881
25187,Eagleton Resort,12.81067,77.41626,762290.306326048,1417425.4209507483,2882
32583,Eagleton Resort,12.81054,77.41626,762290.4409413966,1417411.0333366427,2883
20768,East End Jayanagara,12.91665,77.59855,781971.6456422327,1429348.4199219185,2884
20769,East End Jayanagara,12.9169,77.59802,781913.8183134862,1429375.5083223493,2885
35204,East End Jayanagara,12.91709,77.59683,781784.3967876828,1429395.2288607277,2886
25188,East End Jayanagara,12.91721,77.59508,781594.2503443398,1429406.585650546,2887
25191,East Point College,13.05085,77.71401,794350.4356809682,1444334.173790191,2888
32584,East Point College,13.05012,77.72,795001.3945428248,1444260.3299401978,2889
32585,East Point College,13.05006,77.71999,795000.380494799,1444253.6763328472,2890
21929,East Railway Station,13.00143,77.61865,784057.8397438517,1438754.9911543624,2891
21508,East West College Cross,12.98559,77.48632,769712.096489738,1436857.7638090842,2892
24294,East West College Cross,12.98568,77.48629,769708.7430937453,1436867.6932745827,2893
25198,East West Public School,13.00556,77.55638,777294.4070314362,1439143.406381054,2894
32588,East West Public School,13.00547,77.55647,777304.2754279401,1439133.542796578,2895
25200,Ebenezer International School,12.83948,77.70655,793788.6016116077,1420927.366232712,2896
21930,Echalamara Vidyaranyapura,13.08005,77.55933,777531.4177590609,1447391.657105374,2897
21931,Echalamara Vidyaranyapura,13.08008,77.55932,777530.2991252317,1447394.9667295222,2898
20770,Eco Space,12.92776,77.68049,790855.9645330425,1430669.932460476,2899
20771,Eco Space,12.92838,77.6812,790932.3374740492,1430739.3712006777,2900
25202,Ejipura,12.94669,77.62883,785225.2749632329,1432707.132388558,2901
32590,Ejipura,12.94684,77.62876,785217.50441112,1432723.6579027532,2902
28193,Ejipura School,12.94272,77.63081,785444.7628812934,1432269.899586095,2903
34486,Ejipura School,12.94257,77.63085,785449.2765536034,1432253.3405684046,2904
21932,Electric B Station,12.97405,77.61394,783577.697973876,1435719.0333551376,2905
21020,Electric B Station MG Road,12.97403,77.61279,783452.8826143548,1435715.5402692973,2906
21934,Electronic City,12.84756,77.6707,789885.3321626538,1421781.1375794932,2907
21933,Electronic City,12.84815,77.67083,789898.7745490411,1421846.5935141374,2908
20773,Electronic City 378,12.84717,77.67049,789862.9709229642,1421737.730348777,2909
23991,Electronic City 378,12.84697,77.6707,789886.0095573482,1421715.8281123755,2910
23717,Electronic City East Phase-II,12.84498,77.68094,791000.5189683822,1421507.103252493,2911
35801,Electronic City FLY,12.84817,77.67062,789875.9426597217,1421848.5708002334,2912
35803,Electronic City FLY,12.84598,77.67202,790030.5178281679,1421607.7283293125,2913
40387,Electronic City FLY,12.84794,77.6708,789895.7572608867,1421823.3139685045,2914
38203,Electronic City KIA,12.85049,77.66201,788938.1244371817,1422095.6949937553,2915
39700,Electronic City NICE-10,12.84585,77.67177,790003.513388488,1421593.0563583933,2916
37733,Electronic City Toll,12.8458,77.66797,789590.8342749954,1421583.242531751,2917
20772,Electronic City Wipro Main Gate,12.83594,77.65742,788456.2118990828,1420479.962507005,2918
25206,Electronic city NICE Road,12.85806,77.65885,788586.252935657,1422930.0946893971,2919
32591,Electronic city NICE Road,12.85824,77.6588,788580.6165901561,1422949.9633294092,2920
23670,Elgin Floor Mill,12.95873,77.6061,782743.9492284609,1434014.5586152656,2921
23799,Elgin Floor Mill,12.95814,77.60612,782746.7870335008,1433949.2739477793,2922
25215,Elmeasure KIADB,13.15434,77.69361,792014.2701286766,1455766.6556324626,2923
32594,Elmeasure KIADB,13.1541,77.69359,792012.3849363051,1455740.0649008104,2924
25217,Embassy School,13.17384,77.59546,781344.8488581222,1457813.1947877358,2925
32595,Embassy School,13.1739,77.59546,781344.7802442459,1457819.8361971553,2926
39897,Embassy Tech Village,12.92913,77.69465,792391.8722312837,1430837.7335207101,2927
39898,Embassy Tech Village,12.92901,77.69475,792402.8702040932,1430824.5642840522,2928
40458,Energy Institute,13.12773,77.8124,804934.3392877094,1452961.7497059328,2929
40459,Energy Institute,13.12777,77.8125,804945.1402396462,1452966.299080732,2930
25219,Eradu Kamba,12.84898,77.45135,766061.1909424684,1421701.3635887278,2931
32596,Eradu Kamba,12.849,77.45135,766061.1698688355,1421703.5771253821,2932
25225,Escorts,13.10281,77.58566,780362.5930971098,1449939.98419212,2933
32598,Escorts,13.10271,77.58558,780354.0267067011,1449928.8264447988,2934
25227,Eshwara Layout,12.89149,77.57564,779512.1067548027,1426538.4164107547,2935
32599,Eshwara Layout,12.89145,77.57566,779514.3229445944,1426534.0107398957,2936
25229,Eshwara Temple Puttayyanapalya,12.95339,77.41171,761647.8116637721,1433216.2109818303,2937
32600,Eshwara Temple Puttayyanapalya,12.95343,77.41176,761653.1972991229,1433220.689207315,2938
25232,Estate Tavarekere,12.95447,77.40404,760814.1208896913,1433327.8912022465,2939
32601,Estate Tavarekere,12.95444,77.40397,760806.5538055232,1433324.499468481,2940
21937,Exide Gate,12.83506,77.78538,802356.7051881978,1420529.3232218595,2941
21938,Exide Gate,12.83499,77.78529,802347.0123322117,1420521.4683124127,2942
25238,Fairland Shop,12.95044,77.62531,784838.8514383356,1433118.2950807244,2943
32604,Fairland Shop,12.95041,77.62546,784855.1704692063,1433115.1416986526,2944
21939,Fathima Church,13.05486,77.5414,775613.9284587991,1444583.8857476665,2945
21940,Fathima Church,13.05472,77.54155,775630.3609255688,1444568.5530286967,2946
40385,Federal Bank,12.95189,77.47212,768206.973828542,1433112.8786329608,2947
40386,Federal Bank,12.95174,77.47222,768217.989855578,1433096.381812515,2948
39003,Fire Station Brigade Hulimavu,12.87204,77.59873,782041.2026013025,1424410.803161749,2949
39004,Fire Station Brigade Hulimavu,12.87196,77.59875,782043.4640965337,1424401.970053116,2950
21509,Forest Gate,12.99185,77.45952,766796.5597834877,1437522.3815020618,2951
21510,Forest Gate,12.99176,77.45971,766817.2777030759,1437512.6195833983,2952
25244,Form House Gorinabele,13.04568,77.35321,755203.4232785329,1443370.785582788,2953
35939,Forum City Apartment,12.99688,77.58754,780686.2152136294,1438216.820574891,2954
21941,Forum Mall,12.95943,77.7468,798018.4233171914,1434252.1818780734,2955
21942,Forum Mall,12.95977,77.74683,798021.275489682,1434289.855282451,2956
23803,Forum Mall,12.9346,77.61228,783442.1596899661,1431350.4662237884,2957
21943,Frazer Town,13.00115,77.61196,783332.0049340016,1438716.5356171029,2958
21944,Frazer Town,13.00082,77.61144,783275.9374461982,1438679.4286220614,2959
36715,Frazer Town,13.00098,77.61257,783398.4092815638,1438698.3978666305,2960
25251,G Hosahalli,12.99592,77.47847,768848.9343130838,1437992.7862924356,2961
30370,G Hosahalli Road Junction,12.98814,77.47534,768517.5888660223,1437128.3941307128,2962
25364,GBJ Colony Gate Doddanekkundi,12.95769,77.69141,792006.7818751174,1433995.5185799515,2963
32660,GBJ Colony Gate Doddanekkundi,12.95753,77.69134,791999.3687945998,1433977.7270432517,2964
38118,GG Palya Fly Over Toll,13.03105,77.53588,775041.2737948864,1441942.4863684662,2965
40482,GK Golden City Apartment,12.88553,77.65591,788235.5209837472,1425967.532456058,2966
40483,GK Golden City Apartment,12.88567,77.656,788245.134358792,1425983.1305936433,2967
25427,GKVK,13.07792,77.58007,779784.2175165658,1447178.748244929,2968
25432,GKVK GATE,13.07254,77.59245,781133.6378887995,1446596.9700196777,2969
31367,GKVK GATE,13.0734,77.59328,781222.7260965062,1446693.0853241335,2970
35685,GKVK GATE,13.07276,77.59292,781184.3882254751,1446621.84400656,2971
32694,GKVK GATE,13.07358,77.59306,781198.6498263194,1446712.7648307728,2972
25436,GKW Layout,12.96802,77.52845,774304.2410860492,1434958.050365894,2973
23544,GM Palya,12.9751,77.66602,789230.1269639784,1435893.789356246,2974
21967,GM palya,12.97509,77.66605,789233.3952931031,1435892.71646149,2975
26000,GOVT Hospital K Gollahalli,12.83938,77.45162,766100.6247902928,1420639.145279635,2976
32979,GOVT Hospital K Gollahalli,12.83939,77.45168,766107.130311653,1420640.314044591,2977
21525,GPO,12.98136,77.59408,781413.5811559758,1436506.1545580556,2978
20798,GPO,12.98173,77.5951,781523.885343347,1436548.236502377,2979
20799,GPO,12.98137,77.59436,781443.9639289367,1436507.5707959782,2980
20800,GR Tech Park ITPL,12.98656,77.74344,797621.3140530819,1437251.5734173069,2981
20801,GR Tech Park ITPL,12.98681,77.74338,797614.5024465878,1437279.1785115884,2982
25557,GRG Dairy Thirupalya,12.81863,77.67176,790033.6557128394,1418579.954410795,2983
25560,GTRE Engine Division,12.9836,77.64942,787418.2874926788,1436815.8991372182,2984
35363,GTRE Engine Division,12.98352,77.64929,787404.2676006526,1436806.8969700453,2985
39078,GVT School Kodiyala Karenahalli,12.78001,77.46581,767704.416242185,1414082.9177708211,2986
39079,GVT School Kodiyala Karenahalli,12.77988,77.46575,767698.0356536646,1414068.4676166156,2987
25254,Gadenahalli,13.18817,77.61756,783725.4251692529,1459424.2811856172,2988
32610,Gadenahalli,13.18823,77.61752,783721.0174505105,1459430.877454404,2989
38159,Gadenahalli Cross,13.20278,77.6032,782151.1466652672,1461025.27478153,2990
38160,Gadenahalli Cross,13.20278,77.60325,782156.5693433402,1461025.331093386,2991
25256,Gadenahalli Gate,13.19593,77.61956,783933.3787334012,1460285.5160648702,2992
32611,Gadenahalli Gate,13.19583,77.6195,783926.9868702611,1460274.3788772905,2993
25258,Gadigaiahana Doddy,12.85266,77.33857,753810.4161975591,1421994.712962573,2994
21990,Gadipalya,12.76631,77.52849,774528.1348686436,1412632.2589630524,2995
21991,Gadipalya,12.76627,77.52846,774524.9189301727,1412627.7998739667,2996
23849,Galaxy Paradise (Tent),12.89162,77.62585,784964.2470419572,1426608.0607154558,2997
24137,Galaxy Paradise (Tent),12.89167,77.62588,784967.4481579631,1426613.6285834748,2998
25260,Ganagalu,13.04925,77.802,803902.2033311215,1444260.9311731425,2999
25262,Ganagalu Cross,13.04597,77.79761,803429.7315864222,1443892.5543340584,3000
32614,Ganagalu Cross,13.04599,77.79768,803437.3048447871,1443894.8522627521,3001
25264,Ganagaluru,12.91117,77.85171,809468.7367693526,1429034.228013378,3002
32615,Ganagaluru,12.91117,77.85167,809464.392702658,1429034.179662678,3003
23405,Ganagaluru Circle,12.89343,77.85012,809317.8931475702,1427068.3196990755,3004
23411,Ganagaluru Circle,12.89332,77.85016,809322.3728052547,1427056.1899201036,3005
25266,Ganagaluru Cross,12.91382,77.86169,810549.3084538437,1429339.6958697343,3006
32616,Ganagaluru Cross,12.91373,77.86184,810565.7099801346,1429329.9139072152,3007
25272,Ganakal,12.9573,77.38166,758381.9228316428,1433618.3370295516,3008
32619,Ganakal,12.95726,77.38162,758377.6223253338,1433613.869640996,3009
32618,Ganakal,12.85247,77.3573,755844.4557979557,1421992.2359926612,3010
32621,Ganakal,12.85246,77.35726,755840.1223954901,1421991.0895194865,3011
32617,Ganakal,12.89789,77.51219,772615.4344697841,1427178.4855688163,3012
32620,Ganakal,12.89797,77.51227,772624.0341593607,1427187.425183352,3013
38876,Ganapathi Enclave,12.94739,77.64092,786537.0662918047,1432798.1505600743,3014
36013,Ganapathi Layout (JK Store),13.04884,77.45306,766034.5431579454,1443823.1673612914,3015
36011,Ganapathi Layout 1st Stage(LDVG),13.04795,77.45596,766350.1763966838,1443727.7090217874,3016
36012,Ganapathi Layout 1st Stage(LDVG),13.04789,77.45606,766361.091766092,1443721.1733856786,3017
37851,Ganapathi Layout(JK Store),13.0488,77.45279,766005.2882738193,1443818.4568583367,3018
25274,Ganapathi Nagara Raghavendra Badavane,13.07897,77.49701,770770.7569853389,1447204.5522756998,3019
32622,Ganapathi Nagara Raghavendra Badavane,13.07897,77.49707,770777.2669892331,1447204.6165203378,3020
25277,Ganapathihalli,12.91774,77.39529,759902.3984927811,1429253.9386744746,3021
32623,Ganapathihalli,12.91776,77.39524,759896.9496488962,1429256.101377846,3022
25279,Ganapathipura,12.89327,77.57188,779101.8428693383,1426731.343491603,3023
32624,Ganapathipura,12.89338,77.57192,779106.0642993555,1426743.5625298524,3024
35197,Gandhi Bazaar,12.94622,77.57014,778854.0807197338,1432590.2971618124,3025
25283,Gandhi Circle Magadi,12.95759,77.23518,742482.7533621755,1433506.7205202691,3026
32625,Gandhi Circle Magadi,12.95776,77.23538,742504.2956037798,1433525.723069265,3027
25285,Gandhi Farm Gate,12.64478,77.49757,771298.1258124756,1399148.8186816925,3028
32626,Gandhi Farm Gate,12.64482,77.49762,771303.517913813,1399153.2977302903,3029
25287,Gandhi Grama,13.0472,77.33923,753684.989850357,1443524.9748803233,3030
32627,Gandhi Grama,13.04724,77.3393,753692.5442052155,1443529.4717258522,3031
23546,Gandhi Nagara,12.79019,77.50452,771898.5335933429,1415250.0165192015,3032
23633,Gandhi Nagara,12.79003,77.50442,771887.8424715919,1415232.2024620306,3033
25289,Gandhi School,12.98812,77.56791,778565.3105718534,1437225.6313178642,3034
23557,Gandhipura,12.96969,77.7524,798614.1767405072,1435394.5284006768,3035
23564,Gandhipura,12.96964,77.75241,798615.3221429565,1435389.0050357385,3036
38613,Ganesh Mantapa,13.01818,77.64734,787152.6797227792,1440641.3211123203,3037
20778,Ganesha Bhavan,12.94411,77.56426,778218.0713941685,1432350.3371171826,3038
25294,Ganesha Circle Vaddarahalli,13.02569,77.45495,766264.4079618221,1441262.946770466,3039
32630,Ganesha Circle Vaddarahalli,13.0257,77.45491,766260.0564558915,1441264.0116078488,3040
28675,Ganesha Gudi Nelamangala,13.08374,77.39286,759465.8814076423,1447623.283588733,3041
33769,Ganesha Gudi Nelamangala,13.08378,77.39288,759468.0093364522,1447627.7310804,3042
25296,Ganesha Temple Bettanahalli,13.21135,77.58525,780194.6318902777,1461953.738642936,3043
32631,Ganesha Temple Bettanahalli,13.21139,77.58526,780195.6706842878,1461958.1774184604,3044
20779,Ganesha Temple Chandra Layout,12.95803,77.52876,774348.8463797119,1433852.6556260963,3045
20780,Ganesha Temple Chandra Layout,12.95772,77.52863,774335.0739741975,1433818.2039995855,3046
24190,Ganesha Temple Mahalakshmi Layout,13.00862,77.5432,775860.514398087,1439467.7660430623,3047
25298,Ganesha Temple Mahalakshmi Layout,13.00868,77.54313,775852.8505982144,1439474.3311799867,3048
23524,Ganesha Temple Sahakara Nagara,13.06342,77.58561,780401.7378161142,1445579.8983800341,3049
24112,Ganesha Temple Sahakara Nagara,13.06289,77.58517,780354.5905242895,1445520.746117102,3050
24110,Ganesha Temple Sahakara Nagara,13.05955,77.58992,780873.8112715477,1445156.3099551194,3051
23526,Ganesha Temple Sahakara Nagara,13.0596,77.59,780882.4359523043,1445161.933136991,3052
21511,Ganesha Temple Tavarekere,12.96708,77.40326,760716.3167663586,1434722.6940978912,3053
21512,Ganesha Temple Tavarekere,12.9671,77.40341,760732.577230217,1434725.0609165437,3054
21945,Ganesha Temple Thippasandra,12.97206,77.65412,787941.7882910534,1435543.8049321568,3055
25301,Ganesha Temple Vasanthanagara,12.99515,77.59214,781187.4627706171,1438030.4083693202,3056
35378,Ganesha Temple Vasanthanagara,12.99521,77.59203,781175.4553257411,1438036.9281393974,3057
39563,Ganga Block,12.84592,77.62709,785150.595391036,1421550.8775386917,3058
39564,Ganga Block,12.84599,77.62701,785141.8274356406,1421558.5372331345,3059
25303,Ganga International School,13.02828,77.49633,770752.2231192254,1441593.3718507886,3060
32632,Ganga International School,13.02824,77.49634,770753.3518534985,1441588.9552579133,3061
32634,Gangadaranapalya,13.12071,77.37612,757611.2750860995,1451697.7465897414,3062
25309,Gangadhara Kalyana Mantapa,13.07998,77.51095,772282.1457177176,1447331.3098219808,3063
32635,Gangadhara Kalyana Mantapa,13.08002,77.51088,772274.5067342177,1447335.6617641377,3064
25307,Gangadharanapalya,13.12078,77.37601,757599.2700929904,1451705.3813202572,3065
21946,Gangamma Circle,13.05663,77.54672,776189.2554107443,1444785.5931425437,3066
21947,Gangamma Circle,13.05769,77.54635,776147.9265724997,1444902.51637454,3067
25311,Gangamma Circle,13.05776,77.54635,776147.848723236,1444910.2643606449,3068
35214,Gangamma Circle,13.05663,77.54654,776169.7229633251,1444785.3968813804,3069
25313,Gangamma Temple Maralawadi Road,12.63621,77.49902,771464.7818879001,1398201.8046010141,3070
32636,Gangamma Temple Maralawadi Road,12.6363,77.499,771462.512958593,1398211.744956619,3071
21513,Gangappanahalli,12.95859,77.35133,755088.4780568226,1433730.5949461877,3072
21514,Gangappanahalli,12.95841,77.35137,755093.0031706189,1433710.7142787438,3073
25315,Gangappanahalli,12.95643,77.35382,755360.9513179124,1433494.0367950636,3074
38153,Gangapura,13.15294,77.60735,782658.5038659195,1455513.1066574387,3075
38154,Gangapura,13.153,77.6074,782663.8588389864,1455519.8043192127,3076
25317,Gangasandra,12.84626,77.47073,768168.6973819693,1421420.4346371142,3077
32638,Gangasandra,12.84622,77.47075,768170.9118410295,1421416.0283435956,3078
25319,Gangavara,13.15282,77.76343,799590.5379162185,1455680.5369787505,3079
32639,Gangavara,13.15284,77.76337,799584.0042896338,1455682.6795582252,3080
35125,Gangenahalli,13.02337,77.58405,780277.6103494116,1441145.1019043424,3081
25322,Gangenahalli,12.98339,77.39297,759582.4854302334,1436517.281039151,3082
32640,Gangenahalli,13.02261,77.58461,780339.2434497869,1441061.5970068611,3083
35255,Gangenahalli,13.02309,77.5841,780283.3521078121,1441114.1643887693,3084
25324,Gangenahalli Cross,12.97287,77.39994,760349.9296641665,1435360.104348284,3085
32642,Gangenahalli Cross,12.97277,77.3999,760345.6922201698,1435348.9961121075,3086
30372,Gangenahalli Junction,12.98348,77.38713,758948.5534480558,1436521.297839952,3087
33144,Gangenahalli Junction,12.9835,77.38718,758953.9594051235,1436523.5621273569,3088
25326,Gangondanahalli,13.02162,77.46776,767658.9337511002,1440825.9505456786,3089
32643,Gangondanahalli,13.02164,77.46773,767655.6565659419,1440828.1325159026,3090
32644,Gangondanahalli  Cross (Vaikunta Bar),13.029,77.46453,767300.4812202258,1441639.3602050592,3091
25328,Gangondanahalli Cross 1(Vaikunta Bar),13.02898,77.46448,767295.0767223288,1441637.0939740017,3092
25329,Gangondanahalli Masjid,12.94965,77.52684,774149.5960645715,1432923.0662918596,3093
25330,Gangothri Circle,12.91965,77.61299,783536.1407963729,1429696.4398895062,3094
35288,Gangothri Circle,12.91967,77.61291,783527.4319337497,1429698.565054025,3095
21948,Ganigarahalli,13.08911,77.51,772169.0415309133,1448340.8219175204,3096
21949,Ganigarahalli,13.08919,77.5106,772234.0515693575,1448350.322889416,3097
25332,Ganigarapalya,12.87601,77.53311,774910.8420016081,1424779.0730873984,3098
32645,Ganigarapalya,12.87618,77.53297,774895.4537481647,1424797.7393639875,3099
25334,Ganigarapalya Cross Yantaganahalli,13.06567,77.35991,755909.807118457,1445589.8632421126,3100
25336,Ganjalahalli,13.15245,77.9018,814603.3639973227,1455808.5967175616,3101
32647,Ganjalahalli,13.15252,77.90179,814602.1896030905,1455816.3342984456,3102
25340,Gantaganahalli,13.14336,77.58862,780637.6689045201,1454431.723789969,3103
32649,Gantaganahalli,13.1433,77.58856,780631.2284578767,1454425.0155135116,3104
23607,Gantakana Doddy Cross,12.74145,77.48836,770194.9500305273,1409838.5758542093,3105
23624,Gantakana Doddy Cross,12.74138,77.48822,770179.813897993,1409830.682548824,3106
25342,Garden City College TC Palya,13.02432,77.70708,793629.6556984971,1441389.3082569859,3107
32650,Garden City College TC Palya,13.02443,77.70712,793633.8675541226,1441401.5313205442,3108
21950,Garments Factory Borugunte,12.84531,77.78298,802083.7376743796,1421661.2158916574,3109
21951,Garments Factory Borugunte,12.84467,77.78306,802093.1933178869,1421590.459646711,3110
22697,Garuda Mall,12.97026,77.61066,783225.9323678865,1435295.871028598,3111
21952,Garuda Mall,12.96969,77.61042,783200.5244902249,1435232.5111318587,3112
25343,Garuda Mall,12.96973,77.61052,783211.334831583,1435237.0498141157,3113
21953,Garudacharpalya,12.99403,77.70158,793068.301412982,1438029.9226465956,3114
21954,Garudacharpalya,12.99388,77.70172,793083.6750349738,1438013.4792665336,3115
25345,Garudappa Circle Thigalarapalya,13.01568,77.48413,769441.8903403158,1440185.8172120962,3116
32651,Garudappa Circle Thigalarapalya,13.01572,77.48414,769442.932350536,1440190.2550342374,3117
20783,Garvebhavipalya,12.8964,77.63566,786024.0990792279,1427148.0866564903,3118
20784,Garvebhavipalya,12.89609,77.63534,785989.7026993836,1427113.4153038755,3119
25347,Gas Factory Kempalinganahalli,13.09251,77.36398,756323.6358071549,1448564.4177384265,3120
32652,Gas Factory Kempalinganahalli,13.09248,77.36402,756328.0062350411,1448561.1381555474,3121
25349,Gattahalli,12.86832,77.70359,793433.5468799076,1424116.4850422842,3122
25351,Gattigerepalya,12.88362,77.50217,771542.8633212056,1425588.4344633217,3123
32654,Gattigerepalya,12.88371,77.50224,771550.3672454255,1425598.469809549,3124
23745,Gavi Gangadareshwara Temple,12.94898,77.5625,778021.5939231955,1432887.4618581093,3125
23763,Gavi Gangadareshwara Temple,12.94915,77.56258,778030.090151948,1432906.3655853486,3126
32655,Gavinagamangala Gate,12.93611,77.24346,743402.2854100647,1431137.5675691217,3127
35841,Gavinagamangala Gate,12.93605,77.2435,743406.6854184733,1431130.9658958435,3128
25355,Gaviyanapalya,12.84115,77.46999,768093.7570930368,1420854.098167638,3129
32656,Gaviyanapalya,12.84097,77.46995,768089.6040247855,1420834.1344489735,3130
25357,Gaviyappa Thimayya Layout,12.91383,77.53175,774721.8520944268,1428963.6589278984,3131
32657,Gaviyappa Thimayya Layout,12.91385,77.5317,774716.4014856424,1428965.8189508223,3132
25360,Gayathri Nagara,12.99824,77.55996,777691.1188485944,1438337.0903271658,3133
32658,Gayathri Nagara,12.99828,77.55991,777685.647319112,1438341.4631991126,3134
25362,Gayathri Nagara Cross,13.01495,77.38348,758519.7961399946,1440000.4653517848,3135
32659,Gayathri Nagara Cross,13.01481,77.38346,758517.7709841413,1439984.9507906558,3136
25366,Gear School,12.91834,77.69757,792721.5151877266,1429646.6565614822,3137
32661,Gear School,12.91838,77.69758,792722.5544035863,1429651.0958669162,3138
20786,Geddalahalli,13.0308,77.5775,779558.3885711918,1441960.2911822214,3139
25367,Geddalahalli,13.03085,77.57753,779561.5882136035,1441965.8586178957,3140
21955,Geddalahalli,13.0484,77.64532,786898.57765109,1443984.1864709167,3141
21956,Geddalahalli,13.04838,77.6454,786907.2827347738,1443982.063172008,3142
25369,Geddalapura,12.9956,77.84059,808157.127499578,1438367.97506721,3143
32662,Geddalapura,12.99577,77.84056,808153.6605784049,1438386.7593047137,3144
40456,Geetam University,13.28549,77.59654,781333.7278649316,1470173.0135345946,3145
40457,Geetam University,13.2851,77.59641,781320.0836108003,1470129.6971671754,3146
21959,Geetanjali Layout,12.97692,77.65471,788000.237651981,1436082.4421751052,3147
21960,Geetanjali Layout,12.97691,77.65482,788012.1904297625,1436081.45957608,3148
25371,Gejjagadahalli Cross,13.2359,77.49757,770659.0584966408,1464574.5499121184,3149
32663,Gejjagadahalli Cross,13.23601,77.49775,770678.4544474753,1464586.9199736074,3150
25373,Gejjagalpalya,13.03034,77.31326,750884.206569362,1441633.2689228368,3151
32664,Gejjagalpalya,13.03035,77.31333,750891.7920594908,1441634.44478525,3152
25375,Gejjigadahalli,13.06085,77.42893,763403.4815488931,1445127.1918362316,3153
32665,Gejjigadahalli,13.06073,77.42887,763397.0986794106,1445113.8482351115,3154
25377,Gejjigadahalli Colony,13.0653,77.4304,763558.2561521425,1445621.2328279535,3155
32666,Gejjigadahalli Colony,13.06533,77.43045,763563.6493507162,1445624.6051854,3156
25379,Geleyara Balaga Extension Rajajinagara,13.00592,77.54107,775632.3215713806,1439166.6068072466,3157
32667,Geleyara Balaga Extension Rajajinagara,13.00595,77.54112,775637.7151734501,1439169.9815514947,3158
25381,Geleyara Balaga Layout,13.07127,77.50582,771735.0831756534,1446361.7467494884,3159
32668,Geleyara Balaga Layout,13.0712,77.50585,771738.4149838712,1446354.0311933798,3160
25382,Genius Global School Kodathi,12.87841,77.7167,794845.5947236664,1425248.4385499523,3161
25385,Gerahalli,13.03727,77.39064,759273.5546340373,1442477.9940589971,3162
32669,Gerahalli,13.03726,77.3906,759269.2246349074,1442476.8464448014,3163
25386,Gerupalya,12.88767,77.4443,765254.8764532388,1425976.156643337,3164
39266,Gerupalya,12.88772,77.44431,765255.9095600455,1425981.7008098392,3165
25388,Gerupura,13.07587,77.92765,817506.5127998029,1447362.3300229316,3166
32670,Gerupura,13.07597,77.92763,817504.2139676034,1447373.3766524405,3167
25392,Ghati Subramanya,13.40793,77.52871,773841.8623291049,1483649.7922272435,3168
32672,Ghati Subramanya,13.40789,77.52866,773836.4898530943,1483645.3092819583,3169
25395,Gidadakonenahalli,12.97371,77.48918,770035.3601033842,1435545.9090618035,3170
32673,Gidadakonenahalli,12.97373,77.48929,770047.278501238,1435548.2392062077,3171
25397,Gidadakonenahalli Cross,12.97458,77.48783,769887.8844760318,1435640.771290063,3172
32674,Gidadakonenahalli Cross,12.97459,77.48788,769893.300928903,1435641.9310381357,3173
32675,Gidadapalya,12.96024,77.43733,764421.6157497206,1434000.7406736193,3174
32677,Gidaveerasagara,13.21646,77.2036,738805.6695503757,1462123.7257469692,3175
25407,Giddappanahalli,13.1746,77.8166,805331.9714285528,1458155.7326218188,3176
32679,Giddappanahalli,13.1746,77.81654,805325.462432022,1458155.6596341687,3177
32680,Giddenahalli,12.99235,77.42036,762545.8446026375,1437537.0044292589,3178
32681,Giddenahalli,12.9924,77.42033,762542.5360471136,1437542.507264042,3179
25411,Giddenahalli,12.75691,77.62458,784978.0523089892,1411695.5834978914,3180
32682,Giddenahalli,12.75697,77.62478,784999.7149760847,1411702.4448424685,3181
39640,Giddenahalli Prashanti Kuteera,12.75738,77.62482,785003.6015295269,1411747.871613348,3182
23513,Girigowdana Doddy,12.74596,77.5234,773997.085972392,1410374.4960724867,3183
23514,Girigowdana Doddy,12.74611,77.52336,773992.5786930037,1410391.056059748,3184
32683,Girigowdana Doddy Colony,12.74742,77.52342,773997.6875676757,1410536.1123764229,3185
23512,Girigowdana Doddy Cross,12.76879,77.50956,772468.9723083687,1412886.7545664383,3186
23515,Girigowdana Doddy Cross,12.76868,77.5092,772429.9814488074,1412874.2008766725,3187
25415,Girinagara 2nd Stage,12.94081,77.54524,776156.8339593754,1431964.4400836315,3188
32684,Girinagara 2nd Stage,12.94091,77.54535,776168.6658100488,1431975.6274322197,3189
21961,Girinagara Cross,12.94315,77.54515,776144.4847194825,1432223.3448593908,3190
21962,Girinagara Cross,12.94322,77.54497,776124.8662477412,1432230.8982302807,3191
25417,Girinagara Extension,12.94102,77.53951,775534.5325724105,1431981.4980879624,3192
32685,Girinagara Extension,12.94112,77.53938,775520.3093873083,1431992.4263277627,3193
39841,Girinagara Extension,12.94103,77.53879,775456.3558952091,1431981.8286489823,3194
25420,Giriyamma Circle,13.24454,77.71378,794094.2969814935,1465775.301059933,3195
32686,Giriyamma Circle,13.24459,77.71329,794041.0994379078,1465780.2590567588,3196
32687,Giriyamma Circle,13.24475,77.71315,794025.7250109715,1465797.8062373656,3197
25422,Giriyappanapalya,12.88091,77.40082,760540.9038897014,1425183.4567699325,3198
32688,Giriyappanapalya,12.881,77.4009,760549.4971280893,1425193.4985572016,3199
25424,Giriyappanapalya Cross,12.88007,77.40384,760869.6835242552,1425093.5577933334,3200
32689,Giriyappanapalya Cross,12.88013,77.40381,760866.3639904418,1425100.167722493,3201
21963,Glass Factory,13.03429,77.62277,784467.5068033892,1442396.9114115485,3202
21966,Glass Factory,13.03422,77.62263,784452.3927547527,1442389.0060436944,3203
21964,Glass Factory,12.87655,77.56693,778582.8413952371,1424875.292275085,3204
21965,Glass Factory,12.87649,77.56685,778574.2202632125,1424868.564328007,3205
25437,Glass House Halage Vaderahalli,12.90704,77.51221,772607.6843399298,1428191.2454736233,3206
35827,Glass House Halage Vaderahalli,12.90696,77.51211,772596.9134992186,1428182.2845200265,3207
39026,Gnana Jyothi school,13.08455,77.73915,797038.5310083821,1448094.1442395262,3208
39027,Gnana Jyothi school,13.08458,77.73919,797042.8356986144,1448097.5122923944,3209
25445,Goduru Cross,12.67202,77.53936,775810.9404890116,1402207.5373089337,3210
32700,Goduru Cross,12.67197,77.5393,775804.4735837302,1402201.939751358,3211
25446,Gokare,13.24897,77.72681,795501.9741631754,1466281.0898728496,3212
21968,Gokula,13.04152,77.55725,777348.7733683209,1443124.6285729746,3213
21969,Gokula,13.04151,77.55722,777345.5288929781,1443123.48889898,3214
25450,Golf Club HAL,12.95262,77.65253,787791.5422791274,1433390.1316473586,3215
32702,Golf Club HAL,12.95262,77.65257,787795.8849684811,1433390.1767441186,3216
32706,Gollahalli,12.75354,77.45215,766248.2968809656,1411139.2193977025,3217
32707,Gollahalli,12.7535,77.45216,766249.4251114691,1411134.8026186116,3218
32705,Gollahalli,12.74198,77.64604,787326.5438694889,1410066.659416872,3219
32709,Gollahalli,12.74193,77.64603,787325.5137091852,1410061.113775493,3220
32703,Gollahalli,13.1437,77.41228,761509.3490949251,1454279.4147442349,3221
32704,Gollahalli,13.14371,77.41235,761516.9310696842,1454280.5942387758,3222
25458,Gollahalli,13.08368,77.67538,790119.614137559,1447923.7598978463,3223
32708,Gollahalli,13.08363,77.67538,790119.6726855083,1447918.2250997364,3224
38635,Gollahalli,13.15159,77.72504,795427.2003365688,1455498.949033902,3225
38636,Gollahalli,13.15159,77.72524,795448.8975139807,1455499.1840179074,3226
32710,Gollahalli Cross,13.15042,77.72844,795797.4571569955,1455373.4262044677,3227
32711,Gollahalli Cross,13.15037,77.72833,795785.5836338503,1455367.761781223,3228
25463,Gollahalli Cross,12.82969,77.66876,789695.1092943789,1419800.8546639937,3229
32712,Gollahalli Cross,12.83037,77.6641,789188.155124433,1419870.8915055878,3230
32713,Gollahalli Cross,12.82961,77.66867,789685.4249949404,1419791.897980378,3231
25465,Gollahalli Electronic City,12.83142,77.66906,789725.7133234082,1419992.6921915596,3232
32714,Gollahalli Electronic City,12.83145,77.66902,789721.3341026633,1419995.9680223337,3233
32716,Gollarahatti,12.98848,77.47248,768206.8048142479,1437163.010846537,3234
39071,Gollarahatti,12.98889,77.47259,768218.3035490804,1437208.5052696646,3235
21515,Gollarahatti,12.98866,77.47275,768235.9166564685,1437183.2175612666,3236
21516,Gollarahatti,12.98913,77.47157,768107.3374915156,1437233.9940251028,3237
25468,Gollarahatti Magadi,12.88033,77.19202,737871.6294992315,1424916.6119531372,3238
32715,Gollarahatti Magadi,12.88035,77.19187,737855.3258504403,1424918.6861801657,3239
32718,Gollarapalya,12.80143,77.42531,763282.8361255608,1416412.0016066395,3240
32719,Gollarapalya,12.80155,77.42521,763271.849965573,1416425.1806220424,3241
25472,Gollarapalya,12.97528,77.27937,747261.475192553,1435506.7800915798,3242
32717,Gollarapalya,12.97536,77.2793,747253.79898482,1435515.5654183845,3243
25474,Gonighattapura,12.91374,77.7888,802633.6767631085,1429243.5359691929,3244
25475,Gonighattapura Cross,12.9128,77.79447,803250.5482246934,1429146.1835393815,3245
32720,Gonighattapura Cross,12.91281,77.79451,803254.8799935655,1429147.3379700077,3246
25477,Gonipura,12.8324,77.45105,766046.0687286421,1419866.0328761667,3247
32721,Gonipura,12.83243,77.45107,766048.2092384682,1419869.373827325,3248
38997,Good Earth Malhar,12.88563,77.46453,767453.621795651,1425771.3736829637,3249
32722,Good Earth Villas Cross,12.89044,77.46681,767696.0731034083,1426306.1134851282,3250
25479,Good Earth Villas Cross,12.89036,77.46685,767700.5013993225,1426297.3009646295,3251
40477,Good land Hostel,12.92084,77.50736,772066.142883071,1429713.4947009706,3252
25486,Gopal Estate,12.818,77.48312,769544.3736875848,1418305.584040982,3253
32724,Gopal Estate,12.81793,77.48314,769546.6204751206,1418297.85740883,3254
32726,Gopalapura,13.14126,77.4263,763032.6427196187,1454023.9727863288,3255
32727,Gopalapura,13.14123,77.42629,763031.5900310681,1454020.6420270603,3256
21971,Gopalapura,13.13289,77.68848,791483.1121068099,1453386.242854984,3257
21972,Gopalapura,13.13294,77.68847,791481.9681418478,1453391.7661477975,3258
25490,Gopalapura,12.87684,77.41654,762252.0156408598,1424749.017599152,3259
32725,Gopalapura,12.87689,77.41658,762256.3068809793,1424754.5921698438,3260
20788,Gopalapura,12.98071,77.55798,777495.693842771,1436394.605184846,3261
35429,Gopalapura,12.98067,77.55813,777512.0204203367,1436390.3411466684,3262
39540,Gopasandra,12.84939,77.73777,797168.1132588387,1422060.229640239,3263
39541,Gopasandra,12.84942,77.73772,797162.6469997768,1422063.4928716277,3264
25496,Gopasandra Cross,13.22838,77.81014,804564.427436205,1464101.7594165867,3265
32731,Gopasandra Cross,13.22841,77.81029,804580.6589631786,1464105.2634078453,3266
25499,Gopasandra Gate,12.85251,77.73,796320.4843210786,1422396.6477723923,3267
32732,Gopasandra Gate,12.85241,77.72991,796310.8262180311,1422385.4741914202,3268
32733,Gopasandra Gate,12.85252,77.72986,796305.2662205272,1422397.5934722952,3269
20789,Goraguntepalya,13.02835,77.54123,775624.8685232868,1441649.4412341698,3270
20790,Goraguntepalya,13.02895,77.5395,775436.4553937847,1441713.9742633314,3271
21517,Goraguntepalya,13.02951,77.54012,775503.1210802882,1441776.6306375002,3272
25632,Goravanahalli,12.97957,77.34428,754301.925855184,1436045.4122397215,3273
25501,Goravanahalli Cross,13.05624,77.35791,755702.526865213,1444544.2106835942,3274
32734,Goravanahalli Cross,13.05626,77.35794,755705.7612732654,1444546.4543907372,3275
25505,Gorinabele,13.04204,77.36405,756383.3668107055,1442978.8761139212,3276
25507,Gorinabele Cross,13.04427,77.35263,755141.9379269257,1443214.15582863,3277
24719,Gorinabele colony,13.04269,77.36795,756805.8716909437,1443054.7587022,3278
25508,Goripalya,12.96355,77.55783,777498.4585974298,1434495.0730223085,3279
21973,Gorivegere Gate,13.04412,77.76033,799385.7096732995,1443643.418344954,3280
21974,Gorivegere Gate,13.04398,77.76046,799399.9880211481,1443628.0735070265,3281
25512,Gottigehalli,12.72084,77.52612,774319.6410311528,1407597.0455366883,3282
32738,Gottigehalli,12.72095,77.52621,774329.3019030258,1407609.3155253893,3283
25515,Gottigehalli Junction,12.72554,77.52946,774677.4954153112,1408120.7786582892,3284
32740,Gottigehalli Junction,12.72555,77.52949,774680.7443101157,1408121.9171987362,3285
23359,Gottigere,12.85518,77.58868,780968.5818576876,1422533.5974028262,3286
23588,Gottigere,12.85652,77.5889,780990.9826391404,1422682.1589878965,3287
23863,Gottigere,12.85619,77.58884,780984.8338937244,1422645.566558521,3288
36775,Gottigere,12.85751,77.58883,780982.2778595438,1422791.6631153072,3289
36776,Gottigere,12.85741,77.58883,780982.38922794,1422780.5943661903,3290
39093,Gottigere Nice Road Junction,12.85092,77.58839,780941.8284626452,1422061.7521658237,3291
38971,Gottigere Nice Road Junction,12.85081,77.58818,780919.1435672173,1422049.3472393316,3292
25517,Gottipura,13.1081,77.8501,809049.5417502767,1450834.442926736,3293
32741,Gottipura,13.10757,77.84917,808949.2846836012,1450774.6269543578,3294
32743,Gottipura Gate,13.09488,77.84646,808671.041831957,1449366.3934565836,3295
25520,Gottipura Gate,13.0948,77.84653,808678.7380760692,1449357.6221979454,3296
32742,Gottipura Gate,13.09467,77.8465,808675.644578679,1449343.193165391,3297
20792,Govardhan Talkies,13.01853,77.55339,776955.4681315502,1440575.7417591177,3298
24360,Govardhan Talkies,13.01884,77.55339,776955.1234309322,1440610.0543560325,3299
20791,Govardhan Talkies,13.02,77.55274,776883.2889386136,1440737.741222662,3300
20793,Govardhan Talkies,13.01781,77.55374,776994.2545830307,1440496.4295912464,3301
40408,Government ITI College,13.25978,77.73032,795869.5245047846,1467481.9319752278,3302
40409,Government ITI College,13.25981,77.73019,795855.3911949235,1467485.0988291984,3303
25526,Govindapura,13.03304,77.61892,784051.0970494743,1442254.2339089275,3304
32744,Govindapura,13.11758,77.46134,766858.978617542,1451439.960993938,3305
32748,Govindapura,13.11758,77.46148,766874.1658823986,1451440.10915822,3306
32746,Govindapura,13.03128,77.85143,809289.6615552823,1442331.2765549892,3307
25528,Govindapura Colony,13.03063,77.85812,810016.6683898187,1442267.479892962,3308
32749,Govindapura Colony,13.03063,77.85819,810024.2669011441,1442267.5654294,3309
21975,Govindapura Cross,13.03249,77.62209,784395.7647216372,1442196.9046782902,3310
21976,Govindapura Cross,13.03249,77.62197,784382.7411227047,1442196.770182627,3311
21519,Govindarajanagara,12.97561,77.53646,775165.3824768546,1435806.773159284,3312
21977,Govindarajanagara,12.97559,77.53666,775187.1141406836,1435804.7754239964,3313
36621,Govt Film and Television Institute,13.16733,77.46514,767217.3044172305,1456950.3107257907,3314
25532,Govt First Grade College Bidadi,12.80684,77.38906,759340.044597617,1416974.0627171635,3315
32751,Govt First Grade College Bidadi,12.80685,77.38901,759334.6038471453,1416975.1192143701,3316
23580,Govt Hospital Arakere,12.88724,77.60321,782510.6708591625,1426098.1962360824,3317
24237,Govt Hospital Arakere,12.88719,77.60317,782506.3833122901,1426092.617747914,3318
38002,Govt Junior College Chikkaballapura,13.42953,77.73056,795688.6874577553,1486273.9236590664,3319
38003,Govt Junior College Chikkaballapura,13.43,77.73072,795705.4490539641,1486326.1460494266,3320
38657,Govt Primary School Bommasandra,12.81707,77.69366,792414.4030120485,1418432.000513805,3321
39482,Govt Primary School Chikkabanavara,13.08603,77.49714,770777.1481736266,1447986.105711626,3322
39483,Govt Primary School Chikkabanavara,13.08608,77.49713,770776.0085590542,1447991.6290947627,3323
25536,Govt School Jakkur,13.07755,77.60617,782616.6937917282,1447166.815800951,3324
32753,Govt School Jakkur,13.07758,77.6062,782619.9148602958,1447170.1700390095,3325
20794,Govt School Thotada Guddadahalli,13.07004,77.48688,769681.3661247393,1446205.3458950426,3326
20795,Govt School Thotada Guddadahalli,13.07009,77.48689,769682.3968023022,1446210.8906039638,3327
39375,Govt School Thotada Guddadahalli,13.07004,77.48696,769690.0463829726,1446205.4311522048,3328
25538,Govt School Yelahanka 4th Phase,13.10391,77.57407,779103.8849471936,1450048.8964065039,3329
32754,Govt School Yelahanka 4th Phase,13.10388,77.57422,779120.1930374546,1450045.7416464519,3330
20796,Govt Soap Factory,13.01309,77.55438,777068.9636190773,1439974.690295919,3331
20797,Govt Soap Factory,13.01352,77.55385,777010.9629920989,1440021.7074020791,3332
23325,Govt Soap Factory,13.01284,77.55373,776998.6949362701,1439946.3102611834,3333
39706,Gowdahalli,13.04649,77.43629,764217.3388211738,1443545.5351507468,3334
25542,Gowdahalli,13.22729,77.52027,773130.0590740336,1463646.2485316289,3335
32756,Gowdahalli,13.22736,77.52028,773131.0654040405,1463654.0073801547,3336
39707,Gowdahalli,13.04661,77.43633,764221.5516486164,1443558.8580889455,3337
25544,Gowdahalli Colony,13.05023,77.43302,763858.5411965621,1443956.0608383014,3338
32757,Gowdahalli Colony,13.05021,77.43297,763853.1370368686,1443953.795247676,3339
25547,Gowdaiahanapalya,13.03248,77.35909,755855.0077829172,1441915.8490692524,3340
32758,Gowdaiahanapalya,13.03243,77.35907,755852.8889821402,1441910.295341107,3341
21978,Gowdanapalya,12.91152,77.55591,777347.589261893,1428734.0215575125,3342
21979,Gowdanapalya,12.91157,77.55608,777365.9922380635,1428739.7399378805,3343
25549,Gowrava Bhovi Palya,12.97381,77.38891,759151.771082352,1435452.8989248832,3344
32759,Gowrava Bhovi Palya,12.97382,77.38886,759146.3338113145,1435453.9548270064,3345
23454,Gowrava Nagara,12.88476,77.58266,780281.8891824426,1425801.1524292163,3346
23472,Gowrava Nagara,12.88469,77.58264,780279.7952920751,1425793.3824812043,3347
24093,Gowrenahalli,12.72321,77.68125,791173.8723566735,1408028.189076372,3348
24216,Gowrenahalli,12.72307,77.68131,791180.5523062262,1408012.7591571882,3349
25553,Grandwell,13.06328,77.73988,797143.2383480024,1445740.387396498,3350
32761,Grandwell,13.06317,77.73981,797135.7732474868,1445728.1280968052,3351
20802,Graphite India,12.97821,77.71135,794147.5062034836,1436289.9490023935,3352
20803,Graphite India,12.97705,77.71005,794007.7422175265,1436160.0385558563,3353
32762,Graphite India,12.97834,77.70947,793943.2590579148,1436302.169823834,3354
39845,Graphite Junction,12.98518,77.70816,793792.9989939483,1437057.8328478318,3355
33145,Graphite Junction,12.98515,77.70805,793781.0929630259,1437054.3849892442,3356
37222,Graphite Junction,12.98502,77.70833,793811.6420376329,1437040.3173230928,3357
25556,Green Field,13.28208,77.81771,805318.3715921614,1470056.0674344238,3358
21980,Green Wood High School,12.90092,77.7479,798207.4170274611,1427776.3544386872,3359
21981,Green Wood High School,12.90114,77.74775,798190.8664479472,1427800.5340461822,3360
25559,Gruhalakshmi Layout,13.0299,77.50036,771187.8030299773,1441776.9781309133,3361
32763,Gruhalakshmi Layout,13.02992,77.50026,771176.9290570316,1441779.0849255475,3362
39649,Gruhalakshmi Layout Govt Urdu School,12.87246,77.46214,767208.0816980172,1424311.2567140802,3363
32764,Gubbalala,12.88561,77.54168,775830.9562105061,1425850.8292609365,3364
32765,Gubbalala,12.88566,77.54177,775840.6743133902,1425856.46020663,3365
21982,Gubbalala Gate,12.88423,77.55153,776902.0661985914,1425708.6930526006,3366
21983,Gubbalala Gate,12.88431,77.55134,776881.3463080474,1425717.342826101,3367
21984,Gubbi Cross,13.06454,77.65167,787569.0191772616,1445777.9825859703,3368
21985,Gubbi Cross,13.06462,77.6519,787593.885667725,1445787.0994149805,3369
32768,Gubbi Cross,13.0642,77.6519,787594.372434454,1445740.607965859,3370
20804,Guddadahalli,13.14132,77.46228,766935.2846570744,1454068.4895956854,3371
25570,Guddadahalli,13.14135,77.46225,766931.9980930467,1454071.778172057,3372
25572,Guddadahalli Dinne,12.83337,77.34547,754579.1045651247,1419866.724088612,3373
32769,Guddadahalli Dinne,12.83342,77.34538,754569.2806028265,1419872.1686195114,3374
32770,Guddahalli,12.92823,77.25917,745115.2253181183,1430280.5462122355,3375
35843,Guddahalli,12.92818,77.25916,745114.1886667723,1430275.0034539765,3376
25576,Guddahatti,12.80299,77.74261,797748.4537344463,1416929.3531668982,3377
32771,Guddahatti,12.80313,77.74263,797750.4619955927,1416944.8741884762,3378
21986,Guddahatti Gate,12.78811,77.73702,797158.6022483811,1415275.7093427335,3379
21987,Guddahatti Gate,12.78847,77.73576,797021.2878879446,1415314.1127342882,3380
25579,Guddaiahnapalya,12.92728,77.31849,751555.4168999373,1430232.993778716,3381
31369,Guddaiahnapalya 1,12.92732,77.31854,751560.8044709923,1430237.469649152,3382
25581,Gudde Devastana Kamalanagara,12.99533,77.53324,774794.1584014934,1437985.9873256069,3383
32773,Gudde Devastana Kamalanagara,12.99527,77.53327,774797.480654638,1437979.3786768357,3384
25583,Guddegowdana Channohalli,13.19452,77.35128,754840.4787863446,1459841.174277978,3385
32774,Guddegowdana Channohalli,13.19454,77.3512,754831.7829524456,1459843.3064104833,3386
39761,Gudemaranahalli,13.05155,77.26323,745434.6979110551,1443931.55740337,3387
39762,Gudemaranahalli,13.05132,77.26335,745447.9445449152,1443906.220720654,3388
25585,Gudemaranahalli Hand Post,13.06399,77.26847,745990.8937813466,1445313.3114495347,3389
32775,Gudemaranahalli Hand Post,13.0636,77.26838,745981.5160850388,1445270.064610315,3390
32776,Gudipalya,12.79345,77.48382,769646.5270731214,1415589.1464278868,3391
32778,Gudipalya,12.79339,77.48377,769641.1597100373,1415582.4535248,3392
25589,Gudipalya,12.97115,77.47899,768932.0392620668,1435251.7960430852,3393
32777,Gudipalya,12.97123,77.47901,768934.1241326975,1435260.671520341,3394
25591,Gudipalya Cross,12.78846,77.48386,769656.1761206115,1415036.9004929778,3395
32779,Gudipalya Cross,12.78843,77.48383,769652.9492482725,1415033.5488361712,3396
24541,Guduvanahalli Gate,13.28067,77.76369,799462.5316617112,1469834.373822295,3397
32288,Guduvanahalli Gate,13.28071,77.76365,799458.1452853703,1469838.753907835,3398
21992,Guestline Hotel,12.78673,77.7419,797690.4109838358,1415128.5594246597,3399
21993,Guestline Hotel,12.78658,77.74192,797692.7599141898,1415111.9775291109,3400
25597,Gulaganjahalli,12.93732,77.41876,762429.9114669596,1431444.8980568016,3401
32782,Gulaganjahalli,12.93729,77.41883,762437.5417960833,1431441.6496710044,3402
25599,Gulaganjahalli Cross,12.94142,77.42528,763133.3952902893,1431905.3703107846,3403
32783,Gulaganjahalli Cross,12.94152,77.42525,763130.0336648085,1431916.4069724183,3404
21994,Gulakamale,12.79765,77.52361,773964.1580303703,1416095.860745605,3405
21995,Gulakamale,12.7976,77.52366,773969.6432695428,1416090.3796706998,3406
21988,Gullahatti Kaval,12.72972,77.54704,776583.1369893192,1408602.0881294403,3407
21989,Gullahatti Kaval,12.72968,77.547,776578.8341828971,1408597.6181937328,3408
25606,Gullakaipura,12.93866,77.78159,801820.7235233677,1431993.7612031524,3409
32786,Gullakaipura,12.9386,77.78171,801833.825844744,1431987.2607278277,3410
21996,Gunasheela Hospital,12.94057,77.57646,779546.5073299861,1431971.8236260707,3411
25610,Gundammanapalya,13.03019,77.32706,752381.777633025,1441630.347854102,3412
32788,Gundammanapalya,13.03024,77.32709,752384.9822079204,1441635.9111317226,3413
25612,Gundammanapalya Colony,13.03086,77.32467,752121.7622375947,1441702.1210819853,3414
32789,Gundammanapalya Colony,13.03084,77.32472,752127.2079333048,1441699.9573662558,3415
23928,Gundanjaneya Swamy Temple Ravagodlu,12.74957,77.51291,772853.5207461559,1410762.995359913,3416
29237,Gundappa Road,13.04255,77.57325,779083.9632770116,1443256.1911877575,3417
34057,Gundappa Road,13.04256,77.5733,779089.3781405281,1443257.3530968751,3418
38579,Gundenahalli,13.19044,77.27926,747035.0109534163,1459317.580579597,3419
38580,Gundenahalli,13.19058,77.27939,747048.9668378806,1459333.2019705083,3420
25614,Gundenahalli Cross,13.20664,77.31593,750994.8293999812,1461146.8312694286,3421
32790,Gundenahalli Cross,13.2066,77.3159,750991.6173779551,1461142.3744332558,3422
25616,Gundur,13.08672,77.71505,794420.7265325233,1448306.1598090378,3423
32791,Gundur,13.08676,77.71507,794422.8492586194,1448310.611082639,3424
35364,Gundur,12.87694,77.83781,808001.1002375089,1425227.9186867478,3425
32792,Gundur Colony,13.08506,77.70886,793750.9971946719,1448115.1956609557,3426
25618,Gundur Colony,12.87507,77.84527,808813.6657392923,1425029.855975062,3427
35365,Gundur Colony,12.87506,77.84533,808820.1950057689,1425028.8210601402,3428
25620,Gungarahalli,12.82132,77.28782,748330.5005270845,1418476.9577188785,3429
25622,Guni Agrahara,13.09354,77.52789,774105.1541450794,1448850.4915396776,3430
32794,Guni Agrahara,13.09357,77.52788,774104.035974654,1448853.801218347,3431
25624,Gunjurpalya,12.92213,77.71782,794915.9396909773,1430089.4524828792,3432
32795,Gunjurpalya,12.92244,77.71772,794904.7168297343,1430123.653710027,3433
25626,Gunjurpalya Gate,12.91724,77.72546,795751.2987013666,1429556.9535919712,3434
32796,Gunjurpalya Gate,12.91726,77.72541,795745.8457174462,1429559.1097936926,3435
21997,Gunjuru,12.92142,77.73638,796932.1449918135,1430032.323443079,3436
24872,Gunjuru,12.92087,77.73643,796938.2250971949,1429971.4965094863,3437
24873,Gunjuru,12.92089,77.73638,796932.7720453856,1429973.652481417,3438
32798,Gunjuru,12.92119,77.73642,796936.7606188615,1430006.908881746,3439
22745,Gurappanapalya,12.91988,77.6002,782147.1705817431,1429707.7628610262,3440
23874,Gurappanapalya,12.9191,77.59999,782125.2459154518,1429621.194088622,3441
32800,Guravanahalli,13.05003,77.36186,756137.5044981829,1443860.9295869146,3442
25636,Gurudwara,12.97604,77.62001,784234.3642445413,1435946.0697147588,3443
35306,Gurudwara/Lido,12.97506,77.6201,784245.2487643324,1435837.6931471708,3444
25638,Gurukula School Tharahunase,13.17184,77.59894,781724.6002227194,1457595.7161838568,3445
32802,Gurukula School Tharahunase,13.17175,77.5989,781720.3645877053,1457585.709169655,3446
32799,Guruvanahalli,13.0501,77.36184,756135.2622887563,1443868.6563922006,3447
25644,Guttepalya,12.792,77.52986,774649.179771826,1415477.1411387539,3448
32806,Guttepalya,12.79199,77.52991,774654.6219546043,1415476.0874487942,3449
32804,Guttepalya,13.16721,77.41143,761392.2144886497,1456880.5246282758,3450
32805,Guttepalya,13.16705,77.41162,761412.9908186807,1456863.0141373342,3451
25646,H Cross,13.24263,77.93033,817582.2242031249,1465829.068839714,3452
32807,H Cross,13.24264,77.93031,817580.0419633673,1465830.1505901993,3453
25648,H Gollahalli,12.87589,77.48006,769150.315620788,1424709.594868627,3454
32808,H Gollahalli,12.87591,77.48002,769145.950767407,1424711.7665300232,3455
25650,H Gollahalli Cross,12.87793,77.48162,769317.530985242,1424937.0161519046,3456
32809,H Gollahalli Cross,12.87795,77.48156,769310.9944168744,1424939.1668061102,3457
25652,H Krishnappa Layout,12.92327,77.52981,774500.8965786186,1430006.4284818773,3458
32810,H Krishnappa Layout,12.9233,77.52969,774487.8353162471,1430009.620246146,3459
36748,HAL ARDC,12.96185,77.68527,791335.3312908843,1434448.9950863929,3460
39489,HAL Admin Gate,12.95813,77.66949,789626.4783462387,1434019.2412640727,3461
39490,HAL Admin Gate,12.95801,77.6693,789605.9896430267,1434005.7422484953,3462
25670,HAL Gnanajyothi School,12.96063,77.69327,792205.2854704577,1434323.09592615,3463
22001,HAL Kalyana Mantap,12.9546,77.68215,791005.0370325181,1433642.890024497,3464
22002,HAL Kalyana Mantap,12.95448,77.68225,791016.0334165057,1433629.7205673845,3465
22003,HAL Main Gate,12.95821,77.66821,789487.421147628,1434026.6442577608,3466
22004,HAL Main Gate,12.95854,77.66505,789143.9715318065,1434059.5903132877,3467
25675,HAL Main Gate,12.95862,77.6664,789290.4427552195,1434069.9761171541,3468
35189,HAL Main Gate,12.95852,77.66629,789278.6161249711,1434058.7819613377,3469
38110,HAL Market/SBI Bank,12.96036,77.66621,789267.8037601451,1434262.3689343375,3470
32819,HAL New Public School,12.95679,77.68215,791002.4908518712,1433885.313529873,3471
20815,HBR Layout,13.03517,77.62857,785095.969211025,1442500.830752544,3472
20816,HBR Layout,13.035,77.62849,785087.481713155,1442481.9232350239,3473
29395,HBR Layout 1st Stage,13.02116,77.6263,784865.6438342386,1440947.4911658943,3474
29399,HBR Layout 2nd Stage (1st Main),13.02881,77.61556,783691.261194256,1441782.252777374,3475
35594,HBR Layout 2nd Stage (2nd Cross),13.02881,77.61553,783688.0052614799,1441782.219245704,3476
29400,HBR Layout 2nd Stage (2nd Cross),13.03172,77.61208,783310.260211709,1442100.4750324774,3477
35593,HBR Layout 2nd Stage (2nd Cross),13.03165,77.61209,783311.4252162228,1442092.7378614577,3478
29406,HBR Layout 4th Block,13.03437,77.63268,785542.9438097908,1442416.899520599,3479
35587,HBR Layout 4th Block,13.03435,77.63264,785538.6255680327,1442414.6406568615,3480
35585,HBR Layout 5th Block,13.03582,77.6315,785413.2146043596,1442576.0752351664,3481
25873,HG Palya,13.20808,77.31528,750922.8772460336,1461305.5441712488,3482
32916,HG Palya,13.20807,77.31523,750917.4659640434,1461304.3873924022,3483
22703,HMT Auditorium,13.04918,77.54503,776014.1456005761,1443959.144933071,3484
22708,HMT Auditorium,13.04921,77.54396,775897.9994235327,1443961.3004273402,3485
25892,HMT Auditorium KIAS,13.04948,77.54279,775770.7353376042,1443989.9120379314,3486
32923,HMT Auditorium KIAS,13.04964,77.54275,775766.2171006734,1444007.5781417103,3487
22034,HMT Club House,13.05339,77.55072,776626.9192086831,1444431.335981035,3488
35215,HMT Club House,13.05344,77.55074,776629.0338305489,1444436.892109381,3489
25894,HMT Layout 8th Mile,13.03368,77.50415,771594.9752959621,1442199.4088516084,3490
36387,HMT Layout 8th Mile,13.03367,77.50411,771590.6453951439,1442198.2592172278,3491
20835,HMT Layout R T Nagara,13.0247,77.59473,781435.2225654572,1441304.1313060112,3492
20834,HMT Layout R T Nagara,13.02465,77.59481,781443.961594298,1441298.6855306919,3493
22702,HMT Post Office,13.05066,77.54157,775637.0362523398,1444119.1932404747,3494
22709,HMT Post Office,13.05049,77.54109,775585.1372334257,1444099.8547320694,3495
25900,HMT Siddarthanagara,13.0566,77.52237,773547.0047073676,1444755.8492409263,3496
32926,HMT Siddarthanagara,13.05657,77.52234,773543.7823998167,1444752.4963339893,3497
22700,HMT Watch Factory,13.05046,77.53521,774947.0984611833,1444090.1472054273,3498
37125,HMT Watch Factory,13.05037,77.53523,774949.3683684121,1444080.207290308,3499
40485,HP Petrol Bunk Haraluru Road,12.91473,77.66704,789410.5913500809,1429212.3288513245,3500
40486,HP Petrol Bunk Haraluru Road,12.91479,77.66702,789408.3505053552,1429218.947890621,3501
39080,HP Petrol Bunk Kakolu,13.17855,77.5211,773274.314135427,1458252.3892180081,3502
39081,HP Petrol Bunk Kakolu,13.17851,77.52096,773259.1744555351,1458247.8094233216,3503
38615,HRBR 1st Stage,13.02217,77.64744,787158.9324398387,1441083.1003095023,3504
29420,HRBR Layout 80 feet Road,13.02095,77.64317,786696.8870037615,1440943.2300575885,3505
35574,HRBR Layout 80 feet Road,13.02035,77.64328,786709.5168712414,1440876.938480705,3506
26013,HRBR Layout Cross,13.02382,77.64337,786715.2893305467,1441261.1446358697,3507
32985,HRBR Layout Cross,13.02386,77.64321,786697.8775922637,1441265.3916793915,3508
35120,HSBC,12.89202,77.59882,782028.5968657271,1426622.457187965,3509
35156,HSBC,12.89261,77.59876,782021.4201470469,1426687.697429498,3510
26015,HSBC,12.89269,77.5992,782069.1096347028,1426697.0364289728,3511
35309,HSBC,12.89273,77.59915,782063.6353370929,1426701.4089759625,3512
26020,HSR Lay Out Police Station,12.92014,77.65158,787725.6793578523,1429793.7506837253,3513
29381,HSR Layout 14th Main,12.91972,77.63844,786299.4074405318,1429732.5225607082,3514
35422,HSR Layout 14th Main,12.91966,77.63831,786285.3604155857,1429725.735615247,3515
20569,HSR Layout 14th Main,12.91619,77.63521,785952.7136472717,1429338.1698722509,3516
24297,HSR Layout 22nd Cross (Parangipalya Cross),12.90857,77.65163,787744.3648282869,1428513.0900133932,3517
22902,HSR Layout 2nd Sector,12.91219,77.64443,786958.4105644224,1428905.7182472523,3518
24051,HSR Layout 2nd Sector,12.91223,77.64475,786993.1117904321,1428910.5045826626,3519
32986,HSR Layout Bescom Office,12.91194,77.64942,787500.5325707288,1428883.6426003994,3520
35170,HSR Layout Bescom Office,12.9119,77.64952,787511.4368209613,1428879.3271729127,3521
26024,HSR Layout KEB,12.90361,77.64961,787530.6957341463,1427961.7857823302,3522
32987,HSR Layout KEB,12.90356,77.64963,787532.9246971112,1427956.2735928604,3523
24279,HSR Layout Petrol Bunk,12.91976,77.65163,787731.543994261,1429751.7435856138,3524
24301,HSR Layout Petrol Bunk,12.91964,77.65161,787729.5099114191,1429738.437945978,3525
26025,HSR Layout Police Station,12.92025,77.65161,787728.8107073925,1429805.960638554,3526
25655,Hadohalli,13.36837,77.54401,775544.771280465,1479288.0189396709,3527
32811,Hadohalli,13.36835,77.54398,775541.5427651198,1479285.7717901927,3528
25653,Hadosiddapura,12.89493,77.70109,793131.0456169483,1427059.2709414798,3529
25657,Hadripura,13.2592,77.44267,764681.1065944824,1467094.5737736875,3530
23558,Hagaduru,12.96581,77.75681,799097.6032453682,1434970.1750814035,3531
32812,Hagalahalli,12.84908,77.33047,752934.4498969639,1421590.5451730795,3532
35858,Hagalahalli,12.84916,77.33052,752939.7991671734,1421599.44775142,3533
38504,Hakki Pikki Colony,12.95424,77.43276,763931.8803899749,1433331.9523676767,3534
32813,Hakki Pikki Colony,12.84578,77.40004,760492.4908013444,1421294.7184647121,3535
25662,Hakki Pikki Colony Bannerughatta,12.79826,77.55819,777719.7599153537,1416200.3018473547,3536
32814,Hakki Pikki Colony Cross,12.80245,77.55883,777784.6890046049,1416664.7590817634,3537
32815,Hakki Pikki Colony Cross,12.80242,77.55888,777790.1531293807,1416661.492324587,3538
25666,Hakki Pikki Colony Cross,12.83926,77.39814,760292.8788030569,1420571.209621832,3539
32816,Hakki Pikki Colony Cross,12.83922,77.39814,760292.9200021002,1420566.7827091329,3540
26353,Hakki Pikki Colony Cross,12.83825,77.40277,760796.726026926,1420464.1136179864,3541
39759,Hakkinalu,13.03865,77.27617,746851.4427251926,1442516.5377877068,3542
39760,Hakkinalu,13.03856,77.27621,746855.8721202186,1442506.6168109025,3543
31419,Hakkipikki Colony Cross,12.83823,77.40283,760803.2625326877,1420461.960908144,3544
25679,Halage Vaderahalli,12.92018,77.51404,772792.1080350803,1429647.555396981,3545
32820,Halage Vaderahalli,12.92014,77.51394,772781.2944382513,1429643.0215291092,3546
25683,Halanayakanahalli,12.90147,77.6883,791734.5194335533,1427768.632591379,3547
32822,Halanayakanahalli,12.90152,77.68829,791733.3754848777,1427774.1559973052,3548
25685,Halappanahalli,13.10207,77.7779,801222.2896337716,1450079.5575072628,3549
32823,Halappanahalli,13.10202,77.77787,801219.0951554544,1450073.9864705654,3550
25690,Halasahalli,12.92416,77.76232,799745.6609251548,1430365.8955731944,3551
32825,Halasahalli,12.92418,77.76236,799749.9805721281,1430368.156489778,3552
32826,Halasahalli,13.09339,77.83557,807491.1045437702,1449188.1487789885,3553
32827,Halasahalli,13.09344,77.83551,807484.5311908608,1449193.6111925868,3554
25692,Halasahalli Cross,13.09001,77.83611,807553.9047872678,1448814.6082215873,3555
32828,Halasahalli Cross,13.08981,77.83619,807562.8350044943,1448792.563730314,3556
35064,Halasahalli Cross,12.93294,77.75824,799292.1435298253,1431333.0799134166,3557
35332,Halasahalli Cross,12.93289,77.75826,799294.3749011045,1431327.568238292,3558
20806,Halasuru,12.97793,77.6283,785132.126913007,1436164.5380149034,3559
22005,Halasuru,12.97859,77.62923,785232.3290065776,1436238.6353759107,3560
20805,Halasuru,12.97949,77.62949,785259.525491186,1436338.548869304,3561
20807,Halasuru Police Station,12.97515,77.62564,784846.5415711603,1435853.8410967647,3562
22006,Halasuru Police Station,12.97516,77.62544,784824.8191158111,1435854.7244672854,3563
39475,Halasuru Police Station,12.97492,77.62533,784813.1515388339,1435828.0356416292,3564
25697,Haldenahalli,12.72046,77.71366,794699.0360149066,1407760.3194874802,3565
32831,Haldenahalli,12.72049,77.71359,794691.3942999959,1407763.5609963518,3566
22007,Hale Chandapura,12.80182,77.71151,794371.1726120845,1416764.1746741144,3567
22008,Hale Chandapura,12.80167,77.71143,794362.6558827038,1416747.478910278,3568
25699,Hale Ooru,12.76044,77.72307,795675.2229092056,1412196.702606891,3569
32832,Hale Ooru,12.76049,77.72209,795568.6820486437,1412201.1190399532,3570
25701,Halehalli,12.73816,77.75177,798819.8426191681,1409763.2380274418,3571
32833,Halehalli,12.73817,77.75207,798852.4312287832,1409764.6905503783,3572
25703,Halehalli Cross,12.73092,77.75603,799291.2730922231,1408966.6772847322,3573
32834,Halehalli Cross,12.73095,77.75625,799315.1455345214,1408970.2519341863,3574
25705,Halenahalli Purushanahalli,13.22323,77.39621,759682.3138364145,1463064.763052091,3575
32835,Halenahalli Purushanahalli,13.22327,77.39604,759663.8385203005,1463069.0136286016,3576
38712,Haleyur,13.20408,77.88961,813214.9705012193,1461509.5756465811,3577
38713,Haleyur,13.20404,77.88953,813206.3434469105,1461505.0469940365,3578
38395,Haleyuru,13.263,77.76564,799695.6676297821,1467880.56755644,3579
25711,Halubhavipalya,12.94206,77.41613,762139.4524583034,1431966.7982399035,3580
35706,Halubhavipalya,12.94201,77.41604,762129.734903398,1431961.1721721133,3581
25713,Hampapura,12.8307,77.42882,763633.5961893416,1419655.037083135,3582
32838,Hampapura,12.83068,77.42887,763639.0471864338,1419652.8747325586,3583
25716,Hampapura Colony Cross,12.83197,77.42294,762993.6913937454,1419789.5859408174,3584
32839,Hampapura Colony Cross,12.83194,77.42299,762999.1526944605,1419786.3167333226,3585
22009,Hampi Nagara 7th Main,12.96211,77.53758,775301.8182792687,1434313.7456112367,3586
22010,Hampi Nagara 7th Main,12.96203,77.53751,775294.3075095868,1434304.8153388351,3587
22011,Hampi Nagara Post Office,12.96522,77.53802,775346.1591648965,1434658.4484168745,3588
22012,Hampi Nagara Post Office,12.96514,77.53811,775356.0169851554,1434649.690839643,3589
22013,Hampinagara RPC Layout,12.95872,77.53575,775106.8911437634,1433936.5526538165,3590
21521,Hamsa Farm,12.98175,77.43952,764636.5692911869,1436383.6688319705,3591
21526,Hamsa Farm,12.9817,77.4397,764656.1591545262,1436378.3219740475,3592
25718,Hancharahalli,13.09366,77.75053,798262.4820745226,1449116.0451956945,3593
32840,Hancharahalli Circle,13.091,77.74932,798134.3840475746,1448820.148764112,3594
25722,Hancharahalli Gate,13.09183,77.74168,797304.3385893228,1448903.0260231155,3595
32841,Hancharahalli Gate,13.09178,77.74163,797298.9729509312,1448897.432095088,3596
25724,Hanchipura,13.06731,77.37219,757240.4427271181,1445783.8114584587,3597
25726,Handarahalli,13.12139,77.75078,798256.1614452114,1452186.1167931207,3598
32843,Handarahalli,13.12143,77.75083,798261.538209727,1452190.6040659298,3599
25732,Handenahalli,12.95841,77.84709,808908.7770743812,1434258.5630678886,3600
32846,Handenahalli,12.9584,77.84704,808903.3603836525,1434257.3954262654,3601
25734,Handenahalli Attibele,12.82534,77.76604,800267.3809743305,1419430.6740527626,3602
32847,Handenahalli Attibele,12.82542,77.76617,800281.4080905346,1419439.6816595322,3603
25736,Handigutte,12.98692,77.34782,754678.638319561,1436862.3734579496,3604
32848,Handigutte,12.98698,77.34792,754689.4300833188,1436869.1136716832,3605
25738,Hangarahalli,12.76388,77.38362,758793.0030625286,1412214.1621893183,3606
25742,Haniyuru,13.21314,77.51484,772556.9821984966,1462074.1431758993,3607
32851,Haniyuru,13.21319,77.51475,772547.1668409067,1462079.5794048307,3608
23994,Hanuman Temple Beguru,12.87289,77.62476,784867.0721537878,1424533.616350243,3609
24159,Hanuman Temple Beguru,12.87284,77.62465,784855.1827223765,1424527.9598215444,3610
20808,Hanumanthanagara Ward Office,12.94339,77.56602,778409.9442207244,1432272.5604843053,3611
25747,Hanumanthegowdanapalya,13.09343,77.34389,754143.253096772,1448645.9401999735,3612
32854,Hanumanthegowdanapalya,13.09337,77.34393,754147.6539764234,1448639.3401966083,3613
40492,Happy Big Bazar,12.88081,77.65516,788159.4758877552,1425444.2191424465,3614
40493,Happy Big Bazar,12.88106,77.65517,788160.2757808982,1425471.903611725,3615
24089,Haragadde,12.76507,77.65365,788127.2790394569,1412630.9787159658,3616
24221,Haragadde,12.76503,77.65364,788126.2378998641,1412626.5399061642,3617
25750,Haragadde Cross,12.7643,77.65404,788170.5248463819,1412546.1797595797,3618
25751,Haragadde Cross,12.76432,77.65403,788169.4156861298,1412548.3824741484,3619
40008,Haragadde Govt School,12.76059,77.65538,788320.3216305133,1412137.003154863,3620
40009,Haragadde Govt School,12.76076,77.65547,788329.9073849644,1412155.9210027405,3621
25753,Haralur Junction,12.89815,77.65828,788478.4241739898,1427367.1454855404,3622
32856,Haralur Junction,12.89818,77.65834,788484.9052362313,1427370.5338127397,3623
32858,Haraluru,13.0655,77.83827,807818.7537132305,1446103.746645485,3624
25756,Haraluru,12.90146,77.66041,788705.9230420322,1427735.9391802214,3625
32857,Haraluru,12.90149,77.66039,788703.716787983,1427739.237453958,3626
25758,Haraluru Cross,12.91863,77.66866,789582.0008530305,1429645.868619966,3627
32859,Haraluru Cross,12.91861,77.66876,789592.8822525886,1429643.7678873728,3628
25762,Haraluru Gate,13.05805,77.8365,807635.8858899227,1445276.809512561,3629
32862,Haraluru Gate,13.05792,77.83644,807629.5348237811,1445262.3443989449,3630
32860,Haraluru Gate,13.21912,77.75196,798265.7016642515,1463006.5049887379,3631
32861,Haraluru Gate,13.2188,77.75166,798233.5535599043,1462970.7223407258,3632
35085,Harapanahalli,12.79197,77.62352,784823.5646452089,1415575.1991099226,3633
35300,Harapanahalli,12.79187,77.62342,784812.8135047585,1415564.0199159808,3634
25764,Harapanahalli Village,12.79075,77.62223,784684.7957047974,1415438.7362397905,3635
35766,Harapanahalli Village,12.79074,77.62218,784679.3751889393,1415437.5742680435,3636
22015,Hari Nagara Cross,12.87907,77.5673,778620.2335964575,1425154.6222753276,3637
22016,Hari Nagara Cross,12.87904,77.5672,778609.4075371434,1425151.1931699489,3638
32865,Haridasa Nagara,12.91848,77.52736,774240.1319655409,1429473.6292577228,3639
32866,Haridasa Nagara,12.91852,77.52733,774236.8311065447,1429478.0244394632,3640
25770,Harisandra,12.78653,77.30484,750213.172973765,1414643.3403949193,3641
38482,Harisandra,12.78652,77.30485,750214.2689627046,1414642.2434127575,3642
38481,Harisandra Cross,12.78683,77.3059,750328.0070069756,1414677.5659411028,3643
20810,Harishchandra Ghat,12.99695,77.56089,777793.4975447793,1438195.3203642117,3644
20811,Harishchandra Ghat,12.99729,77.56047,777747.5319341824,1438232.4951539855,3645
32868,Harohalli,12.75411,77.75597,799257.4950912207,1411533.7508391296,3646
32874,Harohalli,12.75407,77.75601,799261.8886030086,1411529.3690111896,3647
25784,Harohalli,13.06065,77.87421,811725.5847718408,1445610.7868091252,3648
32873,Harohalli,13.06059,77.87415,811719.1478358812,1445604.070163729,3649
32875,Harohalli,13.13068,77.58025,779744.0804373249,1453018.8717645542,3650
32876,Harohalli,13.13062,77.58026,779745.2332644425,1453012.241550777,3651
38667,Harohalli,13.31556,77.74805,797724.0241850965,1473678.062232453,3652
38668,Harohalli,13.31556,77.7481,797729.4449308149,1473678.1221597418,3653
32871,Harohalli,12.86247,77.72005,795228.0941193419,1423487.7589436492,3654
35155,Harohalli,12.68009,77.46966,768227.7385898584,1403028.0189429184,3655
35185,Harohalli,12.68021,77.46955,768215.6591107866,1403041.1870193447,3656
32878,Harohalli,12.95681,77.78609,802287.4420958977,1434008.3642379772,3657
23613,Harohalli Depot,12.69801,77.47846,769165.1834684873,1405020.4349367123,3658
23618,Harohalli Depot,12.69793,77.47822,769139.1884845921,1405011.3325906363,3659
25788,Harohalli Gate,12.86523,77.73251,796578.1562399786,1423807.6346742767,3660
32880,Harohalli Gate,12.8652,77.73261,796589.0526909998,1423804.4291213448,3661
25791,Harohalli Palya,13.17111,77.51169,772261.9608298445,1457418.676984859,3662
31370,Harohalli Palya,13.1712,77.51164,772256.4382337242,1457428.5843069179,3663
23614,Harohalli Petrol bunk,12.68712,77.47494,768794.1352033967,1403811.5197806547,3664
23617,Harohalli Petrol bunk,12.68707,77.47475,768773.5408518412,1403805.7899128934,3665
25796,Harokyatanahalli,13.05427,77.44734,765408.066392706,1444418.1519893783,3666
39387,Harsha Institute,13.1705,77.34653,754350.2387249053,1457178.0220854515,3667
39390,Harsha Institute,13.17038,77.34653,754350.3627226545,1457164.7415156758,3668
40422,Harvest International School,12.7928,77.77795,801599.9407704866,1415842.3137408583,3669
40423,Harvest International School,12.79284,77.77787,801591.2014717881,1415846.64845991,3670
25797,Hasanath College,12.97917,77.61518,783706.4932629422,1436287.1481647084,3671
35355,Hasanath College,12.97962,77.61384,783560.5219392905,1436335.4669537386,3672
25799,Hasigaala,13.13523,77.77493,800859.6242030677,1453746.9744927345,3673
32884,Hasigaala,13.13525,77.77485,800850.9200406161,1453749.0929787678,3674
25801,Hasiruvalli,13.19186,77.36598,756437.3102095681,1459561.7712175427,3675
32885,Hasiruvalli,13.19183,77.36605,756444.9323755644,1459558.5226060592,3676
25803,Hasiruvalli Cross,13.193,77.35789,755558.840586222,1459679.6797221475,3677
32886,Hasiruvalli Cross,13.19295,77.35785,755554.5549991224,1459674.1053393015,3678
25805,Hasiruvallipalya,13.1925,77.37139,757023.3066839947,1459638.1403446337,3679
32887,Hasiruvallipalya,13.19243,77.37139,757023.3799045766,1459630.393209686,3680
20813,Havanur Circle,12.98898,77.53767,775281.9916937691,1437287.9293601662,3681
20812,Havanur Circle,12.98797,77.53717,775228.8338189211,1437175.5976131363,3682
20814,Havanur Circle,12.98769,77.5375,775264.9616505094,1437144.962735393,3683
35265,Havanur Circle,12.98789,77.53807,775326.6106541457,1437167.715900133,3684
25806,Havanur Circle,12.98886,77.53775,775290.8074065135,1437274.7337364415,3685
32888,Hazarath Tippu Nagara,13.10479,77.62972,785140.7341893448,1450208.5128634707,3686
32889,Hazarath Tippu Nagara,13.10478,77.62978,785147.2556500811,1450207.4737336074,3687
32890,Hazarath Tippu Nagara,13.10343,77.62421,784544.4708799296,1450051.7526253066,3688
32891,Hazarath Tippu Nagara,13.1035,77.62441,784566.0901712612,1450059.7265541034,3689
25814,Head Start School Gate,12.86121,77.73234,796564.4204190676,1423362.4276281872,3690
32892,Head Start School Gate,12.86118,77.73246,796577.4892956179,1423359.245112845,3691
25815,Head Start School Kommasandra,12.86055,77.73473,796824.783229589,1423292.1248560399,3692
22017,Hebbagodi,12.82752,77.68224,791161.8362192829,1419575.8408296255,3693
22018,Hebbagodi,12.8257,77.683,791246.4862204253,1419375.234924902,3694
38658,Hebbagodi,12.82583,77.68271,791214.8354076159,1419389.2975764172,3695
20820,Hebbala,13.03851,77.58928,780828.1407226399,1442826.707441556,3696
25816,Hebbala,13.03917,77.58951,780852.3560031119,1442900.0167017484,3697
20817,Hebbala,13.04127,77.58942,780840.2168188562,1443132.3634554083,3698
25819,Hebbala Bridge,13.0432,77.5903,780933.5365899624,1443346.967712638,3699
37944,Hebbala Bridge,13.04294,77.59145,781058.6318648685,1443319.463111186,3700
20822,Hebbala Bridge,13.04218,77.59387,781322.1178965587,1443238.023215637,3701
20823,Hebbala Bridge,13.04259,77.5925,781172.9769708853,1443281.8861217634,3702
21527,Hebbala Bridge,13.04274,77.58967,780865.686955377,1443295.3528833736,3703
20694,Hebbala Canara Bank,13.03573,77.58905,780806.3188804584,1442518.7381508618,3704
20695,Hebbala Canara Bank,13.03581,77.58892,780792.1201874719,1442527.4493522046,3705
32896,Heelalige,12.81786,77.70894,794073.3483005974,1418536.8246555584,3706
25823,Heelalige,12.81787,77.70903,794083.1133871861,1418538.0342544236,3707
25825,Heelalige Cross,12.80872,77.70897,794087.2242824796,1417525.0888220957,3708
32897,Heelalige Cross,12.80877,77.70892,794081.7345231466,1417530.5666900582,3709
25827,Heggadadevanapura,13.07599,77.45857,766603.2737415305,1446833.887832996,3710
32898,Heggadadevanapura,13.07597,77.45854,766600.0402887077,1446831.642635053,3711
25829,Heggadagere,12.76161,77.37652,758024.0469302007,1411955.8572244644,3712
32899,Heggadagere,12.76161,77.37647,758018.6154897701,1411955.8074313784,3713
25833,Heggadagere Cross,12.78831,77.37488,757818.7970566272,1414909.1315165781,3714
32900,Heggadagere Cross,12.78787,77.37426,757751.9012797766,1414859.8182635375,3715
32901,Heggadagere Cross,12.75669,77.37537,757904.1122673431,1411410.2129032963,3716
32902,Heggadagere Cross,12.75674,77.37538,757905.1478896512,1411415.7563827592,3717
26498,Heggadagere Site,12.76437,77.37899,758289.5568204784,1412263.7699642905,3718
34619,Heggadagere Site,12.76429,77.37899,758289.6380894396,1412254.9162924287,3719
20824,Hegganahalli,13.00367,77.50454,771670.0271364304,1438878.2586908217,3720
20825,Hegganahalli,13.00366,77.50462,771678.7207162505,1438877.2373303045,3721
25835,Hegganahalli,13.21822,77.61046,782920.7139966007,1462742.5408559258,3722
32903,Hegganahalli,13.2182,77.6104,782914.2302394521,1462740.2591876388,3723
20826,Hegganahalli Cross,12.99971,77.50403,771618.9873731909,1438439.4137461698,3724
20827,Hegganahalli Cross,12.99977,77.50401,771616.7513395774,1438446.0333036846,3725
25837,Hegganahalli Gate,13.2178,77.60467,782293.2891453521,1462689.511647132,3726
32904,Hegganahalli Gate,13.2178,77.60471,782297.6270260534,1462689.5567696483,3727
22019,Heggondanahalli,12.906,77.74654,798053.7001292738,1428337.131507236,3728
22020,Heggondanahalli,12.90598,77.74644,798042.8643439414,1428334.8011362178,3729
25839,Hejjala,12.85605,77.41694,762317.0750396515,1422448.5055369125,3730
32905,Hejjala,12.856,77.41701,762324.7283917287,1422443.0432109928,3731
25841,Hejjala Colony,12.85263,77.41547,762160.9982897406,1422068.5010623038,3732
32906,Hejjala Colony,12.85252,77.41548,762162.1984503563,1422056.3370914944,3733
40390,Hejjala Gate,12.85507,77.42612,763314.9672508116,1422349.4240590767,3734
20828,Hejjala Gate,12.85533,77.42714,763425.4599927515,1422379.2439281766,3735
20829,Hejjala gate,12.85539,77.4264,763345.0391827258,1422385.126704353,3736
22021,Helicopter Division,12.95582,77.67735,790482.4921919274,1433772.4701789222,3737
22022,Helicopter Division,12.95662,77.67535,790264.4289250162,1433858.750605645,3738
25843,Heligehalli,12.8918,77.19264,737928.1021101477,1426186.4418879654,3739
32907,Heligehalli,12.89182,77.19269,737933.5112138507,1426188.701432139,3740
25844,Heligehalli Colony,12.87627,77.20669,739468.1453496803,1424480.9688557354,3741
25846,Hemapura,13.12342,77.28085,747274.6649295382,1451902.2652488782,3742
32908,Hemapura,13.12344,77.28089,747278.9835179574,1451904.5178137154,3743
25848,Hemmigepura,12.88173,77.48484,769663.1113059536,1425360.9781176103,3744
32909,Hemmigepura,12.88171,77.48479,769657.7034690797,1425358.7119998394,3745
25851,Hennagara,12.78863,77.67344,790250.5127649694,1415261.0259497112,3746
32910,Hennagara,12.78849,77.67367,790275.660107703,1415245.787089662,3747
32911,Hennagara,12.78859,77.67345,790251.6449286458,1415256.609424805,3748
22023,Hennagara Gate,12.80676,77.69892,792997.7238978157,1417296.6932726135,3749
22024,Hennagara Gate,12.80586,77.69939,793049.8230805139,1417197.6003496079,3750
37098,Hennagara Gate,12.80589,77.69851,792954.1900928195,1417199.9223490355,3751
22026,Hennur,13.03949,77.64171,786517.0741631285,1442993.8281643232,3752
22025,Hennur,13.03945,77.6414,786483.4764267601,1442989.050229904,3753
35177,Hennur,13.03947,77.64154,786498.6473682681,1442991.4222457497,3754
22027,Hennur Bande,13.03669,77.64051,786390.0647718257,1442682.532785458,3755
22028,Hennur Bande,13.03663,77.64072,786412.9250905772,1442676.1283275334,3756
25854,Hennur Bande Sai Baba Temple,13.03907,77.644,786766.0889776251,1442949.925425411,3757
25855,Hennur Bande Sai Baba Temple,13.03896,77.6436,786722.8042902183,1442937.2969200308,3758
22030,Hennur Cross,13.03158,77.636,785906.470326653,1442111.8067082888,3759
25856,Hennur Cross,13.03162,77.63589,785894.4858993599,1442116.110468783,3760
21528,Hennur Junction,13.02948,77.63125,785393.3553079768,1441874.0063739342,3761
21522,Hennur Junction,13.02964,77.63134,785402.9396814165,1441891.8183072906,3762
35279,Hennur Junction,13.02751,77.63268,785550.8166310003,1441657.5513529105,3763
35920,Hennur Junction,13.02819,77.63286,785569.5723055813,1441733.024513079,3764
35921,Hennur Junction,13.02812,77.63316,785602.2124587282,1441725.6136092618,3765
25861,Hennuru Petrol Bunk,13.033,77.6374,786056.7817379576,1442270.5679388754,3766
25862,Hennuru Petrol Bunk,13.03294,77.63755,786073.1303822733,1442264.0955047566,3767
25864,Heritage Estate Rajanukunte,13.11825,77.57764,779475.002950665,1451640.1175541529,3768
21530,Herohalli Cross,12.98726,77.4925,770381.0675753192,1437049.153984567,3769
32914,Herohalli Cross,12.98796,77.49385,770526.8380395081,1437128.064527269,3770
25866,Herohalli Cross,12.98803,77.49388,770530.0183883499,1437135.844071101,3771
37252,Herohalli Cross,12.98749,77.49262,770393.8433048497,1437074.738013418,3772
21523,Herohalli Cross1,12.98736,77.4924,770370.1053207973,1437060.1158933742,3773
23430,Herohalli Sunkadakatte,12.99053,77.48753,769838.0915743173,1437405.807343557,3774
23659,Herohalli Sunkadakatte,12.99051,77.4876,769845.710854443,1437403.6679297818,3775
20833,Hesaraghatta,13.1378,77.47937,768792.8838730908,1453697.0791803743,3776
35751,Hesaraghatta,13.13783,77.47935,768790.6817360525,1453700.3782568793,3777
20832,Hesaraghatta TB Cross,13.13051,77.48438,769344.289017607,1452895.566583601,3778
21531,Hesaraghatta TB Cross,13.13052,77.4844,769346.4476375533,1452896.6947803916,3779
25869,Hesaraghatta TB Cross,13.13057,77.48441,769347.4778548041,1452902.239536061,3780
25870,Hesaraghatta Work shop,13.1563,77.49848,770845.4919768004,1455765.185032259,3781
25871,Hesaraghatta Workshop,13.15627,77.49844,770841.1863082912,1455761.8214672313,3782
23357,High Ground Police Station,12.98909,77.58873,780824.1464800816,1437355.8710811392,3783
24173,High Ground Police Station,12.98885,77.59222,781203.2440286712,1437333.1581865605,3784
25877,High School Tharahunase,13.17693,77.59023,780774.0470895452,1458149.3714127056,3785
32918,High School Tharahunase,13.17699,77.59023,780773.9785985871,1458156.0127986327,3786
25879,Hilal Nagara Cross HBR Layout,13.02151,77.62219,784419.1647174598,1440981.626450172,3787
23587,Himagiri,12.86231,77.59059,781168.0696803404,1423324.8876628855,3788
23864,Himagiri,12.86234,77.59056,781164.7781902391,1423328.175477549,3789
25881,Hindiganala,13.22143,77.91452,815894.791195527,1463461.8087836916,3790
32920,Hindiganala,13.22143,77.91441,815882.8593987593,1463461.6698465561,3791
25883,Hinnakki,12.77784,77.68057,791037.4896137817,1414074.6504654693,3792
32921,Hinnakki,12.77773,77.68075,791057.1718068847,1414062.6765967011,3793
39549,Hinnakki Village,12.77689,77.68143,791132.0135769639,1413970.458439402,3794
25886,Hiranandani Villas,13.23888,77.6997,792574.1839887274,1465132.206093166,3795
25887,Hiranandani Villas,13.23894,77.69951,792553.5076882127,1465138.62553387,3796
25863,Hirandahalli,13.04578,77.72276,795306.0963272988,1443783.1086313638,3797
25885,Hirandahalli,13.04573,77.72281,795311.5823585058,1443777.6319066805,3798
25728,Hittarahalli,13.12333,77.74674,797815.4776004666,1452396.101143638,3799
32844,Hittarahalli,13.12338,77.74673,797814.3323049787,1452401.6244306788,3800
25730,Hittarahalli Gate,13.12337,77.74425,797545.2643747174,1452397.5876225382,3801
32845,Hittarahalli Gate,13.12333,77.74424,797544.2275673463,1452393.1477377566,3802
25902,Holiday Village Apartment,12.86693,77.54376,776077.2884208768,1423785.4874508919,3803
32927,Holiday Village Apartment,12.86697,77.54371,776071.8148262398,1423789.8610934806,3804
34809,Hombalamma Kere,12.95205,77.22752,741656.7269303399,1432886.3917236775,3805
35811,Hombalamma Kere,12.95216,77.22726,741628.4013512802,1432898.3184805133,3806
25909,Hombalammanapete,12.94845,77.22531,741420.3309097232,1432485.920545706,3807
32930,Hombalammanapete,12.9484,77.22533,741422.5498446017,1432480.4063783865,3808
25910,Hommadevanahalli,12.84446,77.59807,782000.3552414547,1421357.2971547474,3809
35340,Hommadevanahalli,12.84448,77.59802,781994.9024219443,1421359.456138221,3810
23493,Hommadevanahalli Cross,12.84075,77.59725,781915.4357881056,1420945.7462068645,3811
23954,Hommadevanahalli Cross,12.84072,77.59734,781925.2442842907,1420942.5241126847,3812
38434,Hompalaghatta,12.69539,77.69933,793170.5539436463,1404968.9743628441,3813
38435,Hompalaghatta,12.69543,77.69926,793162.9003425164,1404973.3233509327,3814
25912,Honachenahalli,13.01836,77.85491,809683.4901015514,1440905.1391949442,3815
32931,Honachenahalli,13.01845,77.85492,809684.4637202444,1440915.1153509628,3816
21524,Honaganahatti,12.97421,77.42097,762631.1196223036,1435529.980072548,3817
21533,Honaganahatti,12.9742,77.42116,762651.7527766889,1435529.0690816627,3818
23774,Hongasandra,12.89713,77.62618,784993.8394600693,1427218.3332633635,3819
23806,Hongasandra,12.89726,77.62623,784999.1215973556,1427232.7786460114,3820
25913,Hongasandra MICO Layout,12.88994,77.63036,785455.9018321644,1426427.1153313858,3821
39872,Hongasandra Metro Station,12.9016,77.63199,785619.6665135517,1427719.589261955,3822
39873,Hongasandra Metro Station,12.9019,77.63225,785647.558451463,1427753.086434667,3823
25915,Hongemara Managal,12.90589,77.20232,738965.5826017165,1427754.6304906667,3824
32932,Hongemara Managal,12.90588,77.20238,738972.1053917437,1427753.5798413893,3825
25918,Honnadevanapura,13.24042,77.42599,762892.9136401935,1464998.4128125305,3826
32933,Honnadevanapura,13.24045,77.42601,762895.0498922502,1465001.7541852742,3827
25919,Honnakalasapura Cross,12.72897,77.67656,790657.6520919614,1408660.532699297,3828
37728,Honnakalasapura Cross,12.72875,77.67683,790687.242675651,1408636.4823127475,3829
32935,Honnasandra,13.11719,77.44736,765342.8476729296,1451382.0437175052,3830
32936,Honnasandra,13.11712,77.44733,765339.668432636,1451374.2646633436,3831
25925,Honnasandra,13.04099,77.33824,753583.9061634502,1442836.724257371,3832
32937,Honnasandra,13.04101,77.33828,753588.2259781023,1442838.9776460389,3833
25927,Honnasandra Cross,13.06082,77.34028,753785.0034592166,1445033.3530506822,3834
38924,Honnasandra Gate,13.11049,77.44347,764928.042120176,1450636.4106606094,3835
38925,Honnasandra Gate,13.11056,77.44347,764927.9671284965,1450644.158124723,3836
38805,Honnavara,13.22263,77.41925,762181.1806196487,1463022.3854924121,3837
38806,Honnavara,13.22267,77.41921,762176.8005973196,1463026.770660098,3838
25929,Honnavara Gate,13.22494,77.4281,763138.3177867567,1463287.341689217,3839
32939,Honnavara Gate,13.22492,77.42815,763143.760791655,1463285.1807294579,3840
25931,Honnayyanapalya,13.03522,77.32,751610.6188525464,1442180.0022776802,3841
32940,Honnayyanapalya,13.03526,77.31995,751605.1530781416,1442184.3794441435,3842
25933,Honnenahalli,13.15971,77.5666,778230.5288235629,1456217.0159889096,3843
32941,Honnenahalli,13.16003,77.56665,778235.5908253627,1456252.4914335965,3844
22036,Hoodi,12.99199,77.71498,794525.32833559,1437819.5693017817,3845
22035,Hoodi,12.99223,77.71576,794609.7180190717,1437847.0398172587,3846
35198,Hoodi,12.99191,77.7158,794614.4379909004,1437811.6625471062,3847
38420,Hoodi,12.99233,77.71626,794663.8774865455,1437858.688575246,3848
40029,Hoodi BBMP Office,12.99434,77.71778,794826.5064473734,1438082.9537492204,3849
40028,Hoodi Lake,12.99883,77.71744,794784.2923882024,1438579.597624996,3850
38419,Hoodi Metro Station,12.98863,77.7115,794151.5168065093,1437443.598123256,3851
39844,Hoodi Metro Station,12.98886,77.7113,794129.5345485897,1437468.8276280689,3852
33520,Hoodi Railway Station,12.99617,77.71942,795002.3718428696,1438287.4337699132,3853
40031,Hoodi Railway Station,12.99623,77.72024,795091.3148873723,1438295.0266960326,3854
25936,Hoovinayakanahalli,13.14795,77.6898,791608.5148722338,1455054.8758280803,3855
32942,Hoovinayakanahalli,13.148,77.68982,791610.6254154383,1455060.4338934438,3856
36544,Hoovinayakanahalli Gate,13.15577,77.68096,790640.2907043854,1455910.2937911116,3857
20837,Hope Farm,12.98382,77.75189,798541.9233796077,1436958.144499645,3858
22037,Hope Farm,12.98376,77.75305,798667.9267570926,1436952.862685875,3859
37509,Hope Farm,12.9843,77.75148,798496.8393163512,1437010.8006150501,3860
20836,Hope Farm,12.98429,77.75261,798619.5257626777,1437011.0185486483,3861
22038,Hope Farm,12.98273,77.75223,798580.1375905784,1436837.8783340647,3862
25941,Horamavu,13.02646,77.66083,788607.2696590908,1441573.159868156,3863
32943,Horamavu,13.02653,77.66096,788621.2981264663,1441581.0562836388,3864
32944,Horamavu Agara,13.03676,77.65487,787948.4770526534,1442706.5389214149,3865
32945,Horamavu Agara,13.03673,77.65488,787949.5970955723,1442703.2294542494,3866
25944,Horamavu Agara,13.03728,77.65718,788198.5805931074,1442766.7234117072,3867
20838,Horamavu Signal,13.01966,77.65437,787913.9945295427,1440813.105947017,3868
25949,Horamavu Signal,13.01889,77.65551,788038.6186642303,1440729.1642464462,3869
20839,Horamavu Signal,13.01961,77.65385,787857.6124962756,1440806.981828842,3870
32947,Horamavu Signal,13.0194,77.65576,788065.1633916963,1440785.9016808178,3871
23550,Hosa Doddy Gate,12.76458,77.48755,770082.3962836628,1412397.7358229945,3872
23628,Hosa Doddy Gate,12.76455,77.48741,770067.2191614269,1412394.2694710065,3873
25953,Hosa Hudya,13.23656,77.55107,776459.4707251687,1464706.1610999128,3874
32950,Hosa Hudya,13.23658,77.55096,776447.5203392801,1464708.2531602175,3875
35788,Hosa Road FLY,12.87051,77.65297,787933.4176585407,1424301.6260589256,3876
35789,Hosa Road FLY,12.86927,77.65376,788020.6310096076,1424165.2526837182,3877
20840,Hosa Road Metro Station,12.87069,77.653,787936.470089039,1424321.5843776471,3878
20841,Hosa Road Metro Station,12.87008,77.65287,787923.0486250923,1424253.9161011497,3879
32951,Hosa Road Metro Station,12.87041,77.65403,788048.6510308301,1424291.74521111,3880
38357,Hosa Road Metro Station,12.87033,77.65368,788010.7314144041,1424282.4973319494,3881
40020,Hosa Road Metro Station Arrival (MF-22E),12.87116,77.6526,787892.4920606597,1424373.1615914581,3882
40014,Hosa Road Metro Station Arrival (MF-22EA),12.86972,77.65327,787966.9011771407,1424214.5150925282,3883
22040,Hosahalli,13.13586,77.71815,794698.5337256639,1453749.555335158,3884
22041,Hosahalli,13.13567,77.71774,794654.2788081971,1453728.0424679937,3885
25960,Hosahalli,12.96315,77.4539,766217.1621679425,1434340.0420532303,3886
32955,Hosahalli,12.96327,77.45386,766212.6925910688,1434353.2816497937,3887
35260,Hosahalli,12.92025,77.74168,797509.0471065567,1429908.960995038,3888
35146,Hosahalli,12.92028,77.74168,797509.0115463722,1429912.2820060074,3889
32953,Hosahalli,12.79294,77.67845,790789.8576568959,1415743.7493764304,3890
32954,Hosahalli,12.79309,77.6785,790795.1175670975,1415760.40979023,3891
29559,Hosahalli Aralimara,13.14043,77.64128,786353.6666647391,1454166.718195486,3892
35444,Hosahalli Aralimara,13.14039,77.64126,786351.5434190348,1454162.2676974938,3893
25966,Hosahalli Cross Devanagondi,12.9747,77.82966,806996.2262164691,1436040.957409782,3894
32957,Hosahalli Cross Devanagondi,12.97485,77.82955,806984.0989959824,1436057.4311044447,3895
32958,Hosahalli Cross Devanagondi,12.97479,77.82971,807001.5442492624,1436050.9813937205,3896
32959,Hosahalli Cross Devanagondi,12.9747,77.82951,806979.94039245,1436040.7766814907,3897
38577,Hosahalli Gate (Rathnam Hotel),13.20438,77.26522,745498.6518796699,1460846.4787280094,3898
38578,Hosahalli Gate (Rathnam Hotel),13.20446,77.2654,745518.0889788677,1460855.5083635102,3899
25968,Hosahalli Kodagalahatti,13.1417,77.64264,786499.7299140496,1454308.8469198262,3900
32960,Hosahalli Kodagalahatti,13.14173,77.64262,786497.5253926413,1454312.1449621983,3901
30375,Hosahalli Road Junction,12.98808,77.47537,768520.9095331889,1437121.7849915326,3902
25972,Hosahallipalya,13.12758,77.45414,766067.1514794081,1452539.1419018144,3903
32962,Hosahallipalya,13.12753,77.4541,766062.8663262227,1452533.5657164606,3904
20842,Hosakerehalli  Junction,12.93043,77.54361,775991.3001284706,1430813.7742368844,3905
35951,Hosakerehalli  Junction,12.93067,77.54353,775982.3505965505,1430840.2521617927,3906
20843,Hosakerehalli  Junction,12.93044,77.54342,775970.6611337513,1430814.676032462,3907
33976,Hosakerehalli Kerekodi,12.92955,77.53471,775026.0092867188,1430706.7841322091,3908
29088,Hosakerehalli Kerekodi,12.92961,77.5347,775024.8578252798,1430713.4144026116,3909
20845,Hosakerehalli Petrol Bunk,12.933,77.54018,775616.0868313818,1431094.533269663,3910
20844,Hosakerehalli Petrol Bunk,12.9337,77.53936,775526.2928308987,1431171.128353618,3911
25990,Hosakote Ayyappa Temple,13.07,77.78695,802243.4585058589,1446540.0589669934,3912
32974,Hosakote Ayyappa Temple,13.07003,77.78701,802249.9335572154,1446543.4518070982,3913
37604,Hosakote BEO office,13.07339,77.78294,801804.1403202536,1446910.560910274,3914
22046,Hosakote Bus Stand (Old),13.0787,77.78774,802318.5854414924,1447504.1386899855,3915
37685,Hosakote Bus Stand (Old),13.07877,77.78704,802242.5338955573,1447511.0510889469,3916
36152,Hosakote Bus Station (TTMC),13.07031,77.78468,801996.7251750211,1446571.6665606669,3917
22048,Hosakote Flower Market,13.07531,77.78637,802174.0415878542,1447127.21033473,3918
22049,Hosakote Flower Market,13.07531,77.78639,802176.212078141,1447127.2342336138,3919
32975,Hosakote Govt Hospital,13.07772,77.80173,803838.0337660452,1447412.4179703663,3920
32976,Hosakote Govt Hospital,13.07725,77.80168,803833.1836899366,1447360.3258437933,3921
32977,Hosakote Govt Hospital,13.07754,77.80208,803876.2381207858,1447392.9114416917,3922
22050,Hosakote High School,13.07048,77.78364,801883.6506481118,1446589.2450843095,3923
22051,Hosakote High School,13.07012,77.78375,801896.0267961409,1446549.5225945492,3924
37686,Hosakote K E B Circle,13.07183,77.78673,802217.3523603545,1446742.3865592205,3925
25997,Hosakote K E B Circle,13.072,77.78705,802251.87348808,1446761.5887981819,3926
32978,Hosakote K E B Circle,13.07232,77.78701,802247.1423855883,1446796.9666586414,3927
22054,Hosakote Kodi,13.0565,77.76741,800139.187499723,1445022.2991666668,3928
22055,Hosakote Kodi,13.05627,77.76775,800176.3661918747,1444997.2403636365,3929
22056,Hosakote Toll,13.05963,77.77057,800478.3578032944,1445372.5490871987,3930
22057,Hosakote Toll,13.0594,77.77087,800511.1952936692,1445347.4432925503,3931
38560,Hosakote Toll (Volvo),13.05978,77.77072,800494.455718132,1445389.332672131,3932
38561,Hosakote Toll (Volvo),13.05943,77.77099,800524.1825967593,1445350.9068387027,3933
25980,Hosapalya,12.92463,77.39699,760079.8178859524,1430018.2041908593,3934
32966,Hosapalya,12.92459,77.39703,760084.2017372852,1430013.8179152424,3935
32968,Hosapalya,13.01128,77.30313,749804.1364255246,1439513.9612646918,3936
32969,Hosapalya,13.0113,77.3032,749811.7124864995,1439516.243393229,3937
32963,Hosapalya,12.91078,77.4502,765871.0639370745,1428540.010977144,3938
32964,Hosapalya,12.91064,77.45016,765866.8692808961,1428524.4746530298,3939
32965,Hosapalya,12.95059,77.3574,755755.500707067,1432851.304201148,3940
32967,Hosapalya,12.9507,77.35744,755759.7302257005,1432863.5180302123,3941
25982,Hosapalya Colony,12.84361,77.47559,768699.3099765861,1421132.2047418978,3942
32970,Hosapalya Colony,12.84346,77.47564,768704.8995736071,1421115.6551346763,3943
23924,Hosapalya Kudlu Gate,12.89735,77.64534,787074.1723432334,1427264.0640698613,3944
36134,Hosapalya Kudlu Gate,12.89737,77.64538,787078.4931376881,1427266.322710897,3945
25984,Hosapete,13.27191,77.84476,808264.4355084607,1468963.4593925667,3946
32971,Hosapete,13.27163,77.84464,808251.7760340631,1468932.3117445114,3947
25987,Hosapete Gate,12.9511,77.23737,742726.7344067646,1432790.6038821656,3948
32972,Hosapete Gate,12.95116,77.23723,742711.4810239084,1432797.110564911,3949
32973,Hosapete Gate,12.95118,77.23744,742734.2545089921,1432799.52338774,3950
22042,Hoskerehalli,12.93085,77.53971,775567.4225727604,1430856.0557592243,3951
22043,Hoskerehalli,12.93078,77.53967,775563.1567584737,1430848.2647657148,3952
22044,Hoskerehalli Cross,12.93247,77.54519,776160.592138789,1431041.2764848436,3953
22045,Hoskerehalli Cross,12.93293,77.5454,776182.8847688702,1431092.4182210504,3954
39840,Hoskerehalli Cross,12.93264,77.54497,776136.5200851024,1431059.8552530122,3955
22058,Hosmat Hospital,12.96879,77.61333,783517.444680902,1435136.12423849,3956
20846,Hosmat Hospital (DIG Office),12.96893,77.61529,783730.0579004433,1435153.801196346,3957
20880,Hosur Road Junction,12.93215,77.61323,783548.0733431939,1431080.3294296425,3958
23817,Hosur Road junction,12.93337,77.6128,783500.0077330264,1431214.8942720643,3959
20881,Hosur Road junction,12.93203,77.61318,783542.7803656207,1431066.9911880142,3960
24356,Hosur Road junction 1,12.93214,77.61363,783591.5138673978,1431079.6661707547,3961
26002,Hosuru,13.16047,77.33484,753092.7844250954,1456056.1891453392,3962
32980,Hosuru,13.16053,77.33475,753082.9620584134,1456062.7387655752,3963
22059,Hosuru Bande,13.10601,77.66071,788501.7294067802,1450378.78303824,3964
22060,Hosuru Bande,13.10601,77.66086,788518.0045268927,1450378.9545458395,3965
26004,Hotel Emerald,13.08266,77.81852,805654.0823502218,1447979.5533321917,3966
32981,Hotel Emerald,13.08306,77.81843,805643.821700869,1448023.7276614655,3967
26006,Hoysala Nagara,13.01668,77.66891,789495.6115447406,1440499.7631133585,3968
32982,Hoysala Nagara,13.01669,77.66888,789492.3437041289,1440500.835874897,3969
39379,Huchammanadoddi,12.71286,77.39131,759680.3513086446,1406575.3910544934,3970
39380,Huchammanadoddi,12.71287,77.39128,759677.0816168945,1406576.4678136935,3971
26033,Hugarapalya,12.73341,77.4606,767187.4073720082,1408919.9888328344,3972
32989,Hugarapalya,12.73345,77.4606,767187.3654397164,1408924.4159023834,3973
26036,Hulimangala,12.81782,77.63721,786281.5659067207,1418451.689632351,3974
35216,Hulimangala,12.81771,77.63712,786271.91413622,1418439.4137138678,3975
37896,Hulimangala,12.95649,77.89969,814622.6573616818,1434110.276932483,3976
37897,Hulimangala,12.95653,77.89965,814618.2636226851,1434114.6561729815,3977
26040,Hulimangala Cross,12.82719,77.62316,784744.8561154634,1419473.301024345,3978
32991,Hulimangala Cross,12.82717,77.62312,784740.5338654817,1419471.0430312671,3979
32992,Hulimangala Cross,12.81394,77.63736,786302.2479144332,1418022.3746843184,3980
32993,Hulimangala Cross,12.8139,77.63752,786319.6733139434,1418018.1246065316,3981
36228,Hulimangala Hosakote,12.96212,77.89883,814522.1948748869,1434732.537258134,3982
26042,Hulimavu,12.87702,77.6024,782434.1749116648,1424966.0655631179,3983
32994,Hulimavu,12.87718,77.60221,782413.3622794709,1424983.5667567523,3984
22749,Hulimavu Gate,12.8822,77.59623,781758.3434863223,1425532.651530144,3985
22763,Hulimavu Gate,12.88167,77.59589,781722.0147320651,1425473.6135440094,3986
39768,Hulimavu Gate 80 Feet Road,12.88423,77.59666,781802.766520923,1425757.8208472405,3987
39771,Hulimavu Gate 80 Feet Road,12.88438,77.59665,781801.512692943,1425774.413109365,3988
24146,Hullahalli Cross,12.82761,77.62325,784754.158946095,1419519.89027535,3989
24156,Hullahalli Cross,12.82802,77.62331,784760.2144247054,1419565.3394877557,3990
24155,Hullahalli Village,12.82696,77.61631,784001.0748150867,1419440.2843195084,3991
24167,Hullahalli Village,12.82693,77.61639,784009.7980034868,1419437.0517891855,3992
32995,Hullegowdanahalli,13.06047,77.40653,760973.4320355344,1445061.9445666783,3993
26045,Hullegowdanahalli,13.06041,77.40654,760974.5801175027,1445055.3143726734,3994
26035,Hullegowdanahalli Cross,13.06843,77.39472,759683.7056866742,1445930.770880232,3995
32990,Hullegowdanahalli Cross,13.06838,77.39468,759679.4181254758,1445925.1961332567,3996
26051,Huluvenahalli,12.88935,77.18402,736994.6222640048,1425907.3512039485,3997
32997,Huluvenahalli,12.88929,77.184,736992.5075330955,1425900.6932430896,3998
32998,Huluvenahalli,12.91955,77.36538,756653.4638401977,1429424.0785221797,3999
26053,Huluvenahalli Gate,12.92005,77.3686,757002.515623418,1429482.644784527,4000
33000,Huluvenahalli Gate,12.92007,77.36864,757006.837552296,1429484.8983705887,4001
26056,Hunasamaranahalli,13.14433,77.6181,783834.53806402,1454572.15919505,4002
33001,Hunasamaranahalli,13.14519,77.6174,783757.6120414548,1454666.5645369585,4003
33002,Hunasamaranahalli,13.14427,77.61777,783798.8085372653,1454565.145463053,4004
39280,Hunasamaranahalli FLY,13.1443,77.61742,783760.8058250082,1454568.0714793452,4005
39281,Hunasamaranahalli FLY,13.14434,77.61759,783779.2014819409,1454572.6908698508,4006
26058,Hunaseghattapalya,13.02603,77.34856,754718.9974157378,1441191.4326340202,4007
33003,Hunaseghattapalya,13.02596,77.34853,754715.8136542008,1441183.655603907,4008
21534,Hunasemara,12.97532,77.56521,778286.4978749008,1435805.8919791763,4009
21535,Hunasemara,12.97528,77.56504,778268.088820412,1435801.278896506,4010
22061,Hunasemara,12.91966,77.57423,779327.6883130805,1429654.923456049,4011
26060,Hunasemaradapalya,12.91524,77.44476,765275.7349524829,1429027.9888665213,4012
33004,Hunasemaradapalya,12.91521,77.44486,765286.6233977908,1429024.7721689155,4013
26062,Hunasenahalli,13.00964,77.82591,806546.1545115984,1439904.5794418473,4014
33005,Hunasenahalli,13.00966,77.82599,806554.814434992,1439906.8901094699,4015
26064,Hunasuru,13.18006,77.71258,794041.4614916409,1458635.9602418467,4016
33006,Hunasuru,13.1801,77.71253,794035.9900423265,1458640.329636758,4017
38623,Hunasuru Junction,13.18086,77.71474,794274.8043042404,1458727.0522922482,4018
38624,Hunasuru Junction,13.1809,77.71486,794287.7730783166,1458731.6210301737,4019
33007,Hunnigere,13.0326,77.39647,759911.0510848077,1441967.1114533783,4020
33009,Hunnigere,13.03263,77.3964,759903.4238397148,1441970.3599879954,4021
26068,Hunnigere,12.92291,77.36866,757006.1014675689,1429799.2247790713,4022
33008,Hunnigere,12.92292,77.36871,757011.5191679746,1429800.3817051726,4023
26070,Hunnigere Cross,13.03928,77.39112,759323.5440588463,1442700.9387701307,4024
33010,Hunnigere Cross,13.03914,77.39107,759318.2645462893,1442685.3933379026,4025
37329,Huralagere,12.98836,77.90083,814706.3085109435,1437640.151693254,4026
37330,Huralagere,12.98833,77.9009,814713.9464018431,1437636.9168151296,4027
40392,Huralagurki Cross,13.34608,77.72552,795244.371042686,1477029.7874193243,4028
40393,Huralagurki Cross,13.34631,77.72566,795259.2671510468,1477055.4156179223,4029
20847,Hurali Chikkanahalli,13.11592,77.48276,769184.4548344703,1451278.9978670583,4030
21536,Hurali Chikkanahalli,13.1159,77.48279,769187.7310983733,1451276.8162682506,4031
33013,Huskur,12.86143,77.70516,793612.0851729577,1423355.5767813711,4032
33014,Huskur,12.86147,77.70524,793620.727479958,1423360.0960458238,4033
26076,Huskur,13.06061,77.76269,799621.9602975431,1445471.6993252612,4034
33012,Huskur,13.06053,77.76261,799613.3745520082,1445462.7484026437,4035
26078,Huskur Bare,13.13697,77.43924,764440.8157017849,1453562.721913458,4036
33015,Huskur Bare,13.137,77.43923,764439.6988517074,1453566.0317493873,4037
26080,Huskur Cross,13.12048,77.42319,762717.4194308072,1451720.863352278,4038
33016,Huskur Cross,13.12046,77.42314,762712.0168741248,1451718.5977178686,4039
22063,Huskur Gate,12.8361,77.67942,790845.6460568348,1420522.4162985038,4040
23499,Huskur Gate,12.83633,77.67952,790856.243319996,1420547.9890059116,4041
39789,Huskur Gate,12.83614,77.67942,790845.6000206326,1420526.844084617,4042
22064,Huskur Gate,12.83603,77.67916,790817.4854595409,1420514.3740625256,4043
26082,Huskur Village,13.12328,77.43096,763557.2964434788,1452038.8692880694,4044
33017,Huskur Village,13.12327,77.43106,763568.1546857215,1452037.8670787963,4045
31518,Huttanahalli,13.16555,77.65147,787429.821102995,1456958.9797792088,4046
34940,Huttanahalli,13.16563,77.65163,787447.0835000519,1456968.0184197258,4047
37947,Huttanahalli Basaveshwara Circle,13.16275,77.64701,786949.2921070124,1456643.9372921232,4048
39463,Huttanahalli Basaveshwara Circle,13.16269,77.64701,786949.3620299961,1456637.2956404816,4049
39464,Huttanahalli Dinne,13.1586,77.64661,786910.737102323,1456184.0998051437,4050
39465,Huttanahalli Dinne,13.15864,77.64662,786911.775273153,1456188.5389856736,4051
26084,Hyadalu,13.1401,77.41028,761296.2315948252,1453878.9045302987,4052
33018,Hyadalu,13.1401,77.41023,761290.8082533777,1453878.8526346914,4053
26008,Hysalanagara Ganapathi Temple,13.01992,77.66603,789179.2528787024,1440855.1338293548,4054
32983,Hysalanagara Ganapathi Temple,13.01975,77.66602,789178.3649016356,1440836.3043313995,4055
38975,Hyundai Showroom Mysore Road,12.92703,77.50166,771440.601465398,1430392.5584059155,4056
38976,Hyundai Showroom Mysore Road,12.92754,77.50204,771481.3050028037,1430449.4090824688,4057
26088,I Basapura,13.24219,77.82194,805826.9937503478,1465645.059793341,4058
33019,I Basapura,13.24273,77.82252,805889.2217524578,1465705.5531666535,4059
33020,I Basapura,13.2427,77.82258,805895.7664777236,1465702.3053808592,4060
26089,I Basapura Gate(Theneyuru),13.22602,77.83624,807398.1950382362,1463872.4279685798,4061
20848,I Gate,12.97717,77.71882,794959.6855689548,1436183.4591353065,4062
20849,I Gate,12.97734,77.71863,794938.8581389205,1436202.0579741185,4063
22065,IAF Jalahalli,13.0536,77.5308,774465.0769293696,1444432.9153315844,4064
22066,IAF Jalahalli,13.05358,77.53075,774459.6733424105,1444430.6474811584,4065
26093,IBM Gate,13.05757,77.62631,784825.0184939103,1444977.787122737,4066
33022,IBM Gate,13.05762,77.62624,784817.3647834745,1444983.2429896377,4067
38828,IGNOU Singena Agrahara,12.83796,77.70286,793389.5573647921,1420754.8996713343,4068
38829,IGNOU Singena Agrahara,12.83793,77.7028,793383.0749440589,1420751.5104104101,4069
39018,IIHS Sadashivanagara,13.00544,77.58069,779933.0909196013,1439156.7614335218,4070
38887,ISHA FOUNDATION,13.47421,77.69952,792270.9073017922,1491182.9731037824,4071
38914,ISKCON Temple Maruthinagara,12.8878,77.54888,776610.3827413128,1426100.97898517,4072
22080,ISRO Layout,12.89978,77.5585,777641.7739509859,1427437.381034062,4073
22081,ISRO Layout,12.89958,77.5583,777620.2782025924,1427415.027331298,4074
26164,ISRO Layout CRPF,13.1349,77.58288,780024.6050200961,1453488.9012361467,4075
33050,ISRO Layout CRPF,13.13492,77.58284,780020.2430473451,1453491.0705315839,4076
36395,ISRO Murugeshpalya,12.95961,77.65453,788000.6337698252,1434166.1342979034,4077
26166,ISRO Quarters Jalahalli,13.04513,77.5349,774919.3551958317,1443499.8621810467,4078
33051,ISRO Quarters Jalahalli,13.04509,77.53484,774912.8883729968,1443495.3697355387,4079
26174,IT Park Bagalur,13.16094,77.70835,793605.4379769145,1456514.4376654916,4080
26175,IT Park ಭagalur,13.16089,77.70854,793626.1088740411,1456509.1247144516,4081
36721,ITC Factory,12.99839,77.62389,784630.0766918196,1438424.3480374329,4082
22082,ITC Factory,12.99821,77.62324,784559.7277616811,1438403.6964542419,4083
22083,ITC Factory,12.9986,77.62211,784436.6272100543,1438445.6022649591,4084
26177,ITC Factory,13.18669,77.64285,786470.1578078179,1459289.2031716532,4085
33055,ITC Factory,13.18644,77.64325,786513.8347763456,1459261.9865506021,4086
38562,ITC Factory Fly,12.99847,77.62384,784624.5581627397,1438433.14739277,4087
22084,ITI Circle,13.0079,77.68338,791076.4591521458,1439544.38611457,4088
22085,ITI Circle,13.00782,77.68335,791073.296205382,1439535.4960731377,4089
20863,ITI Colony Gate,13.00532,77.68522,791279.1978700887,1439260.89748563,4090
20864,ITI Colony Gate,13.00503,77.68506,791262.1691704134,1439228.6122762521,4091
22086,ITI Colony Gate,13.00516,77.6849,791244.6497859858,1439242.8194968305,4092
33056,ITI Layout,13.03394,77.56869,778598.7502323426,1442298.1604526276,4093
33061,ITI Layout,13.03391,77.5686,778589.0165593082,1442294.741018365,4094
33057,ITI Layout,12.93346,77.55777,777525.2833426313,1431164.4762110682,4095
33060,ITI Layout,12.93347,77.55782,777530.7006836134,1431165.637342605,4096
33058,ITI Layout,12.96784,77.50223,771458.257688524,1434910.069662359,4097
33059,ITI Layout,12.96788,77.50227,771462.556231927,1434914.5395025588,4098
26192,ITI Layout Cross,12.96197,77.4981,771016.3102887662,1434255.9785069877,4099
33064,ITI Layout Cross,12.96189,77.49811,771017.4824513998,1434247.1346381698,4100
20865,ITPL,12.98754,77.73636,796851.5474629528,1437351.7937359633,4101
20866,ITPL,12.98766,77.73704,796925.224733037,1437365.870823735,4102
36251,ITPL Back Gate Big Bazzar,12.9863,77.73171,796348.2218560667,1437209.1080974818,4103
36250,ITPL Back Gate Big Bazzar,12.98658,77.73165,796341.3759767101,1437240.0342473004,4104
38121,ITPL Metro Station,12.98774,77.7373,796953.3548613067,1437375.0301340767,4105
38122,ITPL Metro Station,12.98754,77.7373,796953.5927631379,1437352.8900462133,4106
20850,Ibbaluru,12.92129,77.66217,788874.2358752433,1429932.9795287377,4107
20851,Ibbaluru,12.9216,77.66176,788829.3606842111,1429966.8317551864,4108
35771,Ibbaluru,12.92135,77.66195,788850.2788730711,1429939.372792238,4109
26094,Ice Factory Veerananjipura,13.12844,77.36744,756661.7014445588,1452544.3929757236,4110
26097,Ichangur,12.77163,77.74198,797716.8109248462,1413457.0894634326,4111
33023,Ichangur,12.77163,77.74207,797726.5896635115,1413457.1929992626,4112
26103,Ideal Homes,12.92282,77.51845,773268.0311277397,1429944.4616339176,4113
33024,Ideal Homes,12.92278,77.51842,773264.8175829629,1429940.0022982375,4114
23835,Iggluru,12.78647,77.70328,793494.8582532003,1415055.6173912168,4115
23983,Iggluru,12.78644,77.70319,793485.1150755561,1415052.1943260152,4116
30986,Ilathore,13.22094,77.64473,786634.0675879135,1463082.6305625632,4117
33442,Ilathore,13.22094,77.64475,786636.2365630483,1463082.6534769367,4118
26105,Ilathore Cross,13.23071,77.64478,786628.0602436136,1464164.1725508252,4119
33025,Ilathore Cross,13.23075,77.64479,786629.0978751932,1464168.6117951255,4120
26111,Ilyas Nagara,12.90838,77.5704,778924.3716720829,1428402.2036124156,4121
26110,Ilyas Nagara Junction,12.90856,77.57039,778923.0860645231,1428422.1162715338,4122
23559,Immadihalli,12.96674,77.76313,799782.6520244065,1435080.5502881624,4123
23562,Immadihalli,12.96669,77.76309,799778.3691647621,1435074.9681338223,4124
23687,Immadihalli,12.96588,77.76326,799797.7971799513,1434985.4990099452,4125
37836,Inchara Hotel JP Nagar,12.90272,77.5858,780602.8321157126,1427792.5316200953,4126
27559,Inchara Hotel JP Nagar,12.90252,77.5832,780320.7379151771,1427767.5485553818,4127
38510,Inchara Hotel/Zaitoon,12.90057,77.58582,780607.4035023707,1427554.575289279,4128
20852,Income Tax Layout,12.96007,77.53112,774602.7986598127,1434080.9886141557,4129
20853,Income Tax Layout,12.96014,77.53108,774598.3796653331,1434088.6934222837,4130
26090,Indian Air Force,13.13092,77.6153,783546.2038198316,1453084.6295934268,4131
33030,Indian Air Force,13.13103,77.61503,783516.7861970498,1453096.5017103883,4132
39276,Indian Air Force FLY,13.13116,77.61509,783523.1460547906,1453110.959135089,4133
39277,Indian Air Force FLY,13.13153,77.61544,783560.6911710083,1453152.3089890103,4134
35192,Indian Express,12.98402,77.59716,781744.9154882377,1436803.9919750034,4135
26121,Indian Express,12.98387,77.59645,781668.01473568,1436786.6032753289,4136
35138,Indian Express,12.98362,77.59646,781669.3821701277,1436758.9420989498,4137
20855,Indian Express,12.98408,77.59827,781865.3374447112,1436811.8615651422,4138
20857,Indian Express,12.98393,77.5974,781771.0688388225,1436794.2954849568,4139
22068,Indian Express,12.98421,77.59735,781765.3254838283,1436825.233091093,4140
33033,Indian Institute of Horticultural Research,13.13542,77.49096,770052.6940862258,1453446.0588251206,4141
26123,Indian Institute of Horticultural Research TB,13.13542,77.49099,770055.948330042,1453446.0909977022,4142
27947,Indian Oil,13.00488,77.63714,786060.8609438229,1439157.6036688795,4143
22071,Indian Oil,13.00548,77.63871,786230.5851098478,1439225.786012823,4144
22070,Indian Oil,13.00598,77.63877,786236.5236381547,1439281.1997968596,4145
40478,Indian Oil Petrol Bunk,13.03153,77.4642,767261.9527592798,1441919.0307312377,4146
40479,Indian Oil Petrol Bunk,13.03156,77.46414,767255.4094351581,1441922.2879202683,4147
38582,Indira Canteen (DESI MASALA),13.01759,77.65205,787664.5771590532,1440581.3412637708,4148
38581,Indira Canteen (DESI MASALA),13.01772,77.65219,787679.622450084,1440595.8899861171,4149
23681,Indira Nursing Home,12.92921,77.56441,778250.89247049,1430701.2775930979,4150
23733,Indira Nursing Home,12.92907,77.5646,778271.6761680705,1430685.9882720374,4151
33034,Indira Priyadarshini Nagara,13.00712,77.51729,773050.0582747523,1439273.769286902,4152
24040,Indiragandhi Circle,12.91095,77.57876,779829.2408174295,1428695.7874955542,4153
35193,Indiragandhi Circle,12.91088,77.57862,779814.1176501521,1428687.8864329022,4154
39136,Indiranagar Grama,13.18534,77.28468,747627.8694297178,1458758.522186583,4155
39137,Indiranagar Grama,13.18512,77.28449,747607.4877446131,1458733.9879212095,4156
26129,Indiranagara,13.02768,77.4938,770478.3141709194,1441524.2660116893,4157
33035,Indiranagara,13.02772,77.4937,770467.4184788232,1441528.5867193232,4158
22072,Indiranagara 100ft Road,12.96711,77.64154,786581.7972285983,1434981.6998924045,4159
22073,Indiranagara 100ft Road,12.96658,77.64141,786568.2917431428,1434922.8868040973,4160
26131,Indiranagara 12th Main,12.97026,77.64122,786543.448220417,1435330.0214013045,4161
33036,Indiranagara 12th Main,12.97035,77.64134,786556.3721058443,1435340.1186055383,4162
21999,Indiranagara 6th Main,12.974,77.64118,786534.8189050907,1435743.9661775895,4163
22000,Indiranagara 6th Main,12.974,77.64103,786518.5353517355,1435743.7975381592,4164
26134,Indiranagara Metro Station,12.97826,77.6386,786249.8623234686,1436212.6159526953,4165
33037,Indiranagara Metro Station,12.97849,77.63848,786236.57223636,1436237.9403528224,4166
22387,Indiranagara Police Station/KFC,12.9781,77.64094,786504.0646338731,1436197.5354029206,4167
22388,Indiranagara Police Station/KFC,12.97833,77.64065,786472.3199167352,1436222.66857058,4168
22390,Indiranagara Police Station/KFC,12.97849,77.6412,786531.841745393,1436240.997862773,4169
22389,Indiranagara Police Station/KFC,12.97857,77.6408,786488.3279909556,1436249.4034271124,4170
26136,Indlavadi,12.72827,77.63875,786549.8505364226,1408541.0271113499,4171
33038,Indlavadi,12.72822,77.63875,786549.9067365406,1408535.4925797875,4172
24092,Indlavadi Cross,12.73197,77.67088,790037.0190841653,1408986.2614248549,4173
24217,Indlavadi Cross,12.73193,77.67082,790030.5447751281,1408981.7666630698,4174
22074,Indlubele,12.79089,77.77629,801421.8578839756,1415628.9348617995,4175
22075,Indlubele,12.79079,77.77618,801410.0255375464,1415617.7363088853,4176
22076,Indo American Hybrid Farm,12.90406,77.51236,772627.2030570451,1427861.5731755127,4177
22077,Indo American Hybrid Farm,12.90402,77.51245,772637.0184110736,1427857.24165603,4178
33040,Indo Dyanish Farm,13.16126,77.48011,768847.5682981227,1456294.44741434,4179
26140,Indo Dyanish Farm,13.16133,77.48019,768856.1688939645,1456302.2806716994,4180
23935,Indoor Stadium,12.94272,77.62259,784552.321656177,1432260.7293489564,4181
23946,Indoor Stadium,12.94262,77.62251,784543.749680553,1432249.571167892,4182
26142,Indrasanahalli,13.22588,77.61388,783282.7503542195,1463594.310367404,4183
33041,Indrasanahalli,13.22594,77.61388,783282.6809834546,1463600.951885751,4184
22078,Industrial Area Rajajinagara,12.98202,77.54905,776524.9165153079,1436529.8924861455,4185
22079,Industrial Area Rajajinagara,12.98206,77.5487,776486.8810160351,1436533.9399679564,4186
23876,Industrial Area Water Tank Bommasandra,12.81695,77.67627,790525.4916383689,1418399.064553093,4187
23890,Industrial Area Water Tank Bommasandra,12.817,77.67616,790513.4851877657,1418404.4753613758,4188
21538,Industrial Town Rajajinagara,12.98447,77.54837,776448.3934037546,1436800.3330452384,4189
24068,Industrial Town Rajajinagara,12.98453,77.54819,776428.788850934,1436806.7787759672,4190
20858,Infosys Parking Lot,12.84993,77.66299,789045.2056895518,1422034.807569371,4191
26149,Injanahalli,13.06301,77.8838,812763.4971158085,1445883.9002405773,4192
33044,Injanahalli,13.06308,77.88382,812765.5796382319,1445891.674901398,4193
26152,InoorDoddy,12.71697,77.52492,774193.4110019505,1407167.4415031457,4194
39288,Inorapalya,12.84025,77.41707,762347.6055304268,1420699.9845955824,4195
20859,Iskcon Temple,13.01174,77.55174,776783.9355867752,1439822.3878661771,4196
20860,Iskcon Temple,13.0116,77.55103,776707.0321810024,1439806.1187764732,4197
39584,Iskcon Vaikunta Temple (Vasanthapura),12.89291,77.54947,776668.8310042712,1426667.2135812163,4198
26159,Islampura,13.12131,77.38582,758662.8377568498,1451774.0823759772,4199
33048,Islampura,13.1211,77.38582,758663.0575851398,1451750.84085822,4200
26161,Islampura Cross,13.11312,77.38879,758993.5853690365,1450870.7107557436,4201
33049,Islampura Cross,13.11311,77.38874,758988.171985268,1450869.5526817595,4202
26171,Isthurmatti,13.22896,77.42762,763081.9550979347,1463731.761206711,4203
33053,Isthurmatti,13.229,77.42765,763085.1650095347,1463736.2198749715,4204
38843,Isturu Cross,13.21708,77.43119,763481.8161938558,1462420.6655900283,4205
26173,Isuvanahalli,13.20218,77.33784,753375.1678624158,1460675.293622103,4206
33054,Isuvanahalli,13.20213,77.33788,753379.556830656,1460669.800513594,4207
26194,Ittagalpura,13.17078,77.54228,775580.175103429,1457415.5155980473,4208
33065,Ittagalpura,13.1707,77.54239,775592.1956264889,1457406.7814260926,4209
26196,Ittagalpura Cross,13.17461,77.54267,775618.1855840876,1457839.8710451198,4210
33066,Ittagalpura Cross,13.1747,77.54259,775609.4078502177,1457849.7449669167,4211
26198,Ittagalpura Gate,13.17012,77.55025,776445.369351821,1457351.2217754046,4212
33067,Ittagalpura Gate,13.17008,77.55028,776448.6682012539,1457346.8273332163,4213
26200,Ittamadu,12.75659,77.40471,761091.4744422762,1411428.5206353036,4214
33068,Ittamadu,12.75661,77.40465,761084.9359384947,1411430.6736496845,4215
35090,Ittamadu,12.91966,77.5424,775871.7719257802,1429620.3987078548,4216
24343,Ittamadu 1,12.91963,77.54234,775865.2905125166,1429617.0135072225,4217
26202,Ittanguru,12.88205,77.78861,802651.1873743907,1425735.0956118866,4218
33069,Ittanguru,12.882,77.78863,802653.4196634693,1425729.583996437,4219
33071,Ittige Factory,13.17465,77.80847,804449.9432605057,1458151.3924013649,4220
33072,Ittige Factory,13.17456,77.80853,804456.5636220339,1458141.5014876942,4221
33073,Ittige Factory,12.91999,77.46129,767065.3154262352,1429570.8934780844,4222
33074,Ittige Factory,12.92002,77.46114,767048.9985060508,1429574.0573105926,4223
22088,Ittige Factory,13.10244,77.62918,785084.852935297,1449947.7757342884,4224
31848,Ittige Factory,13.10248,77.6277,784924.2271418219,1449950.5322783254,4225
22087,Ittige Factory,13.10252,77.62918,785084.7607514439,1449956.6311226173,4226
26212,Ivarukandapura,13.1377,77.49446,770429.857738333,1453702.1700456177,4227
33076,Ivarukandapura,13.1377,77.49449,770433.1119598206,1453702.202268735,4228
26214,J Srinivasa Reddy Layout,12.86398,77.55394,777186.0414634652,1423469.9263184245,4229
35941,JBN Petrol Bunk,12.96739,77.65645,788200.1137938886,1435029.4988077325,4230
33125,JC Nagara,13.00606,77.53499,774972.2736718231,1439175.5196693004,4231
33123,JC Nagara,13.00505,77.5939,781367.33258702,1439128.1735125743,4232
34811,JC Nagara Kurubarahalli,13.00592,77.53494,774967.0013254335,1439159.9697995114,4233
26329,JHBCS Layout,12.91136,77.56329,778149.0706777428,1428724.315951156,4234
33130,JHBCS Layout,12.91133,77.56334,778154.5328030348,1428721.0496826386,4235
38429,JK Basavanna Nagara,13.1028,77.53692,775074.5846255689,1449885.2515524202,4236
30456,JP Nagara 15th Cross,12.90639,77.58758,780792.0111675918,1428200.7053030613,4237
35347,JP Nagara 15th Cross,12.90707,77.58567,780583.8600869396,1428273.880155332,4238
33177,JP Nagara 15th Cross,12.90665,77.58581,780599.5304989258,1428227.5447164453,4239
31378,JP Nagara 15th Cross 1,12.90626,77.58764,780798.6713526854,1428186.3816631138,4240
23665,JP Nagara 1st Phase,12.91125,77.57452,779368.5306622828,1428724.364412655,4241
24039,JP Nagara 1st Phase,12.91133,77.57458,779374.956439459,1428733.2848051013,4242
23663,JP Nagara 24th Main 9th Cross,12.91052,77.58315,780306.3855050853,1428652.9928306958,4243
24041,JP Nagara 24th Main 9th Cross,12.91059,77.58331,780323.6802088914,1428660.9160752317,4244
35233,JP Nagara 3rd Phase,12.90765,77.60035,782177.1972867262,1428354.2044282937,4245
30457,JP Nagara 3rd Phase,12.90716,77.59991,782129.971074275,1428299.4823064029,4246
35076,JP Nagara 3rd Phase,12.90809,77.60045,782187.5614251364,1428403.0176394207,4247
35126,JP Nagara 3rd Phase,12.90707,77.60015,782156.1320072724,1428289.7846599203,4248
36198,JP Nagara 3rd Phase,12.90854,77.60073,782217.4590888486,1428453.1360710233,4249
30461,JP Nagara 5th Phase,12.90637,77.59035,781092.8065163649,1428201.5292564647,4250
33179,JP Nagara 5th Phase,12.90621,77.59031,781088.6421774749,1428183.7752977076,4251
33180,JP Nagara 6th Phase,12.90652,77.57765,779713.649098305,1428204.2316956182,4252
30463,JP Nagara 6th Phase,12.90634,77.57778,779727.9650296898,1428184.4499891284,4253
35926,JP Nagara Metro Station,12.908,77.57312,779220.1318254074,1428363.106126595,4254
38795,JP Nagara Metro Station,12.90795,77.57299,779206.0719331367,1428357.4300959236,4255
35203,JP Nagara Water Tank,12.91374,77.59503,781592.7124048327,1429022.441996242,4256
22121,JSS College,12.90392,77.50817,772172.4157755426,1427841.6236715633,4257
22122,JSS College,12.90387,77.50826,772182.2418610905,1427836.1851885896,4258
26216,Jadenahalli,12.83986,77.39529,759982.7603254137,1420634.7345257483,4259
33078,Jadenahalli,12.83983,77.39532,759986.0490864031,1420631.4446324569,4260
26218,Jadigenahalli,13.05191,77.85434,809579.842958092,1444618.7893416516,4261
33079,Jadigenahalli,13.05173,77.85428,809573.5549097365,1444598.7880617843,4262
26220,Jadigenahalli Hospital,13.04648,77.85875,810065.2856166756,1444023.0213980158,4263
33080,Jadigenahalli Hospital,13.04634,77.85878,810068.7166393287,1444007.5585385296,4264
39802,Jagadenahalli,12.90957,77.87978,812519.2103783111,1428891.1865379305,4265
39803,Jagadenahalli,12.90957,77.87984,812525.726665044,1428891.2597735454,4266
33081,Jagajeevanram Nagara,12.96461,77.55486,777174.8758574923,1434609.1705593748,4267
22089,Jai Bharath Nagara,13.00156,77.63032,785324.3966272476,1438782.4440438985,4268
22090,Jai Bharath Nagara,13.00153,77.6308,785376.5321595306,1438779.661836605,4269
21100,Jai Bheem Circle (Poornima Theatre),12.961,77.58802,780778.6335031562,1434245.855958548,4270
22676,Jai Bheem Circle (Poornima Theatre),12.96081,77.58814,780791.8737441842,1434224.9572842927,4271
29447,Jai Bheem nagara (Ado Sonnahatti),12.77798,77.71554,794836.6913488612,1414129.748067879,4272
35547,Jai Bheem nagara (Ado Sonnahatti),12.77797,77.71547,794829.0976187757,1414128.5613121367,4273
26230,Jai Bheema Nagara,12.91946,77.61567,783827.3460849521,1429678.379524663,4274
35287,Jai Bheema Nagara,12.91944,77.61568,783828.4544843733,1429676.1768142388,4275
26232,Jai Bhuvaneshwari Nagara,13.01422,77.53179,774615.9720163567,1440075.2432322076,4276
33085,Jai Bhuvaneshwari Nagara,13.01419,77.53174,774610.5785287191,1440071.8686756068,4277
33087,Jai Maruthi Nagara,13.18643,77.3813,758104.3341832001,1458976.5270073835,4278
33088,Jai Maruthi Nagara,13.18638,77.38134,758108.7244524654,1458971.0344567762,4279
26236,Jai Maruthi Nagara,13.00758,77.53111,774549.485277551,1439339.5666025179,4280
33086,Jai Maruthi Nagara,13.00759,77.53118,774557.0716352481,1439340.7490356304,4281
33089,Jai Maruthi Nagara Circle,13.00993,77.53279,774729.2323176819,1439601.4891220992,4282
26238,Jai Maruthi Nagara Circle,13.00997,77.53282,774732.4442177822,1439605.9489115404,4283
39936,Jain University Gate,12.64168,77.43663,764678.0442438542,1398743.2587653678,4284
39937,Jain University Gate,12.64179,77.43646,764659.4545483026,1398755.2608758865,4285
26242,Jakkanahalli,13.17996,77.34581,754262.3798926264,1458224.2445709861,4286
33091,Jakkanahalli,13.17995,77.34575,754255.8835495436,1458223.0770815944,4287
26244,Jakkanahalli Cross,13.16541,77.33449,753049.7505804468,1456602.5490801726,4288
33092,Jakkanahalli Cross,13.16538,77.33446,753046.5278992446,1456599.1987548792,4289
23895,Jakkasandra,12.92481,77.63802,786247.9983142011,1430295.4742677093,4290
23920,Jakkasandra,12.92454,77.63826,786274.3651064272,1430265.856024803,4291
33093,Jakkur,13.07926,77.60749,782757.975161177,1447357.5720641597,4292
26246,Jakkur,13.07936,77.60742,782750.2655018088,1447368.562831653,4293
33094,Jakkur 18th Cross,13.06888,77.60336,782321.6540489821,1446203.9939674258,4294
35272,Jakkur 18th Cross,13.06885,77.60338,782323.8584431268,1446200.695579033,4295
26249,Jakkur 18th Cross,13.06883,77.60348,782334.7324667055,1446198.5933482419,4296
26250,Jakkur Aerodrum,13.07701,77.59258,781142.67593188,1447091.8954540726,4297
35376,Jakkur Aerodrum,13.07701,77.59301,781189.3344607955,1447092.373519474,4298
26251,Jakkur Double Road,13.07247,77.60406,782393.5255669042,1446602.1526345974,4299
26255,Jakkur Layout,13.0716,77.5999,781943.1092072661,1446501.2125516874,4300
33096,Jakkur Layout,13.07161,77.59994,781947.4382845892,1446502.3640264887,4301
35094,Jakkur Layout 3rd Cross,13.06955,77.60172,782142.9314571514,1446276.327090496,4302
24105,Jakkur Layout 3rd Cross.,13.06952,77.60166,782136.4548482888,1446272.939491488,4303
26257,Jakkur Layout Double Road,13.07255,77.60401,782388.0089202337,1446610.952033356,4304
35834,Jakkur Layout Double Road,13.07265,77.60422,782410.6823628674,1446622.255471575,4305
33097,Jakkur Layout Double Road,13.07271,77.60407,782394.3373904143,1446628.7294330732,4306
26253,Jakkur Layout Shanimahatma Temple,13.07292,77.60125,782088.0978964511,1446648.8280925388,4307
26252,Jakkur Layout Shanimahatma Temple,13.07302,77.60121,782083.6437227505,1446659.852481645,4308
35767,Jalabhavan,12.92316,77.60036,782160.8557648321,1430070.998645764,4309
21461,Jalahalli Bakery,13.04264,77.54978,776536.877656765,1443240.4383916468,4310
21539,Jalahalli Bakery,13.04254,77.54977,776535.9036932716,1443229.3589178235,4311
22091,Jalahalli Cross,13.04066,77.51872,773168.4596720184,1442987.6182862201,4312
39179,Jalahalli Cross,13.04016,77.51843,773137.5385505626,1442931.9643171986,4313
39856,Jalahalli Cross,13.03989,77.51828,773121.5573101816,1442901.918306295,4314
40332,Jalahalli Cross,13.03978,77.51829,773122.7633172763,1442889.7539202492,4315
20869,Jalahalli Cross,13.0399,77.51879,773176.8909112796,1442903.574402894,4316
20870,Jalahalli Cross,13.03959,77.51839,773133.8238942487,1442868.8317956591,4317
20867,Jalahalli Cross,13.03976,77.51853,773148.8298071924,1442887.798717628,4318
36453,Jalahalli Cross Metro Station Arrival,13.03971,77.5191,773210.7405015811,1442882.8784992578,4319
35866,Jalahalli Cross Metro Station Departure,13.0396,77.51933,773235.8207226961,1442870.9511069264,4320
22092,Jalahalli East,13.06759,77.54464,775951.3624978182,1445996.4382120336,4321
22093,Jalahalli East,13.06758,77.54452,775938.3525828898,1445995.2005204577,4322
26259,Jalahalli East 7th Camp,13.07354,77.5465,776146.5647257514,1446657.0463912317,4323
33098,Jalahalli East 7th Camp,13.07354,77.54636,776131.37386212,1446656.8935718844,4324
22707,Jalahalli Police Station,13.04889,77.5495,776499.5388865162,1443931.9185308854,4325
37103,Jalahalli Police Station,13.04889,77.55009,776563.5640508721,1443932.5622782896,4326
21540,Jalahalli Village,13.04179,77.54725,776263.2669388104,1443143.597877079,4327
21541,Jalahalli Village,13.04165,77.54718,776255.8260907783,1443128.0256505064,4328
26268,Jalahalli West Shettyhalli Road,13.05921,77.52024,773313.0019554503,1445042.4339239195,4329
33102,Jalahalli West Shettyhalli Road,13.05922,77.52027,773316.2462612162,1445043.5731353585,4330
22659,Jalavayu Vihara,13.02137,77.63703,786029.9906919095,1440982.7973091106,4331
22663,Jalavayu Vihara,13.02117,77.63695,786021.5375435532,1440960.568717408,4332
26269,Jalige,13.22619,77.58415,780058.3858053419,1463595.1411614798,4333
36099,Jalige,13.22605,77.58408,780050.9549022424,1463579.566230051,4334
24145,Jalli Machine,12.83625,77.62506,784941.0212148072,1420478.254256261,4335
24157,Jalli Machine,12.83621,77.62502,784936.7216963449,1420473.7823929517,4336
26271,Jalli Machine,13.04518,77.31539,751100.3486070086,1443277.6918787123,4337
33103,Jalli Machine,13.04521,77.31545,751106.828413593,1443281.0713443016,4338
22096,Jalli Machine,13.08601,77.55551,777110.2669987418,1448047.158281588,4339
22097,Jalli Machine,13.08606,77.55537,777095.0208819269,1448052.539104391,4340
22098,Jalli Machine,13.08605,77.5556,777119.9873814314,1448051.6844203316,4341
22099,Jalli Machine,13.086,77.5556,777120.0433096278,1448046.150098882,4342
35063,Jambu Savari Dinne,12.86567,77.58092,780114.164508981,1423686.2380019727,4343
35091,Jambu Savari Dinne,12.86577,77.5809,780111.8814268417,1423697.2848937132,4344
35343,Jambu Savari Dinne,12.86581,77.58098,780120.5249266305,1423701.799573202,4345
35804,Jambu Savari Dinne,12.86567,77.581,780122.8524525028,1423686.3252044604,4346
22100,Janaki Rama Layout,13.04319,77.6424,786587.6934821338,1443404.1719470737,4347
24048,Janaki Rama Layout,13.04325,77.64228,786574.601078731,1443410.677883079,4348
20873,Janapriya Apartment,13.07319,77.50318,771446.5313405864,1446571.423068396,4349
20872,Janapriya Apartment,13.07349,77.50307,771434.2676672908,1446604.5097347253,4350
33104,Janapriya Apartment,13.07339,77.50292,771418.1016702411,1446593.2805735543,4351
20874,Janapriya Apartment,12.98895,77.49938,771125.9882796351,1437243.5210126676,4352
26277,Janapriya Apartment,12.9888,77.49952,771141.3467179926,1437227.067885289,4353
26276,Janapriya Greenwood Apartment,13.08514,77.51336,772537.9579119721,1447905.0311827315,4354
33105,Janapriya Greenwood Apartment,13.08511,77.51335,772536.905924396,1447901.699905618,4355
26279,Janapriya Township,12.99903,77.44278,764972.0643838618,1438299.5589781557,4356
33106,Janapriya Township,12.99901,77.44272,764965.5737631167,1438297.28294723,4357
23965,Janatabazar Junction,12.92781,77.54612,776266.6923239811,1430526.4907721628,4358
20875,Janatha Bazar Banashankari,12.92839,77.54594,776246.5111411316,1430590.4934276615,4359
20876,Janatha Bazar Banashankari,12.92837,77.54577,776228.0763561048,1430588.096128996,4360
35105,Janatha Colony,12.72429,77.70393,793637.2494388153,1408173.2690200512,4361
35247,Janatha Colony,12.72419,77.70376,793618.8907173271,1408162.007259191,4362
26283,Janatha Colony Byalalu,12.89417,77.37798,758047.3801608137,1426627.8946277767,4363
33108,Janatha Colony Byalalu,12.89425,77.37797,758046.2123947145,1426636.7383045892,4364
26286,Jandemara,12.87463,77.46123,767106.9671738404,1424550.4810024612,4365
33109,Jandemara,12.87479,77.46123,767106.7975699195,1424568.1894427468,4366
26288,Jangamakote,13.26134,77.84689,808508.7726855224,1467795.8739551655,4367
33110,Jangamakote,13.26135,77.84694,808514.182422458,1467797.042927187,4368
33112,Jangamakote Cross,13.27068,77.84875,808698.6771137005,1468832.2234237937,4369
26291,Jangamakote Cross,13.27051,77.8488,808704.3142732473,1468813.4643592485,4370
33111,Jangamakote Cross,13.27064,77.84874,808697.6432662135,1468827.782565557,4371
33113,Jangamayyanapalya,12.87471,77.42278,762931.7922676157,1424519.6607125194,4372
24322,Janthagundanahalli,12.92431,77.78545,802257.1546013074,1430409.719762123,4373
24328,Janthagundanahalli,12.92421,77.78562,802275.7354420163,1430398.850247288,4374
24321,Janthagundanahalli Cross,12.92663,77.78176,801853.6652766375,1430662.19495659,4375
24329,Janthagundanahalli Cross,12.92649,77.78187,801865.7785425514,1430646.8262633362,4376
24199,Janthamane,12.94204,77.75742,799192.2414153835,1432339.5063504814,4377
24211,Janthamane,12.94196,77.75743,799193.4227504677,1432330.6619166522,4378
22101,Jaraganahalli Cross,12.9014,77.57344,779262.2104397758,1427632.9234440716,4379
22102,Jaraganahalli Cross,12.90142,77.57331,779248.0724021904,1427634.9955234565,4380
39435,Jataka Stand,12.99841,77.58207,780090.7692434171,1438380.1449886533,4381
26295,Javaregowda Nagara,12.9299,77.52085,773520.8811593261,1430730.6590708303,4382
33114,Javaregowda Nagara,12.92993,77.52088,773524.1054549369,1430734.0116366763,4383
23792,Jayamahal,13.00182,77.59442,781427.4185376116,1438771.223784186,4384
24018,Jayamahal,13.00034,77.59478,781468.1635924773,1438607.8025480015,4385
26299,Jayamahal Extension,13.00211,77.59873,781894.9041928977,1438808.0967780435,4386
31376,Jayamahal Extension1,13.00202,77.59871,781892.8350924668,1438798.112578017,4387
26301,Jayamangala,12.91485,77.90329,815065.9077043914,1429504.5712982605,4388
37081,Jayanagar 6 block,12.93069,77.57816,779742.0937477357,1430880.0948073159,4389
37085,Jayanagar 6th block,12.93066,77.57812,779737.7843688654,1430876.730434728,4390
21635,Jayanagar 6th block,12.93081,77.57775,779697.4458586604,1430892.928768254,4391
21636,Jayanagar 6th block,12.9309,77.57878,779809.1734688585,1430904.017460654,4392
23428,Jayanagara 18th Main,12.92343,77.58964,780996.6240740223,1430089.0865953262,4393
21444,Jayanagara 38th Cross,12.92146,77.58365,780348.4618444,1429864.461104573,4394
21445,Jayanagara 38th Cross,12.92101,77.58376,780360.9077482268,1429814.7722375232,4395
21448,Jayanagara 40th Cross,12.91991,77.58062,780021.2079060538,1429689.5781906536,4396
21449,Jayanagara 40th Cross,12.91989,77.58068,780027.7447633764,1429687.430096134,4397
23691,Jayanagara 4th Block,12.92915,77.58602,780597.1863474157,1430718.2474206514,4398
22918,Jayanagara 4th T Block,12.92317,77.59363,781430.1303751308,1430064.6931689482,4399
24180,Jayanagara 4th T Block,12.9229,77.59341,781406.5465307008,1430034.5653487078,4400
20582,Jayanagara 5th Block,12.91701,77.58413,780405.548275716,1429372.4275044168,4401
20583,Jayanagara 5th Block,12.91719,77.58297,780279.3977098541,1429391.0808273049,4402
22920,Jayanagara 5th Block,12.91727,77.58359,780346.6262418947,1429400.6147776404,4403
21637,Jayanagara 8th Block,12.92385,77.58028,779979.8972061656,1430125.3139557827,4404
21638,Jayanagara 8th Block,12.92385,77.58017,779967.954059913,1430125.193581677,4405
22949,Jayanagara 9th Block (22nd Main),12.91969,77.59144,781196.2489839888,1429677.0905949494,4406
22950,Jayanagara 9th Block (40th Cross),12.91969,77.59247,781308.083057608,1429678.2225355445,4407
37131,Jayanagara 9th block,12.91957,77.59284,781348.3909693098,1429665.3466780416,4408
37132,Jayanagara 9th block,12.9197,77.59283,781347.1595072163,1429679.7251539505,4409
21544_ST,Jayanagara Bus Station,12.928507,77.584404,780422.4525377849,1430645.3027700484,4410
21545,Jayanagara Bus Station,12.92802,77.58364,780340.0474830566,1430590.5603620172,4411
23374,Jayanagara Bus Station,12.92864,77.58475,780459.8698884961,1430660.4036262082,4412
21544,Jayanagara Bus Station,12.92852,77.58418,780398.1178007278,1430646.496113396,4413
39129,Jayanagara Bus Station,12.92881,77.58381,780357.6219450885,1430678.1898847013,4414
21544_PF1,Jayanagara Bus Station - Platform 1,12.92847,77.584435,780425.8596406726,1430641.2413184282,4415
21544_PF2,Jayanagara Bus Station - Platform 2,12.928485,77.58431,780412.2713273623,1430642.7645776318,4416
23427,Jayanagara Church,12.92715,77.58961,780989.2011597867,1430500.8130374015,4417
23702,Jayanagara Church,12.92828,77.58741,780749.0754404536,1430623.4744966174,4418
39127,Jayanagara Metro Station,12.92877,77.5803,779976.5787040171,1430669.917257741,4419
39128,Jayanagara Metro Station,12.92867,77.58046,779994.061825946,1430659.0236891438,4420
23463,Jayanagara Metro Station Arrival,12.92969,77.58021,779965.780456336,1430771.6510425012,4421
23449,Jayanagara Metro Station Depature,12.92939,77.58021,779966.1152819928,1430738.4448542441,4422
23653,Jayanagara Pump House,12.92161,77.59699,781796.6956292362,1429895.7172608627,4423
23694,Jayanagara Pump House,12.92172,77.5971,781808.515524334,1429908.0141461773,4424
21542,Jayanagara Telephone Exchange,12.92374,77.58374,780355.6868049246,1430116.927267616,4425
21543,Jayanagara Telephone Exchange,12.9228,77.58385,780368.6800908128,1430013.001521019,4426
39972,Jayanagara Telephone Exchange,12.92339,77.58395,780378.8784458527,1430078.416752179,4427
26306,Jayanthinagara,13.02888,77.66386,788933.3235745464,1441844.4878456867,4428
33120,Jayanthinagara,13.02875,77.66385,788932.3891673817,1441830.086155842,4429
33117,Jayanthinagara,13.02878,77.66375,788921.5008432106,1441833.293154435,4430
33119,Jayanthinagara,13.02884,77.6637,788916.0044363046,1441839.8779141787,4431
20878,Jayaram Das Factory,12.93025,77.50594,771901.777806557,1430753.4984225072,4432
20879,Jayaram Das Factory,12.93011,77.5056,771865.0172281945,1430737.6415497453,4433
33121,Jayaram Layout (Hale Sampigehalli),12.81357,77.58964,781119.1151781841,1417928.9436159418,4434
26312,Jayasuryanagara Kogilu,13.09406,77.6102,783035.1227131842,1448998.8270139555,4435
33122,Jayasuryanagara Kogilu,13.09408,77.6102,783035.0998485785,1449001.040829594,4436
26313,Jaypura Doddy,12.70871,77.56932,779026.9671133447,1406300.4292500468,4437
35325,Jaypura Doddy,12.70869,77.56939,779034.5955713349,1406298.290644012,4438
26323,Jeevan Bheemanagara Cross,12.96679,77.66134,788731.6713641805,1434968.6145603869,4439
35810,Jeevan Bheemanagara Cross1,12.96687,77.66151,788750.0344950135,1434977.6625852254,4440
39166,Jeevan Circle,13.04814,77.46001,766789.4410285635,1443752.9970789934,4441
39167,Jeevan Circle,13.04813,77.46007,766795.9624142078,1443751.953441514,4442
27670,Jeevan bhima nagar Petrol Bunk,12.9675,77.65613,788165.2474818247,1435041.3134380414,4443
23435,Jeevanahalli,12.99503,77.62849,785133.2246499995,1438057.5756093147,4444
23756,Jeevanahalli,12.99498,77.62809,785089.8630381662,1438051.5928412706,4445
26319,Jeevanahalli Cross,12.99421,77.62896,785185.1788391916,1437967.3352007095,4446
35213,Jeevanahalli Cross,12.99419,77.629,785189.5435865672,1437965.1661967603,4447
26320,Jeevanahalli Graveyard,12.99378,77.63178,785491.7743545924,1437922.8997818213,4448
35361,Jeevanahalli Graveyard,12.99374,77.63178,785491.8201157292,1437918.4721085862,4449
23436,Jeevanahalli Water Tank,12.99382,77.62666,784935.9656677288,1437921.589072146,4450
23754,Jeevanahalli Water Tank,12.99456,77.62694,784965.5138529716,1438003.814269637,4451
26321,Jeevanbheema Nagara,12.96576,77.65763,788330.0952377988,1434850.4020450993,4452
33126,Jeevanbheema Nagara Cross,12.96686,77.66166,788766.3303050657,1434976.7255091954,4453
39824,Jettigena Halli,12.88907,77.4931,770552.138291145,1426182.0629459892,4454
39825,Jettigena Halli,12.88923,77.49312,770554.1379433989,1426199.7928806422,4455
26327,Jettipalya,12.7508,77.473,768516.3012486002,1410857.4674946382,4456
33129,Jettipalya,12.75076,77.47298,768514.1706395469,1410853.0196710145,4457
33127,Jettipalya,12.97674,77.40064,760421.8755785527,1435789.1274739404,4458
33128,Jettipalya,12.97661,77.40059,760416.5841402886,1435774.688770247,4459
26333,Jigala,12.79987,77.76085,799733.7375487224,1416605.0714184297,4460
33132,Jigala,12.79985,77.76079,799727.2426777539,1416602.7877524486,4461
26335,Jigala Colony,12.79709,77.76297,799967.3490719248,1416299.7832698645,4462
33133,Jigala Colony,12.79726,77.76289,799958.4564273485,1416318.5095917901,4463
22105,Jigala Cross,12.78206,77.77197,800962.9774255587,1414646.400504895,4464
22106,Jigala Cross,12.78208,77.77188,800953.1751500182,1414648.5097965756,4465
36347,Jigani APC CIrcle,12.77903,77.64342,787000.0389968171,1414164.8687385805,4466
22785,Jigani APC Circle,12.7793,77.64357,787016.0299874858,1414194.9218324076,4467
22786,Jigani APC Circle,12.77896,77.64381,787042.4883252939,1414157.5530739138,4468
35167,Jigani APC Circle,12.77935,77.64358,787017.0598756557,1414200.467496046,4469
40467,Jigani APC Circle,12.77913,77.64374,787034.6912219059,1414176.292932601,4470
35298,Jigani APC Circle,12.77926,77.64385,787046.4948040642,1414190.8048736108,4471
24085,Jigani Bus Stand,12.78664,77.63743,786340.6924392692,1415000.5880978734,4472
24225,Jigani Bus Stand,12.78661,77.63762,786361.3674707976,1414997.4778176385,4473
39290,Jigani DLF Cloub House,12.78503,77.66051,788849.905619044,1414848.0478648087,4474
26338,Jigani Double Road,12.78854,77.62958,785485.7506248524,1415202.2181258409,4475
35116,Jigani Double Road,12.78868,77.62948,785474.7294565109,1415217.6043248335,4476
35299,Jigani Double Road,12.78862,77.62959,785486.7469629548,1415211.0843932282,4477
35118,Jigani KEB,12.77695,77.64496,787169.6994466388,1413936.3396071445,4478
35297,Jigani KEB,12.77686,77.64491,787164.3691000997,1413926.3218788763,4479
24084,Jigani Tent,12.78737,77.63331,785892.2830401385,1415076.8325736867,4480
24226,Jigani Tent,12.78728,77.63353,785916.2846267426,1415067.113728294,4481
22107,Jindal,13.05399,77.48328,769308.1668960897,1444425.0867869367,4482
26340,Jindal,13.05353,77.48338,769319.5166381006,1444374.279979175,4483
40328,Jindal Aluminium Dabaspete,13.2217,77.25538,744414.4655592778,1462753.5829522365,4484
40329,Jindal Aluminium Dabaspete,13.22182,77.25546,744423.019529961,1462766.9409350378,4485
26342,Jinke Bachahalli,13.24659,77.53253,774437.8592098771,1465795.9042353583,4486
33135,Jinke Bachahalli,13.24667,77.5324,774423.6737372811,1465804.6162374902,4487
26344,Jinke Bachahalli Gate,13.24607,77.5526,776614.6267478014,1465760.4900271955,4488
33136,Jinke Bachahalli Gate,13.246,77.55248,776601.6942358965,1465752.6090050067,4489
26347,Jinnagara,13.03306,77.82066,805947.450344346,1442491.0273257163,4490
33137,Jinnagara,13.03301,77.82081,805963.7937396981,1442485.6728495064,4491
26350,Jinnagara Cross,13.02978,77.82616,806548.4962235454,1442134.5440572537,4492
26351,Jinnagara Cross,13.02988,77.82598,806528.8344070215,1442145.397422666,4493
33139,Jinnagara Cross,13.02985,77.82616,806548.4099700301,1442142.29363539,4494
33161,Jnana Bharathi West Side Hospital,12.9313,77.48993,770162.5210094687,1430852.7454876767,4495
30425,Jnana Shrushti School,12.91207,77.64456,786972.663603307,1428892.580862445,4496
37867,Jnanabharathi Metro Station (BUC Gate),12.93596,77.51278,772638.1609168985,1431392.7752772353,4497
30429,Jnanakshi Layout,12.91296,77.51365,772757.607386613,1428848.0155183272,4498
33165,Jnanakshi Layout,12.91291,77.51358,772750.0615182936,1428842.406859076,4499
36741,Jnanakshi Vidyaniketan School,12.91215,77.51376,772770.4300304072,1428758.480262483,4500
36742,Jnanakshi Vidyaniketan School,12.91185,77.51349,772741.4407443362,1428724.988096987,4501
33166,Jnanashakthi Nagara,12.98517,77.45857,766700.5859961465,1436782.0547351874,4502
33167,Jodadakatte,12.91514,77.26867,746159.2758749645,1428841.0733979424,4503
35844,Jodadakatte,12.91507,77.26866,746158.2589151957,1428833.3172979525,4504
30435,Jodi Aladamara,12.9401,77.37789,757990.4224634874,1431710.9635733573,4505
33168,Jodi Aladamara,12.94015,77.37792,757993.6275645578,1431716.5274587483,4506
33169,Jodi Ragi Thimmasandra,13.20463,77.42101,762391.2728266945,1461032.0422042746,4507
30441,Jogahalli,13.22152,77.64808,786996.6922113039,1463150.6740571265,4508
33171,Jogahalli,13.22153,77.64835,787025.9616691443,1463152.0907686157,4509
30444,Jogera Doddy,12.77958,77.40512,761112.3952351392,1413973.302257132,4510
31377,Jogera Doddy 1,12.77968,77.40517,761117.7235652329,1413984.4200106217,4511
30446,Jogerahalli,12.98553,77.37427,757550.7013631627,1436735.138376159,4512
33173,Jogerahalli,12.98549,77.37423,757546.4013288685,1436730.671045261,4513
30448,Jogipalya Gate,13.10477,77.32844,752455.6392776794,1449885.4434643078,4514
33174,Jogipalya Gate,13.10468,77.3285,752462.2397021592,1449875.5432004621,4515
23798,Johnson Market,12.96351,77.60681,782815.6244820699,1434544.4418293973,4516
23671,Johnson Market,12.96336,77.60672,782806.0237566545,1434527.7385974114,4517
22120,Jonnahalli Gate,13.1816,77.75917,799093.4000248503,1458861.510113363,4518
30453,Jonnahalli Gate,13.18158,77.75914,799090.1700955259,1458859.260277657,4519
30469,Judical Layout Jn of 14th Cross,13.0834,77.58482,780293.4282595264,1447790.582366117,4520
33181,Judical Layout Jn of 14th Cross,13.08327,77.5847,780280.5547305477,1447776.0597771485,4521
40388,Judicial Layout,12.86469,77.42111,762760.9017146875,1423408.9910125057,4522
39286,Judicial Layout 26th Main,13.08914,77.5805,779818.2048745442,1448421.1474369466,4523
30472,Judicial Layout 8th Main,12.86392,77.54059,775736.3313693507,1423448.9257145561,4524
30473,Judicial Layout Water Tank,13.07861,77.58333,780137.1704167542,1447258.7324198026,4525
30474,Judicial Layout Water Tank,13.07852,77.58322,780125.3363774369,1447248.6485919193,4526
30475,Judicial Layout YHK,13.08617,77.58503,780313.0803406249,1448097.4230060452,4527
30476,Juggath Pharma,12.89081,77.45532,766448.1026787093,1426335.1018018092,4528
30477,Juggath Pharma,12.89106,77.45517,766431.551159615,1426362.6153538253,4529
24077,Junglepalya Gate,12.80837,77.59051,781219.3910235974,1417354.3176786979,4530
24233,Junglepalya Gate,12.80828,77.59042,781209.714714705,1417344.2577663437,4531
39882,Junjappa Aladamara,12.94944,77.47736,768778.425532293,1432847.2240387236,4532
39883,Junjappa Aladamara,12.94958,77.47755,768798.9007683257,1432862.9191489527,4533
30479,Junnasandra,13.19053,77.4709,767816.7652277397,1459524.2342713054,4534
33182,Junnasandra,13.19059,77.47085,767811.2773878494,1459530.8217171466,4535
30481,Junnasandra Cross,13.19206,77.47719,768497.2389025297,1459700.3020691564,4536
33183,Junnasandra Cross,13.19213,77.47712,768489.5709966527,1459707.974799146,4537
23898,Junnasandra Gate Wipro Regional Office,12.91086,77.68439,791299.0389316622,1428803.6153913985,4538
23916,Junnasandra Gate Wipro Regional Office,12.91068,77.68451,791312.2782270183,1428783.8267021321,4539
30483,Juttanahalli,13.23914,77.57804,779381.0344244083,1465021.732321925,4540
33184,Juttanahalli,13.2391,77.57808,779385.4175005462,1465017.3494790338,4541
30485,Juttanapalya,12.85492,77.42149,762812.3421890128,1422328.087860728,4542
33185,Juttanapalya,12.85498,77.42163,762827.4825833997,1422334.8713806577,4543
23600,Jyothi Farm,12.85989,77.529,774482.0834607941,1422990.4686739866,4544
23638,Jyothi Farm,12.85983,77.52879,774459.343202042,1422983.6035250472,4545
35430,Jyothi Nagara,12.95926,77.52164,773574.590255683,1433981.1520389465,4546
35431,Jyothi Nagara,12.95937,77.52181,773592.9242169037,1433993.509428435,4547
23596,Jyothi Nivas College,12.93542,77.61453,783685.518843662,1431443.7279645046,4548
24071,Jyothi Nivas College,12.93533,77.61415,783644.3634192605,1431433.3441568315,4549
22123,Jyothi School,13.01455,77.62715,784965.461298066,1440216.7731682702,4550
22124,Jyothi School,13.01447,77.62716,784966.6381849913,1440207.9290558936,4551
30489,Jyothinagara,12.96026,77.21573,740369.2059609431,1433783.7899822975,4552
33187,Jyothinagara,12.96018,77.21586,740383.3919548867,1433775.0595531054,4553
33188,Jyothipura,12.94377,77.25166,744284.8880772572,1431993.0673224768,4554
33189,Jyothipura,12.94389,77.25141,744257.6357274239,1432006.107919599,4555
30492,Jyothipura,13.10275,77.75065,798264.5471679595,1450122.4706801376,4556
30494,Jyothipura Gate,13.10272,77.7441,797553.847804484,1450111.4176564135,4557
33190,Jyothipura Gate,13.10274,77.74419,797563.5895543116,1450113.7378070937,4558
30496,Jyothipura Koyara,13.29235,77.62747,784679.0707532498,1470967.5263569518,4559
33191,Jyothipura Koyara,13.29208,77.62743,784675.0494660765,1470937.5933542307,4560
30498,K Channasandra,13.04016,77.6796,790628.4919700414,1443111.1107337573,4561
33192,K Channasandra,13.04018,77.67955,790623.0420310238,1443113.2673486879,4562
37591,K Dommasandra,13.0082,77.74076,797304.581440635,1439644.0070963858,4563
37592,K Dommasandra,13.00821,77.74073,797301.3130080285,1439645.0790142755,4564
30503,K Gollahalli,12.84318,77.45147,766080.3328392274,1421059.5620910213,4565
33194,K Gollahalli,12.8432,77.4515,766083.5697501067,1421061.8066320845,4566
30505,K Gollahalli Gate,12.78639,77.39412,759910.572601812,1414715.9035840358,4567
33195,K Gollahalli Gate,12.78644,77.39413,759911.6075920709,1414721.447242799,4568
33480,K H B Colony,12.80272,77.38582,758992.3580544114,1416514.8432002713,4569
39780,K H Chikkagollarahatti,12.98523,77.46963,767900.9588628409,1436800.3032534458,4570
39781,K H Chikkagollarahatti,12.98515,77.46968,767906.4716257011,1436791.501516695,4571
30507,K Karenahalli Cross,12.86213,77.39502,759930.5109782553,1423099.1423420627,4572
33196,K Karenahalli Cross,12.8621,77.39496,759924.0266744735,1423095.7614995432,4573
33197,K Narayanapura,13.06332,77.64226,786549.274293778,1445632.2652635647,4574
30509,K Narayanapura,13.06333,77.64216,786538.4109399661,1445633.2590012166,4575
33198,K Narayanapura Cross,13.06754,77.63392,785639.3782877937,1446089.9619645393,4576
35269,K Narayanapura Cross,13.06757,77.63338,785580.7453559818,1446092.6732962357,4577
22125,K Narayanapura Cross,13.06824,77.63353,785596.2513698731,1446167.0065281552,4578
22127,K Narayanapura Cross,13.0528,77.64602,786969.4622473478,1444472.029803795,4579
22128,K Narayanapura Cross,13.05278,77.64612,786980.3376551757,1444469.9292108738,4580
22126,K Narayanapura Cross,13.06833,77.63375,785620.0211025721,1446177.217154839,4581
39178,K Narayanapura Cross,13.06736,77.63373,785618.9675578072,1446069.8228700743,4582
33199,K Narayanapura Main Bus Stand,13.06639,77.6407,786376.443108241,1445970.3275206226,4583
33200,K Narayanapura Main Bus Stand,13.06632,77.64075,786381.9497363182,1445962.6355851183,4584
35268,K Narayanapura Main Bus Stand,13.06636,77.64067,786373.2222363453,1445966.9727837634,4585
30514,K Narayanapura Main Bus Stand,13.06635,77.64081,786388.4261071038,1445966.0242702742,4586
30516,K Sathyavara Gate,13.15916,77.8737,811546.0509418434,1456516.4871846682,4587
33201,K Sathyavara Gate,13.15915,77.87365,811540.6388463853,1456515.318058969,4588
38883,KANIVE BASAVANNA TEMPLE,13.37876,77.6744,789664.0437922257,1480587.069390084,4589
30916,KBD Factory,13.11733,77.3722,757189.5791122697,1451319.670191583,4590
33402,KBD Factory,13.11709,77.37213,757182.235634896,1451293.0373144522,4591
30918,KCP Kalyana Mantapa,13.28116,77.53141,774277.6057821356,1469621.0813175112,4592
33403,KCP Kalyana Mantapa,13.28125,77.53137,774273.1680768449,1469630.9990051163,4593
39559,KEB Power House,12.78563,77.50224,771655.7485077283,1414742.9173161476,4594
39560,KEB Power House,12.78563,77.50217,771648.1445662882,1414742.8437785525,4595
31054,KG Halli Post Office,13.05691,77.53269,774666.5073322016,1444801.329049136,4596
33474,KG Halli Post Office,13.05693,77.53272,774669.7405828321,1444803.5752696593,4597
31056,KG Lakkenahalli,13.02372,77.45891,766696.2590170619,1441049.0659311365,4598
33475,KG Lakkenahalli,13.02365,77.45895,766700.674850805,1441041.3604369252,4599
31058,KG Lakkenahalli Cross,13.02588,77.45955,766763.3984238881,1441288.8040593043,4600
33476,KG Lakkenahalli Cross,13.02591,77.45951,766759.0254571582,1441292.0823940907,4601
31061,KG Srinivasapura Cross,13.12913,77.40026,760220.9622720951,1452654.4210168268,4602
33477,KG Srinivasapura Cross,13.1291,77.40021,760215.5703377348,1452651.0491276854,4603
20927,KH Road,12.95759,77.59286,781307.8908937247,1433873.7399208907,4604
20928,KH Road,12.95815,77.59299,781321.3742765833,1433935.8687884633,4605
20929,KHB Colony,12.98142,77.53525,775027.6443502519,1436448.5417336347,4606
20930,KHB Colony,12.98105,77.53549,775054.1026609364,1436407.8477223718,4607
33481,KHB Colony,12.80269,77.38586,758996.7331829759,1416511.5631620244,4608
31069,KHB Colony Dodda Aladamara,12.91355,77.39428,759797.0838479585,1428789.19339016,4609
33482,KHB Colony Dodda Aladamara,12.91365,77.39434,759803.4943075096,1428800.3215645724,4610
31071,KHB Colony Sultanpalya,13.02813,77.60701,782764.0958178057,1441697.4426103074,4611
31073,KHB Surya Nagara,12.80661,77.76063,799701.8633779462,1417350.9421818978,4612
33484,KHB Surya Nagara,12.80651,77.76049,799686.7722124936,1417339.7094979973,4613
38417,KIA Terminal 2,13.19873,77.7135,794118.9054409659,1460703.8037304361,4614
33486,KIADB Area,12.79542,77.42338,763079.4447350036,1415744.881944223,4615
31077,KIADB Area,12.79546,77.42353,763095.6958938055,1415749.4616356057,4616
31079,KIADB Circle Bagalur,13.17463,77.71713,794541.514573646,1458040.1954947852,4617
33487,KIADB Circle Bagalur,13.17469,77.71703,794530.5952253564,1458046.720160376,4618
31081,KIADB Hoovinayakanahalli Gate,13.15591,77.68091,790634.7015151889,1455925.7335498878,4619
33488,KIADB Hoovinayakanahalli Gate,13.15587,77.68111,790656.4447930543,1455921.5369093295,4620
31082,KIDB CIrcle Bagaluru,13.17501,77.71711,794538.8900471863,1458082.2380270206,4621
31083,KIDB Circle Bagaluru,13.17488,77.71702,794529.2829706265,1458067.7414253973,4622
23680,KIMS College,12.92678,77.56133,777919.1875214693,1430428.9620725042,4623
23734,KIMS College,12.92725,77.56174,777963.1810798405,1430481.429911569,4624
38044,KK School,12.93309,77.74289,797625.20532636,1431331.7627372558,4625
38045,KK School,12.93312,77.74279,797614.3114147844,1431334.967323994,4626
33498,KLE Society College,12.96802,77.48144,769201.346229142,1434907.9534656375,4627
31104,KLE Society College,12.96809,77.48131,769187.15972824,1434915.5638304113,4628
31106,KLE Society College Cross,12.9731,77.48347,769416.2240361525,1435472.3521490574,4629
33499,KLE Society College Cross,12.97305,77.48361,769431.4742679691,1435466.9661113836,4630
31110,KMF,13.18853,77.50745,771782.8367318106,1459342.1885326812,4631
33500,KMF,13.18856,77.50744,771781.7190298756,1459345.498199573,4632
33501,KMF,13.18859,77.5075,771788.1930065954,1459348.8837183353,4633
20938,KPCC Office,12.98287,77.57642,779494.9084074021,1436653.8489737802,4634
38592,KPWD Quaters,12.94765,77.62052,784321.9884473562,1432804.1292634744,4635
20939,KR Circle,12.97386,77.58661,780611.1360089551,1435667.7529736436,4636
21556,KR Circle,12.97529,77.58598,780541.1426860603,1435825.3433582357,4637
22197,KR Circle,12.97556,77.58637,780583.1749094877,1435855.6584958264,4638
20941,KR Market,12.96368,77.57742,779624.922185082,1434530.8558971777,4639
20942,KR Market,12.96406,77.5768,779557.1924903346,1434572.2374600486,4640
21557,KR Market,12.96207,77.5756,779429.1476409513,1434350.655101654,4641
22201,KR Market,12.96367,77.57722,779603.2220559912,1434529.5297821944,4642
20940,KR Market,12.9641,77.57897,779792.7151563327,1434579.0443220106,4643
20943,KR Market,12.96451,77.57668,779543.6628570235,1434621.9152037338,4644
22199,KR Market,12.96437,77.57736,779617.6375290975,1434607.1643614823,4645
20944_ST,KR Market (Kalasipalya),12.960766,77.577156,779599.5197506491,1434208.0237840402,4646
20944,KR Market (Kalasipalya),12.95916,77.57711,779596.3205093548,1434030.2096404836,4647
20945,KR Market (Kalasipalya),12.96154,77.57736,779620.8005719695,1434293.9193158862,4648
20944_PF3,KR Market (Kalasipalya) - Platform 3,12.960321,77.57698,779580.9107861214,1434158.5750844683,4649
20944_PF3A,KR Market (Kalasipalya) - Platform 3A,12.960416,77.57711,779594.9171734538,1434169.2328317214,4650
20944_PF3B,KR Market (Kalasipalya) - Platform 3B,12.960502,77.57725,779610.0191864537,1434178.9053620491,4651
20944_PF4,KR Market (Kalasipalya) - Platform 4,12.960614,77.5774,779626.1777136482,1434191.4667320189,4652
20944_PF5,KR Market (Kalasipalya) - Platform 5,12.960542,77.57703,779586.0917555257,1434183.0917577927,4653
20944_PF5A,KR Market (Kalasipalya) - Platform 5A,12.960695,77.57727,779611.9746779129,1434200.2899242858,4654
20944_PF5B,KR Market (Kalasipalya) - Platform 5B,12.960836,77.57747,779633.5286704479,1434216.1160314141,4655
20944_PF6,KR Market (Kalasipalya) - Platform 6,12.960749,77.57707,779590.2027767594,1434206.0478538845,4656
20944_PF6A,KR Market (Kalasipalya) - Platform 6A,12.960844,77.57722,779606.3802887207,1434216.727530262,4657
20944_PF6B,KR Market (Kalasipalya) - Platform 6B,12.960923,77.57734,779619.3189375616,1434225.6033417748,4658
20944_PF6C,KR Market (Kalasipalya) - Platform 6C,12.961009,77.57747,779633.3353328346,1434235.2649326152,4659
20944_PFMain_Jn.,KR Market (Kalasipalya) - Platform Main Jn.,12.96368,77.57742,779624.922185082,1434530.8558971777,4660
36229,KR Market Flyover,12.96469,77.57512,779374.1143725325,1434640.1296421802,4661
31256,KR Market Flyover,12.96474,77.57508,779369.7162937674,1434645.6201848632,4662
31258,KR Palya,13.17406,77.34132,753781.549992671,1457566.741439194,4663
33582,KR Palya,13.17406,77.34138,753788.0568105961,1457566.802074019,4664
20946,KR Pura Bus Stand,13.00798,77.69271,792089.0994250078,1439563.9442668497,4665
22205,KR Pura Bus Stand,13.00821,77.69214,792026.9585592963,1439588.749620673,4666
22204,KR Pura Bus Stand 1,13.00804,77.69217,792030.4141240021,1439569.9656253369,4667
22202,KR Pura Extension,13.01143,77.69869,792734.1554055153,1439952.7295050893,4668
22203,KR Pura Extension,13.01172,77.69862,792726.2165524794,1439984.7511123475,4669
22206,KR Pura Market,13.00821,77.69535,792375.3922036486,1439592.4397147885,4670
22207,KR Pura Market,13.00841,77.69403,792231.8764839026,1439613.0611563253,4671
37688,KR Pura Metro Station,13.00014,77.67664,790353.9000935745,1438677.6805357125,4672
38391,KR Pura Metro Station,13.0001,77.67713,790407.1354209636,1438673.8121382536,4673
21113,KR Pura Railway Station,12.99998,77.67654,790343.2315056035,1438659.8551001293,4674
21112,KR Pura Railway Station,13.00022,77.67597,790281.0795371609,1438685.7714109942,4675
35933,KR Pura Railway Station,13.00133,77.67814,790515.336677107,1438811.1211893696,4676
23361,KRB Indian Oil Petrol Bunk Kembathalli,12.85928,77.56996,778930.9880403904,1422967.0331265565,4677
23366,KRB Indian Oil Petrol Bunk Kembathalli,12.85943,77.56985,778918.8760606303,1422983.5166945218,4678
23379,KSRP Training Centre,12.8859,77.67237,790022.6055088468,1426027.038129414,4679
23388,KSRP Training Centre,12.88589,77.67248,790034.5627853725,1426026.0555342406,4680
40102,KSRTC-BANASHANKRI BUS STAND,12.91745,77.57346,779246.5432891859,1429409.4655997069,4681
40101,KSRTC-BANASHANKRI BUS STAND,12.91695,77.57367,779269.9004170331,1429354.351356089,4682
38880,KSRTC-BENGALURU BUS STATION,12.97746,77.57239,779063.5030187757,1436050.613394899,4683
38888,KSRTC-BENGALURU BUS STATION,12.97747,77.57288,779116.6814324287,1436052.2569593983,4684
40047,KSRTC-BIDADI BUS STAND,12.79661,77.38454,758859.5733324125,1415837.3568250157,4685
40048,KSRTC-BIDADI BUS STAND,12.7968,77.3845,758855.0348122788,1415858.3443430238,4686
40052,KSRTC-CHANNAPATTANA BUS STAND,12.65251,77.20454,739445.3255921716,1399717.985598537,4687
40156,KSRTC-CHANNAPATTANA BUS STAND,12.65229,77.20467,739459.6571265878,1399693.7599847151,4688
40054,KSRTC-DABASPET BUS STAND,13.22783,77.24185,742941.4735647109,1463418.7820397145,4689
40051,KSRTC-DABASPET BUS STAND,13.22795,77.24148,742901.2405676284,1463431.7024681803,4690
40314,KSRTC-DAYANANDA SAGARA BUS STAND,12.66307,77.45041,766153.5303115579,1401124.593269384,4691
40315,KSRTC-DAYANANDA SAGARA BUS STAND,12.66311,77.4502,766130.6667819188,1401128.8061986943,4692
40185,KSRTC-EK COLONY BUS STAND,13.39775,77.23716,742263.8464701951,1482218.4001857208,4693
40248,KSRTC-H CROSS BUS STAND,13.24269,77.93037,817586.4848167433,1465835.7628401,4694
40106,KSRTC-HAROHALLI BUS STAND,12.68012,77.46988,768251.6146411308,1403031.5656105846,4695
40240,KSRTC-HOSAKOTE BUS STAND,13.07014,77.78322,801838.4833817792,1446551.1042650086,4696
40241,KSRTC-HOSAKOTE BUS STAND,13.06997,77.7833,801847.3724143179,1446532.3798929984,4697
40316,KSRTC-JAIN COLLEGE BUS STAND,12.64184,77.43653,764667.0109100719,1398760.8654397915,4698
40317,KSRTC-JAIN COLLEGE BUS STAND,12.64173,77.43665,764680.1663937303,1398748.8127246639,4699
40251,KSRTC-JALAHALLI CROSS BUS STAND,13.04002,77.51818,773110.5626512042,1442916.1994389463,4700
40252,KSRTC-JALAHALLI CROSS BUS STAND,13.04014,77.51834,773127.7938385087,1442929.653727551,4701
40103,KSRTC-KAGGALIPURA BUS STAND,12.80129,77.50873,772343.9278772697,1416483.005757793,4702
40104,KSRTC-KAGGALIPURA BUS STAND,12.80036,77.50836,772304.7370094701,1416379.6824523814,4703
40249,KSRTC-KAIVARA CROSS BUS STAND,13.32687,77.99234,824196.1305466562,1475236.215728554,4704
40108,KSRTC-KANAKAPURA BUS STAND,12.54807,77.42704,763731.5183055797,1388373.4453341977,4705
40043,KSRTC-KENGERI BUS STAND,12.9138,77.48644,769802.4427459022,1428912.1612462145,4706
40044,KSRTC-KENGERI BUS STAND,12.91396,77.48637,769794.6709014213,1428929.796279316,4707
40311,KSRTC-KONANAKUNTE BUS STAND,12.89007,77.5637,778217.144884636,1426368.2605793145,4708
40310,KSRTC-KONANAKUNTE CROSS BUS STAND,12.8899,77.56397,778246.6514586466,1426349.7368677494,4709
40239,KSRTC-KR PURA BUS STAND,13.00818,77.6953,792370.0000724368,1439589.0612901023,4710
40238,KSRTC-KR PURA BUS STAND,13.00831,77.69383,792210.2844759653,1439601.7615275907,4711
40045,KSRTC-KUMBALAGODU BUS STAND,12.87847,77.44528,765370.9794157434,1424958.9451229775,4712
40046,KSRTC-KUMBALAGODU BUS STAND,12.87824,77.44549,765394.0242685394,1424933.7065535842,4713
40041,KSRTC-MYSORE ROAD BUS STATION,12.95366,77.54318,775919.0380076037,1433384.5106777386,4714
40042,KSRTC-MYSORE ROAD BUS STATION,12.95403,77.5434,775942.5130340222,1433425.7017722118,4715
40247,KSRTC-NANDAGUDI BUS STAND,13.20254,77.90154,814511.0743546301,1461354.0251481587,4716
40253,KSRTC-NELAMANGALA BUS STAND,13.0977,77.38605,758712.4823271467,1449161.3092892093,4717
40254,KSRTC-NELAMANGALA BUS STAND,13.09787,77.38609,758716.6440130784,1449180.1648018477,4718
40318,KSRTC-NELAMANGALA BUS STAND,13.09771,77.38559,758662.5693619486,1449161.9448575454,4719
40319,KSRTC-NELAMANGALA BUS STAND,13.09786,77.38547,758649.3945955839,1449178.4230142653,4720
40049,KSRTC-RAMANAGARA BUS STAND,12.72215,77.27531,747068.3539641502,1407490.441134896,4721
40050,KSRTC-RAMANAGARA BUS STAND,12.7222,77.27511,747046.5778355136,1407495.7841830035,4722
40321,KSRTC-SOLUR BUS STAND,13.06545,77.25445,744468.4277723292,1445461.3037781708,4723
40322,KSRTC-SOLUR BUS STAND,13.06574,77.25456,744480.0759042249,1445493.5026113137,4724
40312,KSRTC-TALAGHATTAPURA BUS STAND,12.86988,77.53725,775367.1084001684,1424105.0186725508,4725
40313,KSRTC-TALAGHATTAPURA BUS STAND,12.86987,77.53702,775342.1426785626,1424103.6653255185,4726
40236,KSRTC-TIN FACTORY BUS STAND,12.99695,77.66933,789564.116065319,1438316.2303017727,4727
40237,KSRTC-TIN FACTORY BUS STAND,12.99687,77.6697,789604.3721654066,1438307.795867481,4728
40182,KSRTC-URDIGERE BUS STAND,13.34288,77.23059,741606.7457489514,1476139.788326779,4729
31328,KSSEM College,12.8598,77.54219,775914.5935523009,1422994.6252212583,4730
33613,KSSEM College,12.8599,77.54227,775923.1720811827,1423005.7794597812,4731
31290,KSWH Gowdon,12.98921,77.78469,802096.2690059687,1437593.52663398,4732
33597,KSWH Gowdon,12.98932,77.78456,802082.022809247,1437605.5498283005,4733
20948,KTPO,12.9768,77.72242,795350.9462266504,1436146.6710336965,4734
20949,KTPO,12.97702,77.72225,795332.2305945059,1436170.8277756087,4735
30520,Kaateramma Devasthana,13.09306,77.77899,801351.5396922689,1449083.4096915773,4736
33203,Kaateramma Devasthana,13.0931,77.77902,801354.7464814187,1449087.8736754006,4737
30522,Kaatumariyammana Devasthana,13.29753,77.70154,792703.4110362094,1471626.8779991788,4738
33204,Kaatumariyammana Devasthana,13.29772,77.70162,792711.8562886273,1471648.0050502983,4739
33205,Kabir Ashrama,13.01351,77.59644,781633.464585809,1440067.4154763827,4740
30524,Kabir Ashrama,13.01328,77.59616,781603.3343672052,1440041.6466659522,4741
30526,Kachamaranahalli,12.91226,77.7335,796630.2355414634,1429014.9739012693,4742
33206,Kachamaranahalli,12.91221,77.73346,796625.950942253,1429009.3925773147,4743
33207,Kachanahalli Mandigere,13.15411,77.36682,756567.7538267134,1455384.7287671098,4744
30530,Kachanayakanahalli,12.79846,77.68552,791551.5848278,1416362.752144454,4745
33208,Kachanayakanahalli,12.79851,77.68539,791537.4045733735,1416368.1401468008,4746
22129,Kacharakanahalli,13.02117,77.62862,785117.434445505,1440951.2016285406,4747
39173,Kacharakanahalli,13.02141,77.62991,785257.1703091668,1440979.216335933,4748
33211,Kacharakanahalli,12.99484,77.8147,805347.3647581516,1438252.6187467664,4749
30536,Kacharakanahalli Cross,13.00934,77.81536,805401.2547598757,1439858.664669829,4750
33212,Kacharakanahalli Cross,13.00932,77.81529,805393.6803620253,1439856.3664043485,4751
30538,Kachohalli,13.00016,77.47058,767988.0412807193,1438453.7442392395,4752
33213,Kachohalli,13.00022,77.47062,767992.3181267745,1438460.4271360699,4753
21546,Kachohalli Gate,12.99063,77.46874,767798.5678546231,1437397.0343653944,4754
21547,Kachohalli Gate,12.99042,77.4688,767805.3053179423,1437373.854866139,4755
30540,Kada Agarahara Cross,13.07978,77.68549,791221.2557101923,1447503.669305773,4756
33214,Kada Agarahara Cross,13.07972,77.68546,791218.070783647,1447496.992943682,4757
33215,Kada Agrahara,13.07855,77.69183,791910.6866740736,1447374.8232866414,4758
33216,Kada Agrahara,13.07859,77.69179,791906.2989514495,1447379.2049971002,4759
33217,Kada Agrahara,12.86057,77.74129,797537.2677635071,1423301.9232870433,4760
30546,Kadabagere,12.99687,77.43319,763933.5400489445,1438050.5298435534,4761
33218,Kadabagere,12.9969,77.43319,763933.508318089,1438053.850138565,4762
37263,Kadabagere Cross,12.98901,77.44915,765674.0739860559,1437197.2114617454,4763
21548,Kadabagere Cross,12.98912,77.44947,765708.6884056868,1437209.719923108,4764
21549,Kadabagere Cross,12.98911,77.44966,765729.3208573771,1437208.8114329546,4765
30547,Kadabagere Cross,12.98897,77.44898,765655.6654494077,1437192.606980269,4766
30553,Kadanuru,13.24314,77.45557,766097.1579843491,1465330.7738041398,4767
33220,Kadanuru,13.24328,77.45556,766095.9215118035,1465346.2583374267,4768
30555,Kadanuru Hand post,13.23958,77.48362,769142.4097963545,1464966.7953541218,4769
33221,Kadanuru Hand post,13.23961,77.48355,769134.7868398937,1464970.0404162887,4770
30557,Kadanuru Katte,13.24669,77.46075,766654.9293359547,1465729.2123081486,4771
33222,Kadanuru Katte,13.24669,77.46079,766659.2662694892,1465729.2550164175,4772
30559,Kadasikoppa,12.69327,77.40671,761373.618823779,1404422.7433469996,4773
33223,Kadasikoppa,12.6932,77.40669,761371.5171667354,1404414.976205888,4774
22131,Kadasonnappanahalli Gate,13.10154,77.65811,788224.8357559822,1449881.0065018372,4775
22132,Kadasonnappanahalli Gate,13.10165,77.65832,788247.4931402479,1449893.422720264,4776
30565,Kadayarappanahalli,13.1841,77.70522,793238.2886578366,1459074.5714919625,4777
33226,Kadayarappanahalli,13.18405,77.70526,793242.6871049099,1459069.0832973304,4778
30567,Kadayarappanahalli Cross,13.18405,77.70432,793140.7254078337,1459067.9846367412,4779
33227,Kadayarappanahalli Cross,13.1841,77.70429,793137.4116828709,1459073.4845295397,4780
30568,Kadiganahalli Gate,13.16825,77.63162,785273.5023145902,1457235.2242570047,4781
30570,Kadirenahalli,13.0418,77.44848,765545.0886228536,1443039.191846601,4782
33228,Kadirenahalli,13.0417,77.44864,765562.5574697811,1443028.2915894329,4783
20896,Kadirenahalli Cross,12.91391,77.56657,778502.3801918719,1429010.1303052288,4784
20897,Kadirenahalli Cross,12.91364,77.56727,778578.6837972248,1428981.0065478736,4785
20898,Kadirenahalli Park,12.91768,77.56453,778276.7050159759,1429425.1983418146,4786
20899,Kadirenahalli Park,12.91762,77.56447,778270.2569799086,1429418.4919550677,4787
22133,Kadirenahalli Village,12.91574,77.56141,777940.0970428973,1429207.0781906361,4788
22134,Kadirenahalli Village,12.9157,77.56146,777945.5701205209,1429202.7050455636,4789
30518,Kadu Jakkasandra,12.70043,77.5133,772948.4780768476,1405324.5561715872,4790
33202,Kadu Jakkasandra,12.70041,77.51312,772928.9397366333,1405322.1538117726,4791
36276,Kadu bisanahalli,12.93934,77.6957,792493.9708411302,1431969.1470239994,4792
35206,Kadu bisanahalli,12.9393,77.69567,792490.7602299574,1431964.6848156282,4793
20894,Kadubisanahalli,12.94259,77.69717,792649.7827676004,1432330.594841672,4794
20895,Kadubisanahalli,12.94259,77.69704,792635.6679960997,1432330.4459142287,4795
30572,Kadugenahalli Gate,13.16835,77.63116,785223.4897510317,1457245.7711318757,4796
30575,Kadugodi Bapuji Circle,12.99667,77.76357,799794.4940785983,1438394.3967016742,4797
20900,Kadugodi Bridge,12.99439,77.75775,799165.427505455,1438135.1440794228,4798
20901,Kadugodi Bridge,12.99448,77.75769,799158.8061401516,1438145.0367289702,4799
20902,Kadugodi Bus Station,12.99563,77.75855,799250.7862684773,1438273.3556813227,4800
38642,Kadugodi Bus Station Arrival,12.99596,77.7585,799244.9625805959,1438309.8286184967,4801
30577,Kadugodi Govt Hospital,12.99692,77.76167,799587.935593063,1438419.8339702457,4802
33230,Kadugodi Govt Hospital,12.99699,77.76164,799584.5948216184,1438427.5478174095,4803
36763,Kadugodi Metro Station,12.99532,77.75796,799187.1093628579,1438238.3440737894,4804
22135,Kadugondanahalli Police Station,13.02046,77.61896,784069.7955303752,1440861.7855906563,4805
22136,Kadugondanahalli Police Station,13.02055,77.619,784074.03426251,1440871.7925205526,4806
22172,Kadugondanahalli Railway Gate,13.0259,77.61991,784166.6946773753,1441465.0078374567,4807
22173,Kadugondanahalli Railway Gate,13.02599,77.62003,784179.6158516983,1441475.1043633795,4808
30583,Kadukarenahalli,13.0544,77.31565,751119.2423147191,1444298.3116363257,4809
33232,Kadukarenahalli,13.05441,77.31571,751125.7420733523,1444299.4777822485,4810
21551,Kadumane Hotel,12.81546,77.40725,761306.7850501258,1417946.4072217543,4811
35402,Kadumane Hotel,12.81554,77.40756,761340.3709360576,1417955.575063957,4812
35765,Kadumane Hotel1,12.81524,77.40755,761339.5944986157,1417922.362931698,4813
33234,Kadusonnappanahalli,13.09901,77.66371,788835.4045495326,1449607.3490606581,4814
39623,Kadusonnappanahalli,13.09918,77.66369,788833.0360470855,1449626.14434866,4815
39624,Kadusonnappanahalli Hospital,13.09829,77.66554,789034.8081331329,1449529.7428548194,4816
33236,Kaggadasapura Main Road,12.98549,77.67236,789906.3315490306,1437051.115137784,4817
33238,Kaggalahalli,13.15854,77.74543,797630.847522212,1456292.3751594778,4818
35077,Kaggalahalli,12.72772,77.48694,770055.2224186161,1408317.4784198275,4819
35186,Kaggalahalli,12.7277,77.48684,770044.3784619218,1408315.160878595,4820
30598,Kaggalahalli,12.83025,77.32473,752329.9558093629,1419501.0417439707,4821
39575,Kaggalahalli Gate,13.17414,77.74387,797442.759153753,1458017.4819998895,4822
39576,Kaggalahalli Gate,13.17415,77.74394,797450.3404830489,1458018.671966765,4823
30600,Kaggalahalli Gate,13.15318,77.75262,798417.3462440899,1455707.53416437,4824
33241,Kaggalahalli Gate,13.1532,77.75264,798419.4917688866,1455709.771959597,4825
33243,Kaggalipura,12.85321,77.71868,795090.1282036072,1422461.1217723605,4826
22137,Kaggalipura,12.80032,77.50849,772318.900825738,1416375.3922762952,4827
22138,Kaggalipura,12.80034,77.50836,772304.7584943436,1416377.4688358083,4828
33244,Kaggalipura,12.85315,77.7186,795081.509112743,1422454.3881047587,4829
30607,Kaggalipura Colony,12.8064,77.5032,771737.7725879587,1417042.7580169265,4830
33245,Kaggalipura Colony,12.80645,77.50319,771736.6327728799,1417048.2815151196,4831
30609,Kaggalipura Cross,12.85588,77.73117,796443.6068957304,1422771.051834681,4832
33246,Kaggalipura Cross,12.85555,77.73111,796437.4776991622,1422734.4519728958,4833
38670,Kaggalipura Junction,12.80254,77.5088,772350.1881802087,1416621.43066433,4834
38671,Kaggalipura Junction,12.80249,77.50881,772351.3281207143,1416615.9071665937,4835
23385,Kaikondrahalli,12.91384,77.67764,790562.6249247473,1429125.8175890194,4836
23897,Kaikondrahalli,12.91419,77.67711,790504.669444123,1429163.9593689358,4837
23917,Kaikondrahalli,12.91402,77.67714,790508.1236758893,1429145.1752651175,4838
30611,Kaka Ramanahalli,12.83009,77.36321,756508.9323079599,1419521.318987028,4839
33247,Kaka Ramanahalli,12.83012,77.36321,756508.9018812813,1419524.6390933022,4840
38729,Kaka ramanahalli Cross,12.83174,77.36071,756235.764558317,1419701.4377745942,4841
38730,Kaka ramanahalli Cross,12.83175,77.36063,756227.066619532,1419702.46493238,4842
33248,Kakkehalli,13.21531,77.52816,773999.0151065788,1462328.8696810945,4843
30615,Kakkepalya,13.06106,77.37994,758087.7880407181,1445099.9933803957,4844
30617,Kakolu,13.18429,77.51852,772988.120256357,1458884.9091507418,4845
33250,Kakolu,13.18433,77.51852,772988.0758393991,1458889.3365204358,4846
30619,Kakolu Village,13.1871,77.52011,773157.4416560389,1459197.6628053386,4847
33251,Kakolu Village,13.18711,77.52015,773161.7687085791,1459198.8132081546,4848
30622,Kalalughatta,13.19558,77.32108,751564.5789784405,1459927.9883759888,4849
33252,Kalalughatta,13.19556,77.32103,751559.1776557157,1459925.7248144294,4850
22670,Kalamandira Marathahalli Bridge,12.96038,77.70135,793082.8024080906,1434304.6907393576,4851
23194,Kalamandira Marathahalli Bridge,12.95993,77.70143,793092.0149704106,1434254.9688748394,4852
30624,Kalathammanahalli,13.10346,77.51687,772898.5952590683,1449936.540021427,4853
33253,Kalathammanahalli,13.1036,77.5166,772869.148342563,1449951.743821195,4854
23586,Kalena Agrahara,12.86671,77.59215,781332.5789419081,1423813.620903262,4855
23865,Kalena Agrahara,12.86646,77.59189,781304.6219647874,1423785.6643066334,4856
30626,Kalenahalli,13.14705,77.51209,772331.9433185097,1454756.0638445867,4857
33254,Kalenahalli,13.14713,77.51223,772347.0409279041,1454765.0700687869,4858
30630,Kalenahalli Gate,13.14581,77.51726,772894.1129969386,1454624.417753275,4859
33257,Kalenahalli Gate,13.1464,77.51729,772896.7141987657,1454689.7537814067,4860
33255,Kalenahalli Gate,13.14902,77.50506,771567.2224042169,1454966.5104965938,4861
33256,Kalenahalli Gate,13.14903,77.50504,771565.0419916976,1454967.5957355693,4862
30632,Kaleri,13.00905,77.16821,735165.907765434,1439138.51155194,4863
30633,Kaleshwari Bannerughatta Road,12.79357,77.59406,781621.4538167327,1415720.0127568336,4864
35319,Kaleshwari Bannerughatta Road,12.79349,77.59409,781624.8015971605,1415711.190454175,4865
33259,Kalidasa Layout,12.94843,77.55288,776977.8413546842,1432816.1310315845,4866
30639,Kalikanagara Shiva Temple,13.0087,77.49017,770104.9584619524,1439419.6772267355,4867
33262,Kalikanagara Shiva Temple,13.00866,77.4902,770108.2577116985,1439415.2818658948,4868
30641,Kalkere,13.03367,77.67465,790098.8342653214,1442387.0283291186,4869
33263,Kalkere,13.03363,77.67475,790109.7342813552,1442382.7148544842,4870
35062,Kalkere,12.83262,77.58906,781034.9524180214,1420036.9044074803,4871
35281,Kalkere,12.83235,77.58883,781010.2712792514,1420006.767946917,4872
30642,Kalkere Cross,13.02127,77.67891,790575.6660268293,1441019.274516266,4873
36771,Kalkere Cross,13.02123,77.67893,790577.8834957196,1441014.8695684553,4874
30644,Kalkere School,13.0332,77.67322,789944.1790659872,1442333.366753774,4875
33264,Kalkere School,13.03332,77.67318,789939.6978493575,1442346.604495229,4876
30645,Kalkunte Agrahara,12.93275,77.84092,808270.4172379472,1431410.3069738462,4877
30646,Kalkunte Agrahara,12.93279,77.84097,808275.7976229807,1431414.7956340667,4878
30648,Kalkunte Agrahara School,12.93651,77.84125,808301.6279876234,1431826.9706664325,4879
33265,Kalkunte Agrahara School,12.9365,77.8413,808307.0697773269,1431825.9239035584,4880
33272,Kallahalli,13.10668,77.78883,802402.6946393617,1450602.9814501896,4881
30661,Kalli Bhimasandra Gate,12.67307,77.4955,771043.2376026209,1402277.777081851,4882
33273,Kalli Bhimasandra Gate,12.67303,77.49545,771037.8461663072,1402273.2979681399,4883
30662,Kallodu,13.17778,77.43453,763886.208593314,1458074.5381940256,4884
30650,Kallubalu,12.76962,77.62235,784721.5287339084,1413099.9960943756,4885
33266,Kallubalu,12.76964,77.62246,784733.457146553,1413102.3308729834,4886
33270,Kallubalu Cross,12.77103,77.62727,785254.4744147973,1413261.485357661,4887
30657,Kallubalu Cross,12.77098,77.62722,785249.0983714928,1413255.895757038,4888
33271,Kallubalu Cross,12.77105,77.62723,785250.1062135175,1413263.655076029,4889
33269,Kallubalu Cross,12.77216,77.62235,784718.6822157186,1413381.1476522097,4890
30664,Kallugopahalli,12.77713,77.3622,756452.8289902018,1413659.2333736606,4891
33274,Kallugopahalli,12.77678,77.36244,756479.2514816328,1413620.736796271,4892
33275,Kallur,12.94587,77.31805,751489.0092931069,1432289.8741962675,4893
39447,Kalpana Circle,12.99513,77.58979,780932.4071759185,1438025.5989713096,4894
30670,Kalya,12.97972,77.1824,736733.4504391495,1435906.0539514716,4895
33277,Kalya,12.97963,77.18232,736724.8539695296,1435896.0203582232,4896
30672,Kalya Cross (Sripathyhalli Cross),12.98485,77.18402,736904.3916082305,1436475.2391555393,4897
33278,Kalya Cross (Sripathyhalli Cross),12.98477,77.18406,736908.8082410787,1436466.4236438153,4898
30674,Kalya Gate Magadi,12.95808,77.22119,740963.8903806475,1433547.6971509347,4899
24072,Kalyana Mantapa Koramangala,12.93739,77.61839,784102.3737202957,1431666.075121885,4900
22109,Kalyana nagara 8th Main 3rd Cross  Junction,13.02274,77.6373,786057.7214426335,1441134.7501117545,4901
22108,Kalyana nagara 8th Main 3rd Cross Junction,13.02248,77.63714,786040.6544768114,1441105.7898289764,4902
23847,Kalyanamantapa (Oxford College),12.89976,77.62691,785070.12807799,1427510.2617423988,4903
24163,Kalyanamantapa (Oxford College),12.89968,77.62682,785060.4458443135,1427501.3063781555,4904
21552,Kalyananagara,12.96736,77.52379,773799.1172436683,1434879.9913790368,4905
22139,Kalyananagara,12.96753,77.52388,773808.7007048507,1434898.9041469123,4906
20903,Kalyananagara,13.02654,77.63688,786007.7706164964,1441554.9082962603,4907
20904,Kalyananagara,13.0264,77.63642,785958.0059391889,1441538.8931261331,4908
30679,Kalyananagara 1st Block,13.02188,77.64331,786711.0112825385,1441046.3325507615,4909
33282,Kalyananagara 1st Block,13.022,77.64313,786691.3365771093,1441059.4124774332,4910
37895,Kalyananagara 302,13.02608,77.63708,786030.0059859387,1441504.2151036568,4911
20588,Kalyananagara 80 feet Road,13.02564,77.6406,786412.5523705671,1441459.479058312,4912
21450,Kalyananagara 80 feet Road,13.02546,77.64042,786393.2232716845,1441439.35129445,4913
36441,Kalyananagara Bus Stand,13.02642,77.63839,786171.7946562596,1441543.3269732085,4914
22141,Kalyananagara Junction,13.02596,77.63704,786025.8025214784,1441490.88693813,4915
22142,Kalyananagara Junction,13.02599,77.63714,786036.6214497804,1441494.3203855478,4916
30688,Kamadhenu Kshetra,13.02539,77.44978,765703.679281167,1441224.3275729674,4917
33285,Kamadhenu Kshetra,13.02534,77.44981,765706.9882438612,1441218.825068825,4918
20905,Kamakshipalya,12.98385,77.52924,774372.6176639884,1436711.0221818113,4919
20906,Kamakshipalya,12.98375,77.52917,774365.1294246165,1436699.878407068,4920
30690,Kamakshipura,13.19823,77.4891,769782.0924266488,1460395.9937126925,4921
33286,Kamakshipura,13.19825,77.48908,769779.9015174531,1460398.185827363,4922
35772,Kamakya Talkies,12.92405,77.55264,776978.7188707076,1430117.3661187324,4923
35773,Kamakya Talkies,12.92382,77.55393,777119.0305863873,1430093.3054183454,4924
35929,Kamakya Talkies,12.92402,77.55333,777053.6665825951,1430114.7926522666,4925
39822,Kamal Estate,12.88763,77.49589,770856.6333460372,1426025.6270384798,4926
39823,Kamal Estate,12.88775,77.49592,770859.7617166643,1426038.9403651773,4927
33287,Kamalanagara,12.99676,77.52737,774155.4624715531,1438137.933547696,4928
30692,Kamalanagara,12.99675,77.52732,774150.0465437432,1438136.7728393883,4929
20591,Kamalanagara 8th Main,12.99178,77.53856,775375.5058608123,1437598.8083080233,4930
20592,Kamalanagara 8th Main,12.99163,77.53839,775357.2193067591,1437582.0217324833,4931
28846,Kamalanagara Market,12.99605,77.53071,774518.7619510624,1438062.9490636098,4932
33851,Kamalanagara Market,12.99608,77.53079,774527.4120551096,1438066.3558876533,4933
35264,Kamalanagara Old Stop,12.99245,77.53332,774806.012730243,1437667.3035954577,4934
35141,Kamalanagara Old bus Stand,12.99233,77.53333,774807.2302545486,1437654.0323049275,4935
37923,Kamalanagara Water Tank,12.9953,77.53966,775491.0158497728,1437989.6082464138,4936
21273,Kamalanagara Water Tank,12.99557,77.53992,775518.9381092275,1438019.7745749177,4937
39946,Kamalapura,12.67288,77.54843,776795.7335757425,1402312.3319975273,4938
39947,Kamalapura,12.67295,77.54845,776797.8315102325,1402320.1010371356,4939
30697,Kamanahalli,12.90793,77.79606,803429.0992440307,1428608.9346395417,4940
33290,Kamanahalli,12.90798,77.79606,803429.0388537815,1428614.469884025,4941
35092,Kamanahalli Circle,12.90815,77.79266,803059.5999093044,1428629.2637212507,4942
23750,Kamaraja Road,12.98424,77.61165,783317.552153849,1436844.4188093327,4943
30700,Kamarasanahalli,13.01626,77.86159,810411.2588000274,1440680.801303564,4944
33291,Kamarasanahalli,13.01628,77.86155,810406.891602214,1440682.9666420505,4945
30702,Kambadakallu,13.09982,77.31117,750587.270955089,1449320.4275915658,4946
30704,Kambalipura,12.7591,77.7433,797874.9182786949,1412071.5436184714,4947
39150,Kambalipura,13.13073,77.80387,804005.1115846224,1453283.5596493457,4948
39151,Kambalipura,13.13071,77.80385,804002.9661876252,1453281.3213652782,4949
33293,Kambalipura,12.75908,77.7432,797864.075894925,1412069.214643446,4950
30706,Kambipura,12.87332,77.4618,767170.2502906132,1424406.0859598734,4951
33294,Kambipura,12.87335,77.46175,767164.7891379194,1424409.3542873145,4952
30709,Kamblipura Cross,13.13556,77.78746,802218.6963185945,1453798.515674293,4953
33295,Kamblipura Cross,13.13559,77.78744,802216.4896084578,1453801.8128328153,4954
22144,Kammagondanahalli Bridge,13.05486,77.53482,774899.9081508827,1444576.736290695,4955
36601,Kammagondanahalli Bridge,13.05454,77.53273,774673.4690456882,1444539.0502842504,4956
36602,Kammagondanahalli Bridge,13.05457,77.53276,774676.6912719994,1444542.4033439513,4957
30714,Kammagondanahalli Rama Temple,13.06372,77.53064,774436.5288207119,1445552.86718627,4958
33297,Kammagondanahalli Rama Temple,13.06377,77.53068,774440.8139034205,1445558.4447646048,4959
22143,Kammagonda‌nahalli Bridge,13.05495,77.53474,774891.127460154,1444586.6110953349,4960
22146,Kammanahalli,13.01766,77.6364,785965.8731166134,1440571.4190912188,4961
22147,Kammanahalli,13.01797,77.63653,785979.6270679509,1440605.8800805558,4962
22149,Kammanahalli Empire Hotel,13.01477,77.63593,785918.1775526766,1440250.9892372938,4963
22148,Kammanahalli Empire Hotel,13.01469,77.63577,785900.9031478069,1440241.9538060478,4964
33301,Kammasandra,13.07863,77.71643,794580.0936454454,1447412.2106049296,4965
33298,Kammasandra,13.14996,77.78105,801505.6171777408,1455384.9831621952,4966
33299,Kammasandra,13.14996,77.78112,801513.2115619613,1455385.0670915795,4967
30720,Kammasandra,13.03454,77.43946,764574.0292688238,1442226.2477150462,4968
33302,Kammasandra,13.03453,77.43939,764566.4438339211,1442225.0679564711,4969
33300,Kammasandra,13.07858,77.7164,794576.8975525945,1447406.6406867465,4970
30724,Kammasandra Gate,13.0817,77.71596,794525.4419157236,1447751.5098199127,4971
30073,Kammasandra Gate,13.08166,77.71593,794522.2339819525,1447747.0468939128,4972
32071,Kammasandra Gate,13.0817,77.7159,794518.9309608053,1447751.4399108065,4973
33305,Kammasandra Gate,13.08166,77.71597,794526.5746193329,1447747.0935001955,4974
30728,Kammasandra Palya,13.02987,77.43908,764537.7581314761,1441708.989077538,4975
33307,Kammasandra Palya,13.02985,77.43902,764531.268351918,1441706.7130050391,4976
30731,Kanaka Nagara,13.03953,77.60736,782789.1218783022,1442959.7002302152,4977
30735,Kanakadasa Circle,13.28771,77.53919,775113.6752741991,1470354.6578502427,4978
33311,Kanakadasa Circle,13.28779,77.53916,775110.3326917405,1470363.4796243224,4979
30736,Kanakagiri Horamavu,13.04132,77.6685,789422.4501487726,1443226.8216076635,4980
30733,Kanakanagara Gate,13.13824,77.43472,763949.1722350366,1453698.5399848474,4981
33310,Kanakanagara Gate,13.13827,77.43473,763950.2248386061,1453701.8707963906,4982
40000,Kanakapura Bus Stand,12.54824,77.42665,763688.9430591001,1388391.8692994255,4983
22150,Kanakashree Layout Chikka Gubbi,13.08679,77.65476,787878.5042544773,1448244.441886048,4984
30737,Kanakashree Layout Chikka Gubbi,13.08676,77.65457,787857.9224521609,1448240.904611133,4985
30400,Kanasawadi,13.20326,77.43307,763700.5253071198,1460893.0755322112,4986
33154,Kanasawadi,13.20335,77.43317,763711.2726871951,1460903.1417937435,4987
30739,Kanasawadi,13.20181,77.43147,763528.5768859365,1460730.909348422,4988
33312,Kanasawadi,13.20188,77.43139,763519.8264668372,1460738.5726650152,4989
33313,Kanchugaranahalli,12.72364,77.44622,765635.2493842349,1407823.9331809033,4990
30741,Kanchugaranahalli,12.72367,77.44624,765637.3911447274,1407827.2738950695,4991
30742,Kanchugaranahalli Colony,12.71595,77.44081,765055.441450427,1406967.3166126257,4992
30744,Kanegowdanahalli,13.12951,77.38466,758528.4264248763,1452680.4179959714,4993
33349,Kanekal,12.99322,77.82307,806258.0212110169,1438083.333041443,4994
33350,Kanekallu Cross,12.99611,77.82644,806620.3288473279,1438407.338115179,4995
33351,Kanekallu Cross,12.99611,77.82642,806618.157596256,1438407.3140080837,4996
30747,Kanivemadhapura Cross,12.696,77.58463,780704.6131766108,1404910.0814231527,4997
33315,Kanivemadhapura Cross,12.69605,77.58462,780703.4715465286,1404915.6049457933,4998
37782,Kankenahalli,13.09924,77.26948,746065.477391067,1449215.2468212044,4999
20908,Kanminake,12.8627,77.43388,764149.6569889153,1423201.8351768507,5000
20909,Kanminake,12.86317,77.43352,764110.0726282658,1423253.4828311133,5001
20910,Kanminake Colony,12.85774,77.42925,763652.0718176195,1422648.1330552807,5002
20911,Kanminake Colony,12.85818,77.42896,763620.1206523904,1422696.5328687173,5003
40391,Kanminike,12.86336,77.43349,764106.6159960062,1423274.480372858,5004
40389,Kanminike BDA Apartment Phase-2,12.86961,77.42495,763172.7438317358,1423957.4405208724,5005
30750,Kannalli,12.96757,77.45894,766759.5289440086,1434834.5044751118,5006
33316,Kannalli,12.96763,77.45896,766761.6358685622,1434841.1660885175,5007
33317,Kannalli,12.96757,77.45898,766763.8707804196,1434834.5463155136,5008
33318,Kannamangala,12.93047,77.25509,744670.1623284087,1430524.5264849067,5009
35842,Kannamangala,12.93039,77.25513,744674.582246759,1430515.7116827262,5010
33320,Kannamangala,13.02624,77.7697,800424.294501489,1441675.12605083,5011
33323,Kannamangala Gate,13.20708,77.66833,789209.8253567369,1461575.5402387464,5012
33324,Kannamangala Gate,13.20729,77.66878,789258.3833419655,1461599.30617797,5013
33328,Kannamangala Gate,13.20694,77.66794,789167.6922143882,1461559.5924149894,5014
33325,Kannamangala Gate,13.19077,77.41988,762283.5374108026,1459496.8768131747,5015
33326,Kannamangala Gate,13.19076,77.42004,762300.8993101385,1459495.9373778405,5016
22151,Kannamangala Gate,13.03245,77.75855,799206.5590470571,1442349.4178592002,5017
22152,Kannamangala Gate,13.03248,77.75865,799217.3770603484,1442352.8568729456,5018
33327,Kannamangala Gate,13.03217,77.75872,799225.3478314151,1442318.6216484015,5019
34842,Kannamangala Gate 2,13.0322,77.7587,799223.1409221869,1442321.9191361053,5020
30766,Kannamangala Madhure,13.19654,77.41043,761252.5982813758,1460125.6150508784,5021
30767,Kannamangala Madhure,13.19653,77.41037,761246.102402017,1460124.4457617973,5022
33331,Kannamangalapalya,13.22173,77.6699,789362.8151061763,1463199.056072717,5023
33332,Kannamangalapalya,13.22176,77.67001,789374.7092286764,1463202.5042081054,5024
30773,Kannamangalapalya Cross,13.22952,77.67042,789410.0073993959,1464061.983462619,5025
33333,Kannamangalapalya Cross,13.22954,77.67045,789413.2371767951,1464064.2321209994,5026
30775,Kannamangalapalya Gate,13.22142,77.68218,790694.9596963667,1463178.9771605679,5027
33334,Kannamangalapalya Gate,13.22144,77.68213,790689.513399204,1463181.1330082219,5028
30777,Kannurahalli,13.05996,77.80715,804448.0390831333,1445452.783667745,5029
33335,Kannurahalli,13.06,77.80712,804444.7340276845,1445457.1758635254,5030
30779,Kannurahalli Cross/Bekary,13.06918,77.79823,803468.6505453349,1446462.7839715115,5031
33336,Kannurahalli Cross/Bekary,13.06919,77.79826,803471.894155137,1446463.927018575,5032
30781,Kannurahalli Ittige Factory,13.05444,77.80995,804758.7082992435,1444845.0496784954,5033
33337,Kannurahalli Ittige Factory,13.05415,77.80993,804756.8935188449,1444812.9205762055,5034
22154,Kannuru,13.09326,77.65426,787816.7301872002,1448960.0643764029,5035
22153,Kannuru,13.09328,77.65423,787813.4517603744,1448962.2440765938,5036
30782,Kannuru,13.09279,77.65472,787867.189375266,1448908.5622670706,5037
33338,Kannuru Junction,13.09263,77.65482,787878.2260240979,1448890.9651427302,5038
30786,Kanshiram Nagara,13.09061,77.53889,775301.8719226341,1448538.1465252116,5039
33339,Kanshiram Nagara,13.09058,77.5389,775302.990252073,1448534.8368667716,5040
30788,Kantanakunte,13.33363,77.53195,774277.0358775501,1475429.377269776,5041
33340,Kantanakunte,13.33358,77.53183,774264.0855298922,1475423.7103132138,5042
30792,Kanteerava Studio,13.02154,77.53531,774989.9205939852,1440889.2596324107,5043
33341,Kanteerava Studio,13.0216,77.53529,774987.6837759459,1440895.8790418692,5044
35056,Kanteerava Studio,13.02175,77.53196,774626.1203305535,1440908.878447671,5045
33342,Kanteerava Studio,13.02138,77.53252,774687.3040108448,1440868.530915524,5046
35254,Kanteerava Studio,13.02263,77.5327,774705.4600723458,1441007.080869912,5047
22907,Kanteeravanagara,13.01505,77.53901,775398.6505351857,1440174.9252421362,5048
30796,Kanuvanahalli,12.99488,77.36455,756486.1691652273,1437760.1076724534,5049
33344,Kanuvanahalli,12.99491,77.36452,756482.8825209253,1437763.3975851117,5050
23610,Kanyakumari,12.71798,77.48252,769585.2773630831,1407234.880147593,5051
23621,Kanyakumari,12.7179,77.48236,769567.9770377127,1407225.8599542652,5052
30798,Kapayana Doddy,12.77219,77.35447,755618.1601301088,1413104.8798695265,5053
33345,Kapayana Doddy,12.77261,77.35414,755581.8921833336,1413151.0351042042,5054
30873,Karabele,12.87503,77.46639,767666.8488968308,1424600.1242375742,5055
30799,Karadigowdana Doddy,12.75167,77.37473,757839.675034835,1410854.010170091,5056
30800,Karadigowdanahalli,12.75174,77.37485,757852.6400705249,1410861.8764363872,5057
30802,Karahalli,13.32713,77.69202,791635.7880641094,1474892.3818754398,5058
33346,Karahalli,13.32719,77.69198,791631.3798676623,1474898.9768149003,5059
30804,Karahalli Cross,13.34871,77.68631,790990.9381032446,1477274.5550837761,5060
33347,Karahalli Cross,13.34869,77.68625,790984.4583806741,1477272.2706589021,5061
30806,Karapanahalli Gate,13.16707,77.87861,812068.7340833899,1457398.3254130185,5062
33348,Karapanahalli Gate,13.16714,77.87852,812058.8810467953,1457405.9635303135,5063
30808,Karekal,12.9932,77.82295,806245.0181356658,1438080.9744495247,5064
21553,Karekal Cross,12.97391,77.37388,757520.348334821,1435448.7350705431,5065
21554,Karekal Cross,12.9736,77.37402,757535.8628449787,1435414.56818046,5066
30813,Karekal Doddy,12.74471,77.46495,767648.1504352061,1410175.1205920915,5067
30819,Karekallu Doddi,12.65154,77.49495,771006.2264275802,1399894.2895947832,5068
33355,Karekallu Doddi,12.65159,77.49497,771008.3473027919,1399899.844279228,5069
33357,Karekalpalya,13.06992,77.40212,760485.0226947041,1446103.280186787,5070
33356,Karekalpalya,13.06995,77.40217,760490.4160507349,1446106.651892241,5071
30823,Karekalpalya,12.93312,77.38562,758836.7362982412,1430946.2846022518,5072
33359,Karekalpalya Cross,13.06651,77.40351,760639.4155649338,1445727.3101744559,5073
30827,Karekalpalya Cross,12.93423,77.38154,758392.6866843287,1431065.0045177545,5074
33361,Karekalpalya Cross,12.93419,77.38151,758389.47125126,1431060.547310606,5075
33360,Karekalpalya Cross,13.06649,77.40348,760636.1816095193,1445725.0657903927,5076
30829,Karenahalli,12.78512,77.46582,767700.1138818003,1414648.4899766194,5077
33362,Karenahalli,12.78507,77.46582,767700.1666184373,1414642.956102392,5078
30831,Kari Obanahalli,13.02497,77.48651,769690.1245867657,1441216.5655512146,5079
33363,Kari Obanahalli,13.02495,77.48656,769695.5723982649,1441214.4050437587,5080
24958,Kariapppana Doddy Devasthana,12.78713,77.37567,757905.8039060918,1414779.3278113822,5081
30833,Karibeeranahosahalli,13.03861,77.8614,810362.7537693183,1443154.966703805,5082
33364,Karibeeranahosahalli,13.03865,77.8615,810373.5585245795,1443159.517565126,5083
30835,Karibeeranahosahalli Cross,13.04547,77.86456,810697.1864894672,1443918.31887794,5084
33365,Karibeeranahosahalli Cross,13.04554,77.86469,810711.2096998869,1443926.2280803397,5085
30837,Karishma Hills,12.88865,77.53622,775234.7446226121,1426181.4444578018,5086
33366,Karishma Hills,12.88851,77.53621,775233.811863754,1426165.9380285605,5087
30839,Karishma Hills Cross,12.88874,77.54126,775781.9200441975,1426196.8186145853,5088
33367,Karishma Hills Cross,12.8888,77.54129,775785.1118851511,1426203.491903234,5089
30841,Kariyanapalya,12.89269,77.52182,773666.7215461689,1426613.196488836,5090
33369,Kariyanapalya,12.89276,77.52181,773665.5595769854,1426620.9335926045,5091
40501,Kariyanapalya,12.89294,77.52264,773755.4876888979,1426641.742259997,5092
40502,Kariyanapalya,12.89292,77.52296,773790.2560300094,1426639.8702070187,5093
29418,Kariyanapalya Cross (80ft Road Junction),12.89224,77.51442,772863.6967824348,1426555.5049978595,5094
39072,Kariyanapalya Cross (80ft Road Junction),12.89216,77.51434,772855.0969180474,1426546.5653354437,5095
33370,Kariyappana Doddy,12.78485,77.37828,758191.6159833078,1414529.6025150034,5096
30847,Kariyappana Doddy,12.7107,77.57932,780111.4455602062,1406531.442298377,5097
35326,Kariyappana Doddy,12.71068,77.5793,780109.2941884776,1406529.20704146,5098
30849,Kariyappanapalya,12.86171,77.38366,758697.398725898,1423041.2023029139,5099
33372,Kariyappanapalya,12.86166,77.38359,758689.8489583782,1423035.5982760903,5100
33373,Karlapura,13.20672,77.49191,770077.488328242,1461338.7130937953,5101
30854,Karlapura Colony,13.20531,77.49122,770004.2136054506,1461181.9071563554,5102
33374,Karlapura Colony,13.20533,77.49125,770007.4449219332,1461184.1531374825,5103
30857,Karlapura Gate,13.20018,77.49183,770076.008093711,1460614.7643216688,5104
33375,Karlapura Gate,13.20012,77.49185,770078.2430144694,1460608.1449365374,5105
33376,Karlapura Gate,13.20016,77.49187,770080.3679427388,1460612.5937835667,5106
30859,Karlapura Gate BIT,13.20858,77.50091,771051.4271523947,1461554.3052336664,5107
33377,Karlapura Gate BIT,13.2086,77.50087,771047.0673317363,1461556.4756041947,5108
38697,Karnataka High Court Staff Quarters,12.99494,77.65412,787915.4104799516,1438076.4736996992,5109
30866,Karnataka Slum Board Development Apartment,12.8759,77.67242,790039.5536758241,1424920.1509089102,5110
30867,Karnataka Slum Board Development Apartment,12.87595,77.67227,790023.2057977878,1424925.5161863305,5111
30869,Karpura,12.72695,77.72009,795390.2823573034,1408486.0464347573,5112
33379,Karpura,12.72699,77.72014,795395.6695093838,1408490.531199538,5113
35052,Karpura Gate,12.73587,77.70808,794074.8687922377,1409459.8274039782,5114
35248,Karpura Gate,12.73582,77.70803,794069.4932476876,1409454.2359296265,5115
30871,Karpura Gate,12.7243,77.72083,795473.7691296053,1408193.540249176,5116
33380,Karpura Gate,12.72449,77.72088,795478.9825231967,1408214.6296236347,5117
38206,Karpura Gate,12.7242,77.72072,795461.9311690496,1408182.345389702,5118
20913,Karthik Nagara,12.96818,77.70147,793086.6904469668,1435168.2676249207,5119
20912,Karthik Nagara,12.96821,77.7017,793111.6250904248,1435171.8529575702,5120
30875,Kasaba,13.28268,77.54732,776000.7505510699,1469806.8995136453,5121
33382,Kasaba,13.28255,77.54732,776000.8976321504,1469792.5101849867,5122
36063,Kasaghatta,13.2685,77.38911,758864.5717285143,1468067.6630232425,5123
30876,Kasaghattapura,13.11063,77.50441,771538.9344013942,1450716.6967587448,5124
30878,Kasaghattapura Gate,13.11195,77.49735,770771.5746171672,1450855.209009267,5125
33383,Kasaghattapura Gate,13.11194,77.49731,770767.246144234,1450854.0592529268,5126
23382,Kasavanahalli,12.90495,77.67599,790393.733798825,1428139.8682529416,5127
23386,Kasavanahalli,12.90489,77.67605,790400.3185176689,1428133.2945749636,5128
30880,Kasavepalya,12.85344,77.37615,757890.3690446339,1422118.4058761834,5129
33384,Kasavepalya,12.85348,77.37618,757893.5858594357,1422122.862800787,5130
30882,Kasthuri Nagara,13.00258,77.66119,788674.0116543104,1438930.1882263965,5131
33385,Kasthuri Nagara,13.00247,77.6613,788686.0790758339,1438918.1367268364,5132
20914,Kasthurinagara,13.004,77.66328,788899.2280773277,1439089.7477594083,5133
20915,Kasthurinagara,13.00404,77.66315,788885.0707922676,1439094.0278377952,5134
38902,Kasturiba Road,12.97318,77.59498,781520.4916564052,1435601.7147677483,5135
23505,Kasuvinakunte,12.76739,77.59743,782016.6230134376,1412825.885014753,5136
23506,Kasuvinakunte,12.76739,77.5974,782013.3637277177,1412825.852339145,5137
30885,Katamana Doddy,12.82109,77.32231,752076.2804020768,1418484.9618343262,5138
22155,Katamanallur Gate,13.05373,77.76177,799530.4143760961,1444708.9743955517,5139
22157,Katamanallur Gate,13.05318,77.76161,799513.7126176611,1444647.8985949652,5140
36724,Katamanallur Gate,13.05315,77.76198,799553.9057126816,1444645.0150310223,5141
39144,Kateramma Temple Kambalipura,13.12497,77.80047,803643.2913679846,1452641.7870944499,5142
30887,Kateramma Temple Makanahalli,13.01236,77.82797,806766.4323296887,1440208.191888052,5143
33387,Kateramma Temple Makanahalli,13.01245,77.82804,806773.9203952693,1440218.2401561248,5144
20916,Kathriguppe,12.9254,77.55006,776697.115250123,1430263.9990663219,5145
20917,Kathriguppe,12.92535,77.54989,776678.7132991862,1430258.2809565167,5146
37075,Kathriguppe,12.9251,77.54983,776672.4746701265,1430230.544845154,5147
35165,Kathriguppe,12.91543,77.7657,800123.1291845986,1429403.4270084118,5148
35259,Kathriguppe,12.91542,77.76565,800117.7115089454,1429402.2613583375,5149
30892,Kattalepalya,12.79684,77.46421,767512.8683782482,1415943.9630517391,5150
33390,Kattalepalya,12.79698,77.46412,767502.9448760313,1415959.3647100483,5151
33389,Kattalepalya,12.99301,77.63601,785951.8139826846,1437842.41614695,5152
35362,Kattalepalya,12.99285,77.63631,785984.5618358271,1437825.0425009157,5153
39314,Kattigenahalli,13.11699,77.62538,784655.8032649802,1451554.056893729,5154
30897,Kattigenahalli,13.0236,77.877,812074.9276281549,1441512.316465082,5155
33392,Kattigenahalli,13.02364,77.87696,812070.5352802839,1441516.695794214,5156
30899,Kattigenahalli Colony,13.02829,77.88427,812858.2271466998,1442040.5110591624,5157
33393,Kattigenahalli Colony,13.02831,77.88434,812865.8007366718,1442042.811633286,5158
30895,Kattigenahalli Cross,13.12178,77.62572,784687.1717354609,1452084.656375031,5159
30900,Kattigenahalli Cross,13.12187,77.62562,784676.2189103517,1452094.5057224836,5160
39324,Kattigenahalli Cross,13.12171,77.62591,784707.8657210523,1452077.122537379,5161
30902,Kattigenahalli Gate,13.0373,77.88731,813176.8841882155,1443041.7908378437,5162
33394,Kattigenahalli Gate,13.03737,77.88741,813187.6509830373,1443049.6643004129,5163
39539,Kattihosahalli,13.2795,77.3802,757887.035951647,1469275.8510907243,5164
30904,Kattu Gollahalli,13.09587,77.73506,796581.1403041488,1449342.4750035272,5165
33395,Kattu Gollahalli,13.09588,77.73511,796586.5538836227,1449343.6407422326,5166
30906,Kattu Gollahalli Gate,13.0944,77.7429,797433.6374188927,1449188.9655020472,5167
33396,Kattu Gollahalli Gate,13.09439,77.7428,797422.7981813013,1449187.740705616,5168
20918,Kaval Byrasandra,13.01974,77.60769,782847.428698848,1440769.5102317368,5169
23844,Kavala Hosahalli,12.72589,77.70442,793688.6547837208,1408350.9365689862,5170
23976,Kavala Hosahalli,12.72591,77.70433,793678.8515234513,1408353.0487209265,5171
39565,Kaveri Block,12.84876,77.62643,785075.7054020076,1421864.507161621,5172
39566,Kaveri Block,12.84879,77.62649,785082.1881353284,1421867.8943518852,5173
35150,Kaveri Nagara,12.91986,77.56931,778793.2761200503,1429671.6960441305,5174
35188,Kaveri Nagara,12.91974,77.5692,778781.4661347184,1429658.2938544538,5175
39778,Kaverinagara Kodichikkanahalli,12.90049,77.62266,784607.802846643,1427586.3426013654,5176
39779,Kaverinagara Kodichikkanahalli,12.90045,77.6227,784612.1916270105,1427581.959402327,5177
22681,Kebbahala,12.98553,77.50346,771572.5498586133,1436869.3377991258,5178
22691,Kebbahala,12.9856,77.50347,771573.5591542926,1436877.0961830588,5179
23612,Kebbedoddi Gate,12.70305,77.481,769435.8749493158,1405580.879774327,5180
23619,Kebbedoddi Gate,12.70297,77.48082,769416.4002439486,1405571.8391769864,5181
30925,Kebbepalya Gate,13.09006,77.51397,772598.7280070343,1448450.2504476162,5182
33406,Kebbepalya Gate,13.09007,77.51392,772593.2921779202,1448451.3033367528,5183
30927,Kembaliganahalli,13.12984,77.88477,812784.294612725,1453284.1018378634,5184
33407,Kembaliganahalli,13.12989,77.88473,812779.8908923785,1453289.5878542669,5185
30929,Kembaliganahalli Gate,13.13263,77.89925,814351.9577440103,1453611.0284298016,5186
33408,Kembaliganahalli Gate,13.13268,77.89925,814351.8940440941,1453616.5641947316,5187
30930,Kembathahalli,12.85596,77.57793,779800.2239339261,1422608.2133618058,5188
31384,Kembathahalli,12.85588,77.57786,779792.7104120612,1422599.2822750446,5189
30934,Kembathahalli Cross,12.8552,77.58025,780053.0271488044,1422526.6166501548,5190
33409,Kembathahalli Cross,12.85528,77.58038,780067.0568501886,1422535.6131558572,5191
33410,Kembathahalli Cross,12.85516,77.58038,780067.190031813,1422522.3307389095,5192
33411,Kembathahalli Cross,12.85531,77.58019,780046.3888489655,1422538.7268639382,5193
30940,Kempa Vaderahalli,12.73941,77.68812,791901.8712356236,1409829.1529561852,5194
33414,Kempa Vaderahalli,12.73943,77.68825,791915.9743800503,1409831.5131108938,5195
30942,Kempadyapanahalli,12.86697,77.35426,755499.6636936516,1423593.9267753847,5196
33415,Kempadyapanahalli,12.8669,77.35425,755498.648799673,1423586.169946902,5197
30944,Kempaiahnagara,13.1082,77.48252,769166.8230141369,1450424.2843889692,5198
33416,Kempaiahnagara,13.10822,77.48248,769162.4618028306,1450426.455340291,5199
33417,Kempaiahnapalya,12.72049,77.43001,763877.2990476495,1407458.792243287,5200
33418,Kempaiahnapalya,12.72051,77.42995,763870.7593489389,1407460.9448138447,5201
30950,Kempaiahnapalya Cross,12.73293,77.44009,764959.5721302629,1408845.846521499,5202
33420,Kempaiahnapalya Cross,12.73298,77.44009,764959.5201549719,1408851.3802812377,5203
30952,Kempalinganahalli,13.09462,77.37497,757513.6901862549,1448809.1129715329,5204
33421,Kempalinganahalli,13.09457,77.37504,757521.3360873649,1448803.6506834344,5205
30954,Kempalinganahalli Cross,13.09551,77.38104,758171.2633138463,1448913.807867017,5206
33422,Kempalinganahalli Cross,13.09556,77.38107,758174.4657093879,1448919.3721974788,5207
30938,Kempalingapura,13.2369,77.66557,788875.3338417565,1464873.3120656868,5208
33413,Kempalingapura,13.23685,77.66548,788865.6329454621,1464867.6732120188,5209
30956,Kempalingapura Cross,13.23058,77.66461,788778.6819764329,1464172.603110712,5210
33423,Kempalingapura Cross,13.23052,77.66461,788778.7527224902,1464165.9613462035,5211
33424,Kempammadevi Nagara,13.06498,77.42035,762468.1616424287,1445575.3754081018,5212
33430,Kempapura,13.05084,77.60063,782045.9101769349,1444204.1059537977,5213
33431,Kempapura,13.05079,77.60067,782050.3077556384,1444198.6159905652,5214
33429,Kempapura,13.09465,77.49964,771038.9575379242,1448942.8654824835,5215
30969,Kempapura,12.94658,77.67305,790026.353858073,1432744.7588270737,5216
33432,Kempapura,12.94653,77.67303,790024.2403216057,1432739.201370884,5217
33426,Kempapura,12.81949,77.63744,786304.6602413601,1418636.7991166057,5218
33427,Kempapura,12.81945,77.6373,786289.4981863061,1418632.216043086,5219
20919,Kempapura,13.04379,77.6005,782039.8040678361,1443423.5989106097,5220
20920,Kempapura,13.0436,77.60121,782117.0713207659,1443403.3578176182,5221
33428,Kempapura,13.09469,77.49959,771033.4890818541,1448947.2391171514,5222
30971,Kempapura Agarahara,12.96912,77.55465,777147.0817591767,1435108.1341561042,5223
33433,Kempapura Agarahara,12.96904,77.55459,777140.6572774956,1435099.2140949562,5224
30972,Kempapura Agarahara Railway Gate,12.96913,77.55925,777646.4125982036,1435114.2455569808,5225
30976,Kempapura Cross,13.04979,77.59987,781964.6264770995,1444087.0359923202,5226
33436,Kempapura Cross,13.04983,77.59993,781971.0923212792,1444091.5303396906,5227
30978,Kempashetty Doddy,12.7412,77.43095,763957.9865229856,1409751.8156506892,5228
33437,Kempashetty Doddy,12.74126,77.43096,763959.0107617069,1409758.466297139,5229
30980,Kempashetty Doddy Gate,12.74378,77.42949,763796.6978346552,1410035.8710791676,5230
33438,Kempashetty Doddy Gate,12.74384,77.42946,763793.3764766934,1410042.4810437635,5231
30982,Kempathimmanahalli,13.22322,77.65455,787696.3616938749,1463346.287501053,5232
33439,Kempathimmanahalli,13.22314,77.65463,787705.1314978034,1463337.5238983494,5233
33440,Kempathimmanahalli Cross,13.22204,77.65104,787317.0912926195,1463211.6330821514,5234
33441,Kempathimmanahalli Cross,13.22207,77.65103,787315.9716350395,1463214.9424443159,5235
30988,Kempegowda Arch,13.00174,77.52556,773953.5394005588,1438687.18792457,5236
33443,Kempegowda Arch,13.00171,77.52538,773934.0358715937,1438683.6735551055,5237
20921_ST,Kempegowda Bus Station,12.978145,77.572296,779052.5343402806,1436126.331042314,5238
20922,Kempegowda Bus Station,12.97749,77.57327,779158.9936675619,1436054.8979391162,5239
20921,Kempegowda Bus Station,12.97751,77.57141,778957.0680915073,1436055.0746606614,5240
20921_PF1,Kempegowda Bus Station - Platform 1,12.977732,77.57283,779110.9612818245,1436081.2021939529,5241
20921_PF12A,Kempegowda Bus Station - Platform 12A,12.978244,77.572655,779091.3931640841,1436137.682263554,5242
20921_PF14,Kempegowda Bus Station - Platform 14,12.978294,77.57245,779069.0846083827,1436142.9920735122,5243
20921_PF19,Kempegowda Bus Station - Platform 19,12.977914,77.571434,778959.2222859621,1436099.818454799,5244
20921_PF19A,Kempegowda Bus Station - Platform 19A,12.978043,77.57149,778965.157063677,1436114.1583798812,5245
20921_PF2,Kempegowda Bus Station - Platform 2,12.977939,77.572685,779094.9903228462,1436103.9555804972,5246
20921_PF20,Kempegowda Bus Station - Platform 20,12.978442,77.57185,779003.7894914002,1436158.7166530874,5247
20921_PF20B,Kempegowda Bus Station - Platform 20B,12.978533,77.5721,779030.8252937101,1436169.0629412096,5248
20921_PF21,Kempegowda Bus Station - Platform 21,12.978567,77.57225,779047.0697732707,1436172.9905764556,5249
20921_PF23,Kempegowda Bus Station - Platform 23,12.978355,77.573006,779129.3701624079,1436150.35302599,5250
20921_PF23A,Kempegowda Bus Station - Platform 23A,12.978253,77.573105,779140.230541261,1436139.1714042628,5251
20921_PF23B,Kempegowda Bus Station - Platform 23B,12.978114,77.57322,779152.8690625841,1436123.9118930437,5252
20921_PF23C,Kempegowda Bus Station - Platform 23C,12.977978,77.57327,779158.4484958753,1436108.913231043,5253
20921_PF23D,Kempegowda Bus Station - Platform 23D,12.977845,77.573326,779164.6758824893,1436094.2532041108,5254
20921_PF24,Kempegowda Bus Station - Platform 24,12.977981,77.573204,779151.280845046,1436109.1729831896,5255
20921_PF3,Kempegowda Bus Station - Platform 3,12.978041,77.57249,779073.70916372,1436115.0320702107,5256
20921_PF30,Kempegowda Bus Station - Platform 30,12.977537,77.57258,779084.0415526049,1436059.344388969,5257
20921_PF3A,Kempegowda Bus Station - Platform 3A,12.978054,77.57227,779049.8136686209,1436116.2300504022,5258
20921_PF4,Kempegowda Bus Station - Platform 4,12.977986,77.572105,779031.9788726422,1436108.5226358073,5259
20921_PF4A,Kempegowda Bus Station - Platform 4A,12.977848,77.57197,779017.4787282457,1436093.0999977463,5260
20921_PF4B,Kempegowda Bus Station - Platform 4B,12.977703,77.57191,779011.1276335126,1436076.9846858608,5261
20921_PF5,Kempegowda Bus Station - Platform 5,12.977804,77.57184,779003.4163631925,1436088.0874197662,5262
20921_PF6,Kempegowda Bus Station - Platform 6,12.977935,77.57192,779011.954088355,1436102.6750125266,5263
20921_PF6A,Kempegowda Bus Station - Platform 6A,12.978042,77.57204,779024.8605972885,1436114.6499254422,5264
20921_PF7,Kempegowda Bus Station - Platform 7,12.978113,77.57216,779037.8072965688,1436122.6401149952,5265
20921_PF8A,Kempegowda Bus Station - Platform 8A,12.978144,77.572464,779070.7718322512,1436126.4043554442,5266
20921_PF8B,Kempegowda Bus Station - Platform 8B,12.978095,77.57263,779088.845838428,1436121.1625126656,5267
35931,Kempegowda Bus Station(Majestic/KBS),12.97793,77.57389,779225.8031438205,1436104.2796068958,5268
30990,Kempegowda Garden,13.07728,77.52161,773441.7452231342,1447043.9668733727,5269
33444,Kempegowda Garden,13.07733,77.52161,773441.6900772508,1447049.5010603236,5270
38069,Kempegowda International Airport,13.19975,77.70514,793210.9302416414,1460806.9192813826,5271
23485,Kempegowda International Airport,13.19904,77.70871,793598.9926418733,1460732.5031528003,5272
35805,Kempegowda International Airport,13.19916,77.70774,793493.6395633413,1460744.6507119325,5273
30992,Kempegowda International Airport Back Gate,13.19806,77.68058,790549.1039801922,1460591.2311106585,5274
38071,Kempegowda International Airport Back Gate,13.19816,77.67987,790471.977860383,1460601.4777325396,5275
38072,Kempegowda International Airport Back Gate,13.1982,77.67968,790451.3228320782,1460605.685388433,5276
23746,Kempegowda Swimming Pool,12.94823,77.55926,777670.6856080071,1432800.922255748,5277
23762,Kempegowda Swimming Pool,12.94827,77.5592,777664.1275549098,1432805.2844495466,5278
30997,Kempu Dommasandra,12.67441,77.70796,794132.6017088253,1402656.3056838245,5279
30501,Kempu Dommasandra Cross,12.69447,77.71006,794337.7733410557,1404879.2410743176,5280
31003,Kenchanakuppe,12.7955,77.37528,757854.9358321088,1415705.2535896797,5281
33449,Kenchanakuppe,12.79551,77.37522,757848.4088136845,1415706.3004298161,5282
31005,Kenchanakuppe Colony,12.78972,77.37617,757957.4799846562,1415066.4640767986,5283
33450,Kenchanakuppe Colony,12.79003,77.37627,757968.0264831679,1415100.8718279123,5284
31007,Kenchanapalya,12.84457,77.44406,765274.1550068541,1421205.7555051628,5285
33451,Kenchanapalya,12.84452,77.44412,765280.7234015635,1421200.283520732,5286
31009,Kenchanapura,12.95713,77.44971,765768.7418056629,1433669.3950389463,5287
33452,Kenchanapura,12.95714,77.44968,765765.4746957952,1433670.4705751915,5288
22161,Kenchanapura Cross,12.94172,77.49363,770552.9640424702,1432009.9494824493,5289
22162,Kenchanapura Cross,12.94157,77.49344,770532.499612293,1431993.1462142402,5290
23854,Kencharayana Doddy,12.81951,77.55612,777471.6241288758,1418550.1248155946,5291
24150,Kencharayana Doddy,12.81955,77.55618,777478.0973094838,1418554.6167567514,5292
35359,Kendriya Sadana Koramangala,12.92596,77.62026,784318.3595411836,1430402.9623072287,5293
22163,Kendriya Vidyalaya,13.06556,77.54428,775914.5566827904,1445771.354325082,5294
22164,Kendriya Vidyalaya,13.06541,77.54415,775900.6172205227,1445754.6098159542,5295
31011,Kendriya Vidyalaya ASC Center,12.96676,77.61259,783439.4132973156,1434910.6005432068,5296
31012,Kendriya Vidyalaya DRDO Quarters,12.98675,77.66408,789006.0446247477,1437181.1775251566,5297
38908,Kendriya Vidyalaya Halasuru (MEGC),12.98828,77.6149,783665.7513365415,1437295.2260215464,5298
33453,Kendriya Vihara,13.10653,77.60161,782088.8771291834,1450369.5228152124,5299
33454,Kendriya Vihara,13.10643,77.60213,782145.4090936477,1450359.035165614,5300
31017,Kendriya Vihara Yelahanka,13.10659,77.60061,781980.3128411665,1450375.0465243035,5301
33456,Kengal Dabaspete,13.21047,77.22726,741376.7718845452,1461483.5406720876,5302
30996,Kengal Kempohalli,13.20898,77.26092,745027.8188767533,1461351.3320257438,5303
33446,Kengal Kempohalli,13.20886,77.26072,745006.2534712004,1461337.8565169573,5304
31021,Kenganahalli,13.05162,77.4116,761532.8546269061,1444087.6979733284,5305
33457,Kenganahalli,13.05159,77.41171,761544.8218436728,1444084.4912361254,5306
24732,Kenganahalli Cross,13.04048,77.4269,763204.7974682467,1442870.6028287574,5307
32383,Kenganahalli Cross,13.0405,77.42694,763209.1167698324,1442872.8578652465,5308
35360,Kengeri,12.91244,77.48543,769694.2459040213,1428760.5726868913,5309
36259,Kengeri,12.91237,77.4854,769691.0638983322,1428752.7935048866,5310
20925_ST,Kengeri Bus Station,12.913737,77.4873,769895.8817756667,1428906.0947026582,5311
20926,Kengeri Bus Station,12.91406,77.48645,769803.2491854398,1428940.9485641574,5312
20925,Kengeri Bus Station,12.91379,77.4871,769874.1105577883,1428911.7499478378,5313
20925_PF1,Kengeri Bus Station - Platform 1,12.913793,77.48708,769871.9359077555,1428912.0609092594,5314
20925_PF2,Kengeri Bus Station - Platform 2,12.913746,77.487236,769888.9235373021,1428907.0233667425,5315
20925_PF3,Kengeri Bus Station - Platform 3,12.913722,77.48736,769902.4121763026,1428904.497744106,5316
20923,Kengeri Church,12.92874,77.48664,769808.0993241887,1430565.931085182,5317
20924,Kengeri Church,12.92869,77.48677,769822.2665263633,1430560.534219178,5318
31024,Kengeri Club,12.92359,77.47297,768329.5318810819,1429981.5539610125,5319
33458,Kengeri Club,12.92351,77.47287,768318.7607990693,1429972.5947794297,5320
20781,Kengeri Ganesha Temple,12.91143,77.48037,769145.9555719366,1428643.463106768,5321
20782,Kengeri Ganesha Temple,12.91126,77.48029,769137.4519351816,1428624.5635315636,5322
38620,Kengeri Metro Station,12.90747,77.47596,768671.3884735564,1428200.543568368,5323
22525,Kengeri Metro Station,12.90761,77.47586,768660.3814859603,1428215.9337702596,5324
21094,Kengeri Police Station,12.91007,77.48146,769265.7564701258,1428494.0846715916,5325
21095,Kengeri Police Station,12.91044,77.48206,769330.5033921013,1428535.6669391003,5326
22165,Kengeri Post Office,12.91543,77.48181,769298.010826543,1429087.695120475,5327
22166,Kengeri Post Office,12.9155,77.48189,769306.6213864656,1429095.5268377773,5328
21110,Kengeri Railway Station,12.91686,77.48234,769354.0193480249,1429246.5245103769,5329
21111,Kengeri Railway Station,12.91692,77.48242,769362.6405635427,1429253.2494614527,5330
22167,Kengeri Satellite Town,12.92355,77.48479,769612.8306963593,1429989.5516938877,5331
22168,Kengeri Satellite Town,12.92355,77.48485,769619.3447129761,1429989.6149159865,5332
22171,Kengunte Circle (IIPM),12.96045,77.50473,771737.6573703418,1434094.7947096939,5333
21555,Kengunte Circle (IIPM),12.96033,77.50491,771757.3271200379,1434081.7046169206,5334
22169,Kengunte Circle (IIPM),12.96045,77.50441,771702.9206032136,1434094.453933512,5335
22170,Kengunte Circle (IIPM),12.96064,77.50435,771696.2011722901,1434115.4195493008,5336
31030,Kenjiganahalli,13.19163,77.39895,760012.8861448371,1459570.2639397073,5337
33461,Kenjiganahalli,13.19163,77.39902,760020.4771738853,1459570.3365162327,5338
31032,Kere Devasthana,12.87372,77.78592,802369.0310283422,1424809.7615342862,5339
33462,Kere Devasthana,12.87365,77.78586,802362.5983057418,1424801.9416136302,5340
33464,Kere Guddadahalli,13.07927,77.51574,772802.6461316778,1447257.8875019308,5341
31036,Kere Guddadahalli,13.08051,77.51557,772782.836308772,1447394.9513939624,5342
33463,Kere Guddadahalli,13.0795,77.51555,772781.7777804701,1447283.139692064,5343
33465,Kere Guddadahalli,13.08032,77.51561,772787.3854430083,1447373.9647206138,5344
31038,Kere Kattiganuru,13.17598,77.27213,746276.3484801443,1457710.335215085,5345
33466,Kere Kattiganuru,13.17598,77.2722,746283.939375316,1457710.4038693968,5346
30894,Kere Kattiganuru Gate,13.18789,77.2821,747345.5339109931,1459038.1784124055,5347
33391,Kere Kattiganuru Gate,13.18771,77.28202,747337.0400740899,1459018.179482005,5348
39051,Kerekodi Junction,12.96017,77.42803,763412.2007183469,1433983.3747991705,5349
39052,Kerekodi Junction,12.96019,77.42804,763413.2651366362,1433985.5986391113,5350
31044,Kerekodi Sondekoppa,13.01891,77.38421,758594.90545833,1440439.473305898,5351
33469,Kerekodi Sondekoppa,13.01877,77.38419,758592.8804240937,1440423.958721425,5352
31046,Kerekodi Thyamagondlu,13.21468,77.30948,750287.251319631,1462030.157605134,5353
33470,Kerekodi Thyamagondlu,13.21447,77.30952,750291.802659593,1462006.95707771,5354
31048,Kesaraguppe,12.81662,77.56701,778657.6525315463,1418241.9852490018,5355
33471,Kesaraguppe,12.81725,77.56732,778690.6309212658,1418312.052031145,5356
31050,Kethaganahalli,12.81348,77.39049,759488.5554469761,1417710.3619611713,5357
33472,Kethaganahalli,12.81345,77.39045,759484.2418836608,1417707.001577645,5358
31052,Kethohalli,12.9073,77.40336,760789.3404775304,1428106.7116767939,5359
33473,Kethohalli,12.90735,77.40335,760788.202917109,1428112.2351817908,5360
31063,Khaji Hosahalli,13.00848,77.86598,810897.5329915185,1439824.8344571765,5361
33478,Khaji Hosahalli,13.00843,77.86588,810886.7393181131,1439819.1765436784,5362
33479,Khaji Sonnenahalli,13.03343,77.77007,800455.7730300048,1442471.5219672336,5363
31065,Khaji Sonnenahalli,13.03341,77.77009,800457.9680200918,1442469.3315851223,5364
22174,Khaji Sonnenahalli Gate,13.03461,77.75898,799250.6329194112,1442589.0425495007,5365
22175,Khaji Sonnenahalli Gate,13.03457,77.75908,799261.5350592664,1442584.7324212173,5366
31085,Kidwai Layout,12.85885,77.56321,778198.4058686804,1422912.125156624,5367
33489,Kidwai Layout,12.85885,77.56316,778192.975825384,1422912.0710583576,5368
39364,Kiranagere Gate,12.67,77.45883,767061.3646215734,1401900.1781405804,5369
39365,Kiranagere Gate,12.67007,77.45866,767042.8170979557,1401907.7514735311,5370
31087,Kirloskar Badavane,13.06735,77.50004,771112.214500848,1445921.6730337022,5371
33490,Kirloskar Badavane,13.0674,77.5001,771118.6701908563,1445927.271404601,5372
39697,Kirloskar Business Park,13.05116,77.5954,781477.9875570079,1444233.7110232585,5373
33491,Kirloskar Company,13.0145,77.55994,777670.8382814244,1440136.8264934628,5374
31089,Kirloskar Company,13.01462,77.56004,777681.5578464889,1440150.2181267156,5375
31092,Kirloskar Factory,13.17777,77.32283,751772.581214212,1457958.7148711157,5376
33492,Kirloskar Factory,13.17775,77.32279,751768.2639205436,1457956.4613627188,5377
39753,Kithaganur Gram Panchayathi office,13.03256,77.70853,793777.3111479653,1442303.1399127173,5378
39754,Kithaganur Gram Panchayathi office,13.03265,77.70856,793780.4609652315,1442313.137501311,5379
31094,Kithiganahalli,12.80074,77.68961,791993.2821666973,1416619.7577021893,5380
33493,Kithiganahalli,12.80077,77.68956,791987.8158089716,1416623.0220239207,5381
39810,Kittaganahalli Aswathakatte,12.80216,77.69432,792503.3189762497,1416782.2759399998,5382
39811,Kittaganahalli Aswathakatte,12.80222,77.69421,792491.2998000297,1416788.7930697713,5383
39808,Kittaganahalli Government School,12.80282,77.69632,792719.827985907,1416857.601693644,5384
39809,Kittaganahalli Government School,12.80284,77.69619,792705.6822655203,1416859.6682284276,5385
31096,Kittaganuru,13.03736,77.71053,793988.711159403,1442836.8095045933,5386
33494,Kittaganuru,13.03733,77.71055,793990.917326089,1442833.5117316335,5387
31098,Kittaganuru Cross,13.03624,77.7089,793813.1226363697,1442710.9384304895,5388
33495,Kittaganuru Cross,13.03622,77.70881,793803.3780901105,1442708.6202111482,5389
31100,Kittanahalli,13.00915,77.42148,762649.7121338402,1439397.510922038,5390
33496,Kittanahalli,13.00912,77.42153,762655.1699944425,1439394.2423056324,5391
39569,Kittanahalli,13.00915,77.42155,762657.3088880344,1439397.5832396983,5392
39570,Kittanahalli,13.00914,77.42158,762660.5751760482,1439396.5074763645,5393
31102,Kittanahalli Palya,13.00979,77.41344,761776.5009573116,1439460.0507525003,5394
33497,Kittanahalli Palya,13.00971,77.41338,761770.0735121225,1439451.1349611478,5395
31155,KodIhalli,12.92808,77.8986,814539.9687783306,1430963.5472731527,5396
31112,Kodagalahatti,13.14313,77.6291,785029.2159227545,1454451.7625960326,5397
33503,Kodagalahatti,13.14317,77.62909,785028.0848722738,1454456.1789739872,5398
33504,Kodagi Bommanahalli,13.13038,77.27211,746319.7418550946,1452663.9432357498,5399
31118,Kodalagurki,13.29925,77.70112,792655.8086814589,1471816.7869822176,5400
33506,Kodalagurki,13.29928,77.70106,792649.2675362971,1471820.0373689607,5401
31122,Kodalipura,12.74569,77.75703,799382.5825418273,1410602.8764688368,5402
31124,Kodandarama Temple,13.00141,77.56074,777772.2501971965,1438688.817216815,5403
33508,Kodandarama Temple,13.00155,77.56089,777788.3750934722,1438704.4771115787,5404
31126,Kodandaramanagara,12.8995,77.68483,791359.9877370779,1427546.614506784,5405
33509,Kodandaramanagara,12.89948,77.68479,791355.667198783,1427544.3551238314,5406
35072,Kodathi Gate,12.8966,77.72037,795222.8343117423,1427266.2602254623,5407
35239,Kodathi Gate,12.89653,77.7203,795215.3146972831,1427258.4307185423,5408
31131,Kodathi Village,12.88828,77.71635,794796.0248855914,1426340.625927363,5409
33511,Kodathi Village,12.88835,77.7163,794790.5128686941,1426348.3173261953,5410
34843,Kodathi Wipro,12.89535,77.71297,794420.6820836369,1427119.3771007303,5411
22698,Kodays Circle,12.98022,77.57151,778964.8974249002,1436355.145755911,5412
31134,Kodi Basavanna Temple Banawadi,13.11284,77.26089,745120.206098198,1450711.9366125877,5413
33512,Kodi Basavanna Temple Banawadi,13.11281,77.26091,745122.4052035116,1450708.636093841,5414
31136,Kodichikkanahalli,12.89823,77.61801,784105.4254100105,1427331.023783791,5415
33513,Kodichikkanahalli,12.89826,77.61804,784108.6491590044,1427334.3777368015,5416
31138,Kodichikkanahalli Cross,12.89793,77.62151,784485.8236464029,1427301.698456136,5417
33516,Kodigehalli,13.00385,77.72746,795866.0347672373,1439146.9441424329,5418
33517,Kodigehalli,13.00394,77.72748,795868.0989844841,1439156.9303906972,5419
31143,Kodigehalli,13.30328,77.51148,772092.2538232655,1472047.5632150313,5420
33518,Kodigehalli,13.30331,77.51142,772085.7161964416,1472050.818106152,5421
23522,Kodigehalli,13.05988,77.57685,779455.1469754842,1445178.3768824972,5422
33515,Kodigehalli,13.05982,77.57694,779464.9808225541,1445171.83493081,5423
30348,Kodigehalli Canara Bank Colony,13.07138,77.57645,779398.7922961543,1446450.8465739272,5424
32203,Kodigehalli Canara Bank Colony,13.0715,77.57667,779422.5291796359,1446464.372089087,5425
31149,Kodigehalli Gate,13.00363,77.7235,795436.4343460349,1439117.9856250004,5426
33521,Kodigehalli Gate,13.00357,77.72349,795435.419933857,1439111.3320422033,5427
23527,Kodigehalli Gate,13.05746,77.59282,781190.8740070114,1444928.1879896962,5428
40033,Kodigehalli Gate,13.00348,77.72356,795443.1251308275,1439101.4504314794,5429
23528,Kodigehalli Gate,13.05711,77.59323,781235.7623164947,1444889.9020111058,5430
35129,Kodigehalli Gate,13.05732,77.59368,781284.3570657256,1444913.6464682932,5431
31156,Kodihalli,12.96857,77.64962,787457.2867299059,1435152.4068022522,5432
22180,Kodihalli,12.96851,77.64976,787472.5541195816,1435145.9230641604,5433
22178,Kodihalli,12.96,77.64758,787245.6657445659,1434201.4694548515,5434
22179,Kodihalli,12.95997,77.64687,787168.6200177951,1434197.3493913638,5435
33523,Kodihalli,13.01806,77.81237,805065.9940847164,1440820.438109569,5436
20931,Kodihalli,13.18783,77.45405,765992.3326117347,1459207.4673849274,5437
33522,Kodihalli,13.18798,77.45407,765994.3392583273,1459224.0905016672,5438
33525,Kodihalli,12.92813,77.89844,814522.5303335437,1430968.8861382762,5439
33524,Kodihalli,13.01802,77.81233,805061.701015736,1440815.9617813712,5440
33505,Kodihalli Gate,12.92815,77.90748,815504.2376842172,1430982.2385525596,5441
22112,Kodihalli Gate/Gollahallii Jn,12.90772,77.48889,770074.9781807025,1428241.8090020916,5442
22113,Kodihalli Gate/Gollahallii Jn,12.90758,77.48887,770072.9571513312,1428226.292707872,5443
39028,Kodihalli Motaganahalli,13.02424,77.2978,749212.7849480103,1440942.972684255,5444
31158,Kodimanchanahalli Gate,13.2578,77.6989,792464.8013436173,1467225.694274888,5445
33526,Kodimanchanahalli Gate,13.25781,77.69881,792455.0300749002,1467226.6957612806,5446
33529,Kodipalya,13.20971,77.45186,765731.152996208,1461626.8093379177,5447
33530,Kodipalya,13.20968,77.45183,765727.9323129114,1461623.4571245622,5448
33527,Kodipalya,13.09612,77.44521,765132.1987492898,1449047.793565357,5449
33528,Kodipalya,13.09607,77.44516,765126.8278584958,1449042.20717511,5450
20932,Kodipalya,13.20974,77.45168,765711.6014735764,1461629.9387328187,5451
33531,Kodipalya,13.20978,77.45165,765708.3049854685,1461634.3340777229,5452
31167,Kodipalya,12.90378,77.48781,769961.9499374143,1427804.5915780968,5453
33534,Kodipalya,12.90381,77.48786,769967.3465068433,1427807.9646511178,5454
33532,Kodipalya,12.7505,77.44733,765727.8379220958,1410797.8192642613,5455
33533,Kodipalya,12.75076,77.44745,765740.603107434,1410826.717968203,5456
31169,Kodipalya Cross T Begur,13.1624,77.29835,749133.4465086171,1456233.3280565196,5457
31171,Kodiyala,12.78268,77.45278,766286.206752076,1414364.9764168651,5458
33536,Kodiyala,12.78258,77.45284,766292.8291678887,1414353.9705388497,5459
36765,Koduru,12.9421,77.89357,813976.1575125301,1432509.5684857732,5460
36766,Koduru,12.94207,77.89354,813972.9373573131,1432506.2101986036,5461
22181,Kogilu,13.10362,77.616,783653.4784754108,1450063.5424790895,5462
22182,Kogilu,13.10349,77.61623,783678.5821622263,1450049.411111503,5463
22183,Kogilu Cross,13.10362,77.60102,782028.1823501695,1450046.7550499062,5464
22184,Kogilu Cross,13.10398,77.60084,782008.2424815181,1450086.4023576232,5465
22185,Kogilu Cross,13.10356,77.60108,782034.7605818852,1450040.1806890047,5466
31172,Kogilu Cross,13.10386,77.60028,781947.6209486353,1450072.4938857537,5467
39272,Kogilu Cross FLY,13.10384,77.6006,781982.3627872362,1450070.6375870176,5468
39273,Kogilu Cross FLY,13.10383,77.60039,781959.5898109706,1450069.2960703429,5469
20933,Kohinoor Ground,12.94732,77.56628,778433.8032784997,1432707.8410277956,5470
33537,Kolathuru,13.07539,77.82956,806861.1943795177,1447188.078002232,5471
33538,Kolathuru Gate,13.08501,77.82512,806367.4360564703,1448247.7098488184,5472
33539,Kolathuru Gate,13.08494,77.82519,806375.1192845507,1448240.0451246426,5473
31179,Kolathuru Gate,13.07484,77.82489,806355.0487738473,1447121.52582251,5474
33540,Kolathuru Gate,13.07484,77.82501,806368.0721285136,1447121.6712034412,5475
22186,Koli Farm,13.07404,77.63376,785614.5306131251,1446809.2826755322,5476
22187,Koli Farm,13.07394,77.63362,785599.4540128382,1446798.0553447877,5477
31183,Koli Farm,13.03352,77.80276,804003.9297556699,1442520.4323909518,5478
33543,Koli Farm,13.0335,77.80284,804012.6377389233,1442518.314140526,5479
33542,Koli Farm,12.9034,77.80087,803956.9381755278,1428113.143597088,5480
33541,Koli Farm,12.90335,77.80102,803973.2887623268,1428107.7863093587,5481
33544,Koli Farm Gate,13.17195,77.50281,771297.9076747481,1457502.040984033,5482
33545,Koli Farm Gate,13.17195,77.50284,771301.1614615286,1457502.073393622,5483
35093,Koli Farm Gate,12.84145,77.58859,780974.0862184505,1421013.760929751,5484
35133,Koli Farm Gate,12.84146,77.58845,780958.8696506411,1421014.7150190715,5485
35134,Koli Farm Gate,12.84174,77.58863,780978.1080807215,1421045.9039209648,5486
35245,Koli Farm Gate,12.84171,77.58866,780981.3997552621,1421042.6160415437,5487
33547,Kolipura,13.1694,77.65723,788050.1258690085,1457391.7533606195,5488
31189,Kolipura,13.16948,77.65717,788043.5238784458,1457400.54014731,5489
31191,Kolliganahalli,12.71083,77.40702,761389.3408607236,1406366.4640106102,5490
33548,Kolliganahalli,12.71075,77.40694,761380.7305317004,1406357.52981021,5491
31193,Koluru,12.89151,77.41336,761891.466525877,1426369.363515983,5492
33549,Koluru,12.89119,77.41301,761853.7980471059,1426333.5904426114,5493
31195,Koluvarayanahalli,13.16498,77.52176,773360.9702225525,1456751.1205212115,5494
33550,Koluvarayanahalli,13.16501,77.52179,773364.190836228,1456754.4736916618,5495
31197,Kommaghatta,12.92994,77.46513,767471.6076881357,1430676.1533630507,5496
33551,Kommaghatta,12.93007,77.46502,767459.5271911335,1430690.4265209567,5497
39414,Kommaghatta BDA Apartment,12.91497,77.46214,767162.9378784024,1429016.1764093584,5498
20882,Kommaghatta Junction,12.91444,77.48144,769258.9011624033,1428977.7332219947,5499
20883,Kommaghatta Junction,12.91444,77.48149,769264.3296945298,1428977.7858011844,5500
31199,Kommasandra,12.86141,77.74421,797853.4297769398,1423398.2933166681,5501
33552,Kommasandra,12.86132,77.74405,797836.15780295,1423388.1448876346,5502
33303,Kommasandra Gate,12.87093,77.73389,796721.3298891336,1424440.2143370265,5503
33304,Kommasandra Gate,12.87093,77.73381,796712.6411517581,1424440.121915525,5504
22188,Konanakunte,12.88617,77.56658,778534.1929806727,1425939.7109021847,5505
22189,Konanakunte,12.88614,77.56654,778529.88260244,1425936.3469028191,5506
22190,Konanakunte Cross,12.89053,77.56459,778313.2789568999,1426420.1415381746,5507
22191,Konanakunte Cross,12.89125,77.56514,778372.2054513821,1426500.4321882154,5508
33557,Konanakunte Cross,12.89024,77.56402,778251.7048862793,1426387.42426163,5509
35993,Konanakunte Cross,12.88948,77.56369,778216.711291826,1426302.945154003,5510
35374,Konanakunte Cross,12.88937,77.56356,778202.7164977465,1426290.6287334308,5511
39690,Konanakunte Cross,12.88991,77.56392,778241.2110265421,1426350.7894890935,5512
38358,Konanakunte Cross Metro Station,12.88907,77.56306,778148.7542263478,1426256.8808255845,5513
38359,Konanakunte Cross Metro Station,12.8889,77.56257,778095.7340659971,1426237.5330207294,5514
33558,Konanakunte Reliance Fresh,12.88294,77.56606,778481.2993941368,1425581.6310891747,5515
31346,Konanakunte Reliance Fresh,12.883,77.56614,778489.9202860355,1425588.3590488408,5516
20934,Konappana Agarhara,12.85577,77.66411,789160.1604720748,1422682.5162691635,5517
20935,Konappana Agarhara (Electronic City Metro Station),12.85612,77.664,789147.8122607339,1422721.1353139486,5518
22192,Konappana Agarhara (Electronic City Metro Station),12.85611,77.66454,789206.473110499,1422720.6356386093,5519
35380,Konappana Agarhara Flyover,12.85563,77.6648,789235.2619553311,1422667.79514527,5520
35791,Konappana Agrahara,12.85612,77.66442,789193.4284488473,1422721.6076168697,5521
35792,Konappana Agrahara Flyover,12.85288,77.66676,789451.2925226048,1422365.5926757266,5522
33560,Konasandra,12.76209,77.63461,786061.9833679928,1412280.0121695464,5523
31213,Konasandra,12.88955,77.48572,769750.2870665237,1426227.4178430724,5524
33561,Konasandra,12.88952,77.48568,769745.9759511946,1426224.0553922895,5525
33562,Konasandra Cross,12.76424,77.63555,786161.6923935082,1412519.0352937805,5526
33563,Konasandra Cross,12.76432,77.63555,786161.60233249,1412527.8905425435,5527
31217,Konasandra Cross,12.89234,77.48632,769812.4447069131,1426536.8453537237,5528
33564,Konasandra Cross,12.8924,77.48637,769817.8093958399,1426543.5387391173,5529
31219,Konasandra Gate,12.67211,77.51769,773455.7864138499,1402194.684104954,5530
33565,Konasandra Gate,12.67196,77.51759,773445.078809521,1402177.9771762071,5531
31221,Kondappanahalli,13.06388,77.38146,758249.77358527,1445413.6412112,5532
31223,Kondashettyhalli,13.1264,77.514,772561.9312826248,1452472.5164315896,5533
33567,Kondashettyhalli,13.12655,77.51418,772581.2922129063,1452489.3136657819,5534
31225,Kondenahalli,13.15519,77.73712,796733.3800134116,1455911.698577045,5535
33568,Kondenahalli,13.15524,77.73733,796756.1016920177,1455917.4815487084,5536
28389,Kondenahalli Gate,13.15551,77.7301,795971.4309445613,1455938.8471099162,5537
33624,Kondenahalli Gate,13.15552,77.7299,795949.7220206533,1455939.7186494684,5538
22193,Konena Agrahara,12.95914,77.65962,788553.7693333852,1434119.859461634,5539
22194,Konena Agrahara,12.95902,77.65946,788536.5373086894,1434106.3952525733,5540
31312,Koodasiddanapalya,12.93285,77.37164,757319.4136314504,1430902.294098853,5541
33606,Koodasiddanapalya,12.93286,77.37169,757324.8311062856,1430903.4511271687,5542
24148,Koppa,12.80449,77.62654,785137.5578043461,1416964.3696565784,5543
24335,Koppa,12.8044,77.62647,785130.0550402713,1416954.3302349397,5544
24081,Koppa Gate,12.79639,77.61621,784024.4989527317,1416056.400176096,5545
24229,Koppa Gate,12.79639,77.61586,783986.4777973748,1416056.015405333,5546
24334,Koppa Gate,12.79644,77.61614,784016.83871025,1416061.857680828,5547
31228,Koraluru,12.9979,77.7842,802032.5542976207,1438554.9666142818,5548
33569,Koraluru,12.99789,77.78411,802022.7961663655,1438553.7527028236,5549
31230,Koraluru Railway Gate,12.99608,77.78371,801981.5640845036,1438352.902794932,5550
33570,Koraluru Railway Gate,12.99608,77.78364,801973.9649562053,1438352.8197014143,5551
31234,Koramangala,13.29194,77.75104,798077.0984739951,1471066.8268965639,5552
33573,Koramangala,13.29201,77.75104,798077.0128612528,1471074.5761486283,5553
23894,Koramangala 1st Block,12.92501,77.63448,785863.4042713232,1430313.6540604872,5554
22892,Koramangala 1st Block,12.9249,77.63458,785874.3873724347,1430301.5897360537,5555
31235,Koramangala Bus Station,12.94087,77.62502,784818.2476618723,1432058.6590212192,5556
35267,Koramangala Bus Station,12.94072,77.6247,784783.6756684363,1432041.6986912203,5557
35100,Koramangala Bus Station,12.9405,77.62479,784793.6969926096,1432017.4470048053,5558
23595,Koramangala Kalyana Mantapa,12.93724,77.61849,784113.4008413281,1431649.5827292488,5559
23594,Koramangala Police Station,12.94172,77.62179,784466.6015709366,1432149.1477217334,5560
24073,Koramangala Police Station,12.94167,77.62151,784436.2588556152,1432143.3014456206,5561
22617,Koramangala Water Tank,12.92834,77.62122,784419.8946383026,1430667.4730369046,5562
23383,Koramangala Water Tank,12.92754,77.62067,784361.0850374973,1430578.309039653,5563
21275,Koramangala Water Tank,12.92749,77.62124,784423.0298332437,1430573.408316483,5564
22616,Koramangala Water Tank,12.92789,77.62123,784421.49058537,1430617.6734128199,5565
24309,Koratagere Doddy,12.72935,77.57047,779129.3517404157,1408586.2039884336,5566
31236,Koratagere Doddy,12.72938,77.57039,779120.6263307462,1408589.438556795,5567
31238,KoratagereDoddy Bannerughatta,12.73267,77.5832,780508.9085155355,1408967.3990656056,5568
33574,KoratagereDoddy Bannerughatta,12.73271,77.58317,780505.604792109,1408971.7941004988,5569
31242,Koshys Hospital Kalkere,13.02067,77.67701,790370.1409893947,1440950.6837574602,5570
33576,Koshys Hospital Kalkere,13.02077,77.67708,790377.6221395626,1440961.8333655763,5571
31244,Kotalammana Devasthana,13.31899,77.69459,791924.1626573,1473994.311943409,5572
33577,Kotalammana Devasthana,13.31922,77.69423,791884.8593811332,1474019.3496114244,5573
33578,Kothaganahalli,13.01189,77.28453,747785.1487662306,1439563.2647413223,5574
23457,Kothanur Dinne Water Tank,12.87455,77.58419,780459.4033173374,1424672.707027389,5575
23469,Kothanur Dinne Water Tank,12.87444,77.58413,780453.0100164914,1424660.4659063756,5576
22195,Kothanuru,13.06181,77.64891,787272.6691052637,1445472.6548452629,5577
22196,Kothanuru,13.06182,77.64893,787274.8279162749,1445473.7844759359,5578
23456,Kothanuru Dinne Ganesha Temple,12.87711,77.58399,780434.8344934189,1424955.8479277573,5579
23470,Kothanuru Dinne Ganesha Temple,12.87705,77.58395,780430.5575048308,1424949.163005135,5580
31248,Kothanuru Hari Nagara,12.87655,77.5772,779698.100810065,1424886.456981469,5581
33579,Kothanuru Hari Nagara,12.87651,77.57716,779693.8014486369,1424881.9859421006,5582
31250,Kotiganahalli,12.83635,77.76852,800523.6983967781,1420652.3942648745,5583
33580,Kotiganahalli,12.83638,77.76865,800537.7842270259,1420655.8670469641,5584
31251,Kottanayakana halli,12.81302,77.68262,791219.8010727409,1417971.1954236922,5585
20936,Kottigepalya,12.98786,77.51405,772719.462859411,1437138.5449165949,5586
20937,Kottigepalya,12.98787,77.51509,772832.3347985651,1437140.7658897187,5587
35292,Kotur,12.94529,77.78265,801927.8325504328,1432728.9808900703,5588
24205,Kotur Gate,12.94773,77.77562,801161.576046016,1432990.7961894644,5589
24207,Kotur Gate,12.94769,77.77561,801160.5383551439,1432986.356258259,5590
31254,Koyira,13.30346,77.64107,786140.4819871489,1472212.9413944124,5591
33581,Koyira,13.3035,77.64116,786150.192043648,1472217.4727506055,5592
23446,Kranthiveera Sangolli Rayanna Railway Station,12.97849,77.56986,778787.7222219553,1436161.851344327,5593
31264,Krishna Garden BHEL Layout,12.91309,77.50703,772038.7103958507,1428855.3621284903,5594
33584,Krishna Garden BHEL Layout,12.9131,77.507,772035.4423720652,1428856.4370731858,5595
31269,Krishnananda Nagara,13.01849,77.53968,775467.5625466395,1440556.4069458065,5596
33587,Krishnananda Nagara,13.01856,77.53963,775462.0586451765,1440564.1006571657,5597
33585,Krishnananda Nagara,13.01816,77.54127,775640.4901315586,1440521.6056824278,5598
33586,Krishnananda Nagara,13.01822,77.54127,775640.42373546,1440528.2467734911,5599
33589,Krishnasagara,12.93204,77.55573,777305.3746010358,1431005.0894009965,5600
33590,Krishnasagara,12.932,77.55565,777296.7333373346,1431000.5752247653,5601
31273,Krishnasagara,12.93605,77.42872,763512.4686730459,1431314.5861613636,5602
33588,Krishnasagara,12.93612,77.42869,763509.1383901001,1431322.30254047,5603
39396,Krishnasagara,12.78015,77.74776,798334.814333908,1414406.9091881325,5604
31275,Krishnayyana Doddy,12.75264,77.61167,783580.1538909796,1411208.7800287525,5605
33591,Krishnayyana Doddy,12.75264,77.61165,783577.9808851355,1411208.758148765,5606
31277,Krishnayyana Palya NGEF,12.99191,77.65161,787646.445447875,1437738.2338481487,5607
33592,Krishnayyana Palya NGEF,12.99182,77.65184,787671.5156964517,1437728.531396189,5608
38698,Krishnayyana Palya NGEF,12.99212,77.65163,787648.3744167173,1437761.5020704584,5609
31279,Kristu Jayanti College,13.05855,77.6431,786645.9379415285,1445105.209730978,5610
33593,Kristu Jayanti College,13.05877,77.64293,786627.235504288,1445129.3698042736,5611
20947,Krupanidhi College,12.92388,77.62852,785217.5663867418,1430181.9204292262,5612
38768,Krupanidhi College Gunjur Road,12.91556,77.72356,795546.9583229662,1429368.7847468175,5613
38769,Krupanidhi College Gunjur Road,12.91559,77.72346,795536.0641079606,1429371.9902510957,5614
40340,Kudiyanuru,12.94443,77.95709,820871.1025808069,1432846.4918790597,5615
31294,Kudlu,12.88951,77.65505,788137.5712578613,1426407.1246354692,5616
33599,Kudlu,12.88955,77.6552,788153.8146747309,1426411.7208658706,5617
40480,Kudlu,12.88965,77.65656,788301.3891086074,1426424.3184375358,5618
40481,Kudlu,12.88966,77.65649,788293.7760109399,1426425.3466888114,5619
20950,Kudlu Gate,12.88985,77.63969,786469.1773001936,1426427.5550584577,5620
20951,Kudlu Gate,12.88977,77.63918,786413.8857132404,1426418.1301713574,5621
31295,Kudlu Gate,12.88931,77.64046,786553.409204789,1426368.641583302,5622
36697,Kudlu Gate,12.88939,77.64028,786533.7712404504,1426377.295848109,5623
35797,Kudlu Gate Flyover,12.8898,77.63955,786454.031138509,1426421.8641126747,5624
35798,Kudlu Gate Flyover,12.88976,77.63945,786443.2173272958,1426417.3247639644,5625
34816,Kudlu Panchayath Office,12.88965,77.64904,787484.757946198,1426415.877843278,5626
35381,Kudlu Panchayath Office,12.88973,77.64895,787474.8930666493,1426424.6323727004,5627
36696,Kudlu Slum Board,12.88957,77.65635,788278.6758390677,1426415.226953817,5628
20952,Kudure Mukha Colony,12.92572,77.6254,784876.7150588481,1430382.1153057476,5629
23333,Kudure Mukha Colony,12.92553,77.62563,784901.9034553557,1430361.3401966144,5630
31302,Kuduregere Colony,13.18741,77.60882,782778.3522375257,1459330.2848257527,5631
31304,Kuduregere Cross,13.16722,77.60575,782468.5643093274,1457091.9744227845,5632
38157,Kuduregere Gate,13.18972,77.60057,781880.9035175587,1459576.6935817767,5633
38158,Kuduregere Gate,13.18973,77.60059,781883.0612284584,1459577.8229696038,5634
33604,Kuduregere Madanayakanahalli,13.07595,77.47259,768124.4735334697,1446844.2796329274,5635
31308,Kuduregere Madanayakanahalli,13.07586,77.47248,768112.6358933254,1446834.2018363313,5636
33605,Kudurugere Colony,13.0682,77.47608,768511.5270137391,1445990.2098356527,5637
31310,Kudurugere Colony,13.06818,77.4761,768513.718722578,1445988.017449886,5638
31314,Kuguru,12.9091,77.80962,804900.2806608346,1428754.5659922857,5639
33607,Kuguru,12.9092,77.80969,804907.7612079876,1428765.7199480855,5640
31316,Kuguru Gate,12.89968,77.80841,804780.3008037221,1427710.2757562727,5641
33608,Kuguru Gate,12.89974,77.8084,804779.1420303786,1427716.9062162985,5642
39830,Kukkanahalli Cross,13.14651,77.45065,765668.192219343,1454630.6086400133,5643
39831,Kukkanahalli Cross,13.14643,77.45058,765660.6857208102,1454621.6804253396,5644
22210,Kullappa Circle,13.01403,77.63935,786290.2311649192,1440172.927874819,5645
31318,Kullegowdanapalya,12.84672,77.44698,765589.00089871,1421446.7206995308,5646
31387,Kullegowdanapalya 1,12.84667,77.44701,765592.3114007793,1421441.2178309264,5647
31320,Kullegowdanapalya Cross,12.84991,77.44863,765764.8293089715,1421801.4822748061,5648
33609,Kullegowdanapalya Cross,12.84985,77.44866,765768.150347758,1421794.872660661,5649
31322,Kulume Kempanahalli,13.04782,77.37255,757299.6929281082,1443627.1706593193,5650
31324,Kulumepalya,12.8326,77.55301,777119.4835496962,1419995.6404279564,5651
33611,Kulumepalya,12.83263,77.55304,777122.7090072716,1419998.9932315748,5652
31326,Kuluvanahalli Tumakur Road,13.17583,77.29908,749199.0196698187,1457720.3236501722,5653
33612,Kuluvanahalli Tumakur Road,13.17569,77.29907,749198.0770241035,1457704.8201922206,5654
22211,Kumaraswamy Layout,12.90313,77.56165,777980.106220576,1427811.592086407,5655
22212,Kumaraswamy Layout,12.90299,77.56156,777970.4886828758,1427795.998466528,5656
38355,Kumaraswamy Layout 2nd Stage,12.90584,77.55814,777595.9923384234,1428107.744521376,5657
22213,Kumaraswamy Layout Police Station,12.9053,77.56274,778096.0593956107,1428052.9628317638,5658
22214,Kumaraswamy Layout Police Station,12.90514,77.56264,778085.3783467234,1428035.1445722682,5659
31330,Kumaraswamy Layout West,12.90336,77.55475,777230.6413236712,1427829.5747626734,5660
20954,Kumbalagodu,12.87861,77.44539,765382.7761160098,1424974.553534823,5661
35432,Kumbalagodu,12.87826,77.4455,765395.0890347104,1424935.930421398,5662
31334,Kumbalagunte Cross,13.20124,77.45822,766430.0210187228,1460696.108414885,5663
33616,Kumbalagunte Cross,13.20118,77.45816,766423.5795263317,1460689.403836163,5664
31336,Kumbalahalli,13.09182,77.79373,802952.593509643,1448963.7699693562,5665
33617,Kumbalahalli,13.09187,77.79366,802944.9360751756,1448969.2212982029,5666
31339,Kumbara Doddy,12.79431,77.31781,751614.1754658448,1415516.9112373022,5667
38484,Kumbara Doddy,12.79432,77.31782,751615.2516527679,1415518.0276396598,5668
31341,Kumbarahalli,13.10509,77.49165,770160.7013029958,1450089.8214742974,5669
33620,Kumbarahalli Cross,13.10666,77.49016,769997.3403866395,1450261.9970531447,5670
33622,Kumbarahalli Cross,13.10664,77.49019,770000.616839146,1450259.8155190686,5671
31344,Kumbarahalli Cross,13.09669,77.49397,770421.5730103466,1449162.5789492708,5672
31388,Kumbarahalli Cross,13.09677,77.49398,770422.5705397514,1449171.4441979248,5673
24090,Kumbaranahalli,12.74789,77.6605,788891.0342981534,1410736.911720685,5674
24219,Kumbaranahalli,12.7476,77.66058,788900.0559564768,1410704.9000187798,5675
20955,Kundalahalli,12.95815,77.71571,794644.4699330642,1434074.3750122264,5676
20956,Kundalahalli,12.95832,77.71566,794638.8412723297,1434093.13600742,5677
20957,Kundalahalli Colony,12.97052,77.71245,794275.9780275088,1435439.9495349918,5678
20958,Kundalahalli Colony,12.97022,77.71248,794279.5880982927,1435406.7746905864,5679
20959,Kundalahalli Gate,12.95592,77.71378,794437.553798076,1433825.289844019,5680
20960,Kundalahalli Gate,12.95674,77.71499,794567.9593052987,1433917.4589335704,5681
22215,Kundalahalli Gate,12.95593,77.71574,794650.3407954981,1433828.659113314,5682
38798,Kundalahalli Metro Station,12.97753,77.71632,794687.856526661,1436220.417665268,5683
38799,Kundalahalli Metro Station,12.97737,77.71639,794695.6445498556,1436202.7868533235,5684
28391,Kundalapura,12.8951,77.41532,762100.5351735477,1426768.6866908502,5685
33625,Kundalapura,12.89514,77.41533,762101.5792422579,1426773.1238901382,5686
28393,Kundana,13.25735,77.62824,784803.3881318094,1467094.1365054396,5687
33626,Kundana,13.25728,77.6283,784809.9755795602,1467086.456460059,5688
28395,Kundana Circle,13.25708,77.61703,783588.1915998119,1467051.4812034166,5689
33627,Kundana Circle,13.25708,77.61712,783597.9503478911,1467051.5834946777,5690
28397,Kundana Cross,13.25471,77.64991,787156.2139726719,1466826.739212737,5691
33628,Kundana Cross,13.25476,77.64965,787127.9623647692,1466831.9748005117,5692
28402,Kuppa SiddanaDoddy,12.72296,77.59776,782101.7006364367,1407908.4009608645,5693
33630,Kuppa SiddanaDoddy,12.72294,77.5979,782116.9354243841,1407906.339229787,5694
22216,Kuppareddy Kere,12.84268,77.51789,773294.1973872203,1421073.7984735372,5695
22217,Kuppareddy Kere,12.84267,77.5177,773273.5733731263,1421072.4899701194,5696
28404,Kuppemala,13.10573,77.29972,749339.2528302465,1449963.1396386947,5697
33631,Kuppemala,13.10568,77.2997,749337.1337338978,1449957.5865012216,5698
28410,Kurubara Karenahalli,12.85448,77.38327,758662.4611921333,1422240.6523729926,5699
33634,Kurubara Karenahalli,12.85443,77.38332,758667.9419012546,1422235.1690558237,5700
33636,Kurubarahalli,13.00084,77.53588,775074.6274462601,1438598.7100945842,5701
33635,Kurubarahalli,13.00085,77.53586,775072.4456749881,1438599.7953096682,5702
28414,Kurubarahalli,13.10224,77.79782,803383.6576229564,1450122.2388607287,5703
33637,Kurubarahalli,13.1022,77.79773,803373.9404530853,1450117.7024159513,5704
28417,Kurubarahalli Cross,13.1267,77.51961,773170.1761582673,1452511.7965783745,5705
33638,Kurubarahalli Cross,13.12676,77.51959,773167.9401751463,1452518.4159316556,5706
33639,Kurubarahalli Cross,13.12672,77.51956,773164.7299973203,1452513.956051579,5707
22826,Kurubarakunte Cross (Narsari),13.26681,77.74152,797075.4891614406,1468273.4835593,5708
22827,Kurubarakunte Cross (Narsari),13.26679,77.74136,797058.1637108423,1468271.0788537115,5709
28419,Kurubarapalya,12.91143,77.36276,756377.3247264994,1428522.806428135,5710
33640,Kurubarapalya,12.9114,77.36269,756369.7559034928,1428519.4162423632,5711
28421,Kurubarapalya Cross,12.91392,77.36736,756874.1708962815,1428802.9861732,5712
33641,Kurubarapalya Cross,12.91395,77.36738,756876.3114713149,1428806.3263673245,5713
33642,Kurudu Sonnenahalli,13.014,77.73233,796382.6079002444,1440276.2228034558,5714
28423,Kurudu Sonnenahalli,13.0141,77.73228,796377.0615853887,1440287.2344948414,5715
38672,Kurudu Sonnenahalli Cross,13.02057,77.72096,795140.6491124203,1440990.2808203155,5716
38673,Kurudu Sonnenahalli Cross,13.02057,77.72094,795138.4782502188,1440990.2575755238,5717
24028,Kutaganahalli Cross,12.89751,77.79052,802840.0209010387,1427448.837594549,5718
24033,Kutaganahalli Cross,12.89752,77.79048,802835.6647603512,1427449.8973753639,5719
24030,Kuthaganahalli,12.88893,77.80201,804098.2415917029,1426512.590431239,5720
24031,Kuthaganahalli,12.88902,77.80211,804108.9935204122,1426522.672481354,5721
33643,Kuvempu Circle,12.90994,77.521,773558.9145339702,1428521.5945383382,5722
33644,Kuvempu Circle,12.90995,77.52104,773563.2466684631,1428522.744085845,5723
28426,Kuvempu Circle,13.04337,77.56138,777794.8986001534,1443333.9194831515,5724
31389,Kuvempu Circle,13.04319,77.56131,777787.5033078393,1443313.9192046714,5725
20961,Kuvempu Circle,13.04465,77.56263,777929.1181422346,1443476.9683309009,5726
20962,Kuvempu Circle,13.04457,77.56281,777948.7412142362,1443468.3107307765,5727
28428,Kuvempunagara,13.0695,77.54144,775602.0134411214,1446204.360088597,5728
33645,Kuvempunagara,13.0696,77.54138,775595.3918932457,1446215.3632640243,5729
35825,Kuvempunagara,12.86789,77.47872,769013.3476127321,1423822.7584140534,5730
35826,Kuvempunagara,12.86788,77.47862,769002.4992256754,1423821.546937087,5731
20687,Kuvempunagara ( BTM Layout),12.91643,77.6159,783855.7448377903,1429343.2437627444,5732
29402,Kuvempunagara 2nd stage,13.07313,77.54132,775584.9593697775,1446606.0167430714,5733
35591,Kuvempunagara 2nd stage,13.07306,77.54142,775595.8877541821,1446598.377712275,5734
20686,Kuvempunagara Bus Station(BTM Layout),12.91597,77.61623,783892.0963213407,1429292.6922918726,5735
35932,Kuvempunagara Bus station (BTM Layout),12.91608,77.61575,783839.8534584809,1429304.3359235458,5736
28432,Kyalasanahalli,13.05642,77.66027,788511.7172525157,1444888.928986047,5737
33646,Kyalasanahalli,13.05638,77.66021,788505.2523770786,1444884.4328565646,5738
35234,Kyalasanahalli,12.80094,77.65267,787980.1007667729,1416600.4148529475,5739
28434,Kyalasanahalli Cross,12.80304,77.65165,787866.9098257269,1416831.7311471207,5740
33647,Kyalasanahalli Cross,12.80314,77.65148,787848.328817137,1416842.6108353573,5741
33648,L and T Factory Doddaballapura,13.29211,77.57003,778452.0787723771,1470875.9751045955,5742
28436,L and T Factory Doddaballapura,13.29225,77.56981,778428.0683766361,1470891.225431507,5743
38985,LAKE VIEW appartment near beedi colony,12.92189,77.47585,768644.0218312194,1429796.4212643746,5744
28523,LG Godown,12.91715,77.51126,772493.5704421811,1429309.2278949847,5745
33697,LG Godown,12.91712,77.51133,772501.2030164567,1429305.9819524537,5746
28556,LR Bande,13.02892,77.61059,783151.7374660897,1441788.8789015338,5747
33711,LR Bande,13.02897,77.61059,783151.6805756437,1441794.4134201538,5748
39074,LTG Aishwarya,12.78799,77.44673,765623.4676721116,1414946.4454488626,5749
39075,LTG Aishwarya,12.78796,77.44675,765625.6715275572,1414943.1457139596,5750
39076,LTG Indraprastha,12.78542,77.44921,765895.5446197665,1414664.5566336105,5751
39077,LTG Indraprastha,12.78547,77.44915,765888.9748065709,1414670.0287535908,5752
28439,Laggere Bridge,13.00843,77.52664,774063.4051926648,1439428.8248858363,5753
33650,Laggere Bridge,13.00756,77.52678,774079.5563350623,1439332.681030665,5754
33652,Laggere Cross,13.02253,77.52414,773776.5781274163,1440986.768596501,5755
28442,Laggere Cross,13.02252,77.52347,773703.8761732108,1440984.9395603593,5756
33651,Laggere Cross,13.02281,77.52313,773666.658353332,1441016.6713533243,5757
28443,Laggere New Bus Stand,13.01054,77.52504,773887.4337931478,1439660.6428332352,5758
28445,Lagumenahalli Circle,13.07214,77.75426,798693.181153309,1446738.1360304328,5759
28448,Lagumenahalli Cross,13.40435,77.53498,774525.3254284299,1483260.4987216175,5760
33654,Lagumenahalli Cross,13.40432,77.53495,774522.1087572356,1483257.144746541,5761
28452,Lake Side Hospital,12.98833,77.61736,783932.7246053079,1437303.5028064374,5762
23517,Lakeshore Garden,13.06987,77.56477,778133.1007312991,1446270.8401729222,5763
24118,Lakeshore Garden,13.06987,77.56481,778137.4410985291,1446270.884139922,5764
28455,Lakkaiahana Doddy,12.77912,77.3351,753507.2357299016,1413852.7612901758,5765
28456,Lakkaiahanapalya,12.88757,77.40469,760954.2039616525,1425924.473664426,5766
28458,Lakkaiahnapalya,12.88949,77.40243,760706.8323400391,1426134.6694418008,5767
33659,Lakkaiahnapalya,12.88936,77.40252,760716.7388071588,1426120.3733448728,5768
31390,Lakkaiahnapalya 1,12.88751,77.40469,760954.2661588455,1425917.8332464024,5769
20965,Lakkasandra,12.94318,77.59735,781811.543444339,1432283.6683434385,5770
20966,Lakkasandra,12.94383,77.59713,781786.9277032313,1432355.373337278,5771
38439,Lakkasandra,12.79512,77.3245,752339.9764581954,1415613.0739746175,5772
28460,Lakkasandra Cross T Beguru,13.14979,77.29049,748293.7428942719,1454830.0355317572,5773
28462,Lakkenahalli Cross,13.062,77.29674,749059.9397837343,1445120.7180538978,5774
33661,Lakkenahalli Cross,13.06183,77.29677,749063.3651141289,1445101.9341470157,5775
28464,Lakkenahalli Junction Sondekoppa Road,13.04462,77.39278,759498.0973095295,1443293.6346960573,5776
33662,Lakkenahalli Junction Sondekoppa Road,13.04459,77.39273,759492.7032493093,1443290.2633106664,5777
28467,Lakkondahalli,13.11767,77.77041,800390.5812867903,1451797.6125884391,5778
28469,Lakkondahalli Gate,13.11721,77.77346,800722.0804547053,1451750.3251281646,5779
33664,Lakkondahalli Gate,13.11712,77.77344,800720.0198926865,1451740.3378803958,5780
28471,Lakkondahalli Temple,13.11071,77.77428,800818.9661936915,1451031.7250266308,5781
33665,Lakkondahalli Temple,13.11064,77.77427,800817.9662947982,1451023.9637945944,5782
21558,Lakkuppe,12.96992,77.41006,761451.4356671452,1435043.9708516204,5783
21559,Lakkuppe,12.97004,77.40989,761432.8581946839,1435057.0775037827,5784
28475,Lakkur,12.92756,77.88596,813167.9416096143,1430890.4605332988,5785
33666,Lakkur,12.92771,77.88626,813200.3335448998,1430907.4349195485,5786
33667,Lakkur,12.92763,77.88631,813205.863323544,1430898.639138615,5787
33668,Lakkur,12.92739,77.88634,813209.4209644154,1430872.1048017286,5788
33669,Lakshmaiah Badavane,12.9809,77.46432,767329.251494276,1436315.4848124706,5789
28480,Lakshman Rao Nagara Anepalya,12.95029,77.61754,783995.4658878483,1433093.035965326,5790
33670,Lakshman Rao Nagara Anepalya,12.9504,77.61751,783992.0841762397,1433105.1785400005,5791
28482,Lakshmi Devastana,13.0783,77.39275,759459.6414540196,1447021.1035173775,5792
33671,Lakshmi Devastana,13.07828,77.39271,759455.3226735779,1447018.8490019261,5793
39572,Lakshmi Institution,12.98862,77.50878,772146.6235430024,1437217.0247246188,5794
24285,Lakshmi Layout,12.86814,77.62803,785227.5689873463,1424011.4647471772,5795
24351,Lakshmi Layout,12.86791,77.6282,785246.2915785471,1423986.194621152,5796
28484,Lakshmi Temple,12.88637,77.49841,771131.6207020779,1425888.831046164,5797
33672,Lakshmi Temple,12.88629,77.49845,771136.0502291181,1425880.0188598596,5798
22218,Lakshmi Venkateshwara Temple,13.07443,77.55743,777331.546425544,1446767.514206045,5799
22219,Lakshmi Venkateshwara Temple,13.07442,77.5574,777328.3024108445,1446766.3744503502,5800
24008,Lakshmidevi Nagara,13.01548,77.52603,773989.449022814,1440208.4869536718,5801
24009,Lakshmidevi Nagara,13.01552,77.52599,773985.0638334095,1440212.8711671918,5802
24006,Lakshmidevi Nagara Cross(Sonal Garments),13.02129,77.52651,774035.151455377,1440852.076959569,5803
22222,Lakshmipura,12.97827,77.63218,785552.9296226853,1436206.518572308,5804
22223,Lakshmipura,12.97816,77.63228,785563.9107878496,1436194.4545595015,5805
22220,Lakshmipura,12.83321,77.51377,772856.9725239044,1420021.274716198,5806
22221,Lakshmipura,12.83318,77.51361,772839.6275968482,1420017.7848268086,5807
33679,Lakshmipura,12.89216,77.39209,759581.4100067491,1426419.6811817724,5808
33680,Lakshmipura,12.89228,77.39218,759591.057855374,1426433.0529909332,5809
33673,Lakshmipura,12.98962,77.38321,758516.7460947831,1437196.847039802,5810
28496,Lakshmipura,13.08632,77.5287,774201.0290223518,1448052.2294772586,5811
33683,Lakshmipura,13.08628,77.52871,774202.1582857481,1448047.8129526628,5812
33674,Lakshmipura,13.03742,77.46118,766927.907888056,1442567.750894249,5813
33675,Lakshmipura,13.03747,77.4612,766930.0245407098,1442573.305882111,5814
28500,Lakshmipura Cross,13.09212,77.5334,774704.5434904144,1448699.304822669,5815
33684,Lakshmipura Cross,13.09209,77.534,774769.6750063379,1448696.6367954663,5816
33685,Lakshmipura Cross,13.09209,77.53397,774766.4200938798,1448696.6041660216,5817
33686,Lakshmipura Cross,13.09212,77.5333,774693.693788345,1448699.1960849613,5818
33687,Lakshmipura Kalkere,12.81872,77.59393,781579.3774497693,1418503.6630365995,5819
28506,Lakshmisagara,12.82481,77.40439,760986.5253936416,1418978.3063677761,5820
33690,Lakshmisagara,12.82485,77.40438,760985.3980958192,1418982.7231724765,5821
33688,Lakshmisagara,12.81058,77.72418,795737.3848496731,1417748.3689641033,5822
33689,Lakshmisagara,12.81057,77.72424,795743.9145962333,1417747.3307510316,5823
28511,Lal Bahaddur Shastri Nagara,12.96927,77.67022,789692.8298508716,1435253.209424849,5824
33692,Lal Bahaddur Shastri Nagara,12.85722,77.5733,779295.997006843,1422742.64523197,5825
33693,Lal Bahaddur Shastri Nagara,12.85723,77.57356,779324.2225495179,1422744.034500411,5826
36140,Lalbagh Hopcoms,12.95184,77.59079,781089.6273030291,1433235.0012280212,5827
23825,Lalbagh Hopcoms,12.95134,77.59126,781141.2131712455,1433180.1745971427,5828
23922,Lalbagh Hopcoms,12.95122,77.59132,781147.8616811952,1433166.958070609,5829
36141,Lalbagh Hopcoms,12.95182,77.59056,781064.6803287007,1433232.5342391885,5830
23675,Lalbagh Main Gate,12.95249,77.58335,780281.1952104715,1433298.7684319394,5831
20967,Lalbagh Main Gate,12.95427,77.58449,780402.962236044,1433497.0445864808,5832
23666,Lalbagh Main Gate,12.95408,77.58554,780517.1644081252,1433477.167577541,5833
38814,Lalbagh Metro Station,12.94739,77.57993,779915.6143444336,1432730.5103161002,5834
22225,Lalbagh West Gate,12.94963,77.57993,779913.1109771496,1432978.450092326,5835
20968,Lalbagh West Gate,12.94826,77.57918,779833.2195497109,1432825.9863883613,5836
38846,Lalbagh West Gate,12.94838,77.57966,779885.1958871785,1432839.7949016006,5837
22224,Lalbagh West Gate (Lalbagh Metro Station),12.94758,77.58009,779932.772219825,1432751.7162951094,5838
28514,Lavanya Talkies,12.98611,77.61542,783724.6625230841,1437055.6071354018,5839
35357,Lavanya Talkies,12.98601,77.61551,783734.5456255877,1437044.638372953,5840
28521,Leelavathi Estate,13.00088,77.34987,754886.8687051339,1438409.3830901466,5841
33696,Leelavathi Estate,13.00087,77.34992,754892.3050999182,1438408.3264795374,5842
20969,Lido Talkies,12.97277,77.62141,784390.0613060888,1435585.6725734945,5843
22226,Lido Talkies,12.97277,77.62074,784317.3287997596,1435584.925115017,5844
21235,Lido Talkies,12.97346,77.62005,784241.640589199,1435660.5321635308,5845
20970,Life Style (Sacred Heart School),12.96692,77.61018,783177.6077437195,1434925.6334390051,5846
28525,Lingadeera Mallsandra,12.97917,77.87117,811497.5566027383,1436586.2224760563,5847
28527,Lingadeera Mallsandra Cross,12.98345,77.87104,811478.1037655885,1437059.9102122341,5848
33698,Lingadeera Mallsandra Cross,12.98353,77.87114,811488.86115411,1437068.8894987463,5849
28529,Lingadeeranahalli,12.99986,77.4794,768945.624882343,1438429.8480914119,5850
33699,Lingadeeranahalli,12.99989,77.47949,768955.3605410424,1438433.2636386447,5851
29566,Lingadeeranahalli Arch,12.99962,77.48869,769954.1626860613,1438413.1243343204,5852
35437,Lingadeeranahalli Arch,12.99961,77.48872,769957.4295319538,1438412.049361496,5853
29374,Lingadhiranahalli 10th Cross,13.00951,77.47431,768382.8051737559,1439492.5310785978,5854
28531,Linganahalli,13.15549,77.52294,773499.4953840785,1455702.0095499945,5855
33700,Linganahalli,13.15541,77.52284,773488.7373462005,1455693.0460258112,5856
33701,Linganahalli Gate,13.15812,77.52392,773602.873695513,1455994.175912225,5857
28533,Linganahalli Gate,13.15813,77.52395,773606.1166064627,1455995.3154089085,5858
36098,Linganahalli Gate,13.15816,77.52391,773601.744597594,1455998.592407315,5859
33702,Lingapura,12.76222,77.67852,790832.647603294,1412343.3024651043,5860
33703,Lingapura,12.76212,77.67869,790851.2327677193,1412332.4239514193,5861
28537,Lingapura,12.82141,77.44405,765297.3695985812,1418642.4849641176,5862
33704,Lingapura,12.82141,77.44411,765303.8860811671,1418642.5466885192,5863
28541,Lingarajapura,13.12683,77.53373,774701.7876207072,1452541.5363696974,5864
33706,Lingarajapura,13.12689,77.53385,774714.7386902552,1452548.308300613,5865
22227,Lingarajapura,13.01253,77.62579,784820.1584832091,1439991.6514540385,5866
22228,Lingarajapura,13.01255,77.62589,784830.989523014,1439993.9773669166,5867
22229,Lingarajapura Bridge,13.00906,77.6232,784543.0046049124,1439604.6513291085,5868
22230,Lingarajapura Bridge,13.00905,77.62333,784557.1262641291,1439603.6899452226,5869
39334,Lingarajapura Indira Canteen,13.00765,77.63048,785334.7942966138,1439456.7366056966,5870
28545,Lingenahalli,13.0656,77.32496,752117.9878108611,1445547.0504455566,5871
33708,Lingenahalli,13.06543,77.32488,752109.4810037942,1445528.1570310588,5872
20971,Link Road,12.99426,77.57388,779206.4585986817,1437911.790268506,5873
28549,Lohithanagara (Nelamangala),13.10713,77.38233,758299.0802991274,1450201.1527541005,5874
33709,Lohithanagara (Nelamangala),13.10711,77.3823,758295.8468019378,1450198.9085796638,5875
28552,Lottegollahalli,13.04893,77.56748,778450.6457617165,1443956.0310543776,5876
33710,Lottegollahalli,13.04892,77.5675,778452.827339552,1443954.946157257,5877
35161,Loyola School,12.87103,77.59364,781489.5683102992,1424293.4246465517,5878
35231,Loyola School,12.87078,77.59333,781456.182138826,1424265.4129754545,5879
36211,Loyola School,12.87108,77.59339,781462.3629812162,1424298.6850997373,5880
39317,Lumbini International Public School,13.11591,77.62463,784575.6770298535,1451433.6628159368,5881
28518,Lurdubayi Samudaya Bhavana,12.99723,77.52339,773722.9650182202,1438185.669838945,5882
33695,Lurdubayi Samudaya Bhavana,12.99752,77.52334,773717.2199862835,1438217.7142138314,5883
28558,M Gopahalli,12.72589,77.40248,760880.662744659,1408028.63076997,5884
33712,M Gopahalli,12.72597,77.40251,760883.8402914858,1408037.5146832392,5885
28560,M Hosahalli Gate,13.10917,77.87763,812035.6542649034,1450986.8001061794,5886
33713,M Hosahalli Gate,13.1094,77.87758,812029.938085817,1451012.2022922924,5887
28562,M Karenahalli,12.81818,77.36575,756796.8595236484,1418205.7643620402,5888
33714,M Karenahalli,12.81812,77.36573,756794.7483107579,1418199.1042347196,5889
38367,M Medahalli,12.73392,77.73928,797467.5392401658,1409279.5226930375,5890
38787,M S Nagara (Thirumenahalli),13.09726,77.63581,785810.1916534255,1449381.8845445772,5891
38788,M S Nagara (Thirumenahalli),13.09731,77.63592,785822.069207333,1449387.543700588,5892
28564,M Sathyawara,13.14397,77.79809,803361.6911520513,1454742.3439266612,5893
33715,M Sathyawara,13.14391,77.79787,803337.8960151402,1454735.436257932,5894
33892,MC Donald,12.91231,77.63796,786255.7360665184,1428911.7593059326,5895
28920,MC Donald,12.91226,77.63799,786259.0505570548,1428906.2582552114,5896
21013,MC Layout,12.97498,77.54212,775780.4616855879,1435743.1597941339,5897
28922,MD Block,12.99324,77.56954,778736.5221670766,1437794.132054891,5898
33893,MD Block,12.99328,77.56951,778733.2212022458,1437798.526674128,5899
33914,MEG Centre,12.98736,77.62262,784504.7982876513,1437202.0046992172,5900
33915,MEG Centre,12.98701,77.62255,784497.5986081415,1437163.1846133578,5901
39261,MEG Centre (KIA),12.98848,77.61742,783939.0669443374,1437320.1733198566,5902
28964,MEI Colony Laggere,13.01998,77.52075,773411.4723003069,1440700.8740669447,5903
33916,MEI Colony Laggere,13.01996,77.5207,773406.0678722537,1440698.606581628,5904
21016,MEI Factory,13.0264,77.54402,775929.8168511338,1441436.6363661487,5905
21017,MEI Factory,13.02652,77.54439,775969.8386692707,1441450.320756492,5906
28966,MEI Layout,13.06056,77.50271,771409.3491938908,1445173.0023981552,5907
33917,MEI Layout,13.06052,77.50272,771410.4780095114,1445168.585828891,5908
28968,MEI Layout Arch,13.05997,77.50685,771859.2213469723,1445112.140571078,5909
33918,MEI Layout Arch,13.05999,77.50697,771872.2205416382,1445114.4830454662,5910
28978,MES College Aradeshanahalli Road,13.21752,77.55539,776949.4301025133,1462603.4562547354,5911
33924,MES College Aradeshanahalli Road,13.21752,77.55532,776941.8390680542,1462603.3787922561,5912
21570,MES Road,13.04403,77.5543,777025.8396413745,1443399.2258980211,5913
21571,MES Road,13.04392,77.55436,777032.4734169552,1443387.115993025,5914
21572,MG Road,12.97779,77.60204,782281.6761961546,1436119.8009924137,5915
24045,MG Road Metro Station,12.97547,77.60671,782791.2416794165,1435868.1793212243,5916
23821,MG Road Metro Station,12.97541,77.60644,782762.0000732006,1435861.2383395277,5917
22231,MG Statue (Chinnaswamy Stadium),12.97677,77.60016,782078.7494059491,1436004.8159542943,5918
22286,MG Statue (Chinnaswamy Stadium),12.97628,77.59859,781908.8746752297,1435948.8408551668,5919
28986,MG Statue (Chinnaswamy Stadium),12.97654,77.59999,782060.5550658125,1435979.1692604693,5920
21520,MG Statue (Chinnaswamy Stadium),12.97708,77.59921,781975.2746697695,1436038.0781269874,5921
28988,MGM School,12.89764,77.43272,763987.0709404026,1427067.6509657826,5922
33928,MGM School,12.8976,77.43268,763982.7699485495,1427063.182750467,5923
23852,MICO Factory Junction,12.94427,77.60293,782416.119882416,1432410.481663209,5924
24136,MICO Factory Junction,12.94452,77.60273,782394.1247100695,1432437.9328470596,5925
24274,MICO Factory Junction,12.94444,77.60304,782427.8706134721,1432429.4204455772,5926
23598,MICO Gate Adugodi,12.94399,77.60532,782675.9110352842,1432382.1322259498,5927
24070,MICO Gate Adugodi,12.94426,77.60458,782595.266745122,1432411.1995821537,5928
21021,MICO Layout BTM,12.91657,77.60427,782592.806553808,1429345.8725323307,5929
21022,MICO Layout BTM,12.91682,77.60407,782570.8094040665,1429373.3240230575,5930
23575,MICO Layout Checkpost Gopalan mall,12.91413,77.60001,782133.0016211292,1429071.092925182,5931
23873,MICO Layout Checkpost Gopalan mall,12.91354,77.5998,782110.8625765401,1429005.5551675695,5932
28990,MICO Shramajeevi Colony Arakere,12.88958,77.59391,781498.1540696769,1426346.9838058972,5933
39169,MLS1,13.0594,77.50701,771877.2069924461,1445049.223314299,5934
22292,MM Industries,12.9295,77.57372,779261.364428466,1430743.524498358,5935
22293,MM Industries,12.92936,77.57353,779240.8917651252,1430727.8208811209,5936
29024,MM Medicals,13.0314,77.60839,782910.1505704971,1442060.937313951,5937
22294,MN Krishna Rao Park,12.94405,77.57689,779589.3082031587,1432357.485269296,5938
39973,MP Office Bangalore South,12.9199,77.58597,780602.1007011414,1429694.3311965503,5939
22302,MR Nursing College,13.05833,77.64863,787246.3106167931,1445087.1233044355,5940
22303,MR Nursing College,13.05824,77.64875,787259.4372449426,1445077.2969959662,5941
39108,MRB Grand Hotel,12.88851,77.51609,773049.0771629564,1426144.4382904212,5942
39109,MRB Grand Hotel,12.88835,77.51601,773040.5639782543,1426126.6440248576,5943
29048,MRV Bricks Factory,12.8051,77.46462,767548.6841395264,1416858.5837633528,5944
33955,MRV Bricks Factory,12.80496,77.46456,767542.314958855,1416843.0267397396,5945
38026,MS Building,12.97677,77.58922,780891.1885889969,1435992.7309776056,5946
33956,MS Palya,13.08185,77.54822,776323.9329201875,1447578.723554156,5947
36469,MS Palya,13.08178,77.54809,776309.9056191503,1447570.8334630136,5948
22305,MS Palya,13.08178,77.54849,776353.3066970827,1447571.2706656756,5949
33957,MS Palya,13.08145,77.54831,776334.1441583687,1447534.5475914862,5950
22306,MS Ramaiah College,13.02867,77.56161,777836.2780661259,1441707.0791167004,5951
22307,MS Ramaiah College,13.02857,77.56162,777837.4749729058,1441696.0214119693,5952
22937,MS Ramaiah College 80ft Road,13.02752,77.57571,779367.8069351815,1441595.2646870606,5953
21029,MS Ramaiah Hospital,13.02698,77.57189,778953.8335865104,1441531.2925974762,5954
21030,MS Ramaiah Hospital,13.02685,77.57178,778942.0411381791,1441516.7823773562,5955
29054,MS Ramayya Hospital,13.02835,77.57158,778918.6544716682,1441682.59354387,5956
33958,MS Ramayya Hospital,13.02847,77.57141,778900.0702568451,1441695.6892202205,5957
38149,MTR Hotel,12.91696,77.64477,786989.8780125204,1429434.1018118947,5958
38150,MTR Hotel,12.91703,77.64485,786998.4845675424,1429441.9399767916,5959
29152,MV Solar Dabasapete Industrial Area,13.22459,77.25859,744759.608727103,1463076.5439232984,5960
34013,MV Solar Dabaspete Industrial Area,13.22462,77.25867,744768.2522859548,1463079.9421535379,5961
22320,MVJ College Channasandra,12.98283,77.76082,799512.569941341,1436859.0358627497,5962
22321,MVJ College Channasandra,12.98286,77.76121,799554.8734774697,1436862.8156666541,5963
29154,MVJ Medical Hospital,13.07909,77.81229,804982.3737264518,1447576.8016509772,5964
34014,MVJ Medical Hospital,13.07944,77.81199,804949.385525187,1447615.1873198552,5965
33716,Machanahalli Dabaspete,13.18014,77.25568,744488.3632008615,1458154.6271025962,5966
28566,Machenahalli Dabaspete,13.18015,77.25553,744472.0875015378,1458155.5876693896,5967
28568,Machohalli,13.0061,77.45293,766066.116037362,1439092.6452987469,5968
33717,Machohalli,13.00614,77.45287,766059.5616357962,1439097.0096414376,5969
28570,Machohalli Colony,12.99754,77.45136,765904.8511808678,1438143.6003689491,5970
33718,Machohalli Colony,12.99755,77.4513,765898.3285865816,1438144.6444476328,5971
21561,Machohalli Gate,12.99088,77.45429,766229.9552084063,1437409.548234811,5972
21562,Machohalli Gate,12.99081,77.45445,766247.3955295028,1437401.9680994786,5973
33719,Machonayakanahalli,13.14509,77.38016,758024.023673687,1454400.0996050232,5974
28575,Madagondanahalli,13.24464,77.47196,767872.6039334115,1465514.31221088,5975
33720,Madagondanahalli,13.24478,77.47203,767880.0404202507,1465529.8826406973,5976
33723,Madanayakanahalli,13.06067,77.46125,766910.5299641041,1445141.1103331489,5977
22232,Madanayakanahalli,13.06146,77.46102,766884.7244470909,1445228.3043589788,5978
33724,Madanayakanahalli,13.06102,77.46102,766885.1974636914,1445179.6055875255,5979
33725,Madanayakanahalli,13.06132,77.46153,766940.2125822823,1445213.3468547438,5980
35119,Madapatna,12.77262,77.64815,787521.1713484717,1413460.5874853246,5981
35296,Madapatna,12.77244,77.64824,787531.1531101443,1413440.7629688105,5982
28585,Madapatna,12.93458,77.36095,756157.201379037,1431083.0220552974,5983
33726,Madapatna,12.9348,77.36086,756147.2069003229,1431107.2794624653,5984
28587,Madapatna Cross,12.93675,77.37285,757446.7613057232,1431335.1313612927,5985
33727,Madapatna Cross,12.93681,77.37286,757447.7852340592,1431341.7817309718,5986
39962,Madappana Doddi Colony,12.73346,77.60078,782418.2283078847,1409073.9015678207,5987
39963,Madappana Doddi Colony,12.7335,77.60077,782417.0974026625,1409078.3181934552,5988
33728,Madappanahalli,13.15405,77.54059,775415.5827608035,1455561.888498913,5989
33729,Madappanahalli,13.15408,77.54055,775411.2104195004,1455565.1652596574,5990
28591,Madappanahalli,12.92242,77.8104,804968.8074960285,1430230.1010293716,5991
33730,Madappanahalli,12.92246,77.81039,804967.6729488854,1430234.5173561813,5992
28592,Madappanahalli Cross,12.91766,77.79626,803439.0617962228,1429686.3306578754,5993
35159,Madappanahalli Cross,12.91773,77.79622,803434.6334160604,1429694.0325763489,5994
28594,Madapura,12.7654,77.32076,751963.259313155,1412320.407366448,5995
38572,Madapura,12.76542,77.32077,751964.3257252895,1412322.6304278944,5996
28596,Madapura Cross Bidadi,12.76177,77.32802,752755.4741013398,1411925.758344651,5997
33732,Madapura Cross Bidadi,12.76206,77.32775,752725.8570857155,1411957.588457527,5998
28597,Madarasa School,12.88054,77.45935,766896.5636168662,1425202.6313681954,5999
31391,Madarasa School 1,12.88017,77.45942,766904.5565630221,1425161.7534116004,6000
39932,Madavanagara (Kempegowdanagara),12.98662,77.47109,768057.9339713563,1436955.6836468563,6001
39933,Madavanagara (Kempegowdanagara),12.98666,77.47101,768049.2079565745,1436960.0266088306,6002
28598,Madavara,13.05665,77.47343,768236.4743083916,1444709.046287687,6003
28601,Madavara Kodipalya,13.05296,77.47231,768118.9284979354,1444299.4520071514,6004
39370,Madavara Metro Station,13.05725,77.47269,768155.530457051,1444774.6707385494,6005
21563,Madhavan Park,12.93644,77.58392,780361.0348674131,1431522.8569192395,6006
24044,Madhavan Park,12.93675,77.58308,780269.4904777366,1431556.248839462,6007
33735,Madhugirihalli,13.12789,77.50725,771828.0496220824,1452630.1426249933,6008
24201,Madhura Nagara,12.94117,77.76421,799930.545236256,1432251.1579539473,6009
24209,Madhura Nagara,12.94124,77.76427,799936.9763195831,1432258.97756786,6010
24200,Madhura Nagara Hostel,12.9398,77.76027,799504.3731393497,1432094.87355487,6011
24210,Madhura Nagara Hostel,12.93975,77.76039,799517.4626867913,1432089.4791291242,6012
23478,Madhura Nagara Hostel,12.93956,77.75959,799430.8244784211,1432067.5080185637,6013
20606,Madhure Anjaneya Temple,13.20979,77.44534,765024.0452668702,1461628.7546779602,6014
29531,Madhure Anjaneya Temple,13.20997,77.44523,765011.9226107656,1461648.5604730858,6015
20972,Madhure Village,13.20205,77.45696,766292.5039823444,1460784.4196878131,6016
28602,Madhure Village,13.20216,77.45699,766295.6379562796,1460796.6263375694,6017
39763,Madigondanahalli,13.06965,77.20895,739528.2045154141,1445882.5936310359,6018
20974,Madivala,12.92023,77.62066,784368.2826243964,1429769.1505782013,6019
20973,Madivala,12.92166,77.62146,784453.5251318568,1429928.3271319594,6020
22235,Madivala Masidi,12.92479,77.61852,784130.761815693,1430271.5212542617,6021
28607,Madugirihalli,13.12793,77.50724,771826.920797401,1452634.5591558106,6022
28611,Magadi Bus Stand,12.9551,77.2271,741608.1992722106,1433223.5120101324,6023
20558,Magadi Road 10th Cross,12.97556,77.55562,777245.2355878792,1435822.0043275147,6024
20559,Magadi Road 10th Cross,12.97574,77.55706,777401.3474364243,1435843.49475783,6025
20577,Magadi Road 1st Cross,12.97569,77.563,778046.1897667794,1435844.4337146922,6026
20578,Magadi Road 1st Cross,12.97569,77.5628,778024.4797283444,1435844.2155151505,6027
20584,Magadi Road 5th Cross,12.97567,77.56081,777808.4872442266,1435839.831638585,6028
20585,Magadi Road 5th Cross,12.97578,77.56071,777797.5099738252,1435851.8980986588,6029
38800,Magadi Road Metro Station,12.97562,77.55479,777155.0728352512,1435827.7426719605,6030
38801,Magadi Road Metro Station,12.97553,77.55486,777162.7711135478,1435817.857094458,6031
20975,Magadi Road TollGate,12.97458,77.54876,776501.670640225,1435706.0800908776,6032
20976,Magadi Road TollGate,12.97462,77.54898,776525.5073000278,1435710.7461794114,6033
22236,Magadi Road TollGate,12.97537,77.54845,776467.146439563,1435793.185040793,6034
23481,Magadi Road TollGate,12.97516,77.54862,776485.832113706,1435770.1255862105,6035
28613,Magadi Road Tollgate,12.97381,77.54983,776618.6708690692,1435622.013533151,6036
28614,Mahadeshwara Badavane,12.78938,77.66007,788797.152384452,1415329.0698109323,6037
33738,Mahadeshwara Nagara,12.99346,77.49462,770604.4517290234,1437737.62866626,6038
33739,Mahadeshwara Nagara,12.99341,77.49454,770595.8229548046,1437732.0095573943,6039
28617,Mahadeshwara Nagara,12.90784,77.61076,783307.3326100374,1428386.7259802783,6040
35353,Mahadeshwara Nagara,12.90779,77.61094,783326.933996341,1428381.390592357,6041
28619,Mahadeva Kodigehalli,13.14407,77.70282,793025.6032726634,1454640.4963168444,6042
33740,Mahadeva Kodigehalli,13.14409,77.70276,793019.070261772,1454642.6404111672,6043
28627,Mahadevapura,13.06666,77.31961,751536.4741419355,1445659.0378985605,6044
33743,Mahadevapura,13.06629,77.31955,751530.3395658338,1445618.0308450796,6045
33744,Mahadevapura,13.06645,77.31958,751533.4321947445,1445635.767652203,6046
22237,Mahadevapura,12.99737,77.69066,791878.9986489895,1438387.0978032094,6047
22238,Mahadevapura,12.99716,77.69065,791878.1588448467,1438363.8400359333,6048
20977,Mahadevapura Ring Road,12.98823,77.6895,791763.7655514306,1437374.0010349012,6049
20978,Mahadevapura Ring Road,12.98868,77.68904,791713.3045643051,1437423.2872734119,6050
23398,Mahal Chowdadenahalli,12.87216,77.80844,804816.8893445302,1424663.6875654296,6051
23416,Mahal Chowdadenahalli,12.87217,77.80852,804825.566437046,1424664.8895851295,6052
39826,Mahalakshmi Bakery Banashankari 9th Block,12.8907,77.48894,770098.6863909331,1426358.0878235865,6053
39827,Mahalakshmi Bakery Banashankari 9th Block,12.89053,77.48888,770092.3539585976,1426339.209054951,6054
24096,Mahalakshmi Layout,13.012,77.54405,775949.0264173413,1439842.8039119593,6055
24191,Mahalakshmi Layout,13.01208,77.54401,775944.5965179325,1439851.6152833062,6056
20980,Mahalakshmi Layout Entrance,13.00782,77.54867,776455.0855213578,1439385.1598865176,6057
24188,Mahalakshmi Layout Entrance,13.00779,77.548,776382.4002842819,1439381.1108514618,6058
20979,Mahalakshmi Layout Entrance,13.00736,77.54879,776468.6198723416,1439334.375113268,6059
28630,Mahanthalingapura,12.76664,77.61854,784310.9302425834,1412765.9546826868,6060
33745,Mahanthalingapura,12.76681,77.61844,784299.8755904519,1412784.6620555352,6061
23938,Maharaja Signal,12.93455,77.62968,785331.3792943445,1431364.2893843807,6062
23943,Maharaja Signal,12.93434,77.62965,785328.3610690658,1431341.01073295,6063
20983,Maharani College,12.97697,77.58567,780505.60586021,1436010.9580300683,6064
20981,Maharani College,12.97703,77.5858,780519.6501885874,1436017.742423987,6065
20982,Maharani College,12.97903,77.5849,780419.7094921749,1436238.1277852152,6066
20985,Maharani College,12.97907,77.58511,780442.4601879176,1436242.786453117,6067
28631,Mahathma Vidhyalaya Muttanalluru,12.83194,77.73502,796889.9204239722,1420125.35202886,6068
39484,Mahatma Gandhi Layout,13.10061,77.55388,776917.0808956138,1449661.3922890236,6069
39485,Mahatma Gandhi Layout,13.10062,77.55391,776920.3245506752,1449662.532059514,6070
28633,Mahesh Medicals,12.91403,77.54998,776700.9609367646,1429005.4257059523,6071
33746,Mahesh Medicals,12.91409,77.55,776703.0663558927,1429012.0884088404,6072
22239,Mahila Seva Samaja,12.95362,77.57379,779242.0870616823,1433413.3682374272,6073
22240,Mahila Seva Samaja,12.95334,77.5736,779221.7728114709,1433382.1680596762,6074
28635,Mahimapura Temple,13.17861,77.29379,748622.5464779036,1458022.7361612779,6075
33747,Mahimapura Temple,13.17844,77.29368,748610.7896951992,1458003.8137127908,6076
33890,Majara Hosahalli,13.25444,77.53467,774661.0806360514,1466667.1415986903,6077
33891,Majara Hosahalli Cross,13.2485,77.54812,776126.1160559834,1466024.5015452,6078
22241,Makali,13.0658,77.45363,766078.2215123749,1445700.8721177499,6079
33748,Makali,13.06564,77.45325,766037.1620379467,1445682.7641785468,6080
33750,Makali,13.06555,77.45442,766164.2067381055,1445674.0329722979,6081
33752,Makali Cross,13.06706,77.45182,765880.4818778209,1445838.4250989,6082
28644,Makali Cross Madhure Road,13.13412,77.40563,760798.1811258302,1453212.243655105,6083
33753,Makali Cross Madhure Road,13.13415,77.40558,760792.7259738301,1453215.512144612,6084
28646,Makali Govt High School,13.06889,77.45639,766374.3719244298,1446045.7720119131,6085
33754,Makali Govt High School,13.06894,77.45638,766373.2332284127,1446051.2954234486,6086
28648,Makanahalli,13.00967,77.8289,806870.7021779508,1439911.5094438235,6087
33755,Makanahalli,13.0097,77.82892,806872.836368952,1439914.854846607,6088
28650,Makanahalli 1st stop,13.00999,77.82839,806814.9441818155,1439946.3202953504,6089
33756,Makanahalli 1st stop,13.00997,77.82842,806818.2255082754,1439944.142350789,6090
28652,Makanahalli Cross,13.01888,77.82967,806942.9416504194,1440932.0643449724,6091
33757,Makanahalli Cross,13.01873,77.82965,806940.9554971615,1440915.4338974704,6092
20986,Makkala Koota,12.95803,77.57385,779243.6811150257,1433901.5634147022,6093
20987,Makkala Koota,12.95782,77.57393,779252.6001234294,1433878.4066907254,6094
22242,Makkala Koota,12.95664,77.57383,779243.0607237502,1433747.6866275014,6095
22243,Makkala Koota,12.9572,77.57311,779164.273450711,1433808.8836124716,6096
33758,Malagala,12.97551,77.51533,772871.8849209996,1435772.986137339,6097
28656,Malagala,12.97856,77.51502,772834.9056838134,1436110.2360080907,6098
33759,Malagala,12.97863,77.51525,772859.7946681078,1436118.2300772874,6099
34820,Malagala 1,12.9754,77.51528,772866.5776768503,1435760.7575234852,6100
28658,Malenahalli Bidaraguppe,12.80576,77.7968,803632.4153934002,1417299.1199815446,6101
33760,Malenahalli Bidaraguppe,12.80585,77.79669,803620.3568329315,1417308.9539672635,6102
28661,Malenallasandra,12.80688,77.60562,782862.3833599831,1417205.9028521667,6103
33761,Malenallasandra,12.80662,77.6046,782751.8745197864,1417176.0063791513,6104
33762,Malenallasandra,12.80661,77.60456,782747.540617829,1417174.855681869,6105
35225,Malenallasandra,12.80691,77.6056,782860.1773315438,1417209.2015910426,6106
23827,Malenallasandra Junction,12.8354,77.58949,781078.5652457864,1420345.0844444567,6107
24126,Malenallasandra Junction,12.8354,77.5893,781057.9287747112,1420344.8771152317,6108
39812,Malgudi Layout,12.79524,77.68082,791044.6907699844,1416001.015045454,6109
39813,Malgudi Layout,12.79518,77.6809,791053.4506480945,1415994.4635019414,6110
28663,Maligenahalli Bidaluru,13.28697,77.69095,791567.8887037545,1470445.4636684489,6111
28664,Maligenahalli Cross,13.28762,77.70566,793162.0190106479,1470534.694254112,6112
28666,Maligondanahalli,12.91588,77.41532,762078.869073238,1429068.5036654067,6113
33764,Maligondanahalli,12.91595,77.41528,762074.4534250374,1429076.2099453441,6114
28668,Mallaiahnapalya,12.98575,77.42728,763303.8495224096,1436813.690122356,6115
33765,Mallaiahnapalya,12.98569,77.42725,763300.6567049156,1436807.0185483557,6116
33766,Mallapura,13.20406,77.77996,801321.0657604025,1461372.8316896046,6117
33767,Mallapura,13.20396,77.78,801325.5272395515,1461361.809268035,6118
28671,Mallapura,13.07449,77.39966,760213.3260409674,1446606.5322228193,6119
31392,Mallapura 1,13.07451,77.39953,760199.2007208341,1446608.6120074003,6120
34821,Mallapura Cross,13.07278,77.3937,759568.4872297316,1446411.1569878333,6121
33768,Mallapura Cross,13.07282,77.39373,759571.7002277767,1446415.6147287732,6122
28680,Mallarabanavadi Cross,13.0826,77.37155,757155.1507875037,1447475.3441868282,6123
33771,Mallarabanavadi Cross,13.08246,77.37168,757169.3996620569,1447459.982243061,6124
33776,Mallasandra,13.00818,77.78415,802014.6736599484,1439692.9493889867,6125
33774,Mallasandra,13.0082,77.7841,802009.221737389,1439695.1040657805,6126
33775,Mallasandra,13.0081,77.78412,802011.5139927572,1439684.0573791615,6127
33777,Mallasandra,13.03522,77.15816,734050.8179564574,1442025.143762737,6128
33772,Mallasandra,13.00255,77.3942,759696.0487015025,1438639.0409403595,6129
33773,Mallasandra,13.00245,77.39422,759698.3233359433,1438627.9939923722,6130
33778,Mallasandra Bagalakunte,13.05717,77.50943,772142.2440263233,1444805.0001675074,6131
39168,Mallasandra Bus Stand (Charging Point),13.05925,77.50719,771896.9029502496,1445032.8141813597,6132
28691,Mallasandra Health Center,13.05342,77.51184,772407.8677155273,1444392.5300898682,6133
33779,Mallasandra Health Center,13.05325,77.51174,772397.2029019094,1444373.6064979162,6134
33780,Mallasandra Poorvankara Apartment,12.85307,77.54488,776214.0915978611,1422252.6099857735,6135
28697,Mallathahalli,12.86117,77.36232,756380.7320435642,1422960.064859849,6136
33781,Mallathahalli,12.95884,77.50063,771294.3384178483,1433912.2348904992,6137
33782,Mallathahalli,12.95894,77.50059,771289.8879103486,1433923.260497371,6138
28700,Mallathahalli Cross,12.8671,77.36156,756292.181636489,1423615.582222643,6139
33785,Mallathahalli Cross,12.86716,77.36154,756289.9490055135,1423622.202499284,6140
22244,Mallathahalli Cross,12.9575,77.50327,771582.3720575717,1433766.72979047,6141
22245,Mallathahalli Cross,12.95782,77.50321,771575.5116451104,1433802.084024419,6142
33784,Mallathahalli Cross,12.95775,77.50284,771535.4228168365,1433793.9426166497,6143
28702,Mallayappanahalli,13.14797,77.88356,812630.0161285677,1455289.8432451412,6144
33786,Mallayappanahalli,13.14781,77.88301,812570.5436565888,1455271.445332688,6145
22246,Malleshpalya,12.97477,77.67028,789692.969523764,1435862.0990176785,6146
23542,Malleshpalya,12.97481,77.67025,789689.6663879139,1435866.4927069845,6147
28703,Malleshpalya New Bus Station(Vignananagar),12.97274,77.67796,790529.0647524531,1435646.1303974905,6148
37193,Malleshpalya New Bus Station(Vignananagar),12.97269,77.67765,790495.4691082733,1435640.2422778953,6149
29391,Malleshwam 18th Cross,13.009,77.57134,778914.275491419,1439540.532516943,6150
22871,Malleshwara 13th Cross (8th Main Road),13.00333,77.56531,778266.131113268,1438906.3308211353,6151
20589,Malleshwara 8th Cross,12.99969,77.56933,778706.5233310328,1438507.832519393,6152
22939,Malleshwara 8th Cross (8th Main KBS),13.0001,77.56551,778291.4428138675,1438549.031860714,6153
22940,Malleshwara 8th Cross (8th Main),13.00003,77.56544,778283.9231254058,1438541.2072173022,6154
20590,Malleshwara 8th Cross (Sampige Road),13.00009,77.57131,778920.9858587852,1438554.277525812,6155
22787,Malleshwara Bus Stand,13.00872,77.56909,778670.3820017581,1439507.0725149966,6156
28704,Malleshwara Circle,12.99713,77.56844,778612.7815654974,1438223.4992844905,6157
20988,Malleshwara Circle,12.99782,77.5714,778933.292646464,1438303.1165625534,6158
20989,Malleshwara Circle,12.99727,77.56945,778722.2518924382,1438240.1016646721,6159
20990,Malleshwara Circle,12.99676,77.56877,778649.0134131899,1438182.9065377999,6160
20991,Malleshwara Circle,12.9969,77.56866,778636.9175063702,1438198.2822309076,6161
27848,Malleshwara Railway Station,13.00075,77.56321,778041.0770369545,1438618.462921821,6162
34326,Malleshwara Railway Station,13.00068,77.56332,778053.0943928899,1438610.835112974,6163
20562,Malleshwaram 11th Cross,13.00238,77.5693,778700.2613293116,1438805.54746567,6164
20564,Malleshwaram 13th Cross,13.00408,77.56923,778690.7637594509,1438993.638539071,6165
22872,Malleshwaram 13th Cross  (8th Mian),13.00323,77.56526,778260.8157791973,1438895.2074502227,6166
20570,Malleshwaram 15th Cross,13.00541,77.57119,778902.011330029,1439143.0012136437,6167
29383,Malleshwaram 15th Cross(8th Main),13.00718,77.56424,778145.700299616,1439331.303507436,6168
35424,Malleshwaram 15th Cross(8th Main),13.00715,77.56423,778144.6484049873,1439327.971970172,6169
20573,Malleshwaram 18th Cross,13.00894,77.56918,778679.9043055456,1439531.52230956,6170
20574,Malleshwaram 18th Cross,13.00906,77.57112,778890.3303714141,1439546.9323666499,6171
35603,Malleshwaram 18th Cross,13.00917,77.57137,778917.3413543727,1439559.3822469427,6172
35601,Malleshwaram 18th Cross (Malleshwaram 8th Main),13.01,77.56254,777958.0437116211,1439641.5800327386,6173
35602,Malleshwaram 18th Cross (Malleshwaram 8th Main),13.01005,77.56255,777959.0733032292,1439647.1252906653,6174
20561,Malleshwaram11th Cross,13.00233,77.57133,778920.6516789899,1438802.2385162576,6175
21564,Mallige Hospital,12.94762,77.59124,781143.2178815331,1432768.3920974564,6176
21565,Mallige Hospital,12.9478,77.59193,781217.925377609,1432789.0757070917,6177
30306,Malligenahalli Cross,13.28758,77.70576,793172.9095038258,1470530.3840320818,6178
28711,Mallimakanapura,13.12694,77.84731,808723.2402148214,1452916.8149547356,6179
33788,Mallimakanapura,13.12694,77.84734,808726.4954225842,1452916.8517246125,6180
28713,Mallipalya,12.79604,77.47432,768611.8686918032,1415865.9097556637,6181
33790,Mallipalya,12.79601,77.47429,768608.6418341126,1415862.5582223455,6182
28715,Mallohalli,13.23059,77.45108,765623.9472590287,1463936.967630113,6183
33791,Mallohalli,13.23061,77.45114,765630.4313586232,1463939.2449578268,6184
28717,Mallohalli Cross,13.21876,77.45084,765610.7448535134,1462627.3752672265,6185
33792,Mallohalli Cross,13.21872,77.45082,765608.6194838481,1462622.9268665325,6186
28719,Mallohallipalya,13.23028,77.45657,766219.5647305208,1463908.4953937114,6187
33793,Mallohallipalya,13.2304,77.45642,766203.1697823516,1463921.617284534,6188
28721,Malluru,13.01018,77.29271,748674.5031705652,1439382.012480308,6189
33794,Malluru,13.01021,77.29272,748675.5584015077,1439385.3422551444,6190
33795,Malya Adithi School,13.10166,77.58298,780073.1249889845,1449809.7169601838,6191
28725,Managal,12.91249,77.20467,739214.4048605141,1428487.176836925,6192
33796,Managal,12.91253,77.20473,739220.8799024567,1428491.6592582753,6193
28727,Managanahalli Kankapura Road,12.72776,77.4684,768040.7966016792,1408302.7016248307,6194
33797,Managanahalli Kankapura Road,12.7278,77.46839,768039.6680548058,1408307.1183971646,6195
22248,Manasa Nagara,12.95925,77.51674,773042.6864931049,1433974.79697371,6196
22249,Manasa Nagara,12.95881,77.51683,773052.9363906404,1433926.192951371,6197
28729,Manchanabele,12.86706,77.33449,753352.9220134709,1423584.3160692865,6198
33798,Manchanabele,12.86711,77.33455,753359.3866078627,1423589.9086353777,6199
38917,Manchanabele Colony,12.87024,77.33563,753473.5069345279,1423937.3659161283,6200
28731,Manchanabele Dam Cross,12.87149,77.3397,753914.165890663,1424079.7203129656,6201
33799,Manchanabele Dam Cross,12.87151,77.33964,753907.6310073924,1424081.8743935027,6202
28732,Manchanabele School,12.87008,77.33715,753638.7084064722,1423921.1588436952,6203
28736,Manchanahalli,12.76671,77.75353,798977.5442863079,1412925.75853773,6204
33803,Manchanahalli Cross,12.77514,77.7701,800767.9993096576,1413878.1679760597,6205
20992,Manchanayakanahalli Gate,12.83494,77.41386,762004.5108777842,1420109.0378950546,6206
21284,Manchanayakanahalli Gate,12.83476,77.41421,762042.7074664087,1420089.4725505381,6207
21566,Manchanayakanahalli Gate,12.83455,77.41472,762098.3112542967,1420066.7497943637,6208
21162,Manchanayakanahalli School,12.83736,77.40939,761516.5658572101,1420372.3263682202,6209
21163,Manchanayakanahalli School,12.83731,77.40944,761522.0475243826,1420366.8434506499,6210
22251,Manchappanahalli Cross,13.13527,77.72547,795493.4058380759,1453692.8224051436,6211
22250,Manchappanahalli Cross,13.13515,77.72619,795571.6646499851,1453680.3835286282,6212
28739,Manchappanahalli Gate,13.14363,77.72931,795899.9908748041,1454622.7911060012,6213
31394,Manchappanahalli Gate,13.14365,77.72936,795905.3913608163,1454625.063925809,6214
28741,Manchappanahalli Village,13.14165,77.72624,795569.3009610688,1454399.995560762,6215
33804,Manchappanahalli Village,13.14161,77.72624,795569.3489009634,1454395.5675394044,6216
33805,Manchegowdanapalya,12.72418,77.38075,758521.5364670877,1407817.6625388707,6217
35840,Manchegowdanapalya,12.72413,77.38072,758518.3277863832,1407812.0991541538,6218
28745,Manchenahalli,13.03492,77.35782,755714.6920367831,1442184.6069999537,6219
33806,Manchenahalli,13.03497,77.35779,755711.3853701405,1442190.1103315607,6220
28750,Mandigere,13.16467,77.36954,756851.7486444688,1456556.2119613371,6221
28752,Mandur,13.08219,77.73857,796978.4203260838,1447832.2078147193,6222
33809,Mandur,13.08221,77.73862,796983.8222313406,1447834.4805857032,6223
28753,Mangammanapalya,12.90725,77.63505,785945.5173402652,1428348.4087237227,6224
28755,Manganahalli,12.95415,77.46935,767903.8624011436,1433360.1048672192,6225
33810,Manganahalli,12.95419,77.46934,767902.7340766287,1433364.5215293288,6226
20993,Manganahalli Cross,12.9527,77.48407,769503.3240819282,1433215.1126382858,6227
20994,Manganahalli Cross,12.95265,77.48418,769515.3188637705,1433209.6947552036,6228
22252,Maniksha Parade Ground,12.97746,77.60771,782897.5426247797,1436089.5619059736,6229
22253,Maniksha Parade Ground,12.97773,77.60747,782871.1842827187,1436119.1816920962,6230
28757,Manipal Centre,12.97585,77.61452,783638.6170191416,1435918.9213526363,6231
22254,Manipal Centre,12.97493,77.61436,783622.292422795,1435816.9081816745,6232
22255,Manipal Centre MG Road,12.97552,77.61356,783534.7794899137,1435881.3252326793,6233
22256,Manipal Centre MG Road,12.97571,77.61358,783536.7350130401,1435902.3786329783,6234
28759,Manjunatha Kalyana Mantapa,12.87459,77.53813,775457.5230389305,1424627.281879692,6235
33811,Manjunatha Kalyana Mantapa,12.87474,77.5381,775454.1012900416,1424643.852246826,6236
33813,Manjunatha Nagara,12.98205,77.4811,769149.3326337545,1436460.4341707942,6237
35132,Manjunatha Nagara,12.9821,77.48104,769142.7662917944,1436465.9047777224,6238
35315,Manjunatha Nagara,12.98212,77.48112,769151.4280418407,1436468.2029014383,6239
20995,Manjunatha Nagara,12.99593,77.55068,776686.431306422,1438071.296219183,6240
22257,Manjunatha Nagara,12.99548,77.55068,776686.930277755,1438021.4877762375,6241
33812,Manjunatha Nagara,12.99145,77.54288,775844.7697628264,1437566.9599116782,6242
33814,Manjunatha Nagara,12.99156,77.54296,775853.331544909,1437579.2219348222,6243
28764,Manjunatha Nagara,12.96433,77.40378,760775.625276722,1434418.8718999526,6244
33815,Manjunatha Nagara,12.96436,77.40374,760771.2522761981,1434422.1512339397,6245
39975,Manjunathanagara Metro Station,13.05002,77.49419,770496.3378998213,1443997.303529439,6246
36491,Manjushree Garments PSS,13.01393,77.49938,771098.8368229673,1440008.345239393,6247
28766,Manjushree Hospital,13.02136,77.60704,782775.0417578571,1440948.1043145815,6248
33816,Manjushree Hospital,13.02131,77.60708,782779.4398863823,1440942.6143521732,6249
23348,Manorayanapalya,13.02889,77.60169,782185.8517248122,1441775.6462925458,6250
24177,Manorayanapalya,13.02903,77.60169,782185.6929762219,1441791.1428456225,6251
39289,Manpho Layout,13.12228,77.67576,790115.5775057834,1452197.066443235,6252
28768,Mantanakurchi,13.04352,77.38411,758558.4840175967,1443163.0373482076,6253
33817,Mantanakurchi,13.0443,77.38459,758609.7562018875,1443249.8519501972,6254
22779,Mantapa Cross,12.80303,77.59615,781837.9760366566,1416769.3969027195,6255
22780,Mantapa Cross,12.80286,77.5962,781843.5964846667,1416750.634566663,6256
28771,Mantri Alpyne Apartment,12.90449,77.5271,774227.1737943242,1427924.895164265,6257
28772,Mantri Alpyne Apartment,12.90453,77.52725,774243.4169111378,1427929.4830206663,6258
28775,Mantri Layout (M L A LAYOUT),13.08449,77.44776,765421.3075386595,1447763.2838875838,6259
33819,Mantri Layout (M L A LAYOUT),13.08448,77.4478,765425.6580099964,1447762.2191044386,6260
39434,Mantri Mall,12.99153,77.57152,778953.3487188929,1437607.0265783954,6261
20996,Manuvana,12.97401,77.54656,776263.4917035312,1435640.603974702,6262
20997,Manuvana,12.97431,77.54454,776043.8902154013,1435671.620830397,6263
39567,Manuvana,12.97448,77.54483,776075.181778132,1435690.751353798,6264
20998,Manyatha Tech Park,13.0412,77.62095,784262.0848696437,1443159.748027522,6265
20999,Manyatha Tech Park,13.04106,77.61999,784158.0598700121,1443143.1752674188,6266
33820,Maragondanahalli,13.0372,77.69297,792083.03839509,1442798.809258621,6267
33822,Maragondanahalli,13.03735,77.693,792086.1182139069,1442815.4483715135,6268
33821,Maragondanahalli,13.20293,77.5762,779222.7581146505,1461011.6282019936,6269
33824,Maragondanahalli Cross,12.93485,77.4314,763804.6651419036,1431184.53902821,6270
33825,Maragondanahalli Cross,12.93493,77.4314,763804.5809854671,1431193.3931031288,6271
22258,Maralakunte,13.13225,77.70593,793377.0561508362,1453335.6602709715,6272
22259,Maralakunte,13.13241,77.70526,793304.1758047915,1453352.5916059618,6273
38067,Maralakunte Colony,13.12943,77.70565,793350.0295911763,1453023.163583681,6274
33828,Maralugondla Cross,12.94743,77.27132,746415.2305695892,1432416.9759662417,6275
28795,Maralugondla Cross,12.9474,77.27138,746421.772556247,1432413.7139062798,6276
28797,Maramma Temple,12.96314,77.55906,777632.4364120774,1434451.03023919,6277
33829,Maramma Temple,12.96291,77.55872,777595.7827975586,1434425.2024738896,6278
28799,Maramma Temple Halage Vaderahalli,12.92279,77.51438,772826.1853480195,1429936.798137221,6279
33830,Maramma Temple Halage Vaderahalli,12.92273,77.51429,772816.4793097193,1429930.061252478,6280
21000,Maramma Temple Hegganahalli,12.99462,77.5043,771653.8334892399,1437876.3313696675,6281
23407,Maranagere,12.88233,77.8522,809557.4564563276,1425841.953570601,6282
23410,Maranagere,12.88227,77.85212,809548.8411023109,1425835.21448038,6283
28801,Maranayakanahalli,13.16804,77.64835,787088.4790317004,1457231.0409394898,6284
33831,Maranayakanahalli,13.16801,77.64832,787085.2598504851,1457227.6858188582,6285
28802,Marappa Garden,13.00439,77.59974,782001.9527148022,1439061.5881628771,6286
33832,Marasandra,13.09961,77.71519,794420.5884437928,1449733.2368680479,6287
33833,Marasandra,13.09966,77.71519,794420.5289502015,1449738.7718350056,6288
28808,Marasandra,13.20021,77.44282,764761.1133761578,1460565.7875622318,6289
33836,Marasandra,13.20016,77.44278,764756.829581045,1460560.2113729264,6290
33835,Marasandra,12.98074,77.87469,811877.7762907424,1436764.3482682814,6291
33838,Marasandra Circle,13.22273,77.54935,776288.5616557822,1463173.4587586324,6292
28810,Marasandra Circle,13.22281,77.54973,776329.6788864126,1463182.7334159815,6293
33837,Marasandra Circle,13.22269,77.54963,776318.970117856,1463169.3405319874,6294
28813,Marasandra Gate,12.98431,77.87375,811771.2600231303,1437158.4394569276,6295
33839,Marasandra Gate,12.98446,77.87381,811777.5870147996,1437175.1197495926,6296
28815,Marasandra Govt School,13.23098,77.55013,776363.8395713991,1464087.4878605565,6297
33840,Marasandra Govt School,13.23113,77.55027,776378.8514916719,1464104.245670221,6298
23837,Marasur Gate,12.76983,77.70145,793315.2647563716,1413211.5575449008,6299
28818,Marasur Madivala,12.76174,77.72307,795673.71101914,1412340.6097154624,6300
33842,Marasur Madivala,12.76156,77.7231,795677.1800291974,1412320.7183626497,6301
33841,Marasur Madivala,12.77344,77.72852,796252.2426343035,1413642.007434416,6302
22260,Marathahalli,12.95626,77.69409,792299.4149435794,1433840.2909165255,6303
22261,Marathahalli,12.95611,77.69372,792259.4195845502,1433823.2626417775,6304
33843,Marathahalli Bridge,12.95488,77.70053,793000.2162990365,1433694.9142695512,6305
22662,Marathahalli Bridge,12.95694,77.70062,793007.5759806337,1433923.0537979277,6306
22668,Marathahalli Bridge,12.9569,77.70215,793173.7338247956,1433920.383270085,6307
35409,Marathahalli Bridge,12.95671,77.70131,793082.7581020307,1433898.3858444155,6308
37596,Marathahalli Bridge,12.95715,77.70096,793044.2436189695,1433946.6906533714,6309
28824,Maregowdana Doddy,12.8878,77.28027,747445.4202256894,1425826.6759085003,6310
28825,Maregowdana Doddy,12.88785,77.28029,747447.5424379907,1425832.2284297287,6311
35074,Marenahalli,12.91552,77.58575,780583.1085106285,1429209.278074368,6312
35080,Marenahalli,12.9149,77.58588,780597.9164062613,1429140.7942181828,6313
35157,Marenahalli,13.1196,77.67869,790436.6185775255,1451903.7746461623,6314
35318,Marenahalli,13.11958,77.67866,790433.3872014738,1451901.5261505374,6315
28827,Marenahalli,12.96983,77.53228,774718.003193395,1435162.511118785,6316
33845,Marenahalli,12.96993,77.53215,774703.7817818047,1435173.439432857,6317
21567,Marenahalli,12.97376,77.3631,756350.4774488957,1435421.2694697464,6318
21568,Marenahalli,12.97365,77.36327,756369.0414160665,1435409.266588151,6319
28828,Marenahalli Bande,13.11026,77.68077,790673.275569036,1450872.2658346442,6320
28831,Marenahalli Gate,13.13318,77.67031,789511.5004776178,1453397.3836971805,6321
33846,Marenahalli Gate,13.13322,77.67019,789498.4348056363,1453401.6735709857,6322
21005,Marenahalli Petrol Bunk(Ragigudda Metro Station),12.91688,77.58858,780888.8635647895,1429362.9169612955,6323
21006,Marenahalli Petrol Bunk(Ragigudda Metro Station),12.9172,77.58948,780986.2254565787,1429399.3248572475,6324
28834,Marigowdanapalya,13.04172,77.31507,751069.1217979387,1442894.462792085,6325
33847,Marigowdanapalya,13.04168,77.31512,751074.5873486064,1442890.0855558282,6326
28838,Marikuppe Cross,13.02517,77.29393,748791.9236032257,1441042.0984500255,6327
33849,Marikuppe Cross,13.02522,77.29389,748787.5332845456,1441047.5925968601,6328
22263,Marison Factory,13.05049,77.49285,770350.4197642056,1444047.8939465883,6329
28839,Marison Factory,13.0502,77.49252,770314.9262350958,1444015.4443479173,6330
28842,Mariyannanapalya,13.04928,77.61186,783266.376601153,1444043.955505584,6331
33850,Mariyannanapalya,13.04932,77.61187,783267.4162149148,1444048.3943078115,6332
22264,Mariyappanapalya,12.94522,77.49553,770755.4459294738,1432399.3449124827,6333
22265,Mariyappanapalya,12.94526,77.49539,770740.204539829,1432403.623762308,6334
21007,Mariyappanapalya,12.99858,77.55574,777232.7023151448,1438370.121172229,6335
21008,Mariyappanapalya,12.99862,77.55652,777317.3188146508,1438375.398724914,6336
28848,Marnami Doddy,12.78711,77.45917,766975.6642911909,1414861.8625676406,6337
33852,Marnami Doddy,12.78714,77.45908,766965.8565811784,1414865.0899515972,6338
28850,Marsuru,12.76198,77.71376,794661.8552224217,1412356.567012225,6339
33853,Marsuru,12.76198,77.71383,794669.461035552,1412356.64665188,6340
35249,Marsuru Gate,12.7698,77.70142,793312.0398880308,1413208.2026691432,6341
28852,Marsuru Madivala,12.77345,77.72861,796262.0095386379,1413643.217456983,6342
33854,Maruru,13.06699,77.16149,734382.1446224127,1445543.8168962533,6343
33855,Maruru Handpost,13.05698,77.1595,734175.7056929423,1444434.2910194844,6344
35110,Maruthi Badavane,12.83994,77.58055,780102.5357449072,1420837.863229473,6345
35229,Maruthi Badavane,12.84005,77.58062,780110.0165182119,1420850.1149180317,6346
26605,Maruthi Badavane Dasarahalli,13.05543,77.60782,782820.9465510747,1444720.1886124467,6347
28857,Maruthi Badavane Dasarahalli,13.05549,77.60773,782811.1115260602,1444726.7295461197,6348
28859,Maruthi Badavane Nelamangala,13.1015,77.40109,760340.0890829683,1449597.3290866474,6349
21009,Maruthi Circle,12.94348,77.55851,777594.5274403971,1432274.3498240598,6350
39449,Maruthi Farma,13.05254,77.45986,766768.4403550426,1444239.8262056618,6351
39450,Maruthi Farma,13.05242,77.4598,766762.0586768419,1444226.4815752862,6352
21010,Maruthi Mandira,12.96784,77.53629,775155.4805479236,1434946.57378764,6353
21011,Maruthi Mandira,12.96783,77.53611,775135.9522666936,1434945.2727286613,6354
33857,Maruthi Markandeyanagara,12.99779,77.50909,772170.2713525454,1438232.3118703326,6355
33860,Maruthi Nagara,13.05887,77.58107,779914.2175570133,1445071.2426712208,6356
33861,Maruthi Nagara,13.05875,77.58292,780115.1063005992,1445060.0056214668,6357
22266,Maruthi Nagara,13.10445,77.60632,782602.2701920863,1450144.5566200663,6358
22267,Maruthi Nagara,13.10438,77.60633,782603.4351332772,1450136.8194797507,6359
33862,Maruthi Nagara,12.99124,77.49417,770558.0162391687,1437491.4383298222,6360
33863,Maruthi Nagara,12.99131,77.49426,770567.7088085575,1437499.2816604995,6361
33864,Maruthi Nagara,12.93983,77.47944,769014.5376706836,1431785.7831074796,6362
33865,Maruthi Nagara,12.93992,77.47956,769027.4682154236,1431795.8705907227,6363
33858,Maruthi Nagara,12.79194,77.65788,788556.3221683833,1415609.9968842012,6364
33859,Maruthi Nagara,12.7914,77.65766,788533.0363316709,1415549.9772417855,6365
21569,Maruthi Nagara,12.96178,77.5217,773578.3484703973,1434260.137386602,6366
22268,Maruthi Nagara,12.96176,77.52189,773598.9954314651,1434258.12747838,6367
22271,Maruthi School,13.00957,77.64327,786720.8380285029,1439683.6577513707,6368
33869,Maruthi School,13.00948,77.64318,786711.1728109535,1439673.5938709907,6369
22269,Maruthi School,13.0098,77.64406,786806.3213044315,1439710.0084239426,6370
22270,Maruthi School,13.00955,77.64413,786814.20691959,1439682.414181046,6371
28877,Maruthi School,12.88121,77.5758,779540.896836089,1425400.7319646967,6372
33870,Maruthi School,12.88128,77.57587,779548.4205813454,1425408.556264472,6373
22272,Maruthi Sevanagara,13.00266,77.63461,785788.7911968821,1438909.0221293631,6374
22273,Maruthi Sevanagara,13.00234,77.63427,785752.252915679,1438873.2185953932,6375
28879,Maruthi Temple Kamalanagara,12.99497,77.53545,775034.4273671184,1437948.5285140038,6376
33871,Maruthi Temple Kamalanagara,12.99492,77.53549,775038.8240619162,1437943.037532866,6377
24380,Maruthinagara,13.05893,77.58111,779918.4905195432,1445077.9281783842,6378
28872,Maruthinagara Malleshpalya,12.97332,77.67504,790211.394991827,1435707.0069187412,6379
33867,Maruthinagara Malleshpalya,12.97337,77.675,790206.9945369181,1435712.4961308138,6380
39134,Mary Immaculate School,13.12589,77.66795,789264.0071105105,1452587.7002084332,6381
39135,Mary Immaculate School,13.12579,77.66782,789250.0202047802,1452576.481397518,6382
28882,Masthenahalli,12.78735,77.6662,789465.4233914437,1415111.2197213576,6383
33872,Masthenahalli,12.78742,77.66634,789480.5530864217,1415119.1250201894,6384
22274,Mata Mallasandra,12.94782,77.83361,807458.124076328,1433069.8765776183,6385
22275,Mata Mallasandra,12.94778,77.83359,807456.0015040749,1433065.4241577457,6386
23342,Matadahalli,13.01364,77.59362,781327.2457790705,1440078.681278777,6387
23789,Matadahalli,13.01366,77.59365,781330.4792775785,1440080.928271105,6388
22276,Mathikere,13.03467,77.55748,777381.3734029122,1442366.6793430746,6389
22277,Mathikere,13.03455,77.55741,777373.9105244987,1442353.3204678134,6390
33881,Mathikere,13.03534,77.55758,777391.4786625395,1442440.9484510378,6391
28898,Mathikere,13.03466,77.55705,777334.7192227191,1442365.102407434,6392
28900,Mathikere Aralimara,12.89005,77.17781,736319.8045160566,1425979.0845665585,6393
33882,Mathikere Aralimara,12.89008,77.17784,736323.0331523598,1425982.4319284784,6394
28901,Mathikere Magadi,12.88307,77.18241,736825.7457969743,1425210.932363685,6395
33880,Mathikere Magadi,12.88313,77.18241,736825.6893820775,1425217.571844592,6396
23336,Mathikere Post Office,13.02892,77.55903,777555.9999066023,1441731.928079692,6397
24271,Mathikere Post Office,13.02893,77.55908,777561.4150873633,1441733.0896184659,6398
28886,Matta Gate,12.88891,77.29353,748883.9379554637,1425962.3379036798,6399
33874,Matta Gate,12.8888,77.29369,748901.4176357868,1425950.3198759544,6400
28888,Matta Village,12.88136,77.29174,748697.0574649151,1425125.0778082246,6401
33875,Matta Village,12.88111,77.29203,748728.7900292086,1425097.6923604736,6402
28892,Mattahalli,13.10815,77.45714,766413.5222568711,1450391.8161251314,6403
33877,Mattahalli,13.10818,77.4571,766409.1505716792,1450395.0942664975,6404
28895,Mattahalli Cross,13.11037,77.44365,764947.6974953634,1450623.3183085101,6405
33879,Mattahalli Cross,13.11033,77.44373,764956.4189387155,1450618.9751965266,6406
28903,Mavallipura,13.12768,77.52896,774183.3866200291,1452630.4228822596,6407
33883,Mavallipura,13.12759,77.52907,774195.4194697868,1452620.5809703837,6408
39046,Mavinamara Vanakanahalli,12.67374,77.69487,792710.6041247331,1402567.410666155,6409
39047,Mavinamara Vanakanahalli,12.67376,77.6949,792713.8419802131,1402569.658237357,6410
28905,Mayaganahalli,12.76852,77.3355,753561.2615828834,1412680.074283463,6411
33884,Mayaganahalli,12.76792,77.33553,753565.1188034813,1412613.7029856408,6412
28909,Mayasandra,12.75043,77.74683,798268.6484734798,1411115.8386878464,6413
33887,Mayasandra,12.75048,77.74679,798264.2433782262,1411121.3276475235,6414
33885,Mayasandra,12.87732,77.37745,758007.1033467103,1424762.544476092,6415
33886,Mayasandra,12.87735,77.37747,758009.2442075021,1424765.8847170284,6416
38724,Mayasandra,13.30993,77.65983,788166.6420446204,1472950.8107795217,6417
38725,Mayasandra,13.30994,77.65983,788166.630205428,1472951.9177417993,6418
28911,Mayasandra Gate,12.75043,77.74778,798371.8775400736,1411116.9319821233,6419
33888,Mayasandra Gate,12.75039,77.74776,798369.7512001516,1411112.4809703983,6420
28913,Mayasandra Kodi,12.74808,77.74234,797783.5062456039,1410850.5331810545,6421
33889,Mayasandra Kodi,12.74805,77.74235,797784.6279757228,1410847.223687378,6422
38574,Mayohall,12.97266,77.61083,783241.6677911859,1435561.7159087486,6423
22278,Mayohall,12.97336,77.6099,783139.9185732575,1435638.1656117416,6424
22279,Mayohall,12.97349,77.61051,783205.9897539944,1435653.2330297607,6425
37119,Mayohall G-2,12.97389,77.61116,783276.097091104,1435698.231389281,6426
28915,Mazara Hosahalli,13.25441,77.53461,774654.6088142892,1466663.7549925281,6427
28917,Mazara Hosahalli Cross,13.24847,77.54813,776127.2342133219,1466021.1919947877,6428
28926,Meda Maranahalli,12.70143,77.45173,766257.073813478,1405371.4601299146,6429
33895,Meda Maranahalli,12.70146,77.45186,766271.1683518777,1405374.9133935627,6430
33898,Medahalli,12.96824,77.84543,808716.3989977982,1435344.8279230685,6431
38637,Medahalli,13.02646,77.72036,795068.5416499435,1441641.6022163932,6432
28932,Medahalli,13.02597,77.72036,795069.1225814745,1441587.3595682848,6433
33899,Medahalli,13.02647,77.72054,795088.0670820624,1441642.9184619377,6434
38017,Medahalli,13.02616,77.72082,795118.8260175883,1441608.9272043533,6435
28936,Medahalli Colony,12.96719,77.85235,809469.0489078469,1435236.9730990804,6436
33901,Medahalli Colony,12.96723,77.85228,809461.3989821912,1435241.3165297501,6437
28938,Medahalli Cross,12.96541,77.84352,808512.5103046115,1435029.2080828238,6438
33902,Medahalli Cross,12.96545,77.84349,808509.2036327751,1435033.6001567047,6439
28940,Medanahalli,12.78912,77.39841,760373.7496679632,1415022.3551472172,6440
33903,Medanahalli,12.78919,77.39851,760384.5396948683,1415030.2029333743,6441
28944,Medarahalli Railway Gate,13.06735,77.51589,772832.0342574038,1445938.7047223726,6442
33905,Medarahalli Railway Gate,13.06727,77.51585,772827.781959629,1445929.806946074,6443
28946,Medi Agrahara,13.0984,77.52523,773811.1796616516,1449385.5315521783,6444
28948,Medi Agrahara Cross,13.1013,77.53061,774391.6612275296,1449712.3569687882,6445
33894,Medi Agrahara Cross,13.10144,77.53042,774370.8923707114,1449727.6463061967,6446
33907,Medi Agrahara Cross,13.10134,77.53063,774393.7867281912,1449716.8060909375,6447
22282,Medi Mallasandra,12.95289,77.83026,807088.1486739551,1433627.1348196925,6448
22283,Medi Mallasandra,12.95285,77.83026,807088.1977467546,1433622.706494937,6449
28952,Medur Gate,13.19365,77.92302,816852.6799022455,1460396.817959539,6450
33909,Medur Gate,13.19371,77.92299,816849.3479633345,1460403.4230977634,6451
21014,Meenakshi Layout,13.06552,77.49275,770323.2057669506,1445711.328710322,6452
21015,Meenakshi Layout,13.06555,77.49276,770324.2581445064,1445714.659832693,6453
23584,Meenakshi Temple,12.87467,77.5949,781622.3336752935,1424697.710322487,6454
23867,Meenakshi Temple,12.87463,77.59469,781599.5731216194,1424693.0525120778,6455
28954,Meenakunte,13.18059,77.64208,786393.7473563049,1458613.0908223747,6456
33910,Meenakunte,13.18063,77.6421,786395.870094027,1458617.541405646,6457
28956,Meenakunte Hosuru,13.18452,77.64142,786317.5825134084,1459047.364588415,6458
33911,Meenakunte Hosuru,13.1844,77.64161,786338.3305811371,1459034.2981837818,6459
33912,Meesagaanahalli,13.1662,77.66889,789318.682979848,1457050.9294063828,6460
28958,Meesaganahalli,13.16614,77.66896,789326.3467465283,1457044.3682718347,6461
21018,Mekhri Circle,13.01759,77.58401,780279.7743081332,1440505.2799067078,6462
21019,Mekhri Circle,13.0175,77.58385,780262.5102054249,1440495.1414454686,6463
28975,Mekhri Circle,13.0135,77.58411,780295.229285787,1440052.6755716088,6464
33919,Mekhri Circle,13.01451,77.58263,780133.4615134208,1440162.8384806314,6465
33920,Mekhri Circle,13.01458,77.58502,780392.7810857473,1440173.2228179781,6466
28976,Mellahalli,12.81822,77.27789,747255.1638152536,1418124.3593756752,6467
38438,Menashiganahalli,12.66408,77.70187,793482.507965249,1401505.9603586313,6468
28981,Mestripalya,13.06146,77.62043,784182.4730280947,1445401.771060767,6469
28980,Mestripalya,13.06056,77.6195,784082.5821060771,1445301.105220408,6470
33925,Mestripalya,13.06055,77.61948,784080.4232002622,1445299.975868447,6471
28983,Metipalya,12.99349,77.40231,760585.6582573311,1437644.6263149595,6472
33926,Metipalya,12.99359,77.40232,760586.6391649394,1437655.7039723322,6473
22284,Metro,12.89336,77.56772,778650.0233429949,1426736.7813536522,6474
22285,Metro,12.89312,77.56718,778591.652518972,1426709.6300077816,6475
38816,Metro Tech Apartment,12.87211,77.52716,774268.9709360441,1424341.0479275833,6476
28985,Metrocorp Nirvana Layout,13.21356,77.63474,785559.2638328772,1462254.2879596888,6477
33927,Metrocorp Nirvana Layout,13.21352,77.63473,785558.2258948908,1462249.848809822,6478
28992,Mid City,13.14525,77.54391,775785.5496230279,1454591.4907999637,6479
33930,Mid City,13.14528,77.54388,775782.2618387135,1454594.7784967073,6480
22287,Military Accounts Office,12.96694,77.62089,784340.2421697958,1434939.76509175,6481
22288,Military Accounts Office,12.96691,77.62117,784370.6726663401,1434936.7566024035,6482
22755,Military Accounts Office,12.96707,77.6203,784276.0448937169,1434953.4970733041,6483
22289,Military Bridge,12.94599,77.64015,786455.0695300237,1432642.3176518276,6484
22290,Military Bridge,12.9459,77.63992,786430.2015398459,1432632.0974010357,6485
33931,Military Dairy Farm (Esteem Mall),13.04974,77.59271,781187.6769240181,1444073.5458565403,6486
28995,Military Dairy Farm (Esteem Mall),13.04974,77.59303,781222.4033775604,1444073.9009465508,6487
39268,Military Dairy Farm FLY (Esteem Mall),13.04983,77.59289,781207.1086869251,1444083.7076090404,6488
39106,Milk Booth,12.90291,77.5108,772459.0687124026,1427732.630004461,6489
39107,Milk Booth,12.90268,77.5107,772448.4601841934,1427707.0668977355,6490
35202,Milk Booth JP Nagara,12.91002,77.59514,781608.8264889234,1428610.8022924217,6491
28998,Milk Colony,13.00914,77.55971,777651.8473685419,1439543.2969072824,6492
31395,Milk Colony,13.00906,77.55967,777647.5950639546,1439534.3983199638,6493
21023,Milk Dairy Hegganahalli,13.00742,77.50557,771777.7293800237,1439294.4167391881,6494
21024,Milk Dairy Hegganahalli,13.0074,77.50543,771762.5567003811,1439292.0534507306,6495
37175,Millers Road,12.99538,77.60218,782276.9879416118,1438066.9829569738,6496
37177,Millers Road,12.99545,77.60216,782274.7378610116,1438074.7090336056,6497
29005,Minaznagara,12.91219,77.56181,777987.4565956588,1428814.5781044397,6498
33936,Minaznagara,12.91216,77.56183,777989.6613488971,1428811.279243788,6499
22291,Minerva Circle,12.95387,77.57992,779907.285684179,1433447.753796025,6500
21025,Minerva Mill,12.9795,77.56445,778199.3459563155,1436267.7312831758,6501
21026,Minerva Mill,12.97945,77.56435,778188.54676237,1436262.0877702266,6502
29012,Minnapura,13.16787,77.33232,752811.8877767915,1456872.6140393806,6503
33939,Minnapura,13.16786,77.33225,752804.3066102327,1456871.436900308,6504
38392,Miranda School,12.96826,77.65147,787658.4796050295,1435120.1784271726,6505
29018,Mittaganahalli,13.10953,77.6436,786641.2123857706,1450748.924694772,6506
34826,Mittaganahalli 1,13.10951,77.64363,786644.4905078262,1450746.7449114537,6507
29020,Mittaganahalli Cross,13.11173,77.64381,786661.446175816,1450992.6892042018,6508
33943,Mittaganahalli Cross,13.11168,77.6438,786660.4191828973,1450987.1431594228,6509
33721,Modalakote,13.11595,77.31061,750510.1886132816,1451104.9535888887,6510
24003,Modern Food Goraguntepalya,13.02483,77.53414,774859.3109394495,1441252.1445472986,6511
24014,Modern Food Goraguntepalya,13.02482,77.53395,774838.7019336039,1441250.8320333897,6512
38913,Modi Garden,13.01588,77.60278,782318.900600777,1440336.7853094204,6513
21027,Modi Hospital,12.9974,77.54573,776147.5301609052,1438228.6260720976,6514
21028,Modi Hospital,12.99749,77.54586,776161.5406676966,1438238.7288275154,6515
29029,Mohankumar Nagara,13.0307,77.54939,776507.8285572893,1441918.4269295216,6516
33946,Mohankumar Nagara,13.03065,77.54934,776502.4578582959,1441912.8381764558,6517
22295,Monotype Corporation,12.92154,77.57104,778979.2438076884,1429859.5346021864,6518
23644,Monotype Corporation,12.92176,77.57062,778933.3981112831,1429883.427774011,6519
21573,Moodalapalya,12.97054,77.5249,773916.125474166,1435233.156130233,6520
22296,Moodalapalya,12.97071,77.52499,773925.7086913395,1435252.0689810484,6521
33948,Mookambika Nagara Circle,12.91673,77.50023,771296.4829297607,1429251.026783325,6522
21854,Mosque Road,13.00067,77.61578,783747.1854416428,1438667.6626578914,6523
22297,Mosque Road,13.00037,77.61598,783769.2354395905,1438634.678598586,6524
22298,Mosque Road,13.00032,77.61609,783781.2321181241,1438629.2667904792,6525
29035,Motaganahalli,13.00497,77.31183,750754.5718655022,1438824.2124634332,6526
33949,Motaganahalli,13.00488,77.31189,750761.1735020505,1438814.3115182116,6527
29037,Motaganahalli Bishop Cotton School,13.01761,77.31175,750733.1762477653,1440222.974711147,6528
33950,Motaganahalli Bishop Cotton School,13.01762,77.31181,750739.676999992,1440224.140595664,6529
29039,Motaganahalli High School,13.00807,77.31174,750741.6881127576,1439167.1938379875,6530
33951,Motaganahalli High School,13.00809,77.31179,750747.093888044,1439169.4564980927,6531
22299,Mother Dairy Cross Yelahanka,13.09934,77.57717,779445.3808107891,1449546.4813891586,6532
22301,Mother Dairy Cross Yelahanka,13.09954,77.57707,779434.3052662362,1449568.5083500482,6533
33952,Mother Dairy Yelahanka,13.09883,77.57476,779184.4781214426,1449487.36433398,6534
29041,Mother Dairy Yelahanka,13.09894,77.57444,779149.6349394622,1449499.186199977,6535
29043,Motherson Automotive Cross,12.80794,77.41968,762664.5857570681,1417126.758267181,6536
33953,Motherson Automotive Cross,12.80778,77.4197,762666.9238800998,1417109.0707456549,6537
38770,Mount Carmel,12.91293,77.71303,794406.6034836203,1429065.5145849134,6538
38771,Mount Carmel,12.9129,77.71304,794407.7245446439,1429062.20514629,6539
29044,Mount Carmel College,12.99315,77.58893,780841.2877800594,1437805.4866044421,6540
35379,Mount Carmel College,12.99297,77.58883,780830.6358640599,1437785.452344522,6541
37778,Mudalapalya (Banavadi),13.13344,77.247,743593.27714157,1452978.1640945326,6542
37779,Mudalapalya (Banavadi),13.13349,77.24702,743595.3969772398,1452983.716643771,6543
29056,Mudalayyana Doddy,12.73361,77.57769,779909.179344476,1409065.4967473939,6544
33959,Mudalayyana Doddy,12.73359,77.57767,779907.0281959618,1409063.261467447,6545
29059,Muddanahalli,13.15224,77.5774,779410.4784577005,1455402.152644329,6546
33960,Muddanahalli,13.15222,77.57737,779407.2469150492,1455399.905540898,6547
29061,Muddanahalli Gate,13.19705,77.91647,816137.7340185749,1460764.984560553,6548
33961,Muddanahalli Gate,13.19705,77.91653,816144.2429311054,1460765.0602677702,6549
36237,Muddanayakanahalli,13.2964,77.68022,790393.2788236008,1471476.8016084442,6550
36238,Muddanayakanahalli,13.29644,77.68025,790396.4836894791,1471481.2645389598,6551
30384,Muddayanapalya Junction,12.97144,77.48801,769910.8126503751,1435293.4252693688,6552
33962,Muddayyanapalya,12.92043,77.38228,758487.2319587134,1429538.4751005557,6553
33963,Muddayyanapalya,12.92046,77.38231,758490.457897463,1429541.8255636184,6554
33965,Muddayyanapalya,12.96617,77.48775,769888.277893504,1434709.8642915755,6555
29067,Muddayyanapalya,12.96619,77.48771,769883.9143684544,1434712.0355721025,6556
39651,Muddayyanapalya,12.96613,77.4877,769882.8936187921,1434705.3841674714,6557
29065,Muddayyanapalya,12.93193,77.41726,762272.7142326067,1430846.8209541924,6558
33964,Muddayyanapalya,12.93195,77.41721,762267.2654041167,1430848.9831725517,6559
33149,Muddayyanapalya Junction,12.97139,77.48796,769905.4393059954,1435287.838313077,6560
29069,Mugabala,13.11977,77.88853,813205.06252604,1452173.8821571344,6561
33966,Mugabala,13.11945,77.88874,813228.2561860748,1452138.7145906286,6562
23401,Mugaluru,12.89488,77.82095,806148.0332509042,1427193.8304134062,6563
23413,Mugaluru,12.89478,77.82101,806154.6713583407,1427182.8313762217,6564
22308,Mukkodlu,12.75655,77.52841,774529.9808856619,1411551.916734453,6565
22309,Mukkodlu,12.75649,77.52837,774525.6999499098,1411545.2334373838,6566
29071,Mukthi Naga Temple,12.91492,77.42184,762787.7198821149,1428968.938347477,6567
33967,Mukthi Naga Temple,12.91494,77.42185,762788.784618214,1428971.1621120875,6568
33968,Mulakattamma Temple Mallohalli,13.22371,77.4505,765568.514520983,1463174.8772848535,6569
29073,Mulkattamma Temple Mallohalli,13.2237,77.45046,765564.1880445937,1463173.7280304078,6570
21031,Multiplex Marathahalli,12.95227,77.70002,792947.8998450756,1433405.409326908,6571
21032,Multiplex Marathahalli,12.95153,77.69973,792917.2799652063,1433323.1606874121,6572
29079,Mummenahalli,12.99451,77.32037,751691.8790645264,1437675.0567955526,6573
33971,Mummenahalli,12.99448,77.32013,751665.8634895319,1437671.4994459404,6574
23777,Muneshwara Block,12.94519,77.54744,776390.8438476897,1432451.6182558006,6575
22311,Muneshwara Block Cross,12.94236,77.54859,776518.813584879,1432139.6245604607,6576
22310,Muneshwara Block‌ Cross,12.94226,77.54864,776524.352110299,1432128.6101849368,6577
21033,Muneshwara Devasthana,12.93646,77.6066,782823.3744603824,1431550.057397274,6578
21034,Muneshwara Devasthana,12.93638,77.60651,782813.6933507081,1431541.1026566771,6579
21036,Muneshwara Layout,12.95133,77.49421,770605.548294931,1433074.2056144618,6580
35382,Muneshwara Layout,12.95125,77.49437,770623.0036397699,1433065.5207269138,6581
29083,Muneshwara Layout,12.87442,77.47127,768197.4015203955,1424537.7013520787,6582
33973,Muneshwara Layout,12.87432,77.47134,768205.1090608945,1424526.7065977822,6583
39555,Muneshwara Layout Vaderahalli,13.09576,77.54128,775555.4513004444,1449110.7816421855,6584
29086,Muneshwara Nagara,13.01785,77.67118,789740.6379058129,1440631.8645045059,6585
33975,Muneshwara Nagara,13.01793,77.67123,789745.9718515493,1440640.7771540836,6586
39156,Muneshwara Swamy Temple,13.04015,77.48859,769899.3856346367,1442898.9118700544,6587
39157,Muneshwara Swamy Temple,13.04,77.48855,769895.2077820306,1442882.2671603162,6588
33977,Muneshwara Temple,12.7245,77.75701,799405.3113044394,1408257.110637232,6589
33978,Muneshwara Temple,12.72467,77.75693,799396.4177662386,1408275.8374861965,6590
29092,Muneshwara Temple,12.93368,77.4003,760429.7580585011,1431023.1669947768,6591
33979,Muneshwara Temple,12.93369,77.40038,760438.4321837169,1431024.355212676,6592
22682,Muneshwara Temple,12.98316,77.50257,771478.5240251278,1436606.0734121993,6593
22690,Muneshwara Temple,12.98343,77.50259,771480.4014272331,1436635.9787697755,6594
35115,Muneshwara Temple,12.83574,77.57216,779195.9378066156,1420363.8698753477,6595
35228,Muneshwara Temple,12.83574,77.57207,779186.1627698394,1420363.7723218442,6596
22312,Muni Nagara,12.74811,77.53654,775422.3792733043,1410626.381054216,6597
22313,Muni Nagara,12.748,77.53652,775420.3253620834,1410614.184720919,6598
29094,Munikondappa Layout Widia Factory,13.05252,77.50041,771168.5586533931,1444280.655383483,6599
23791,Munireddy Palya J C Nagara,13.00676,77.59276,781241.6683212789,1439316.190160351,6600
24019,Munireddy Palya J C Nagara,13.00413,77.59359,781334.7232906455,1439025.9967496586,6601
22314,Munish Singh Hospital,12.97738,77.75122,798476.8824974422,1436244.441031683,6602
22315,Munish Singh Hospital,12.97703,77.75104,798457.7589941476,1436205.4846198047,6603
29096,Muniswamappa Layout,13.04394,77.49051,770103.6199394555,1443320.4372975868,6604
33980,Muniswamappa Layout,13.044,77.49058,770111.1507900879,1443327.1527361951,6605
23321,Munnekolalu,12.94854,77.70802,793820.8488423636,1433001.7014269356,6606
21037,Munnekolalu Cross (Spice Garden),12.95628,77.70928,793948.5635628996,1433859.9532687983,6607
21038,Munnekolalu Cross (Spice Garden),12.9564,77.70927,793947.3369215917,1433873.2254979098,6608
23320,Munnekolalu Junction,12.95646,77.7049,793472.8158016438,1433874.8375154338,6609
23322,Munnekolalu Junction,12.9565,77.7049,793472.7688974174,1433879.2654171062,6610
29098,Muppadaghatta,13.24293,77.44788,765263.6030950197,1465299.352783776,6611
33981,Muppadaghatta,13.24305,77.44784,765259.136065485,1465312.5918293798,6612
22316,Murugeshpalya,12.95936,77.65618,788180.0529759943,1434140.3240556694,6613
22485,Murugeshpalya,12.95927,77.65611,788172.5571014915,1434130.2825698564,6614
21574,Museum,12.97397,77.59585,781614.0434182303,1435690.1200173318,6615
22317,Museum,12.97409,77.59569,781596.5396689628,1435703.2258916534,6616
22318,Muslim Colony,13.01046,77.61505,783656.810229361,1439750.5090852631,6617
22319,Muslim Colony,13.01049,77.61513,783665.4592092478,1439753.9190885935,6618
29101,Muthanallur Amanikere,12.82787,77.73686,797094.5753459157,1419676.926892496,6619
33982,Muthanallur Amanikere,12.82786,77.73674,797081.551729521,1419675.6815494304,6620
29103,Muthanallur Colony,12.83622,77.7372,797121.6939187322,1420601.6590472518,6621
33983,Muthanallur Colony,12.83627,77.73719,797120.5488829924,1420607.1824816202,6622
33985,Muthkur,13.15547,77.50821,771901.7870279325,1455683.8200282466,6623
33986,Muthkur,13.15548,77.50816,771896.3526314571,1455684.8727916346,6624
29109,Muthkur,12.955,77.8073,804592.5670591576,1433833.210479371,6625
33987,Muthkur,12.95502,77.80722,804583.8564109434,1433835.32911247,6626
31396,Muthkur Cross Shivakote,13.143,77.50225,771269.0448931248,1454297.1686457773,6627
29111,Muthkur Cross Shivakote,13.14303,77.50222,771265.7577298188,1454300.4567913003,6628
33988,Muthkur Cross Shivakote,13.14299,77.50221,771264.7169995789,1454296.0187044055,6629
33989,Muthsandra,12.93781,77.78643,802347.2955892123,1431905.3849614111,6630
33990,Muthsandra,12.93784,77.78636,802339.6584783816,1431908.6232612256,6631
29114,Muthsandra,12.93813,77.78534,802228.5525516012,1431939.5207848197,6632
33991,Muthugadahalli,12.92939,77.82062,806070.1309714841,1431013.935776533,6633
33992,Muthugadahalli,12.92943,77.82055,806062.4807769259,1431018.2802645257,6634
33993,Muthugadahalli,13.14071,77.52596,773843.4863491196,1454069.3787392136,6635
33994,Muthugadahalli,13.14063,77.52595,773842.4904051468,1454060.5130990774,6636
33995,Muthugadahalli,13.18243,77.67306,789751.9065497834,1458852.3383294188,6637
29121,Muthugadahalli,12.72525,77.4803,769336.3876076504,1408037.2089729372,6638
33996,Muthugadahalli,12.72533,77.48031,769337.3896418896,1408046.0735943012,6639
36459,Muthugadahalli Hostel,13.14906,77.53432,774741.0377108254,1455002.7102531376,6640
36460,Muthugadahalli Hostel,13.14901,77.53435,774744.3475960542,1454997.2087582806,6641
29124,Muthukadahalli,13.15008,77.84511,808455.5848651403,1455475.9628218228,6642
33998,Muthukadahalli,13.14991,77.84524,808469.9022192196,1455457.3014814816,6643
33997,Muthukadahalli,13.1825,77.67303,789748.570004974,1458860.052433065,6644
29126,Muthurayanagudipalya,12.84858,77.36733,756937.5595505363,1421571.7218106703,6645
33999,Muthurayanagudipalya,12.84862,77.36727,756931.0034062159,1421576.088737837,6646
29128,Muthurayanapura,12.85959,77.40045,760522.7621103333,1422823.528634478,6647
34000,Muthurayanapura,12.85951,77.40048,760526.1023701518,1422814.7051781192,6648
29134,Muthyala Nagara Gate,13.03799,77.55348,776943.5811809887,1442729.786893531,6649
34002,Muthyala Nagara Gate,13.03788,77.55333,776927.4253280498,1442717.4476722723,6650
24094,Muthyalamadu Cross,12.72005,77.69052,792184.8520343818,1407688.801572291,6651
24215,Muthyalamadu Cross,12.72004,77.69048,792180.5166673898,1407687.6496462382,6652
39533,Muthyalanagara,13.03553,77.54882,776440.6023712476,1442452.4171339974,6653
21575,Muthyalanagara Cross,13.04374,77.55325,776912.2170574849,1443365.9799217237,6654
21576,Muthyalanagara Cross,13.04362,77.55315,776901.4987551325,1443352.5883921199,6655
29136,Muttanahalli,12.86841,77.82208,806302.9627580834,1424264.7670788672,6656
34003,Muttanahalli,12.86896,77.82196,806289.260176074,1424325.5127597377,6657
29139,Muttanalluru,12.83243,77.73456,796839.3769903518,1420179.0645294366,6658
34004,Muttanalluru,12.83246,77.73463,796846.9455718781,1420182.4661709375,6659
35122,Muttanalluru Cross,12.8872,77.73836,797187.612319048,1426246.4687615198,6660
35131,Muttanalluru Cross,12.88749,77.7384,797191.6139460371,1426278.618067824,6661
35243,Muttanalluru Cross,12.88735,77.73838,797189.6072300292,1426263.09691365,6662
29143,Muttanalluru Gate,12.84295,77.72754,796064.498021232,1421335.5352201858,6663
34007,Muttanalluru Gate,12.84306,77.72747,796056.7656207427,1421347.63155738,6664
34008,Muttanalluru Gate,12.843,77.72751,796061.1807852846,1421341.0356465273,6665
34006,Muttanalluru Junction,12.84306,77.72752,796062.1966572664,1421347.6890697458,6666
29129,Muttarayanapura,12.72386,77.51479,773085.3259256174,1407919.368587341,6667
29131,Muttarayanapura Cross,12.72574,77.51392,772988.7836842557,1408126.5341132672,6668
34001,Muttarayanapura Cross,12.72577,77.51392,772988.7515705482,1408129.854535856,6669
29145,Mutturayanaswamy Doddy,12.74761,77.61488,783934.5336334761,1410655.5290151867,6670
34009,Mutturayanaswamy Doddy,12.74764,77.61494,783941.0193306654,1410658.9153781494,6671
34010,Mutturayanaswamy Temple,12.99168,77.44264,764964.6734771167,1437485.9358109743,6672
34011,Mutturayanaswamy Temple,12.99177,77.44268,764968.9193181999,1437495.9383905006,6673
29148,Mutturayanaswamy Temple,12.76848,77.5849,780654.1303582091,1412932.9188228562,6674
35320,Mutturayanaswamy Temple,12.76848,77.58494,780658.47601486,1412932.9621835244,6675
29150,Mutturu,13.28671,77.55166,776466.6990493439,1470257.7836431768,6676
34012,Mutturu,13.28662,77.55178,776479.8105619354,1470247.9550138507,6677
31398,Mylanahalli,13.13362,77.39903,760082.8132299873,1453150.0814352175,6678
29159,Mylanahalli,13.18411,77.69597,792234.933612548,1459064.8839761466,6679
34015,Mylanahalli,13.1855,77.69695,792339.5801490266,1459219.8966349035,6680
34016,Mylanahalli,13.1855,77.69703,792348.2576386735,1459219.9898768647,6681
34018,Mylanahalli,13.18408,77.69597,792234.9692797951,1459061.5630265772,6682
34828,Mylanahalli Bare,13.12716,77.39837,760018.0264720791,1452434.4403369476,6683
34829,Mylanahalli Bare,13.1271,77.39841,760022.4285076102,1452427.8411195,6684
29163,Mylanahalli Cross,13.13262,77.40361,760580.6570127453,1453044.1399560287,6685
34019,Mylanahalli Cross,13.13258,77.40361,760580.6992339107,1453039.7129451458,6686
29167,Mylappanahalli,13.13653,77.53511,774840.6928257273,1453616.6872777184,6687
34020,Mylappanahalli,13.13653,77.53506,774835.2689450798,1453616.6327000326,6688
34022,Mylappanahalli,13.13689,77.53488,774815.342047181,1453656.282890834,6689
29169,Mylappanahalli Cross,13.14856,77.55192,776650.7182948855,1454966.6564686827,6690
34023,Mylappanahalli Cross,13.14854,77.55196,776655.079682671,1454964.4867279215,6691
29173,Mylapura Gate,13.10712,77.87341,811580.2954036437,1450754.6215785875,6692
34025,Mylapura Gate,13.10731,77.87333,811571.3745429183,1450775.5582066278,6693
23995,Mylasandra,12.85403,77.62071,784448.5177819269,1422441.5129299439,6694
24158,Mylasandra,12.85318,77.62047,784423.4099591447,1422347.1610272254,6695
23771,Mylasandra Cross,12.84347,77.61341,783667.5503105054,1421264.5708901263,6696
24143,Mylasandra Cross,12.84352,77.61339,783665.3219283184,1421270.083317746,6697
21039,Mylasandra Cross,12.91749,77.49064,770254.4720720674,1429325.000479588,6698
21040,Mylasandra Cross,12.91751,77.49039,770227.3080506576,1429326.9501689894,6699
23996,Mylasandra Road Junction,12.84226,77.61863,784235.8645057862,1421136.3945032135,6700
24144,Mylasandra Road Junction,12.84229,77.61866,784239.0891183994,1421139.7483199146,6701
35383,Mysore Bank,12.97253,77.58199,780111.1131740138,1435515.456329337,6702
23482,Mysore Circle,12.96111,77.55962,777695.4805137194,1434226.947424432,6703
29176,Mysore Lamp,13.01546,77.55939,777610.0754437428,1440242.484326387,6704
34026,Mysore Lamp,13.01558,77.5595,777621.8803071447,1440255.8868658177,6705
38815,Mysore Road Bus Station,12.95366,77.54391,775998.2855639667,1433385.299823296,6706
21042,Mysore Road Bus Station,12.9536,77.54378,775984.2391201345,1433378.5181975605,6707
21580,Mysore Road Metro Station,12.94633,77.52972,774465.8834059873,1432558.6908529336,6708
23370,Mysore Road Metro Station,12.94636,77.53046,774546.1852686796,1432562.8066504041,6709
21043,Mysore Road TollGate,12.95768,77.55319,777001.2617418227,1433840.306618192,6710
21044,Mysore Road TollGate,12.95738,77.55178,776848.527875819,1433805.570985582,6711
29178,N Hosahalli,13.18476,77.92873,817483.6145965306,1459419.758825267,6712
34027,N Hosahalli,13.18467,77.92879,817490.2401842888,1459409.8701436587,6713
27508,N R I Layout,13.02988,77.67733,790394.1285788848,1441970.5573626568,6714
22337,NAL Manipal Hospital,12.95961,77.64991,787499.0673165339,1434160.9236557763,6715
22336,NAL/Manipal Hospital,12.95964,77.65076,787591.3122516378,1434165.202434048,6716
38940,NCBS College,13.07521,77.58193,779989.1008045546,1446880.8412169,6717
22356,NES Office,13.09766,77.59166,781019.4208081204,1449376.6062376238,6718
38098,NES Office,13.0972,77.5924,781100.2325461098,1449326.5127974423,6719
22357,NES Office,13.09784,77.59167,781020.3014263122,1449396.5414477508,6720
40431,NES Office,13.09796,77.59155,781007.1453068655,1449409.6906174496,6721
21060,NGEF,12.98787,77.64987,787462.220870317,1437289.0671631799,6722
21061,NGEF,12.98771,77.64986,787461.3195765906,1437271.3449521249,6723
36781,NGEF,12.98738,77.64856,787320.5821450634,1437233.3487314011,6724
21581,NGEF Layout Nagarabhavi,12.96097,77.50983,772290.7098102879,1434157.7863820468,6725
22362,NGEF Layout Nagarabhavi,12.96104,77.50972,772278.6928615222,1434165.4167335758,6726
23822,NGV Koramangala,12.94473,77.62327,784623.8653541268,1432483.9753988052,6727
24286,NICE Bridge,12.86562,77.6295,785390.0666499801,1423734.1563442843,6728
24350,NICE Bridge,12.86554,77.62948,785387.9851423276,1423725.2788692287,6729
34154,NICE Office,12.88111,77.49329,770581.3237807057,1425301.2485222842,6730
34155,NICE Office,12.88089,77.49311,770562.0146598519,1425276.7091504629,6731
27459,NICE Office,12.87908,77.49359,770616.0806923269,1425076.8838737682,6732
34156,NICE Office,12.87742,77.49588,770866.5297411261,1424895.5692722443,6733
22363,NICE Road,12.85694,77.52685,774251.805057301,1422661.6605668927,6734
29375,NICE Road 10th Stane,12.87273,77.4986,771166.9360292029,1424379.3481684027,6735
35415,NICE Road 10th Stone,12.87242,77.49865,771172.6990918439,1424345.0899745359,6736
29378,NICE Road 11th Stone,12.86449,77.51125,772549.5136172783,1423480.7207587797,6737
35419,NICE Road 11th Stone,12.86431,77.51118,772542.1065391602,1423460.7238648317,6738
29379,NICE Road 12th Stone,12.86008,77.52223,773746.6718849621,1423004.2805603808,6739
35420,NICE Road 12th Stone,12.85989,77.52208,773730.5884713887,1422983.0912223733,6740
29380,NICE Road 13th Stone,12.84954,77.55846,777692.7964308816,1421876.5124752792,6741
35421,NICE Road 13th Stone,12.84933,77.55834,777679.9948576048,1421853.1391124441,6742
29382,NICE Road 14th Stone,12.84866,77.57206,779170.7980595932,1421793.8254378585,6743
35423,NICE Road 14th Stone,12.84843,77.57191,779154.7614627272,1421768.2049024336,6744
29384,NICE Road 15th Stone,12.85499,77.60959,783239.7306077499,1422535.5026025784,6745
35425,NICE Road 15th Stone,12.85483,77.61009,783294.2133075637,1422518.3430437755,6746
29387,NICE Road 16th Stone,12.86416,77.6253,784935.5841751567,1423567.8875255636,6747
35426,NICE Road 16th Stone,12.864,77.62551,784958.5717072028,1423550.409887678,6748
29389,NICE Road 17th Stone,12.86481,77.64383,786947.279217178,1423660.4542078527,6749
35604,NICE Road 17th Stone,12.8646,77.64375,786938.8298338777,1423637.1195744956,6750
29396,NICE Road 1st Stone,13.04219,77.47506,768428.9626786178,1443110.340069619,6751
35597,NICE Road 1st Stone,13.04239,77.47538,768463.4713797926,1443132.8148115177,6752
29403,NICE Road 2nd Stone,13.03242,77.47554,768491.5958974157,1442029.505068778,6753
35590,NICE Road 2nd Stone,13.03235,77.47578,768517.7159653101,1442022.0114015983,6754
29405,NICE Road 3rd Stone,13.02279,77.4754,768486.790168087,1440963.5097601505,6755
35588,NICE Road 3rd Stone,13.0228,77.47563,768511.739688938,1440964.8597252173,6756
29408,NICE Road 4th Stone,13.00933,77.47494,768451.3721586295,1439473.2739228408,6757
35586,NICE Road 4th Stone,13.009,77.47509,768468.0068912592,1439436.9080162174,6758
29412,NICE Road 5th Stone,12.97116,77.47145,768113.595061393,1435244.9615725675,6759
35582,NICE Road 5th Stone,12.97121,77.47122,768088.576041878,1435250.2536720845,6760
29413,NICE Road 6th Stone,12.94602,77.4701,767993.9757694188,1432461.0722857162,6761
35581,NICE Road 6th Stone,12.94603,77.46989,767971.1682944989,1432461.9587653002,6762
29417,NICE Road 7th Stone,12.93791,77.46939,767925.5706684373,1431562.7221986388,6763
35577,NICE Road 7th Stone,12.93791,77.46959,767947.2825835866,1431562.931851689,6764
29423,NICE Road 8th Stone,12.92684,77.46932,767929.7965314211,1430337.4349714955,6765
35569,NICE Road 8th Stone,12.92684,77.46953,767952.5950499258,1430337.6549259776,6766
29424,NICE Road 9th Stone,12.88789,77.48532,769708.6331961587,1426043.2690245314,6767
35568,NICE Road 9th Stone,12.88753,77.48528,769704.6756309676,1426003.3822990686,6768
27461,NICE Road Bannerughatta Road Junction,12.85004,77.58986,781102.4596239418,1421965.952856401,6769
34157,NICE Road Bannerughatta Road Junction,12.85032,77.58619,780703.5621072778,1421992.9384240326,6770
40497,NICE Road Bannerughatta Road Junction,12.85078,77.58354,780415.2446455818,1422040.9647063657,6771
38820,NICE Road Junction,12.86,77.52874,774453.7283586595,1423002.3662282743,6772
27463,NICE Road Kanakapura Road,12.85836,77.52802,774377.3216479876,1422820.0780622987,6773
27465,NICE Road Kanakapura Road Junction,12.85828,77.52614,774173.243744853,1422809.218172698,6774
34158,NICE Road Kanakapura Road Junction,12.85849,77.52611,774169.7575904308,1422832.429529635,6775
22364,NICE Road Kanakapura Road Junction,12.85691,77.52659,774223.6019456345,1422658.0628302866,6776
21063,NICE Road Kengeri Road Junction,12.90277,77.46944,767968.502842623,1427673.5256419063,6777
27466,NICE Road Kengeri Road Junction,12.9036,77.47073,768107.6792533593,1427766.738099764,6778
35386,NICE Road Kengeri Road Junction,12.90224,77.46926,767949.5242276423,1427614.6778117495,6779
22233,NICE Road Madavara,13.05692,77.47395,768292.6068362194,1444739.480568611,6780
30392,NICE Road Magadi Road Junction,12.9901,77.47231,768186.6132938708,1437342.1323719698,6781
33150,NICE Road Magadi Road Junction,12.99008,77.47252,768209.4275694399,1437340.1400087615,6782
27468,NICE Road Mysore Road Junction,12.90175,77.47068,768104.2233303899,1427561.9302756812,6783
34159,NICE Road Mysore Road Junction,12.90245,77.47062,768096.9623948188,1427639.3425675568,6784
30394,NICE Road Tumkur Road Junction,13.05403,77.47667,768590.8742295434,1444422.4973723104,6785
33151,NICE Road Tumkur Road Junction,13.05351,77.47681,768606.6278582703,1444365.092105905,6786
27470,NICE Road Veerabhadranagara,12.94054,77.53121,774633.9842649534,1431919.434598773,6787
34160,NICE Road Veerabhadranagara,12.93657,77.53152,774671.988783797,1431480.3540874952,6788
38125,NICE Toll Electronic City,12.85879,77.65603,788279.1424770646,1423007.7369632116,6789
24281,NIFT College,12.91191,77.65192,787772.0288054108,1428883.1301175912,6790
24298,NIFT College,12.91197,77.65182,787761.1015822788,1428889.6593087786,6791
27498,NITTE Meenakshi College,13.13102,77.5901,780812.2612571954,1453067.4665613153,6792
34172,NITTE Meenakshi College,13.1311,77.5899,780790.4734120977,1453076.0987473621,6793
23684,NR Colony,12.93789,77.5689,778728.726879362,1431666.9252343609,6794
23730,NR Colony,12.93788,77.56908,778748.2800763737,1431666.0146833977,6795
38041,NRI Layout,13.0299,77.67764,790427.7512484109,1441973.1260329937,6796
27513,NS Palya,12.90862,77.60332,782498.5975279007,1428464.8463231598,6797
34178,NTTF Peenya,13.02503,77.51099,772346.7224933308,1441249.3355947381,6798
21068,NTTF Peenya,13.02514,77.51122,772371.5628376467,1441261.7573912418,6799
21069,NTTF Peenya,13.02461,77.51099,772347.1819411817,1441202.848918408,6800
29180,Naduvatti,13.00614,77.79651,803358.887104233,1439481.8299193785,6801
34028,Naduvatti,13.0061,77.79657,803365.4491261784,1439477.4733016582,6802
29182,Naduvatti Colony,12.99979,77.79968,803710.7440784281,1438782.6332524372,6803
34029,Naduvatti Colony,12.99985,77.79982,803725.869222289,1438789.4427954052,6804
29184,Nagadasanahalli,13.15987,77.57783,779448.4678297814,1456247.1848181922,6805
36083,Nagadasanahalli,13.15992,77.57791,779457.0887451107,1456252.8082014874,6806
34030,Nagadenahalli,13.28484,77.59853,781550.2268161873,1470103.3135713628,6807
29186,Nagadenahalli,13.28518,77.59849,781545.4976516129,1470140.9033385876,6808
22322,Nagadevanahalli,12.93588,77.49244,770430.0780119854,1431362.3153321906,6809
22323,Nagadevanahalli,12.93591,77.4923,770414.8469559306,1431365.4876486487,6810
29188,Nagalakshmi Kalyana Mantapa,12.92713,77.56811,778654.9141867555,1430475.0785388236,6811
34031,Nagalakshmi Kalyana Mantapa,12.9274,77.56794,778636.1571454438,1430504.7786494463,6812
22324,Nagaland Circle,13.05575,77.55721,777328.550057445,1444699.6508550742,6813
22325,Nagaland Circle,13.056,77.55734,777342.3777827774,1444727.464774265,6814
29190,Nagamangala,13.21676,77.61932,783883.2504377271,1462590.9642293223,6815
34032,Nagamangala,13.21671,77.61932,783883.3083279033,1462585.4296121919,6816
34033,Naganayakanahalli,12.79247,77.47749,768959.9841458115,1415474.0853568004,6817
34034,Naganayakanahalli,12.79251,77.47747,768957.7692734802,1415478.4916805865,6818
34035,Naganayakanahalli,13.2261,77.79069,802457.7330661324,1463825.735502589,6819
34036,Naganayakanahalli,13.22612,77.79073,802462.0467034329,1463827.9980176408,6820
29198,Naganayakanahalli,12.77,77.69376,792479.5521660445,1413221.674166198,6821
34038,Naganayakanahalli,12.76982,77.6939,792494.9703126516,1413201.9071881974,6822
29199,Naganayakanakote,12.96622,77.79481,803222.823831958,1435060.4466732373,6823
23565,Naganayakanakote Cross,12.96533,77.79989,803775.4565395775,1434967.9656896922,6824
23568,Naganayakanakote Cross,12.96515,77.79988,803774.5894556125,1434948.0267707233,6825
29201,Nagapura,13.00202,77.54437,775994.8050139784,1438738.5149276839,6826
29397,Nagarabhavi 2nd Stage 11th Block,12.97017,77.50909,772200.3694727207,1435175.2712589551,6827
35596,Nagarabhavi 2nd Stage 11th Block,12.97008,77.50906,772197.2109883628,1435165.277847676,6828
21577,Nagarabhavi Circle,12.9601,77.51982,773376.104136626,1434072.1750444092,6829
35385,Nagarabhavi Circle,12.95967,77.51985,773379.830484579,1434024.613583676,6830
29205,Nagarabhavi Circle,12.95894,77.51681,773050.6234792202,1433940.5602832944,6831
34041,Nagarabhavi Circle,12.95907,77.51686,773055.9093430217,1433955.002518333,6832
35384,Nagarabhavi Circle,12.95829,77.5189,773278.2111810887,1433870.853811509,6833
29207,Nagarabhavi Vishweshwaraiah Sports Club,12.96908,77.49946,771156.2327546866,1435044.3674597,6834
34042,Nagarabhavi Vishweshwaraiah Sports Club,12.96914,77.49947,771157.2531787918,1435051.018971703,6835
29211,Nagaraesh Nagenahalli Dinne,13.07727,77.64674,787019.292901125,1447181.5157611552,6836
29213,Nagarahole Nagara,12.99845,77.49738,770898.5977400092,1438292.8645235307,6837
34045,Nagarahole Nagara,12.99841,77.49745,770906.2386455138,1438288.5118036936,6838
38617,Nagaraholenagara Cross,12.99736,77.49682,770839.0011951886,1438171.6257155526,6839
29215,Nagarajuna College Ananthapura,13.1173,77.56127,777700.1173017558,1451516.87647824,6840
34046,Nagarajuna College Ananthapura,13.11722,77.56134,777707.8013643408,1451508.0986075145,6841
29221,Nagarenahalli,13.16665,77.8281,806589.4415287103,1457289.6115014246,6842
34049,Nagarenahalli,13.16667,77.82805,806583.9922256307,1457291.7646493642,6843
29209,Nagaresh Nagenahalli,13.07027,77.64265,786583.5682709026,1446402.0244709842,6844
34043,Nagaresh Nagenahalli,13.07029,77.64259,786577.0342592543,1446404.1703748908,6845
29217,Nagaruru,13.09109,77.43461,763987.5847968244,1448479.9838645537,6846
34047,Nagaruru,13.09115,77.4346,763986.4359439992,1448486.6140524372,6847
29219,Nagaruru Cross,13.09212,77.44532,765148.4157237208,1448605.196711954,6848
34048,Nagaruru Cross,13.09215,77.44534,765150.5534136398,1448608.5380437467,6849
29223,Nagasandra,13.03949,77.50001,771139.367901827,1442838.0425868055,6850
34050,Nagasandra,13.03944,77.50002,771140.5075943721,1442832.5191856879,6851
29225,Nagasandra Circle,12.93697,77.57208,779074.9947815678,1431568.56370524,6852
34051,Nagasandra Circle,12.93687,77.57193,779058.8209340249,1431557.3312594357,6853
34052,Nagasandra Cross,13.03849,77.50451,771628.7900408937,1442732.1753183855,6854
36386,Nagasandra Cross,13.03598,77.513,772552.8641220555,1442463.4685901285,6855
29231,Nagasandra Metro Staiton,13.04817,77.49961,771086.4952146959,1443798.333248947,6856
34055,Nagasandra Metro Station,13.04779,77.49947,771071.7177914184,1443756.1244228976,6857
29235,Nagasandra Palya,13.00149,77.3776,757895.62333294,1438504.8394275347,6858
34056,Nagasandra Palya,13.00153,77.37757,757892.326223043,1438509.2359127274,6859
21047,Nagashetty halli,13.04175,77.57279,779034.9411762628,1443167.134947016,6860
21048,Nagashetty halli,13.04171,77.57273,779028.4747430155,1443162.6414246634,6861
22382,Nagavara Junction Petrol Bunk,13.04189,77.62498,784698.6554897703,1443240.646473463,6862
22383,Nagavara Junction Petrol Bunk,13.04192,77.6248,784679.0864370856,1443243.765121532,6863
29239,Nagavarapalya,12.98948,77.6639,788983.3449394626,1437483.1688957945,6864
34058,Nagavarapalya,12.98946,77.66387,788980.1115298743,1437480.9209503026,6865
22326,Nagawara,13.03728,77.62333,784524.8627310605,1442728.5067762744,6866
22327,Nagawara,13.03735,77.62336,784528.0384829389,1442736.2888299963,6867
35838,Nagawara Junction,13.04042,77.62445,784642.8197010644,1443077.334846337,6868
36305,Nagawara Junction,13.04054,77.62435,784631.8296516999,1443090.5055873587,6869
37603,Nagawara Junction,13.03982,77.62421,784617.4601303791,1443010.650544719,6870
35837,Nagawara Junction,13.03997,77.62419,784615.1178860813,1443027.2318282544,6871
20884,Nagawara Junction,13.0402,77.62454,784652.8389812883,1443053.0837265118,6872
20885,Nagawara Junction,13.04046,77.62408,784602.6190352625,1443081.3472229037,6873
29241,Nagayyana Doddy,12.71167,77.64148,786865.1662894671,1406706.5737473092,6874
34059,Nagayyana Doddy,12.71169,77.64159,786877.0975325711,1406708.908918453,6875
38822,Nagegowdanapalya,12.86768,77.51575,773034.7351917966,1423838.571963841,6876
29247,Nagegowdanpalya Cross,12.85525,77.51445,772907.012036766,1422461.4173212214,6877
34063,Nagegowdanpalya Cross,12.85523,77.51448,772910.2916262766,1422459.235519574,6878
22332,Nagenahalli,13.17291,77.76141,799346.963046266,1457902.1664304875,6879
34066,Nagenahalli,13.17288,77.76134,799339.4059907815,1457898.761852855,6880
34065,Nagenahalli,13.13116,77.57473,779144.7091578838,1453065.8781657957,6881
34067,Nagenahalli,13.13111,77.57468,779139.341545936,1453060.2883420258,6882
29254,Nagenahalli,13.19894,77.40237,760376.0144285965,1460382.851127625,6883
22331,Nagenahalli,13.08136,77.65328,787724.2171644385,1447641.686951933,6884
22333,Nagenahalli,13.08139,77.65341,787738.2887667654,1447645.1557405503,6885
34069,Nagenahalli Gate,13.13001,77.57132,778776.0811862528,1452934.81036335,6886
29256,Nagenahalli Gate,13.13004,77.57147,778792.3197965847,1452938.2970114897,6887
22334,Nagendra Block,12.9419,77.55322,777021.9723295725,1432093.724919446,6888
22335,Nagendra Block,12.94192,77.55304,777002.408678035,1432095.7434700902,6889
23561,Nagondanahalli,12.97524,77.77134,800663.7909005554,1436031.1949930706,6890
35181,Nagondanahalli,12.97526,77.77131,800660.5098251774,1436033.3736574394,6891
29260,Naidu Layout,12.809,77.66867,789709.0192002074,1417510.5015995759,6892
34071,Naidu Layout,12.80894,77.66866,789708.0015267804,1417503.8487582763,6893
29265,Nalku Kamba,12.85214,77.452,766128.4478964952,1422051.77467788,6894
34073,Nalku Kamba,12.85215,77.45203,766131.6952159517,1422052.9124788041,6895
29269,Nallakkana Doddy Cross,12.79814,77.52598,774221.0675895939,1416152.609531748,6896
34075,Nallakkana Doddy Cross,12.79803,77.52601,774224.4452945777,1416140.466338322,6897
29267,NallakkanaDoddy,12.80949,77.53085,774737.7625554942,1417414.031487742,6898
34074,NallakkanaDoddy,12.80946,77.53074,774725.846932567,1417410.593922282,6899
29271,Nallapanahalli Gate,13.20669,77.78127,801459.9265854049,1461665.563745135,6900
34076,Nallapanahalli Gate,13.20659,77.78116,801448.1181808296,1461654.3607648956,6901
22338,Nallur,13.187,77.76044,799224.5895665968,1459460.8243486718,6902
22339,Nallur,13.187,77.76047,799227.8437602124,1459460.8601439807,6903
29274,Nallur Cross,13.20214,77.77149,800404.7019799375,1461150.1040880622,6904
34077,Nallur Cross,13.20238,77.77168,800425.0169952353,1461176.9010888056,6905
38813,Nallur Cross,13.20203,77.77148,800403.7519432891,1461137.9145764916,6906
22340,Nallur Cross,13.18514,77.75974,799150.9226030613,1459254.0804912793,6907
34078,Nallur Cross,13.18515,77.75971,799147.6562143983,1459255.1517463312,6908
29277,Nallurahalli,12.96926,77.73563,796794.0152736229,1435327.3422338355,6909
34080,Nallurahalli,12.96934,77.73574,796805.8626367459,1435336.3263186968,6910
29279,Nammura Sarkari School,13.13415,77.53406,774729.4408270904,1453352.1108394056,6911
34081,Nammura Sarkari School,13.13414,77.53412,774735.9606737131,1453351.0694448785,6912
29281,Nanda Gokula Nagara,13.06096,77.31793,751359.9781136125,1445026.558141883,6913
34082,Nanda Gokula Nagara,13.061,77.31797,751364.2774220842,1445031.0245848258,6914
29283,Nanda Shree,13.06021,77.78446,801985.1429609514,1445453.2842443178,6915
34083,Nanda Shree,13.06017,77.78441,801979.7650801749,1445448.7964077673,6916
22341,Nanda Talkies,12.93222,77.58022,779964.0421602044,1431051.7008705952,6917
22342,Nanda Talkies,12.93327,77.58007,779946.5844856051,1431167.7583001934,6918
29285,Nandagudi,13.2022,77.90111,814464.864461296,1461315.8417968927,6919
34084,Nandagudi,13.20237,77.90143,814499.3596350579,1461335.0653063501,6920
38922,Nandaramaiahna Palya,13.08949,77.42519,762967.3094920437,1448293.0784889269,6921
38923,Nandaramaiahna Palya,13.08945,77.42518,762966.2670539424,1448288.6410205362,6922
38151,Nandas Hotel,12.92173,77.64503,787012.6556780587,1429962.3961006568,6923
29289,Nandhini Layout,13.01473,77.53052,774477.5758691712,1440130.3199367488,6924
34086,Nandhini Layout,13.01466,77.5307,774497.1885149457,1440122.7664966334,6925
29292,Nandhini Talkies,13.00386,77.54344,775891.829815458,1438941.166185673,6926
34087,Nandhini Talkies,13.00383,77.54339,775886.4361840904,1438937.7913949247,6927
37996,Nandi Cross,13.36842,77.72579,795246.43723487,1479503.190393124,6928
37997,Nandi Cross,13.36848,77.72596,795264.7903171303,1479510.0353591808,6929
23362,Nandi Garden Kothanur,12.86745,77.56561,778449.5525379463,1423866.6201246497,6930
23365,Nandi Garden Kothanur,12.86748,77.56566,778454.9492691373,1423869.9948804835,6931
34091,Nandidurga Road,13.00068,77.59952,781982.2687332085,1438650.686836052,6932
34092,Nandidurga Road,13.00075,77.59959,781989.7875415464,1438658.512692035,6933
38147,Nandini Cool Joint,12.91264,77.64461,786977.441566268,1428955.7315229753,6934
38148,Nandini Cool Joint,12.91267,77.64466,786982.8364868179,1428959.1083334123,6935
34195,Nandini Hotel JP Nagara,12.90512,77.58581,780601.2387476787,1428058.1927235173,6936
29301,Nandini Layout Bus Stand,13.0116,77.53569,775042.1353226029,1439789.4681006963,6937
29302,Nandini Layout Police Station,13.01235,77.53666,775146.5837910369,1439873.531334048,6938
27499,Nandini Layout Ring Road,13.0116,77.52853,774265.0448630541,1439781.7308214933,6939
29290,Nandini Layout Ring Road,13.01159,77.52872,774285.676934166,1439780.8290185458,6940
35117,Nanjappa Circle,12.96064,77.60095,782182.7076960824,1434220.2738261449,6941
35278,Nanjappa Circle,12.96058,77.60095,782182.7753608096,1434213.6324774432,6942
22343,Nanjappa Circle,13.06849,77.55995,777611.6316740478,1446112.799603985,6943
22344,Nanjappa Circle,13.06837,77.56011,777629.1274689684,1446099.692728095,6944
23516,Nanjappa Circle,13.06843,77.5603,777649.677122969,1446106.542375065,6945
29305,Nanjapura,12.80974,77.64123,786727.3869726367,1417561.7687885826,6946
34093,Nanjapura,12.80971,77.64137,786742.6288771583,1417558.6035980934,6947
29307,Nanjapura Cross,12.81365,77.64231,786840.276201111,1417995.772609674,6948
34094,Nanjapura Cross,12.8137,77.64233,786842.3920833643,1418001.32942034,6949
39486,Nanjundegowda layout,13.08588,77.50509,771639.8659347177,1447978.0339583773,6950
39487,Nanjundegowda layout,13.08588,77.50515,771646.3757928873,1447978.0984431843,6951
22345,Nanjundeshwara Stores,12.93361,77.54205,775818.4363761074,1431164.0672859608,6952
22198,Nano Hospital,12.90698,77.54622,776300.4689378598,1428221.0396230384,6953
23736,Nano Hospital,12.907,77.54619,776297.189586546,1428223.2209568704,6954
29309,Narasaiahna Agrahara,13.25458,77.454,765914.4951301345,1466595.279113171,6955
34095,Narasaiahna Agrahara,13.25463,77.45391,765904.6830139048,1466600.7172260445,6956
34098,Narasapura,12.80048,77.80158,804158.0665302741,1416720.2271775133,6957
34096,Narasapura,12.82802,77.7761,801357.024762077,1419739.099110327,6958
34097,Narasapura,12.82806,77.7761,801356.97708824,1419743.5272173001,6959
29315,Narasapura (H D Devegowda Circle),12.9772,77.49366,770517.8673611539,1435936.9356632351,6960
34099,Narasapura (H D Devegowda Circle),12.97731,77.49353,770503.6375406324,1435948.9725647906,6961
34832,Narasapura 1,12.80052,77.80172,804173.2288486522,1416724.8202827454,6962
29317,Narasapura Gate,13.11244,77.27348,746486.2274836375,1450679.9362461716,6963
34100,Narasapura Gate,13.11237,77.27337,746474.3656130149,1450672.082174825,6964
24120,Narasimha Temple,12.7762,77.63615,786213.4073675963,1413843.5590937186,6965
24277,Narasimha Temple,12.77624,77.6361,786207.9301798879,1413847.9314137623,6966
29319,Narasipura,13.10984,77.46356,767108.1677242469,1450585.6514828445,6967
34101,Narasipura,13.10984,77.46352,767103.8283632798,1450585.6091366857,6968
34102,Narayan Rao Palya,13.14134,77.38115,758135.3258251208,1453986.0884248838,6969
29325,Narayana Nagara Cross,12.87939,77.55384,777158.2340634859,1425175.4717711604,6970
34104,Narayana Nagara Cross,12.87999,77.55341,777110.8796614796,1425241.418489654,6971
29327,Narayanaghatta,12.83613,77.72525,795823.7426455901,1420577.9387002352,6972
34105,Narayanaghatta,12.83608,77.72523,795821.6287074451,1420572.38080382,6973
29329,Narayanaghatta Gate,12.83786,77.72468,795759.80229014,1420768.7922350864,6974
34106,Narayanaghatta Gate,12.83786,77.72462,795753.2849257395,1420768.7233185165,6975
29331,Narayanakere,12.94391,77.85785,810095.071482356,1432666.3149639675,6976
34107,Narayanakere,12.94398,77.85776,810085.2119087114,1432673.955414899,6977
34108,Narayananagara 3rd Stage,12.87911,77.55845,777659.1493382852,1425149.4614238844,6978
29335,Narayanappanapalya Adakimaranahalli,13.06246,77.43659,764232.9029923168,1445313.361994141,6979
34109,Narayanappanapalya Adakimaranahalli,13.06252,77.43656,764229.5840415957,1445319.971321213,6980
29341,Narayanapura,12.79262,77.46093,767161.0403047776,1415473.5115539737,6981
34114,Narayanapura,12.79268,77.461,767168.5806242505,1415480.2245432083,6982
34110,Narayanapura,13.16259,77.60144,782006.3649223013,1456574.6344576536,6983
34111,Narayanapura,13.16264,77.6014,782001.9688129699,1456580.1240942574,6984
39042,Narayanapura Cross,12.69588,77.69552,792755.9157826569,1405018.927498421,6985
39043,Narayanapura Cross,12.69587,77.69551,792754.8404241077,1405017.8093022346,6986
29344,Narendra Tent Nagawara,13.02682,77.62062,784242.7023046452,1441567.6385549484,6987
22347,National College,12.94865,77.57567,779451.7274379664,1432865.310748749,6988
37084,National College,12.92467,77.57801,779732.5202468198,1430213.5943249208,6989
22346,National College,12.94942,77.57379,779246.7707394741,1432948.4831016923,6990
22348,National College,12.94926,77.57367,779233.9216330126,1432930.6419687218,6991
39204,National Cricket Academy,13.16523,77.70853,793619.848215756,1456989.5476063748,6992
39205,National Cricket Academy,13.16511,77.70841,793606.9739218368,1456976.1234406563,6993
23934,National Games Village Gate,12.94928,77.62039,784306.0244531432,1432984.4102306634,6994
23948,National Games Village Gate,12.94868,77.61997,784261.1076891711,1432917.5282745098,6995
29345,National Law College University,12.95323,77.51662,773036.226079038,1433308.359777514,6996
40013,National Public School Kudlu,12.89009,77.66884,789634.4336478859,1426486.8587844272,6997
40012,National Public School Kudlu,12.89018,77.66885,789635.4160059087,1426496.832550019,6998
29346,National Public School Ullal Lake,12.95588,77.47877,768924.5720684857,1433561.485172946,6999
29347,National Public School Ullala,12.95594,77.4786,768906.0537025641,1433567.9468483322,7000
38097,National Public School Uttarahalli,12.904,77.5309,774640.3075493926,1427874.7302388877,7001
37082,National college,12.92462,77.57804,779735.8331891777,1430208.0927735718,7002
29349,Navarang Bar,12.99126,77.55778,777462.2621777514,1437562.1237519558,7003
34116,Navarang Bar,12.99126,77.55762,777444.8952961883,1437561.9493530737,7004
29351,Navarang Theatre,12.99862,77.55298,776933.0887205487,1438371.5425821983,7005
34117,Navarang Theatre,12.99843,77.55288,776922.445681073,1438350.4034617846,7006
35082,Navarang Theatre,12.99762,77.55113,776733.4001127316,1438258.844018645,7007
21049,Navarang Theatre,12.99748,77.54884,776484.9994665886,1438240.8584120139,7008
21051,Navarang Theatre,12.99791,77.55159,776783.0066739728,1438291.4431954813,7009
35290,Navarang Theatre,12.99825,77.55096,776714.2496043267,1438328.390962722,7010
29353,Navarathna Agrahara,13.1997,77.63587,785697.9505387668,1460721.3640731217,7011
34118,Navarathna Agrahara,13.19963,77.6358,785690.439970053,1460713.535714917,7012
35728,Navayuga Toll,13.19312,77.64887,787115.5972943709,1460007.8525483387,7013
35729,Navayuga Toll,13.19384,77.65053,787294.8012224631,1460089.454471994,7014
38168,Navayuga Toll  (Military Dairy Farm),13.04998,77.59277,781193.9165012421,1444100.1778164906,7015
35745,Navayuga Toll (KIA),13.19332,77.65018,787257.447924373,1460031.4921585014,7016
38004,Navayuga Toll (V-298MN),13.19291,77.6486,787086.5581478674,1459984.2974899083,7017
38005,Navayuga Toll (V-298MN),13.19411,77.6509,787334.6160280976,1460119.7661145586,7018
23455,Navodaya Nagara,12.88137,77.58381,780410.5445130181,1425427.1789775544,7019
23471,Navodaya Nagara,12.88129,77.58376,780405.2039586598,1425418.2693741021,7020
29355,Navodaya School Bagalur,13.14903,77.67494,789995.1714013019,1455157.2479789075,7021
34119,Navodaya School Bagalur,13.14888,77.67468,789967.1422905875,1455140.3437639573,7022
29357,Navodaya School Doddaballapura,13.26922,77.5523,776555.9029906306,1468322.5700464614,7023
34120,Navodaya School Doddaballapura,13.2691,77.55217,776541.944262912,1468309.1433512922,7024
29359,Navya Badavane,12.78732,77.65385,788123.7627946137,1415094.1020623532,7025
34121,Navya Badavane,12.78723,77.65396,788135.8152687574,1415084.2623629302,7026
29361,Nawkalpalya,12.79431,77.48902,770210.4514382812,1415689.7619545837,7027
34122,Nawkalpalya,12.79428,77.48904,770212.6558621568,1415686.4624883246,7028
34123,Nayakanapalya,12.90386,77.28116,747526.2449198202,1427604.8116396593,7029
29365,Nayanahalli,12.75997,77.67258,790189.8271057601,1412087.5793242578,7030
34124,Nayanahalli,12.76002,77.67255,790186.5104837306,1412093.0803978278,7031
30387,Nayanahalli Cross,12.76153,77.65501,788279.0552137354,1412240.6420014934,7032
35295,Nayanahalli Cross,12.76145,77.65493,788270.4539264919,1412231.697594394,7033
21052,Nayandahalli,12.94268,77.52589,774054.0897346018,1432150.5848824114,7034
21053,Nayandahalli,12.94288,77.52576,774039.7579988388,1432172.582069121,7035
34321,Nayandahalli Junction,12.94552,77.52755,774231.1940744792,1432466.7065891547,7036
20887,Nayandahalli Junction,12.94509,77.52857,774342.3967905105,1432420.2080067347,7037
23371,Nayandahalli Junction,12.94381,77.53029,774530.5240733733,1432280.380997278,7038
37961,Nayandahalli Junction,12.94581,77.52832,774314.4682486455,1432499.6315398398,7039
39979,Nayara Petrol Bunk,12.855,77.55423,777227.4031971449,1422476.2897406656,7040
39980,Nayara Petrol Bunk,12.85507,77.55422,777226.2402806769,1422484.0268945773,7041
31886,Nayara Petrol Pump Puttenahalli Lake,12.89127,77.58769,780820.8399542677,1426527.2281752538,7042
23497,Neeladri Nagar,12.84153,77.64799,787425.5873380555,1421088.1884610145,7043
29371,Neeladri Nagar SNN Raj Neeladri Apartment,12.843,77.64426,787018.7837040252,1421246.7439258618,7044
34126,Neeladri Nagar SNN Raj Neeladri Apartment,12.84285,77.6442,787012.4373093185,1421230.0732512288,7045
29372,Neeladri Nagara,12.84148,77.64798,787424.558079534,1421082.6426900073,7046
21054,Neelagiri Thopu,12.99578,77.50253,771460.4603991183,1438002.8334859614,7047
21055,Neelagiri Thopu,12.99577,77.50249,771456.129802931,1438001.6839989726,7048
27398,Neelasandra BDA Complex,12.95723,77.61498,783709.6736902203,1433858.3799714646,7049
22349,Neelasandra Bus Stand,12.95766,77.61429,783634.2784377042,1433905.2097348045,7050
22350,Neelasandra Bus Stand,12.95746,77.61444,783650.7894123539,1433883.238425642,7051
22351,Neelasandra Rose Garden,12.95371,77.61752,783989.4155729525,1433471.5749144934,7052
22352,Neelasandra Rose Garden,12.95379,77.61737,783973.0402309126,1433480.263266752,7053
37991,Neeleri,13.27327,77.71059,793713.8269501589,1468951.9581415104,7054
27404,Neeleri Cross,13.2778,77.71253,793918.7268470409,1469455.7178923844,7055
34130,Neeleri Cross,13.27775,77.71252,793917.7027875942,1469450.1710781888,7056
27402,Neeleri Gate,13.25862,77.70601,793234.804278075,1467324.813960071,7057
34129,Neeleri Gate,13.25857,77.70602,793235.9486462439,1467319.29073239,7058
24320,Nekkundi Dommasandra,12.92787,77.77594,801220.189368082,1430792.60475112,7059
24330,Nekkundi Dommasandra,12.92785,77.77604,801231.0721900702,1430790.5084824811,7060
34131,Nelagadarenahalli,13.03155,77.50364,771541.954467946,1441963.1102566747,7061
34132,Nelagadarenahalli,13.03157,77.50358,771535.4213636687,1441965.2597005472,7062
27410,Nelaguli,12.77179,77.48349,769633.6868112965,1413191.4991690428,7063
34134,Nelaguli,12.77183,77.4835,769634.7306847186,1413195.9367344747,7064
23549,Nelagulli Cross,12.77412,77.49242,770601.2941422035,1413458.7005122043,7065
23629,Nelagulli Cross,12.77409,77.49217,770574.1681144899,1413455.1187586037,7066
22353,Nelamangala Bus Station,13.09796,77.39438,759615.8817556634,1449198.632633469,7067
27411,Nelamangala Bus Station,13.09803,77.39387,759560.4814122388,1449205.855619712,7068
27413,Nelamangala Cement Factory,13.09212,77.37748,757788.5884256465,1448534.990257312,7069
34135,Nelamangala Cement Factory,13.09184,77.37756,757797.5587200859,1448504.0834169576,7070
35813,Nelamangala Court,13.08797,77.39381,759564.5162145025,1448092.4107358435,7071
35814,Nelamangala Court,13.08799,77.39386,759569.9196888198,1448094.675571767,7072
27418,Nelamangala Hunasemara,13.10062,77.39073,759217.129141978,1449489.2764552834,7073
34136,Nelamangala Hunasemara,13.09978,77.39083,759228.8571998966,1449396.4128657929,7074
34137,Nelamangala Hunasemara,13.10054,77.39064,759207.4494743778,1449480.3301345555,7075
34833,Nelamangala Hunasemara 1,13.09991,77.39085,759230.8907098477,1449410.821031789,7076
40437,Nelamangala Jass,13.1137,77.37542,757542.6478669989,1450921.2129438214,7077
40438,Nelamangala Jass,13.11568,77.37378,757362.6862138694,1451138.671638878,7078
27420,Nelamangala Jass Toll,13.11379,77.37524,757523.0284543285,1450930.989754559,7079
34138,Nelamangala Jass Toll,13.11541,77.37417,757405.2725925123,1451109.1879139245,7080
34139,Nelamangala Railway Station,13.11213,77.39275,759424.1941944795,1450765.2121960407,7081
27428,Nellukunte,13.22201,77.54179,775469.5622272866,1463085.4277631398,7082
34142,Nellukunte,13.22215,77.54189,775480.2489122469,1463101.0339538623,7083
27433,Neragenahalli,13.23603,77.63007,785026.658749813,1464736.2427049421,7084
34144,Neragenahalli,13.23602,77.63003,785022.3327558641,1464735.0901500373,7085
27435,Neragenahalli Cross,13.22897,77.62986,785012.1028785377,1463954.5085621113,7086
34145,Neragenahalli Cross,13.229,77.62985,785010.9835323242,1463957.817961199,7087
27437,Neralemarada Doddi,12.65863,77.49166,770641.1740607853,1400675.5904388647,7088
34146,Neralemarada Doddi,12.65868,77.49163,770637.8608542967,1400681.093276764,7089
22354,Neraluru Gate,12.79229,77.72844,796221.5478941554,1415728.5800317691,7090
22355,Neraluru Gate,12.79217,77.72813,796188.0088272532,1415714.9408584018,7091
24026,Nerige,12.91165,77.77684,801337.3915582467,1428998.0570980269,7092
24035,Nerige,12.91177,77.7769,801343.7632859363,1429011.412110228,7093
27441,Neshepalya,12.93296,77.21401,740208.6985292404,1430761.1364827238,7094
34148,Neshepalya,12.93294,77.21405,740213.059431978,1430758.9608415165,7095
27443,Nethenalli,12.94226,77.22136,740997.5594295744,1431797.198733849,7096
34149,Nethenalli,12.94226,77.2214,741001.9010396581,1431797.236452891,7097
38871,Nethravathi Block-05,12.94553,77.62274,784565.4154294719,1432571.9375034345,7098
23685,Nettakallappa Circle,12.93945,77.57204,779067.8911524499,1431843.023070233,7099
23729,Nettakallappa Circle,12.93917,77.57175,779036.7185335285,1431811.7141181922,7100
23639,Nettigere,12.75896,77.49443,770835.7972084789,1411782.9011834383,7101
24123,Nettigere,12.75892,77.49446,770839.0989608436,1411778.5053610431,7102
23551,Nettigere Cross,12.76118,77.48671,769994.7527337668,1412020.5517293718,7103
23626,Nettigere Cross,12.76129,77.48658,769980.5131320709,1412032.5909322137,7104
27447,New Baldwin International School,13.07263,77.73716,796836.8590849848,1446772.249846134,7105
34151,New Baldwin International School,13.07254,77.73721,796842.392907325,1446762.345434326,7106
22358,New Baldwin School,13.01456,77.65779,788291.0982965884,1440252.4456201734,7107
22359,New Baldwin School,13.01433,77.65818,788333.6953486582,1440227.4285350153,7108
27451,New Byrohalli,12.91938,77.45602,766493.8171766959,1429497.8871460145,7109
34153,New Byrohalli,12.91943,77.45588,766478.5647845247,1429503.2752734392,7110
23611,New Gabbadi,12.71347,77.48163,769493.3361240907,1406734.798557613,7111
23620,New Gabbadi,12.71338,77.48144,769472.7862846511,1406724.6406157592,7112
21056,New Guddadahalli,12.95587,77.54596,776218.3919135202,1433632.1305018645,7113
21057,New Guddadahalli,12.95641,77.54761,776396.915673305,1433693.6866069897,7114
21058,New Horizon College,12.93544,77.69123,792013.1782283582,1431532.318814829,7115
21059,New Horizon College,12.93516,77.69063,791948.3576307164,1431500.6384461292,7116
22360,New Horizon School,12.96897,77.64142,786566.638467239,1435187.4529572912,7117
22361,New Horizon School,12.9689,77.64129,786552.6059883323,1435179.558371858,7118
24169,New MICO Gate,12.87029,77.6583,788512.5238892201,1424283.2541889658,7119
24175,New MICO Gate,12.87041,77.6583,788512.38651346,1424296.5373673583,7120
38821,Nice Road Junction,12.86005,77.5287,774449.3300517703,1423007.8576698916,7121
24140,Nice Road Junction Beguru,12.8545,77.6095,783230.5060181282,1422481.1658191392,7122
24339,Nice Road Junction Beguru,12.8545,77.60942,783221.8175112248,1422481.0777219215,7123
27473,Nidaghatta,13.09565,77.87034,811261.5784936438,1449480.9585181924,7124
34161,Nidaghatta,13.09561,77.8703,811257.2878960457,1449476.4807030025,7125
27475,Nimbekaipura,13.05853,77.75585,798882.1284403206,1445233.353055158,7126
27477,Nimbekaipura Gate,13.05297,77.7598,799317.5226327704,1444622.5115428253,7127
34163,Nimbekaipura Gate,13.05282,77.75974,799311.191489574,1444605.8352338318,7128
21064,Nimhans Hospital,12.93989,77.59775,781858.6705861832,1431919.943600912,7129
21065,Nimhans Hospital,12.93871,77.59824,781913.196336875,1431789.8713736979,7130
27480,Nimishamba Temple,12.92485,77.51789,773205.0222597222,1430168.548922064,7131
34164,Nimishamba Temple,12.92491,77.51788,773203.8712518567,1430175.179187829,7132
34165,Ningegowdana Doddy,12.85664,77.33391,753300.4075606612,1422430.5804520107,7133
35857,Ningegowdana Doddy,12.8566,77.33393,753302.6194064307,1422426.1734156613,7134
27483,Niranjan Genises Apartment,12.86516,77.6232,784706.3880459329,1423676.250473718,7135
21066,Nirmala Store,12.94162,77.55957,777711.6664777475,1432069.6263496112,7136
27486,Nisarga Badavane,12.78296,77.61292,783682.1185637699,1414566.2326672717,7137
34166,Nisarga Badavane,12.78296,77.61296,783686.4640596029,1414566.276545877,7138
23504,Nisarga Badavane Cross,12.78038,77.60242,782544.3019316082,1414269.1626307054,7139
23507,Nisarga Badavane Cross,12.78035,77.60238,782539.9898123336,1414265.798296286,7140
27488,Nisarga Badavane East Gate,12.78732,77.62163,784623.4630838877,1415058.4099073657,7141
34167,Nisarga Badavane East Gate,12.78732,77.62171,784632.1539807955,1415058.4979867672,7142
27490,Nisarga Layout,13.07161,77.4528,765981.9358103106,1446343.0417273717,7143
34168,Nisarga Layout,13.07167,77.45283,765985.1264736596,1446349.7139717047,7144
27492,Nishane,12.73197,77.52192,773851.328328182,1408824.499449871,7145
34169,Nishane,12.73194,77.52191,773850.2740377041,1408821.1684606224,7146
34170,Nithyananda Ashrama,12.77785,77.37822,758192.2168996371,1413754.8458978003,7147
39912,Nithyanandanagara,12.8466,77.46146,767161.6253019861,1421448.4250549565,7148
39913,Nithyanandanagara,12.84649,77.46145,767160.6556793575,1421436.2401419736,7149
27496,Nitte International School,13.14788,77.55096,776547.3464730466,1454890.3340814938,7150
34171,Nitte International School,13.14791,77.55089,776539.7196557082,1454893.5777267325,7151
39711,Niviksha Arcade Yelahanka 5th phase,13.10426,77.57004,778666.2566902189,1450083.1840779688,7152
24139,Nobel Residency,12.85876,77.61194,783490.7192395122,1422955.3906081216,7153
24340,Nobel Residency,12.85879,77.61186,783481.9971522896,1422958.6230809886,7154
27501,Nobo Nagara,12.8682,77.59783,781947.7601211905,1423984.7720397506,7155
34173,Nobo Nagara,12.86809,77.59783,781947.8831542172,1423972.596329306,7156
22365,Noor Nagara,13.08003,77.63413,785647.7782224836,1447472.7490468465,7157
22366,Noor Nagara,13.08,77.63398,785631.5362808222,1447469.2588032158,7158
21067,North Road,12.94816,77.57055,778896.4318183514,1432805.4769330174,7159
22678,North Road,12.94828,77.57066,778908.240099345,1432818.8794671958,7160
27505,Nosenuru,12.74882,77.65036,787788.2129737062,1410828.5792284876,7161
34175,Nosenuru,12.74886,77.65034,787785.9946437404,1410832.984697723,7162
27507,Nosenuru Cross,12.74926,77.64427,787126.0091580724,1410870.5315308436,7163
34176,Nosenuru Cross,12.74929,77.64431,787130.3214845406,1410873.8965650238,7164
27509,Nrithyagrama,13.16193,77.4588,766535.5221414218,1456345.9060821983,7165
21583,Nrupathunganagara Chandana Hospital,12.95823,77.50972,772281.7501022627,1433854.4002632697,7166
27512,Nruthyagrama Gate,13.15419,77.473,768084.0942332568,1455504.341091534,7167
34177,Nruthyagrama Gate,13.15417,77.47297,768080.8620343015,1455502.0954981432,7168
27517,Nursery Farm,12.829,77.71995,795256.3673095647,1419782.5798384964,7169
34179,Nursery Farm,12.82884,77.71973,795232.6563749879,1419764.6160844446,7170
27519,Nursery Maragondanahalli,12.93631,77.43851,764574.9746831527,1431353.473691465,7171
34180,Nursery Maragondanahalli,12.93633,77.43847,764570.6112607811,1431355.6458229553,7172
22367,Nursery Nelamangala,13.09008,77.40945,761259.0609667152,1448342.0508684772,7173
27520,Nursery Nelamangala,13.09011,77.40928,761240.5862371356,1448345.1953744139,7174
29368,Nyanappanahalli Bus Stand,12.879,77.61656,783969.6706404816,1425200.8502252046,7175
34125,Nyanappanahalli Bus Stand,12.87896,77.61663,783977.3174838918,1425196.5000650878,7176
27523,Nyaya Degula,12.95419,77.59038,781042.4787185518,1433494.6672462788,7177
27529,OB Chudanahalli,12.81789,77.52054,773608.8210629015,1418332.807027527,7178
34184,OB Chudanahalli,12.81786,77.52058,773613.1981017538,1418329.5290011652,7179
39611,OB Chudanahalli Sri Sri Ayurvedic Hospital,12.82239,77.52124,773679.9853755445,1418831.6184498682,7180
27541,OMBR Layout,13.00824,77.65236,787709.0204391098,1439546.7070130236,7181
34189,OMBR Layout,13.00824,77.65233,787705.7641496696,1439546.6730579303,7182
27542,OMEX Circle,12.79879,77.66117,788905.9333097703,1416371.919185278,7183
35235,OMEX Circle Sriramapura,12.7992,77.66107,788894.602573438,1416417.191422698,7184
27554,OTC Circle,12.7813,77.63085,785631.8676903623,1414402.222830709,7185
34194,OTC Circle,12.78122,77.63079,785625.4393347981,1414393.3013419467,7186
27527,Oasis School,13.08934,77.66634,789132.0643428159,1448539.9359547936,7187
34183,Oasis School,13.0894,77.66676,789177.5678893749,1448547.05836905,7188
39723,Obalapura Anjaneyaswamy Temple,12.96897,77.81824,805763.3473850384,1435392.873193891,7189
39724,Obalapura Anjaneyaswamy Temple,12.96896,77.81828,805767.7025639967,1435391.8141028546,7190
22368,Obalapura Gate,12.95627,77.82412,806417.3203790629,1433993.9465468,7191
22369,Obalapura Gate,12.95623,77.82412,806417.3693575612,1433989.518242395,7192
39657,Obanayakanahalli,13.10081,77.36407,756324.8062151496,1449483.0878613424,7193
30396,Oil Mill Road Junction,13.01278,77.63536,785858.5936097524,1440030.0702835962,7194
33152,Oil Mill Road Junction,13.01281,77.63541,785863.9861747177,1440033.4472981016,7195
27532,Okalipura,12.98284,77.56813,778595.0807245618,1436641.4461370015,7196
21071,Okalipura,12.98267,77.56837,778621.3217476115,1436622.891916431,7197
35387,Okalipura,12.98229,77.56783,778563.1298408434,1436580.240345018,7198
22370,Old Baiyappanahalli,12.99432,77.64414,786832.8088268461,1437996.5728880835,7199
22371,Old Baiyappanahalli,12.99431,77.64424,786843.6751629574,1437995.5786818163,7200
39852,Olive Hostel jayanna Circle,12.92484,77.51436,772821.7855265643,1430163.675177621,7201
27537,Om Shakthi Temple,13.03955,77.66814,789385.4396790811,1443030.480416471,7202
34187,Om Shakthi Temple,13.03961,77.6681,789381.0286235611,1443037.0764753334,7203
27539,Om Shree Circle,13.06903,77.79353,802958.7521822808,1446440.54511238,7204
34188,Om Shree Circle,13.06917,77.79366,802972.6897844856,1446456.1995912055,7205
22372,Omkar Hills,12.90477,77.50457,771780.6193422924,1427931.8818203465,7206
22373,Omkar Hills,12.90473,77.50461,771785.0056542996,1427927.4969972174,7207
27544,Omkar Hills,12.90421,77.50441,771763.8525279951,1427869.73062847,7208
27549,Onti Mane,12.84383,77.55108,776897.5581152124,1421236.5510295315,7209
34190,Onti Mane,12.84384,77.55114,776904.0635375102,1421237.7224146677,7210
27551,Orion Mall Malleshwaram,13.01072,77.55451,777085.7080407296,1439712.5066003655,7211
27555,Out Door Clothing Company,13.02301,77.51709,773010.939707122,1441032.306798974,7212
27560,Oxford Medical College Yadavanahalli,12.78964,77.75776,799410.1147278601,1415469.0165569398,7213
40487,Ozone Apartment,12.90839,77.66376,789061.7293884767,1428506.8239279399,7214
40488,Ozone Apartment,12.9083,77.6637,789055.3176906444,1428496.7937667996,7215
34196,P and T Colony,13.02466,77.60525,782577.0212017945,1441311.3885605072,7216
21073,P and T Quarters,13.0215,77.6046,782510.0609625092,1440960.8852693094,7217
21074,P and T Quarters,13.02155,77.60454,782503.4922302628,1440966.3530151981,7218
36531,PAPAS Trading PVT LTD,12.89154,77.59422,781529.6240420982,1426564.272779822,7219
21088,PES College,12.93522,77.53674,775240.1800722282,1431336.54584258,7220
21089,PES College,12.93489,77.53707,775276.3690694112,1431300.3754674953,7221
21090,PESCE College Electronic City,12.85897,77.66179,788904.5206813496,1423034.127387234,7222
22380,PESCE College Electronic City,12.85881,77.6624,788970.9552008382,1423017.1020003823,7223
22406,PVP School,12.94825,77.49711,770923.6914260769,1432736.3834254781,7224
22407,PVP School,12.94826,77.49697,770908.4826120038,1432737.341725411,7225
34197,Paaduka Mandira,12.89616,77.53164,774729.2215803226,1427007.7664061754,7226
27568,Pachepalya,12.88411,77.3608,756192.3646062801,1425497.3271616881,7227
34199,Pachepalya,12.88406,77.36081,756193.5012255384,1425491.8036222642,7228
27570,Pachepalya Cross,12.88539,77.35834,755923.969357111,1425636.530978019,7229
34200,Pachepalya Cross,12.88548,77.35822,755910.848971039,1425646.3716420457,7230
35088,Padmanabha Nagara,12.91824,77.55968,777749.495165518,1429481.9146099975,7231
35196,Padmanabha Nagara,12.91811,77.55964,777745.2959755973,1429467.482076906,7232
35935,Padmanabha Nagara,12.91798,77.55994,777778.012288783,1429453.4184957312,7233
27572,Padmanabha Nagara Rock,12.91845,77.55737,777498.4552371931,1429502.653033603,7234
35210,Padmanabha Nagara Rock,12.91845,77.55743,777504.9697156315,1429502.7180842129,7235
39643,Padmavathi Srinivasa Temple Cross,13.07514,77.45139,765825.1674089031,1446732.2547231351,7236
39644,Padmavathi Srinivasa Temple Cross,13.07512,77.45134,765819.7639288276,1446729.988614433,7237
27566,Pakegowdanapalya,13.11442,77.51063,772209.5503508991,1451142.8889721318,7238
34198,Pakegowdanapalya,13.11445,77.51059,772205.177896227,1451146.1662949494,7239
27574,PalPaldinne,13.38783,77.5424,775348.1577831872,1481440.204438578,7240
21075,Palace Ground,13.01061,77.58399,780285.4555503424,1439732.6544565498,7241
21076,Palace Ground,13.01057,77.58378,780262.7078490609,1439727.9953616743,7242
27578,Palanahalli Gate,13.11678,77.60847,782821.4352000561,1451511.7821690263,7243
34203,Palanahalli Gate,13.11708,77.60807,782777.6951515237,1451544.540759965,7244
27582,Palanajogahalli Church,13.31993,77.53562,774690.3063089418,1473917.0312101452,7245
34205,Palanajogahalli Church,13.31987,77.53553,774680.618399392,1473910.2904891938,7246
22667,Pallavi Talkies,12.9679,77.59102,781096.555524103,1435012.9094177363,7247
34201,Palpaldinne,13.3878,77.54237,775344.9409312452,1481436.8503900883,7248
34208,Palya Gate,13.22145,77.68232,790710.1073243872,1463182.460773036,7249
34209,Palya Gate,13.22143,77.68249,790728.5678074263,1463180.4443863304,7250
23705,Panathuru,12.93657,77.70368,793363.6556804039,1431671.6639571073,7251
23708,Panathuru,12.93652,77.7037,793365.8857621629,1431666.1520496379,7252
23706,Panathuru Circle,12.93561,77.7058,793594.9662204812,1431567.8288817243,7253
23707,Panathuru Circle,12.93554,77.70582,793597.2197786269,1431560.1030326823,7254
27591,Panathuru Dinne,12.92931,77.71296,794379.7892338678,1430878.6669500717,7255
34210,Panathuru Dinne,12.92927,77.71295,794378.7503588741,1430874.2275163843,7256
27593,Panchasheela Nagara,12.97437,77.52051,773435.4046971245,1435652.359378854,7257
27595,Pandithana Agrahara,12.88219,77.82741,806865.1071251433,1425796.6766581165,7258
34212,Pandithana Agrahara,12.88201,77.82744,806868.5849107993,1425776.7852000913,7259
23414,Pandithana Agrahara Junction,12.88492,77.81582,805602.9834082059,1426085.0729028168,7260
35367,Pandithana Agrahara Junction,12.88498,77.81579,805599.6522548173,1426091.6795518196,7261
34214,Pandurangapura,13.26936,77.66061,788299.1758829184,1468460.7723868028,7262
27600,Pandurangapura,13.2695,77.66056,788293.5891601373,1468476.2120022438,7263
23424,Pankaj Dairy,12.99543,77.62348,784588.949648396,1438096.2434278037,7264
23753,Pankaj Dairy,12.99591,77.62385,784628.5642294651,1438149.7890638912,7265
34215,Papabhovipalya,13.13718,77.37784,757780.6556657903,1453522.2950781996,7266
27604,Papaiahnapalya,13.06567,77.40414,760708.6521713348,1445634.9920476144,7267
34216,Papaiahnapalya,13.06565,77.40408,760702.1632347456,1445632.716762494,7268
27606,Papanahalli,13.21389,77.80222,803723.393813041,1462487.9733842555,7269
34217,Papanahalli,13.21391,77.80214,803714.6918671185,1462490.0904463893,7270
38038,Papanahalli Gate,13.18867,77.79459,802926.9358391244,1459686.7040943617,7271
27611,Papanahalli Gate,13.18862,77.79465,802933.5060020043,1459681.2412531886,7272
34219,Papanahalli Gate,13.18865,77.79454,802921.5367379615,1459684.4295567852,7273
22374,Papareddypalya,12.97207,77.50791,772070.2148063553,1435384.3075104062,7274
21584,Papareddypalya,12.9721,77.50772,772049.5581207669,1435387.4252010116,7275
21451,Papareddypalya Aladamara,12.97525,77.50947,772236.0860100029,1435737.9419858207,7276
21642,Papareddypalya Aladamara,12.97518,77.5096,772250.2732784201,1435730.333100786,7277
38860,Parachute,13.01183,77.59603,781590.8632016066,1439881.0034036795,7278
27613,Paramanahalli,13.00853,77.84304,808407.1152856618,1439802.4185842855,7279
34220,Paramanahalli,13.00855,77.84306,808409.2617044563,1439804.65704694,7280
24053,Parangipalya,12.90873,77.64934,787495.5193664989,1428528.2292407225,7281
23713,Parangipalya,12.90868,77.64929,787490.1472775091,1428522.6384826393,7282
27615,Parangipalya Cross,12.90835,77.65178,787760.9047392241,1428488.906103937,7283
34221,Parangipalya Cross,12.9084,77.65182,787765.1909290254,1428494.4856883306,7284
27619,Parasanapalya,12.79938,77.43741,764599.2258269638,1416197.4817107164,7285
34223,Parasanapalya,12.79936,77.43749,764607.9360634948,1416195.3501454014,7286
39969,Parishrama NEET Academy (Ramasandra Cross),12.94837,77.44995,765804.0920034542,1432700.1105554688,7287
39970,Parishrama NEET Academy(Ramasandra Cross),12.94846,77.44997,765806.1675760397,1432710.0923374787,7288
27620,Parvatapura Devanahalli,13.25752,77.712,793885.6655892523,1467210.0926015812,7289
27622,Parvatapura Devanahalli,13.25749,77.71211,793897.6298331891,1467206.901177222,7290
27628,Parvathi Nagara,13.03272,77.71471,794447.8810852043,1442328.0157849777,7291
34227,Parvathi Nagara,13.03257,77.71484,794462.168493588,1442311.5618328738,7292
34225,Parvathi Nagara,13.01623,77.5203,773366.7502384766,1440285.327610356,7293
34226,Parvathi Nagara,13.01629,77.52032,773368.8549864963,1440291.9901221623,7294
27630,Parvathipura,13.17275,77.56638,778191.9294076264,1457660.141641412,7295
34228,Parvathipura,13.17279,77.56631,778184.2917036522,1457664.4916037952,7296
23823,Passport Office Koramangala,12.94558,77.61899,784158.2294186351,1432573.2970055682,7297
23947,Passport Office Koramangala,12.94595,77.61863,784118.7254339206,1432613.851985654,7298
34229,Patalamma Temple,13.18344,77.56988,778559.446256334,1458847.2785432697,7299
27633,Patalamma Temple,13.18343,77.56991,778562.7113737018,1458846.204968902,7300
22375,Patalamma Temple,12.90481,77.53011,774553.6455323488,1427963.537058693,7301
22376,Patalamma Temple,12.90477,77.53014,774556.9465784156,1427959.1418757404,7302
27635,Patel Pillegowda Layout,13.06546,77.55275,776833.7464762675,1445769.533631357,7303
34230,Patel Pillegowda Layout,13.06546,77.55267,776825.0656610247,1445769.4461402833,7304
22377,Patel Public School Kalyananagara,13.01364,77.64251,786633.664815092,1440133.3203046452,7305
27636,Patel Public School Kalyananagara,13.01387,77.64233,786613.8630597839,1440158.5766078613,7306
27638,Patel Thota Aluru,13.0803,77.45971,766722.3252732591,1447312.11633144,7307
34231,Patel Thota Aluru,13.08022,77.45962,766712.6466460564,1447303.1670778592,7308
27642,Pattanagere,12.91984,77.51177,772546.0220851083,1429607.505117525,7309
34233,Pattanagere,12.91986,77.51167,772535.1433175142,1429609.612269581,7310
34234,Pattanagere Jayanna Circle,12.92638,77.51462,772848.3389207402,1430334.4029754482,7311
38449,Pattanagere Jayanna Circle,12.92637,77.51446,772830.9789227549,1430333.1255042541,7312
21078,Pattandur Agrahara Gate,12.98785,77.73359,796550.471677058,1437382.8823574167,7313
21079,Pattandur Agrahara Gate,12.98803,77.73354,796544.8299343524,1437402.7501344664,7314
23604,Pattareddypalya,12.79451,77.50544,771993.8370381865,1415729.124387593,7315
23634,Pattareddypalya,12.79444,77.50537,771986.3084199161,1415721.3030688136,7316
27649,Pattegarpalya Circle,12.97628,77.52607,774036.8360653796,1435869.7359805813,7317
34236,Pattegarpalya Circle,12.97632,77.52588,774016.1682563238,1435873.9590131438,7318
27651,Peddanahalli,13.24659,77.64813,786972.7303806732,1465925.8492494891,7319
34237,Peddanahalli,13.24693,77.64812,786971.2471195782,1465963.474007111,7320
27654,Peddanapalya,12.95965,77.38911,759188.1500299461,1433885.971931498,7321
34238,Peddanapalya,12.95873,77.38934,759214.0679852525,1433784.3863706717,7322
34239,Peddanapalya,12.95877,77.38929,759208.59932792,1433788.7625079604,7323
21585,Peddanapalya Cross,12.96762,77.38862,759126.709176386,1434767.5380328624,7324
21586,Peddanapalya Cross,12.96761,77.38892,759159.2817754056,1434766.7361241716,7325
27655,Peddappanapalya,12.9596,77.38904,759180.6037063911,1433880.3671885226,7326
20565,Peenya 14th Cross,13.0166,77.50539,771748.1835583353,1440310.2855181568,7327
20566,Peenya 14th Cross,13.01663,77.50554,771764.430031724,1440313.766421124,7328
20567,Peenya 14th cross,13.01646,77.50566,771777.6388459397,1440295.078823939,7329
21080,Peenya 2nd Stage,13.01092,77.50683,771910.6619210793,1439683.1514276108,7330
21081,Peenya 2nd stage,13.01088,77.50691,771919.388007265,1439678.8097229535,7331
21082,Peenya Industry Metro Station,13.03556,77.52613,773978.202025068,1442431.1241034274,7332
21083,Peenya Industry Metro Station,13.03599,77.52579,773940.8312398857,1442478.3509812916,7333
38803,Peenya Metro Station,13.03299,77.53297,774723.3273388757,1442154.062035638,7334
21085,Peenya Satellite Bus Station,13.04409,77.52554,773904.7784554649,1443374.6197036894,7335
21084,Peenya Satellite Bus Station (Basaveshwara),13.04375,77.5253,773879.108860009,1443336.7279504207,7336
27659,Pepsi Factory,13.14395,77.34502,754213.8707198193,1454238.1729113478,7337
34241,Pepsi Factory,13.14333,77.34524,754238.3710534002,1454169.7790249665,7338
21086,Pepsi Gate,12.87197,77.43943,764742.5962272653,1424233.511518843,7339
21087,Pepsi Gate,12.87243,77.4394,764738.8554687828,1424284.3916078075,7340
22378,Periyar Nagara Circle,13.00846,77.61319,783457.2022313321,1439527.053084265,7341
22379,Periyar Nagara Circle,13.00848,77.61325,783463.691875245,1439529.3337993547,7342
27669,Pethanahalli Tank,13.04842,77.79514,803158.6526591447,1444160.8273684,7343
23846,Petrol Bunk Koppa begur Road,12.90351,77.62713,785089.7648394562,1427925.597101262,7344
24164,Petrol Bunk Koppa begur Road,12.90356,77.62709,785085.3646689886,1427931.087138737,7345
34242,Pettanahalli,13.0513,77.79206,802820.8479289819,1444475.9761670143,7346
34243,Pettanahalli Apartment,13.0512,77.78931,802522.4973633868,1444461.6200699601,7347
27667,Pettanahalli Cross,13.0515,77.78479,802031.5536780953,1444489.4383389838,7348
34244,Pettanahalli Cross,13.05153,77.78474,802026.0904551786,1444492.6998732728,7349
21093,Philips Millenium Halasuru,12.98196,77.62443,784707.4296527035,1436606.2955895297,7350
32829,Philips Millenium Halasuru,12.98182,77.62397,784657.6551742331,1436590.2846989871,7351
22385,Philomenas Hospital,12.96506,77.61007,783167.7722454697,1434719.628060582,7352
35219,Philomenas Hospital,12.96481,77.61005,783165.8840949049,1434691.9333801777,7353
39600,Phoenix One Bengaluru West Apartment,13.00972,77.55267,776887.1160143388,1439599.815772656,7354
27675,Pichaguntarapalya,12.80474,77.42244,762967.6763154347,1416775.4099894876,7355
34248,Pichaguntarapalya,12.80468,77.42245,762968.8247132795,1416768.779710846,7356
27681,Pillagumpa Factory Gate,13.1151,77.83521,807425.0494488816,1451591.2141387053,7357
34251,Pillagumpa Factory Gate,13.11518,77.83515,807418.4392551202,1451599.9977421071,7358
27683,Pillahalli,13.10279,77.42899,763365.4241831009,1449769.0385092576,7359
34252,Pillahalli,13.10285,77.42905,763371.8693979572,1449775.7417206594,7360
34253,Pillahalli Colony,13.10434,77.4341,763918.1281528596,1449945.9249390143,7361
27685,Pillahalli Colony,13.10435,77.43402,763909.438743354,1449946.9480688411,7362
27687,Pillahalli Cross,13.11149,77.43832,764368.2903236891,1450741.686283192,7363
34254,Pillahalli Cross,13.11143,77.43825,764360.7607675192,1450734.9722700885,7364
27693,Pinto Bore,12.87077,77.45046,765941.569409902,1424112.0919662816,7365
34257,Pinto Bore,12.8708,77.45048,765943.7095027505,1424115.4329765735,7366
27694,Pipe Line Park,12.97032,77.54639,776249.1156441426,1435231.9923108271,7367
27696,Pipeline Binni Layout,12.96753,77.54513,776115.4217212959,1434921.816769108,7368
34258,Pipeline Binni Layout,12.96775,77.54514,776116.2643521617,1434946.1782543473,7369
22386,Pipeline ISRO Layout,12.89515,77.5551,777277.6973674903,1426921.2286175156,7370
23767,Pipeline ISRO Layout,12.89514,77.55502,777269.0216258083,1426920.035257733,7371
27697,Pipeline Park,12.97036,77.5462,776228.4467149635,1435236.21384414,7372
27698,Pipeline Vasanthapura,12.895,77.55516,777284.3777886312,1426904.6907366996,7373
35346,Pipeline Vasanthapura,12.89496,77.55515,777283.3360345666,1426900.2525190406,7374
27700,Pitchguntarahalli,13.00001,77.88355,812815.5835057832,1438908.6552901117,7375
34259,Pitchguntarahalli,13.00018,77.88352,812812.1132721051,1438927.4396071897,7376
27703,Plegant Hotel Vahale Vaderahalli,12.8796,77.34086,754031.9418005092,1424978.3919234485,7377
34260,Plegant Hotel Vahale Vaderahalli,12.8796,77.34093,754039.5420889684,1424978.4611785149,7378
27705,Podu Cross,12.82546,77.63523,786057.8520807906,1419295.171604728,7379
34261,Podu Cross,12.82553,77.63524,786058.8591236896,1419302.9310718018,7380
38684,Podu Gate,12.84274,77.64157,786726.9073649565,1421214.9662334903,7381
38685,Podu Gate,12.84263,77.64162,786732.4629323704,1421202.8458490989,7382
27706,Podu Village,12.83281,77.63906,786465.5438081814,1420113.006388802,7383
27710,Police Quarters,12.92326,77.48896,770065.8675277098,1429961.8520210246,7384
34263,Police Quarters,12.9232,77.48882,770050.7326505339,1429955.0634531819,7385
27717,Police Traning Centre,13.12421,77.60317,782237.9409233672,1452328.2729939974,7386
27719,Pooja Garden,13.03889,77.67757,790409.6572027047,1442968.2012754248,7387
34267,Pooja Garden,13.03895,77.67745,790396.5633364805,1442974.7056114175,7388
27721,Poojena Agahara Dinne,13.03714,77.79574,803237.5373168751,1442912.7846217505,7389
34268,Poojena Agahara Dinne,13.03714,77.79583,803247.3061001488,1442912.8922381408,7390
27723,Poojena Agrahara,13.03202,77.79304,802950.7109906939,1442342.7458411704,7391
34269,Poojena Agrahara,13.03198,77.79306,802952.9305879872,1442338.3415063014,7392
27725,Poojena Agrahara Cross,13.03539,77.79277,802917.2996511736,1442715.500714658,7393
34270,Poojena Agrahara Cross,13.03544,77.79275,802915.0678958825,1442721.0121004137,7394
22395,Poornaprajna Layout,12.90882,77.53585,775172.4964845575,1428413.5360876345,7395
34271,Poornaprajna Layout,12.90877,77.53592,775180.1516433428,1428408.0771027524,7396
22572,Poornaprajna Layout Water Tank,12.90842,77.53458,775035.0413584625,1428367.8986781498,7397
22573,Poornaprajna Layout Water Tank,12.90841,77.53463,775040.481166271,1428366.8455275646,7398
22396,Poornaprajna School,13.07534,77.65149,787536.965759706,1446973.2725434054,7399
22397,Poornaprajna School,13.07538,77.65169,787558.6220758744,1446977.9276908506,7400
36223,Poornaprajnalayout NEW Bus Stand,12.90841,77.53647,775240.2634409482,1428368.8218839928,7401
27734,Poorvankara Apartment,12.8533,77.54212,775914.0990605887,1422275.1052818676,7402
34274,Poorvankara Apartment,12.85351,77.542,775900.8373051446,1422298.2201667076,7403
22401,Postal and Telecom Colony,13.01277,77.61642,783802.87805041,1440007.7340342444,7404
22402,Postal and Telecom Colony,13.01278,77.61646,783807.2081874646,1440008.8856145772,7405
23892,Pothalappa Garden,12.94962,77.60587,782729.2684510441,1433005.9224826766,7406
35220,Pothalappa Garden,12.9498,77.60597,782739.9217184848,1433025.9573169874,7407
27742,Poultry Farm,13.14925,77.47651,768470.1881079297,1454961.3224029434,7408
34278,Poultry Farm,13.14919,77.47669,768489.7776258278,1454954.8736597695,7409
23783,Prabasnagara,12.81172,77.57851,779912.1974671477,1417712.0729486314,7410
24353,Prabasnagara,12.81157,77.57848,779909.1045957475,1417695.4374518492,7411
39389,Prabhakaranagar,13.1888,77.33539,753123.2897326499,1459192.0425039132,7412
27746,Pramod Layout,12.93877,77.52878,774372.1137186975,1431720.9146921101,7413
34280,Pramod Layout,12.93878,77.5286,774352.5613195953,1431721.8282885514,7414
22403,Prarthana School,12.91166,77.5574,777509.215212065,1428751.131655443,7415
22404,Prarthana School,12.9116,77.55741,777510.367268976,1428744.5013689385,7416
38616,Prasanna Layout,12.99618,77.49603,770754.5383783712,1438040.1810984437,7417
21101,Prasanna Theatre,12.97401,77.55122,776769.334010722,1435645.659535497,7418
21102,Prasanna Theatre,12.97542,77.55288,776947.9648543058,1435803.5291779006,7419
21103,Prasanna Theatre,12.9754,77.55234,776889.3702695565,1435800.7287149427,7420
34281,Prashanth Nagara,12.9762,77.531,774572.0622206408,1435866.1877782098,7421
21587,Prashanth Nagara,12.97551,77.53118,774592.3588599565,1435790.0099112487,7422
22405,Prashanth Nagara,12.97562,77.53124,774598.7508773829,1435802.2497745154,7423
39857,Prashanthi Kuteera Main Gate,12.75744,77.62645,785180.6327156639,1411756.306417731,7424
27748,Prashanthnagara,12.97623,77.5308,774550.3197587477,1435869.2928162848,7425
27750,Pratyangira Temple Turahalli,12.89254,77.53659,775270.6661228554,1426612.4007240278,7426
34282,Pratyangira Temple Turahalli,12.89259,77.53668,775280.3840021872,1426618.0315063423,7427
27752,Premium Farm Mandur,13.0792,77.73702,796813.799553666,1447499.3911011254,7428
34283,Premium Farm Mandur,13.07918,77.73698,796809.4827567489,1447497.130120239,7429
39517,Presidency University,13.17207,77.53577,774872.6413876514,1457551.165539325,7430
39518,Presidency University,13.17208,77.53569,774863.9532594081,1457552.1848280432,7431
21104,Press Layout,12.95032,77.49119,770278.800764913,1432959.2195765032,7432
21105,Press Layout,12.9509,77.4918,770344.3937329056,1433024.0600499874,7433
40489,Prestige Apartment,12.90332,77.66171,788844.9529041639,1427943.2943089663,7434
40490,Prestige Apartment,12.90341,77.66172,788845.9353725899,1427953.2680106242,7435
39895,Prestige Jade Pavilion Apartment,12.92129,77.69556,792499.8204267118,1429970.913156694,7436
39896,Prestige Jade Pavilion Apartment,12.92122,77.6955,792493.3869468749,1429963.0958091186,7437
39609,Prestige Primrose Hills,12.868,77.52301,773822.7779796383,1423881.715686598,7438
39610,Prestige Primrose Hills,12.86802,77.52307,773829.2718870601,1423883.9932753867,7439
37982,Prestige Shantiniketana /Manipal Hospital,12.98916,77.72667,795797.6970182131,1437519.8477193182,7440
37983,Prestige Shantiniketana /Manipal Hospital,12.98872,77.72844,795990.3652887923,1437473.1973941782,7441
27755,Primus Public School,12.88849,77.69605,792591.2117569812,1426340.6290859163,7442
34284,Primus Public School,12.8884,77.69595,792580.4565438934,1426330.55234733,7443
21588,Priyadarshini Layout,12.97128,77.52681,774122.6439291753,1435317.1146866372,7444
27756,Priyadarshini Layout,12.97112,77.52676,774117.3918783573,1435299.3515796366,7445
34285,Provident Sunworth Apartment,12.8811,77.47147,768212.0067933232,1425277.2428874555,7446
27760,Pujaganapalya,12.75131,77.60961,783357.8155266237,1411059.3116436505,7447
34286,Pujaganapalya,12.75134,77.60966,783363.2146551353,1411062.6869490347,7448
27764,Pujanahalli Gate,13.21703,77.65068,787283.9212419824,1462656.6383115451,7449
34288,Pujanahalli Gate,13.21702,77.65078,787294.7780561706,1462655.646163604,7450
36756,Puneethrajakumar Circle,13.03997,77.65462,787917.6275605373,1443061.5827780773,7451
36757,Puneethrajakumar Circle,13.03994,77.65461,787916.5770082747,1443058.2506048342,7452
27766,Punugumaranahalli,12.91665,77.40336,760779.6353873794,1429141.51082697,7453
34289,Punugumaranahalli,12.91667,77.40344,760788.2997372154,1429143.8057874807,7454
27768,Punugumaranahalli Cross,12.92897,77.39995,760396.6524519061,1430501.5379341359,7455
34290,Punugumaranahalli Cross,12.929,77.40002,760404.2204024644,1430504.9294030892,7456
27770,Pura,12.94028,77.88498,813045.6309332047,1432297.526965471,7457
34291,Pura,12.94025,77.88498,813045.6684163003,1432294.2055809442,7458
27773,Puradapalya Cross,12.94694,77.3811,758331.8239302594,1432471.2045722094,7459
34292,Puradapalya Cross,12.94698,77.38118,758340.4666245426,1432475.712370494,7460
27775,Purushanahalli,13.23742,77.39249,759263.9406140787,1464631.3854890466,7461
34293,Purushanahalli,13.23747,77.3925,759264.9718951669,1464636.929622626,7462
27778,Purvankara Northern Destiny Bellahalli,13.09583,77.63587,785818.3530713508,1449223.6616835855,7463
34294,Purvankara Northern Destiny Bellahalli,13.09606,77.63604,785836.5330424486,1449249.3134577451,7464
27780,Pushpanjali Talkies,12.99136,77.54616,776200.8868461208,1437560.5550020037,7465
27784,Puttaiahnapalya,12.95669,77.41065,761529.3031406027,1433580.3509123018,7466
34297,Puttaiahnapalya,12.95665,77.41061,761525.0030424591,1433575.882946609,7467
39930,Puttaiahnapalya (Vedeshi Jail),13.01712,77.38399,758572.8893256781,1440241.1446593946,7468
39931,Puttaiahnapalya (Vedeshi Jail),13.0171,77.38405,758579.421216075,1440238.9922576782,7469
27786,Puttaiahnapalya Cross,12.95984,77.40676,761103.7695833008,1433924.9924185062,7470
34298,Puttaiahnapalya Cross,12.95985,77.40682,761110.2718788411,1433926.1605526465,7471
39228,Puttanna Badavane,13.09966,77.70782,793620.8274708907,1449730.1877669394,7472
39229,Puttanna Badavane,13.09961,77.70787,793626.312171877,1449724.7109878943,7473
38838,Puttena Agrahara,13.25971,77.42428,762686.7920789756,1467131.5856747318,7474
38839,Puttena Agrahara,13.25959,77.42421,762679.3320032646,1467118.2306584006,7475
35349,Puttenahalli,12.89819,77.58253,780252.8132344082,1427287.5398178003,7476
27790,Puttenahalli,13.20889,77.42652,762984.2086329884,1461509.305536762,7477
34301,Puttenahalli,13.20894,77.42657,762989.5769272835,1461514.8919130296,7478
34299,Puttenahalli,13.10995,77.58022,779764.2981802813,1450724.2639755877,7479
34300,Puttenahalli,13.11016,77.58024,779766.2304368427,1450747.5307444003,7480
38505,Puttenahalli,12.89685,77.58588,780618.0698074114,1427142.8833531465,7481
38511,Puttenahalli,12.89688,77.58613,780645.1828822555,1427146.4776381073,7482
27792,Puttenahallipalya,12.89562,77.58173,780168.8078834993,1427002.199252166,7483
38694,QFB Hotel,13.14822,77.71096,793903.7459123586,1455109.3929355887,7484
23344,R T Nagara Post Office,13.02197,77.59251,781197.3666730607,1440999.4908570987,7485
23787,R T Nagara Post Office,13.02201,77.59257,781203.8334370356,1441003.9848519978,7486
23450,R V Dental College,12.90988,77.58579,780593.7519308266,1428585.0437305334,7487
37837,R V Dental College,12.91046,77.58547,780558.3584631245,1428648.8919645525,7488
38586,R V Metro Station,12.92179,77.58018,779971.3377342628,1429897.1887967158,7489
38587,R V Metro Station,12.92178,77.5803,779984.3778830986,1429896.2132227023,7490
22433,R V Teachers College,12.94429,77.5801,779937.5342016983,1432387.565723139,7491
22434,R V Teachers College,12.94446,77.5799,779915.6312426028,1432406.163410847,7492
38886,RANGASTALA RANGANATHA TEMPLE,13.45512,77.70219,792583.3989732829,1489072.8758455457,7493
28010,RBANMS College,12.98074,77.61586,783778.5257793735,1436461.6895404817,7494
35356,RBANMS College,12.98087,77.61453,783634.0039559826,1436474.5980198018,7495
28012,RBANMS PU College,12.98273,77.61582,783771.9229905681,1436681.9190185831,7496
23453,RBI Layout,12.88806,77.58198,780204.3736794621,1426165.6773646744,7497
23473,RBI Layout,12.88801,77.5819,780195.7421686314,1426160.0556300983,7498
38513,RBI Layout,12.89004,77.58191,780194.5679038601,1426384.7614779752,7499
22699,RC College,12.98416,77.58696,780637.5602696468,1436808.2263987598,7500
24241,RC College,12.98398,77.58679,780619.3092948594,1436788.1152021457,7501
28028,RH Farm,13.26718,77.49756,770623.3574181665,1468036.7068590648,7502
34418,RH Farm,13.26713,77.49761,770628.8336643586,1468031.226961905,7503
21595,RINAC Factory Marenahalli,12.97478,77.36582,756644.6493359954,1435536.891025498,7504
21596,RINAC Factory Marenahalli,12.97476,77.36603,756667.462441032,1435534.8890346147,7505
28031,RK Apartment,13.0145,77.66522,789097.6271765858,1440254.2464409259,7506
34419,RK Apartment,13.01465,77.66532,789108.307231636,1440270.9644311653,7507
23838,RK Farm,12.75921,77.70372,793574.1668430229,1412038.537390548,7508
23980,RK Farm,12.75913,77.70372,793574.2592052527,1412029.6816982261,7509
22429,RK Hegde Nagara,13.07158,77.63362,785602.171968215,1446536.821022034,7510
22430,RK Hegde Nagara,13.0719,77.63376,785616.9953701681,1446572.4006778146,7511
28033,RK Medical,13.02255,77.65781,788284.0202818579,1441136.914157901,7512
34420,RK Medical,13.02331,77.65832,788338.4940470507,1441221.6208038398,7513
28035,RK Township,12.80608,77.6701,789867.702661983,1417188.8816967274,7514
34421,RK Township,12.80601,77.67014,789872.1280404271,1417181.178055784,7515
28037,RL Jalappa Campus,13.30056,77.52438,773493.6984564986,1471760.6487803177,7516
34422,RL Jalappa Campus,13.30053,77.5244,773495.9002181025,1471757.350205728,7517
21129,RM Guttahalli,13.00009,77.58425,780325.5025499009,1438568.502112293,7518
21130,RM Guttahalli,12.99977,77.58392,780290.0435352077,1438532.7182822744,7519
28039,RM Guttahalli Post Office,12.9992,77.58204,780086.6260061832,1438467.555405732,7520
39439,RM Guttahalli Under Pass,12.99783,77.58455,780360.6048671132,1438318.677625275,7521
39440,RM Guttahalli Unedr Pass,12.9977,77.58459,780365.0926481809,1438304.332252166,7522
21131,RMC Yard (Yeshawanthapura New Railway Station),13.02366,77.54877,776448.3618217759,1441138.5256323905,7523
21132,RMC Yard (Yeshawanthapura New Railway Station),13.02462,77.54776,776337.682855275,1441243.684248033,7524
34423,RMG Factory,13.07604,77.51718,772962.4443702311,1446901.9340483472,7525
28041,RMG Factory,13.07607,77.51722,772966.7514580118,1446905.2977177522,7526
21133,RMS Sanjayanagara,13.03784,77.57427,779199.9443213898,1442735.9756087032,7527
21134,RMS Sanjayanagara,13.03778,77.57424,779196.7559631942,1442729.3013333506,7528
21135,RMV 2nd Stage,13.04245,77.5801,779827.4519742024,1443252.6720285462,7529
35256,RMV 2nd Stage,13.04247,77.58006,779823.0885672811,1443254.8416458287,7530
28045,RMV 2nd Stage,13.04264,77.56664,778366.5350841657,1443258.886973292,7531
34425,RMV 2nd Stage,13.04264,77.56658,778360.0238091694,1443258.821103718,7532
21142,RR Medical College,12.89633,77.46058,767013.3706859573,1426951.5128585582,7533
35812,RR Medical College,12.8969,77.46185,767150.6580761371,1427015.9221400272,7534
35390,RR Medical College,12.89614,77.46087,767045.0597069085,1426930.7860706628,7535
27673,RR Nagara Petrol Bunk,12.93275,77.51626,773019.4577336421,1431041.1991050239,7536
34246,RR Nagara Petrol Bunk,12.93281,77.51614,773006.3645838036,1431047.7119138858,7537
28066,RR School,12.92776,77.51413,772793.6402855762,1430486.621739714,7538
34434,RR School,12.92778,77.51404,772783.8474830678,1430488.7393997952,7539
28068,RR Temple,12.92681,77.51112,772467.8846376203,1430378.2657177686,7540
34435,RR Temple,12.92677,77.51103,772458.1569966602,1430373.7425812983,7541
21096,RT Nagara Police Station,13.02566,77.59301,781247.4642920836,1441408.4867599448,7542
23786,RT Nagara Police Station,13.02424,77.59288,781234.9595082854,1441251.1644538837,7543
35795,RT Nagara Police Station,13.02496,77.59282,781227.6342678943,1441330.7940273928,7544
21097,RT Nagara Police Station,13.02495,77.59321,781269.9726645565,1441330.1191635248,7545
21146,RV College,12.92529,77.49918,771173.2366281993,1430197.3432020466,7546
35391,RV College,12.92521,77.49936,771192.8651888056,1430188.6795193735,7547
24042,RV Dental College,12.91137,77.5857,780582.3155634254,1428749.8696550042,7548
28081,RWB Gate Kengeri (Kengeri Work shop),12.904,77.4757,768646.8681766216,1427816.2145885027,7549
35377,RWB Gate Kengeri (Kengeri Work shop),12.90405,77.47574,768651.157732066,1427821.7904749957,7550
34303,Rachammanahalli,12.72289,77.73924,797476.064222148,1408058.4677722978,7551
27797,Rachenahalli,13.05879,77.62404,784577.281398929,1445110.279097576,7552
34304,Rachenahalli,13.05878,77.62407,784580.5484207612,1445109.2058941973,7553
27799,Rachenahalli Cross,13.05913,77.61929,784061.4297470453,1445142.581096217,7554
34305,Rachenahalli Cross,13.0591,77.61925,784057.1233484894,1445139.2154885398,7555
27801,Rachenalli Lake Park Dasarahalli,13.06559,77.60963,783005.7823681133,1445846.8258056643,7556
34306,Rachenalli Lake Park Dasarahalli,13.06556,77.60961,783003.6462933801,1445843.4827272156,7557
23390,Radhareddy Layout,12.90883,77.6897,791878.0004632033,1428584.9490549664,7558
23392,Radhareddy Layout,12.90869,77.68985,791894.4515037291,1428569.6225711657,7559
27803,Radiant Redwood Apartment Koppa Road,12.85673,77.61073,783361.5876352562,1422729.3576177945,7560
34307,Radiant Redwood Apartment Koppa Road,12.85676,77.61084,783373.5005441481,1422732.7995098962,7561
34308,Raghavendra Circle,13.01994,77.6745,790098.5575010875,1440867.00744811,7562
34309,Raghavendra Circle,13.01995,77.67441,790088.7772849158,1440868.0115993887,7563
34311,Raghavendra Colony,12.95773,77.55941,777676.4340638595,1433852.600640276,7564
27814,Raghavendra Dhama,13.11473,77.51487,772669.187630127,1451181.780963428,7565
34314,Raghavendra Dhama,13.11472,77.51484,772665.9440899319,1451180.641694248,7566
34313,Raghavendra Dhama,13.11463,77.51473,772654.1099335148,1451170.5612592918,7567
34834,Raghavendra Dhama 1,13.11466,77.51471,772651.9071297324,1451173.860141698,7568
27816,Raghavendra Layout,12.99386,77.43858,764521.7149868819,1437722.9890817585,7569
34315,Raghavendra Layout,12.99388,77.43866,764530.3764278509,1437725.2857626805,7570
27807,Raghavendra Tent,13.0795,77.78217,801713.1388869528,1447586.048517017,7571
34310,Raghavendra Tent,13.07949,77.78212,801707.7249455363,1447584.8817950406,7572
34316,Raghunathapura Doddaballapura,13.28862,77.57741,779256.1539133596,1470497.9373077967,7573
34835,Raghunathapura Doddaballapura,13.28869,77.57724,779237.6434659285,1470505.494881285,7574
22408,Raghuvanahalli Cross,12.88067,77.54621,776328.2804562175,1425308.9225672947,7575
22409,Raghuvanahalli Cross,12.88072,77.54602,776307.5934732389,1425314.2522585976,7576
27823,Ragi Machine,12.89159,77.56034,777850.6132172525,1426532.8605297625,7577
35345,Ragi Machine,12.89166,77.5603,777846.1924597698,1426540.5651802989,7578
38588,Ragigudda,12.917,77.59261,781326.2979873316,1429380.625170918,7579
21106,Ragigudda Temple,12.91678,77.59349,781422.093215806,1429357.2410710682,7580
21107,Ragigudda Temple,12.91701,77.59303,781371.8895432705,1429382.193686157,7581
27824,Ragihalli,12.73896,77.57426,779530.62085469,1409653.9685085346,7582
35322,Ragihalli,12.73881,77.57435,779540.5642530336,1409637.462625287,7583
24079,Ragihalli Gate,12.80036,77.59897,782147.2782687917,1416476.9398224042,7584
24231,Ragihalli Gate,12.80026,77.5989,782139.7855649311,1416465.794559867,7585
23343,Rahamathnagara,13.01751,77.5918,781125.3432511373,1440505.0326461447,7586
23788,Rahamathnagara,13.01755,77.59187,781132.8954980519,1440509.537664967,7587
40335,Raheja Apartment,12.97969,77.53926,775464.8202237416,1436261.3904233752,7588
27829,Railway Gate	Rajanukunte,13.25149,77.5539,776749.4537735753,1466361.8561164627,7589
27832,Railway Gate Bashettihalli,13.25152,77.55379,776737.4927268098,1466365.0547946203,7590
27834,Railway Gate Gollahalli,13.15049,77.41184,761454.4248748443,1455030.4474931713,7591
34320,Railway Gate Gollahalli,13.15046,77.4118,761450.1181969745,1455027.0856391746,7592
27835,Railway Gate Kempapura,12.96902,77.55934,777656.3044871392,1435102.1681105257,7593
23521,Railway Gate Kodigehalli,13.06169,77.57429,779175.3145548278,1445375.8979076783,7594
24114,Railway Gate Kodigehalli,13.06187,77.57404,779147.9837536378,1445395.5460537092,7595
21589,Railway Gate Lakshmisagara,12.82418,77.41136,761744.146605317,1418915.6474923051,7596
21590,Railway Gate Lakshmisagara,12.82382,77.41081,761684.7864807801,1418875.2467208584,7597
27839,Railway Gollahalli,13.14667,77.4174,762061.5368977445,1454613.4491748568,7598
34322,Railway Gollahalli,13.14686,77.41754,762076.5199911443,1454634.6235014056,7599
34327,Rainbow Layout,13.10122,77.5393,775334.5553564649,1449712.9636215537,7600
27854,Raitarasanthe Yelahanka,13.09807,77.59866,781778.4492777621,1449429.7901087224,7601
34330,Raitarasanthe Yelahanka,13.09749,77.59892,781807.3195102806,1449365.8801269382,7602
35302,Raj Bhavan,12.98307,77.59206,781192.3850685242,1436693.201290698,7603
27855,Raj Bhavan,12.98331,77.59229,781217.0811759785,1436720.0204965617,7604
38455,Raj Bhavan,12.98437,77.59287,781278.8459056353,1436837.9909571873,7605
27712,Rajagopala Nagara Police Station,13.02356,77.52182,773523.6646662233,1441098.2725438897,7606
34264,Rajagopala Nagara Police Station,13.02362,77.52196,773538.7924159978,1441105.0643516069,7607
21114,Rajagopalanagara,13.01368,77.50881,772122.5388650633,1439990.7535500824,7608
20576,Rajajinagara 1st Block,13.00515,77.54887,776479.7534116054,1439089.8474643484,7609
20575,Rajajinagara 1st Block,13.0047,77.54909,776504.1304015777,1439040.278264911,7610
35796,Rajajinagara 1st Block,13.00476,77.54923,776519.258973891,1439047.0716218676,7611
39193,Rajajinagara 1st Block,13.00592,77.54867,776457.1924026539,1439174.85772444,7612
22901,Rajajinagara 2nd Block,12.99607,77.55144,776768.7667750593,1438087.6187015146,7613
20586,Rajajinagara 6th Block,12.97944,77.55359,777020.5786425471,1436249.256676035,7614
20587,Rajajinagara 6th Block,12.97953,77.55377,777040.017463159,1436259.4140998756,7615
27860,Rajajinagara Entrance,12.98435,77.55723,777410.2406570814,1436796.684831672,7616
35263,Rajajinagara Entrance,12.98428,77.55721,777408.1474874015,1436788.9150364788,7617
21050,Rajajinagara Metro Station,12.99967,77.54976,776582.42797383,1438484.259322171,7618
34333,Rajajinagara Metro Station,12.99983,77.54991,776598.531372393,1438502.1320783899,7619
24195,Rajajinagara Old Police Station,12.98992,77.55545,777210.8451953281,1437411.2662229545,7620
21072,Rajajinagara Old Police Station,12.98928,77.55438,777095.4141302842,1437339.2624838832,7621
27865,Rajanapalya,12.99033,77.31561,751179.5098717759,1437207.7628957108,7622
34334,Rajanapalya,12.99012,77.3155,751167.783276376,1437184.4141216201,7623
34335,Rajanapalya,12.99027,77.31533,751149.1830118517,1437200.8466241243,7624
27872,Rajanukunte,13.17246,77.56448,777986.1755592213,1457625.9379735747,7625
34337,Rajanukunte,13.17167,77.56446,777984.8987504473,1457538.472541217,7626
34338,Rajanukunte,13.17307,77.56432,777968.13219993,1457693.2803499368,7627
38911,Rajanukunte,13.17494,77.56441,777975.7811115491,1457900.3660211335,7628
38912,Rajanukunte,13.17498,77.56439,777973.5666568121,1457904.7713858446,7629
34340,Rajanukunte,13.17288,77.56415,777949.9080037229,1457672.061498839,7630
22410,Rajapalya,12.99129,77.72123,795204.627335408,1437749.3214676592,7631
22411,Rajapalya,12.99138,77.72084,795162.1840934383,1437758.8320467868,7632
27874,Rajapura,12.77546,77.67461,790392.688742335,1413804.5013320253,7633
34341,Rajapura,12.77551,77.6746,790391.5451128143,1413810.0248017719,7634
28062,Rajarajeshwari nagara Gate,12.9357,77.51834,773242.059336249,1431369.934405454,7635
21140,Rajarajeshwari nagara Gate,12.93649,77.51861,773270.5106476662,1431457.6622288197,7636
35389,Rajarajeshwari nagara Gate,12.93631,77.51774,773176.2562336541,1431436.8094535554,7637
37654,Rajarajeshwari nagara Gate,12.93554,77.51842,773250.9188359994,1431352.3107148581,7638
36458,Rajarajeshwari nagara Metro Station,12.93635,77.51948,773365.1138802612,1431443.096915621,7639
35896,Rajarajeshwari nagara Metro Station,12.93689,77.5196,773377.552757653,1431502.9938647896,7640
27878,Rajeshwarinagara,13.04531,77.46131,766933.5445627308,1443441.1442804758,7641
34342,Rajeshwarinagara,13.04533,77.46122,766923.756991378,1443443.2631041566,7642
22680,Rajiv Gandhi,12.98686,77.50424,771655.7654087245,1437017.3764654053,7643
22692,Rajiv Gandhi,12.98702,77.50431,771663.1892089115,1437035.160229324,7644
27880,Rajiv Nagara,13.28367,77.80463,803898.0594281137,1470216.0923769628,7645
34343,Rajiv Nagara,13.28381,77.80457,803891.3789354227,1470231.5182714127,7646
34344,Rajkumar Punya Bhoomi,13.01818,77.53163,774594.2422427788,1440513.379328823,7647
34345,Rajkumar Punya Bhoomi,13.01859,77.5319,774623.093115129,1440559.0516872439,7648
27887,Ram Krishnapura Doddy,12.68715,77.46376,767579.2024894783,1403803.3331226052,7649
34347,Ram Krishnapura Doddy,12.68719,77.46379,767582.4206614749,1403807.790996731,7650
23395,Rama Devasthana Sarjapur,12.8599,77.7893,802752.7403009435,1423283.814279687,7651
23419,Rama Devasthana Sarjapur,12.85984,77.78932,802754.9847005724,1423277.1955964118,7652
24196,Rama Mandira Rajajinagara,12.98623,77.55636,777313.7180776149,1437003.8266488363,7653
38197,Rama Temple,12.96851,77.75597,799003.1758773358,1435268.0849626223,7654
27892,Ramachandrapura,13.06208,77.55111,776659.5576321555,1445393.6221805296,7655
34349,Ramachandrapura,13.06208,77.55115,776663.8980942189,1445393.6658883882,7656
27893,Ramachandrapura Cross,13.05368,77.5509,776646.1289743701,1444463.6314137918,7657
27895,Ramachandrapura Tent,13.05781,77.5514,776695.7850330534,1444921.310184848,7658
34350,Ramachandrapura Tent,13.05786,77.55144,776700.0698522651,1444926.888180011,7659
34351,Ramadevanahalli,13.19099,77.43302,763708.276868671,1459535.00516803,7660
27899,Ramadevanahalli Cross,13.19469,77.4229,762606.8523519953,1459933.8913933442,7661
34352,Ramadevanahalli Cross,13.19463,77.42304,762622.0986036381,1459927.3974050016,7662
22412,Ramagondanahalli,12.95704,77.74039,797325.318966226,1433980.1283203256,7663
22413,Ramagondanahalli,12.95695,77.73949,797227.7107249103,1433969.116723746,7664
27901,Ramagondanahalli,13.11956,77.55842,777388.3896870532,1451763.8916716117,7665
34353,Ramagondanahalli,13.11946,77.55849,777396.0960325692,1451752.9000060267,7666
27903,Ramagovindapuram,13.20924,77.87895,812052.0528617948,1462067.5517916547,7667
21118,Ramakrishna Ashrama,12.94715,77.56783,778602.264774184,1432690.7146818666,7668
21119,Ramakrishna Ashrama,12.94898,77.56765,778580.6881109066,1432893.0745027924,7669
23318,Ramakrishna Ashrama,12.94822,77.56824,778645.5853099452,1432809.5965006608,7670
23728,Ramakrishna Ashrama,12.94945,77.56774,778589.935908717,1432945.1953181322,7671
27904,Ramakrishna Layout,12.97808,77.51653,772999.3335732333,1436058.7256817203,7672
27906,Ramakrishna Nagara,13.01763,77.53428,774882.4520321337,1440455.368923669,7673
34355,Ramakrishna Nagara,13.01761,77.53422,774875.9623186641,1440453.0903171632,7674
27912,Ramakrishnapura Circle,12.7801,77.69461,792560.2686521872,1414340.6593565491,7675
34358,Ramakrishnapura Circle,12.7802,77.69461,792560.1534035853,1414351.7289102382,7676
27913,Ramakrishnapura Gate,12.77905,77.70195,793358.9395347126,1414232.74228334,7677
35163,Ramakrishnapura Gate,12.77904,77.70215,793380.6803299821,1414231.8621581222,7678
35250,Ramakrishnapura Gate,12.77899,77.70209,793374.2193374482,1414226.2592981106,7679
27915,Ramalinga Reddy Estate,12.74575,77.74018,797551.5187305508,1410590.124348249,7680
34359,Ramalinga Reddy Estate,12.74574,77.74012,797545.010604388,1410588.948511115,7681
27916,Ramamandira,12.99343,77.56781,778548.5307385928,1437813.2684639043,7682
22414,Ramamurthy Nagara Alada Mara,13.01146,77.67644,790319.0074834423,1439930.525624483,7683
22415,Ramamurthy Nagara Alada Mara,13.01139,77.67668,790345.1394867413,1439923.051125821,7684
22416,Ramamurthy Nagara Church,13.01177,77.67878,790572.6379924968,1439967.515738272,7685
22417,Ramamurthy Nagara Church,13.01169,77.67891,790586.8419480997,1439958.8087280092,7686
22418,Ramamurthy Nagara Manipal,13.01172,77.67031,789653.3351296905,1439952.3113735944,7687
22419,Ramamurthy Nagara Manipal,13.01167,77.67034,789656.6495376772,1439946.8108146086,7688
22420,Ramamurthy Nagara Police Station,13.01206,77.66785,789385.924996014,1439987.144986283,7689
22421,Ramamurthy Nagara Police Station,13.01201,77.66788,789389.2393414151,1439981.6444064246,7690
39994,Ramanagara Bus Stand,12.72239,77.27494,747027.9253297304,1407516.6486057788,7691
34361,Ramanahalli,13.18325,77.74411,797457.77313319,1459026.2640525037,7692
34362,Ramanahalli,13.18328,77.74415,797462.0757661124,1459029.6325528284,7693
27922,Ramanahalli,12.74168,77.40167,760776.5038851656,1409775.3339385358,7694
34363,Ramanahalli,12.74181,77.40171,760780.7163563573,1409789.7615507015,7695
27929,Ramanayakana Doddy,12.73821,77.58881,781112.3611903603,1409586.6712221408,7696
34365,Ramanayakana Doddy,12.73817,77.58884,781115.6649716033,1409582.2762519966,7697
27927,Ramanayakana Thandya,12.86039,77.38343,758673.7773424941,1422894.8839946527,7698
34364,Ramanayakana Thandya,12.86041,77.38347,758678.1003104385,1422897.137672165,7699
27930,RamanayakanaDoddy Cross,12.74561,77.57576,779686.297254811,1410391.644613963,7700
35321,RamanayakanaDoddy Cross,12.74564,77.57579,779689.5238126928,1410394.9975362741,7701
27932,Ramanayakanahalli,12.90953,77.75587,799062.6938377954,1428738.7825879634,7702
34366,Ramanayakanahalli,12.90955,77.75593,799069.1856861454,1428741.0666903015,7703
27933,Ramanjaneya Layout Chikkallasandra,12.91062,77.54539,776206.3473669409,1428623.03590208,7704
27935,Ramanjaneya Layout Cross,12.91464,77.54701,776377.8193413289,1429069.7355707705,7705
34367,Ramanjaneya Layout Cross,12.91461,77.54702,776378.9381093073,1429066.4258276247,7706
24005,Ramanjaneya Temple Nandhini Layout,13.02085,77.52929,774337.3429922551,1440806.37723099,7707
24012,Ramanjaneya Temple Nandhini Layout,13.02095,77.52924,774331.8064384174,1440817.391618812,7708
27937,Ramapura,13.19128,77.7951,802979.0392247709,1459976.2646281251,7709
34368,Ramapura,13.19129,77.79517,802986.620076833,1459977.456295779,7710
39183,Ramapura Cross,12.83931,77.32756,752628.2287807211,1420506.463208878,7711
39184,Ramapura Cross,12.83934,77.32755,752627.1128732895,1420509.7734319358,7712
34369,Ramasagara,12.82087,77.71873,795133.3299173117,1418881.2088332109,7713
34370,Ramasagara,12.82086,77.71881,795142.0319488796,1418880.1934317357,7714
27944,Ramasandra,12.80755,77.61473,783851.2236949338,1417290.0647938605,7715
34372,Ramasandra,12.9455,77.46797,767763.3071723692,1432401.2856410716,7716
35226,Ramasandra,12.80759,77.61469,783846.8337940511,1417294.4483753836,7717
27946,Ramasandra Cross,12.93257,77.46169,767095.3519619678,1430963.6419003324,7718
34374,Ramasandra Cross,12.93259,77.46163,767088.8169853865,1430965.7927921289,7719
22423,Ramaswamypalya,13.00964,77.63534,785860.0246927061,1439682.4741701263,7720
37770,Ramesh Nagara Cross,12.95467,77.67995,790766.1046909448,1433648.1312877617,7721
37771,Ramesh Nagara Cross,12.95468,77.67999,790770.4358161618,1433649.2838138284,7722
34375,Rameshnagara,12.96411,77.68213,790991.8059657682,1434695.583205131,7723
22426,Rameshnagara,12.96409,77.68217,790996.1718176007,1434693.41493009,7724
27951,Ramkrishana Layout,12.97793,77.51647,772992.9847022082,1436042.0590003505,7725
34376,Ramohalli,12.90737,77.41812,762391.7391671806,1428129.5288820204,7726
34377,Ramohalli,12.90731,77.41816,762396.1445704291,1428122.929362121,7727
27955,Ramohalli,12.77405,77.77113,800881.2038922361,1413758.700512274,7728
34378,Ramohalli,12.77436,77.77124,800892.7885358608,1413793.1460233594,7729
29579,Ramohalli Ashrama,12.90632,77.42885,763557.790311029,1428024.333028076,7730
35671,Ramohalli Ashrama,12.90627,77.42882,763554.5856300059,1428018.768392339,7731
27956,Ramohalli Cross,12.88701,77.45112,765996.0876480053,1425910.1700696344,7732
35388,Ramohalli Cross,12.88674,77.45125,766010.4883914483,1425880.4220221248,7733
34381,Rampura,12.89027,77.3988,760311.8964707656,1426217.3086725976,7734
34382,Rampura,12.89029,77.3988,760311.8757849646,1426219.522137002,7735
34380,Rampura,13.05158,77.69135,791890.3248583062,1444388.7671736954,7736
34383,Rampura,12.84127,77.32765,752636.0426455971,1420723.4602330874,7737
34379,Rampura,13.05175,77.69124,791878.1871074827,1444407.4589434431,7738
27965,Rampura,13.01741,77.35077,754967.6343952275,1440239.66946928,7739
34385,Rampura,13.0174,77.35093,754985.0072551761,1440238.7233183824,7740
36292,Rampura,12.94285,77.94126,819154.0459877014,1432651.7185844493,7741
34386,Rampura Cross,13.05191,77.68109,790776.4542999072,1444413.4990100493,7742
34387,Rampura Cross,13.05194,77.68091,790756.8844723952,1444416.6133139047,7743
27968,Rampura Cross,13.05212,77.68101,790767.5263717049,1444436.6533982798,7744
27971,Ranga Jangama,12.85578,77.45274,766204.9694628117,1422455.404416776,7745
34388,Ranga Jangama,12.85562,77.45281,766212.7398107101,1422437.768547968,7746
34389,Ranga Jangama,12.85579,77.45278,766209.3026694163,1422456.5525860046,7747
27973,Rangaiahnapalya,12.99188,77.2676,745967.7406709642,1437332.4244557663,7748
34390,Rangaiahnapalya,12.99199,77.26759,745966.5470859844,1437344.587899485,7749
27975,Ranganathpura,12.9506,77.2417,743197.1877641196,1432739.3917826277,7750
34391,Ranganathpura,12.9504,77.24167,743194.1257867233,1432717.2307159747,7751
27977,Rangappa Circle,13.28753,77.54399,775634.2520231098,1470340.0432385802,7752
34392,Rangappa Circle,13.2874,77.5439,775624.6419363825,1470325.5543042477,7753
27979,Rangappanapalya Gate,12.99273,77.34936,754839.8440728118,1437506.908581628,7754
34393,Rangappanapalya Gate,12.99279,77.34948,754852.8060681393,1437513.668934203,7755
27983,Rangenahalli,13.11319,77.28478,747711.1852201018,1450774.0032451288,7756
34395,Rangenahalli,13.11315,77.28473,747705.8017953318,1450769.527486396,7757
27985,Rangenahalli Colony,13.11301,77.2865,747897.9339662999,1450755.7726766148,7758
34396,Rangenahalli Colony,13.11298,77.28652,747900.1334429517,1450752.47232552,7759
34398,Rani Circle,13.26728,77.7198,794719.7084038155,1468299.7339328886,7760
34399,Rani Circle,13.2674,77.71954,794691.370712477,1468312.7106787418,7761
27989,Rani Circle,13.26859,77.71978,794715.9586257052,1468444.7283924092,7762
21592,Rani Saraladevi High School,12.93767,77.585,780476.9131737596,1431660.187693234,7763
21593,Rani Saraladevi High School,12.93879,77.58522,780499.5449510957,1431784.39941686,7764
38792,Rashi Gateway,13.11118,77.36989,756945.395440898,1450636.6784721867,7765
38790,Rashi Gateway Cross,13.11016,77.37806,757832.7156761229,1450532.1264223638,7766
38791,Rashi Gateway Cross,13.11034,77.37765,757788.0521999155,1450551.628683641,7767
23554,Ravagodlu,12.74817,77.50112,771574.1069619204,1410595.666410309,7768
23748,Ravagodlu,12.74814,77.50117,771579.5711528636,1410592.398373584,7769
23553,Ravagodlu Gate,12.74897,77.4865,769984.8955575529,1410668.9441361572,7770
23606,Ravagodlu Gate,12.74895,77.48633,769966.4475852379,1410666.5535741288,7771
27990,Ravi Badavane Jai Maruthi Nagara,13.00673,77.5323,774679.5771313456,1439246.7705020339,7772
34400,Ravi Tent,12.95166,77.62138,784410.8018708208,1433248.9566238539,7773
35059,Ravi Tent,12.95169,77.62148,784421.6243128795,1433252.3887526288,7774
27994,Ravindra Nagara,13.04995,77.51654,772921.6887418951,1444013.5174398997,7775
34401,Ravindra Nagara,13.04995,77.51634,772899.9858944223,1444013.3020675767,7776
27996,Ravuthanahalli,13.02676,77.42388,762891.5883529312,1441348.995191736,7777
34402,Ravuthanahalli,13.02673,77.42384,762887.2793312904,1441345.6334946575,7778
34403,Ravuthanahalli Cross,13.0734,77.43899,764481.648833584,1446526.6787363363,7779
38537,Ravuthanahalli Cross,13.07334,77.43938,764524.0271395233,1446520.4458119012,7780
38538,Ravuthanahalli Cross,13.07362,77.43959,764546.5131234503,1446551.6550853874,7781
36538,Rayal Layout,12.86928,77.57587,779561.7358034845,1424080.3172223058,7782
21123,Rayan Circle,12.96047,77.5679,778595.0417571468,1434165.135090304,7783
21124,Rayan Circle,12.96136,77.56889,778701.5221179496,1434264.727407308,7784
23780,Rayan International School,12.81956,77.58481,780587.8300566273,1418586.700398698,7785
24132,Rayan International School,12.81953,77.58471,780577.0013704128,1418583.2709920078,7786
28000,Rayara Doddy,12.76694,77.51327,772873.9968498865,1412685.9018160396,7787
34404,Rayara Doddy,12.76715,77.51368,772918.312363073,1412709.5769047148,7788
28003,Rayasandra,12.87934,77.67212,790003.0122049819,1425300.6005289108,7789
35371,Rayasandra,12.87942,77.67203,789993.1460316943,1425309.3543970736,7790
34405,Rayasandra,13.21882,77.7256,795407.1338566737,1462942.0198531179,7791
34406,Rayasandra,13.21876,77.72563,795410.4598503622,1462935.4132143448,7792
28004,Rayasandra Circle,12.87569,77.67126,789913.8169960331,1424895.5950372217,7793
35372,Rayasandra Circle,12.8757,77.67112,789898.6011972263,1424896.5439074454,7794
24425,Rayasandra Cross (Channahalli Gate),13.21176,77.74142,797131.4761548107,1462179.1947146954,7795
28005,Rayasandra Cross (Channahalli Gate),13.21175,77.74139,797128.2344522609,1462178.052082746,7796
28007,Rayasandra Gate,13.23358,77.72709,795550.9263373942,1464577.7288087688,7797
34407,Rayasandra Gate,13.23351,77.72712,795554.2643284528,1464570.015200631,7798
28009,Razakpalya,13.14594,77.65823,788186.0442864451,1454795.9943102356,7799
34408,Razakpalya,13.14592,77.65818,788180.6435132246,1454793.723135343,7800
38891,Razakpalya Cross,13.14965,77.65882,788245.7111885515,1455207.3488645828,7801
38892,Razakpalya Cross,13.14968,77.65884,788247.8457328582,1455210.6926379313,7802
34411,Reddyhalli,13.18957,77.75477,798606.4249502015,1459738.5733303323,7803
34412,Reddyhalli,13.18941,77.7545,798577.3320923853,1459720.5392826535,7804
24002,Reliance Petrol Bunk Goraguntepalya,13.02866,77.5363,775089.4957867605,1441678.4055142067,7805
24015,Reliance Petrol Bunk Goraguntepalya,13.02861,77.53612,775070.0165398377,1441672.6762218527,7806
36787,Renaissance prosperio apartment,13.06426,77.59362,781269.9822979465,1445681.763165831,7807
28021,Renuka Nagara,13.10569,77.38815,758931.9384628644,1450047.746097732,7808
34414,Renuka Nagara,13.10573,77.38811,758927.5573837275,1450052.1320215373,7809
28023,Reva College,13.11542,77.63428,785623.2101212415,1451390.3342737178,7810
34415,Reva College,13.11538,77.63416,785610.2369983806,1451385.770637837,7811
28026,Reva College Gate,13.12207,77.63066,785222.7838442822,1452122.342360454,7812
34416,Reva College Gate,13.12228,77.63051,785206.2676791039,1452145.4180576508,7813
34417,Reva College Gate,13.12218,77.63043,785197.7038351872,1452134.2582694832,7814
22427,Richard Farm,12.77774,77.52525,774163.8135081999,1413893.920982406,7815
22428,Richard Farm,12.77769,77.52521,774159.522173822,1413888.3444987377,7816
21126,Richmond Circle,12.9658,77.60433,782543.8119685807,1434795.1721849914,7817
21125,Richmond Circle,12.96738,77.59946,782013.3552560213,1434964.6704761444,7818
23674,Richmond Circle,12.96366,77.5964,781685.361724691,1434549.5258635627,7819
36131,Richmond Circle UFLY,12.96485,77.59661,781706.818768824,1434681.4774884095,7820
28049,Robin Theatre,12.91601,77.4798,769079.1633878793,1429149.77592296,7821
34427,Robin Theatre,12.91605,77.47982,769081.2919275793,1429154.2241205378,7822
28051,Rock Colony,12.72252,77.50242,771742.6953460854,1407758.0878498736,7823
34428,Rock Colony,12.72256,77.50237,771737.2199976175,1407762.462754746,7824
28053,Rock Line Studio,13.04055,77.49628,770733.4437695572,1442951.3805926056,7825
34429,Rock Line Studio,13.0406,77.49634,770739.900339334,1442956.9787205702,7826
21136,Rolling Mill,13.02655,77.51468,772745.5139136647,1441421.5343915157,7827
21137,Rolling Mill,13.02648,77.51478,772756.4430485138,1441413.8940242452,7828
21138,Roopena Agrahara,12.91197,77.62613,784971.5836053959,1428860.9288625063,7829
21143,Roopena Agrahara,12.91158,77.62579,784935.10785013,1428817.381092011,7830
37600,Roopena Agrahara,12.91185,77.626,784957.6039752809,1428847.5012921318,7831
37868,Roopena Agrahara FLY,12.9116,77.62604,784962.2308974655,1428819.873100147,7832
35774,Roopena Agrahara FLY,12.91212,77.62589,784945.3535781158,1428877.2654029415,7833
37735,Roopena Agrahara Toll,12.91166,77.62617,784976.2786119006,1428826.6592204203,7834
39466,Roopena Agrahara Toll (Volvo),12.91139,77.62635,784996.1298694501,1428796.9730179254,7835
28057,Royal Enclave,13.06575,77.61693,783797.7574827864,1445872.7100705304,7836
34430,Royal Enclave,13.06572,77.61698,783803.2175472586,1445869.4454003912,7837
23461,Royal Layout,12.86919,77.57581,779555.3197788686,1424070.2901447946,7838
23465,Royal Layout,12.86932,77.5758,779554.0896272254,1424084.6685138606,7839
34431,Royal Meenakshi Mall,12.87642,77.59564,781700.7383036332,1424892.2262276297,7840
28059,Royal Meenakshi Mall BG Road,12.8765,77.59615,781756.0326893536,1424901.6408620952,7841
40336,Royal Meenakshi Mall BG Road (KIA-14A),12.87682,77.59507,781638.391510376,1424935.8761925402,7842
40337,Royal Meenakshi Mall BG Road (KIA-14A),12.87682,77.59522,781654.6808471738,1424936.0407315241,7843
28076,Rukmini Nagara,13.04099,77.50482,771659.6995934052,1443009.2127908731,7844
34439,Rukmini Nagara,13.041,77.50488,771666.1997048648,1443010.3838850816,7845
23877,Rupesh Hotel,12.81165,77.66601,789417.0334209531,1417800.8545292565,7846
23888,Rupesh Hotel,12.81176,77.66589,789403.8721857013,1417812.8962050301,7847
39731,Rural High School Devanahalli,13.24339,77.71982,794750.6844611042,1465655.1164003925,7848
39732,Rural High School Devanahalli,13.24334,77.71986,794755.0824916591,1465649.6285751383,7849
37965,Russell Market,12.98486,77.60518,782614.5320915986,1436905.8574604227,7850
28083,S Gollahalli,12.89388,77.36136,756243.2207273208,1426579.1368303525,7851
34441,S Gollahalli,12.89375,77.36146,756254.21020454,1426564.8495700357,7852
21199,S J R College,12.98262,77.56234,777966.8369247543,1436610.769269036,7853
21200,S J R College,12.98246,77.56208,777938.7927032285,1436592.7757486524,7854
22435,S Medahalli,12.82365,77.78618,802457.2582951786,1419267.1352064358,7855
22436,S Medahalli,12.82387,77.78611,802449.3908496196,1419291.4078370626,7856
38707,S Nagenahalli Gate,13.37151,77.55774,777029.1800935697,1479650.9084597172,7857
38708,S Nagenahalli Gate,13.37149,77.55778,777033.5379584986,1479648.7394727655,7858
26683,S R S Mathikere,13.06145,77.53112,774491.1235947232,1445302.1340448589,7859
34701,S R S Mathikere,13.06144,77.53109,774487.879343091,1445300.9946799339,7860
21152,SAP Labs,12.97765,77.71448,794487.9620302601,1436231.5739038896,7861
21153,SAP Labs,12.9778,77.7144,794479.1003296688,1436248.0862027067,7862
22467,SBI Bank,13.07239,77.54625,776120.7185542693,1446529.4850511241,7863
22468,SBI Bank,13.07237,77.5461,776104.4648211992,1446527.1076340103,7864
28189,SBM Gayathri Nagara,12.99993,77.56035,777731.5679862052,1438524.5757348111,7865
34484,SBM Gayathri Nagara,12.99991,77.5604,777737.017226274,1438522.4166012085,7866
28230,SEZ Amada Circle,13.17841,77.72064,794917.7297371293,1458462.763799076,7867
28231,SEZ Amada Circle,13.17853,77.72045,794896.9758329543,1458475.8245558671,7868
39202,SFS High School Hebbagodi,12.83378,77.68021,790934.1263939062,1420266.496875127,7869
39203,SFS High School Hebbagodi,12.83359,77.68,790911.5346871803,1420245.2277046794,7870
21176,SI Apartment HSR Layout,12.91668,77.6294,785321.2986444243,1429385.9254059815,7871
21177,SI Apartment HSR Layout,12.91677,77.62942,785323.3679946105,1429395.9099005903,7872
38885,SIR M VISHWESHWARAYYA MUSEUM AND SAMADI,13.40749,77.69589,791958.4742773362,1483792.7479928045,7873
22495,SJES College,13.023,77.715,794490.8593288176,1441252.359564047,7874
22496,SJES College,13.02393,77.71589,794586.3608150852,1441356.3420066934,7875
26501,SJM Polytechnic,13.08532,77.41196,761536.3928765398,1447817.8315943945,7876
34620,SJM Polytechnic,13.08561,77.41217,761558.8698840464,1447850.1447894427,7877
26503,SKF Factory,13.06116,77.74189,797363.9159473784,1445508.0610703581,7878
34621,SKF Factory,13.06124,77.74195,797370.3317164498,1445516.9876527297,7879
23968,SLV Bakery,12.92127,77.54322,775959.0319529085,1429799.484504407,7880
24344,SLV Bakery,12.92117,77.54316,775952.6275442746,1429788.351369502,7881
38155,SLV Petrol Bunk,13.16054,77.59547,781361.1354016608,1456341.0275025647,7882
38156,SLV Petrol Bunk,13.16058,77.59551,781365.4285694093,1456345.4998871114,7883
26510,SM Gollahalli,13.25835,77.50612,771561.222873325,1467068.674428571,7884
34624,SM Gollahalli,13.25832,77.50626,771576.4352183043,1467065.506284474,7885
39884,SMV 5th Stage (Manganahalli Cross),12.95172,77.47733,768772.7220623203,1433099.541698664,7886
39885,SMV 5th Stage (Manganahalli Cross),12.95174,77.47752,768793.3258871201,1433101.9552997411,7887
39908,SMV 5th Stage (Revive Hospital),12.96698,77.48368,769445.6129400271,1434795.21186898,7888
39909,SMV 5th Stage (Revive Hospital),12.96704,77.4837,769447.7192634688,1434801.8738043772,7889
26513,SMVIT College,13.15169,77.61168,783129.6414342797,1455379.6138286255,7890
34625,SMVIT College,13.15178,77.61167,783128.4532715625,1455389.5647863406,7891
34626,SMVIT Cross,13.15209,77.62015,784047.9817705527,1455433.4420483538,7892
34628,SMVIT Cross,13.15191,77.61988,784018.900349725,1455413.2125375543,7893
34627,SMVIT Cross,13.15197,77.62063,784100.1892175429,1455420.7012373947,7894
26520,SNN Raj Serenity Apartment Yelenahalli,12.85995,77.61255,783555.6304556968,1423087.7836521359,7895
34629,SNN Raj Serenity Apartment Yelenahalli,12.85986,77.61259,783560.0757982276,1423077.8657250034,7896
26681,SRR Kalyana Mantapa,13.00744,77.65464,787957.4228290787,1439460.7337120255,7897
34699,SRR Kalyana Mantapa,13.00906,77.65604,788107.5113054522,1439641.6440825993,7898
34700,SRR Kalyana Mantapa,13.00902,77.65617,788121.6681253943,1439637.363683211,7899
34841,SRR Kalyana Mantapa 1,13.00747,77.6546,787953.0464332812,1439464.0092151086,7900
21189,SRS Peenya,13.03428,77.53032,774434.3188987037,1442293.9770284342,7901
21190,SRS Peenya,13.03471,77.52987,774385.0096616927,1442341.0845020039,7902
26685,SSVB Bakery Kanteerava Studio,13.01371,77.53391,774846.6204941974,1440021.0862906973,7903
34702,SSVB Bakery Kanteerava Studio,13.01365,77.53397,774853.1985606856,1440014.51012973,7904
38542,STRR Devanahalli Toll,13.20764,77.76237,799408.7724011252,1461748.0569132664,7905
38543,STRR Devanahalli Toll,13.20732,77.76248,799421.0940065354,1461712.7631682577,7906
23712,SVR College,12.90225,77.65058,787637.582649308,1427812.3323831914,7907
24054,SVR College,12.90217,77.65071,787651.790755728,1427803.622891716,7908
22437,Saalu Doddy,12.83067,77.51313,772790.2037437283,1419739.4662181858,7909
22438,Saalu Doddy,12.83065,77.51297,772772.8478475196,1419737.0832192076,7910
34442,Sadahalli,13.21204,77.64729,786922.111326778,1462100.3832452425,7911
28086,Sadahalli,13.21207,77.64734,786927.4988774296,1462103.7613879575,7912
28088,Sadahalli Gate,13.19051,77.64626,786835.56066918,1459715.9526623236,7913
34443,Sadahalli Gate,13.19072,77.64583,786788.6767301643,1459738.7066130247,7914
28090,Sadananda Nagara,12.99442,77.65799,788336.09630431,1438023.2950255137,7915
34444,Sadananda Nagara,12.99446,77.65825,788364.2729416871,1438028.0174132648,7916
28091,Sadaramangala,12.99921,77.73677,796882.1716721654,1438644.1459160547,7917
40032,Sadaramangala Lake Gate,12.99895,77.72218,795298.6892332532,1438598.3796797052,7918
40034,Sadaramangala Lake Gate,12.99893,77.72211,795291.1142255722,1438596.084427875,7919
21147,Sadashivanagara,13.0086,77.58016,779872.0179271742,1439505.9514885128,7920
28095,Sadashivanagara,13.00864,77.58029,779886.0828468199,1439510.5221304507,7921
21098,Sadashivanagara Police Station,13.01553,77.57269,779053.487129953,1440264.8019724388,7922
21099,Sadashivanagara Police Station,13.01587,77.57277,779061.7889644122,1440302.5235176454,7923
28098,Sadenahalli,13.19463,77.57269,778851.5196793687,1460089.0040501507,7924
34446,Sadenahalli,13.19467,77.57277,778860.150653108,1460093.5205798778,7925
28100,Sadhanapalya,12.76873,77.48298,769581.5306628821,1412852.2912318802,7926
34447,Sadhanapalya,12.76858,77.48288,769570.8264153693,1412835.5853185146,7927
23605,Sadhanapalya Gate,12.76808,77.48878,770212.2975437117,1412786.3955859994,7928
23627,Sadhanapalya Gate,12.76805,77.48861,770193.8616153107,1412782.8978163744,7929
28102,Sadhapanalli Gate,13.16299,77.79286,802770.8868295586,1456841.6754283246,7930
34448,Sadhapanalli Gate,13.16294,77.7928,802764.4391354877,1456836.0678040292,7931
22439,Safal Market,13.03799,77.75976,799331.2256238414,1442964.1377966304,7932
22440,Safal Market,13.03799,77.75986,799342.0794913182,1442964.2558332363,7933
28104,Sagar Hospital,12.92848,77.59962,782074.5289122723,1430659.047118914,7934
34449,Sagar Hospital,12.92832,77.59936,782046.4796786143,1430641.050163058,7935
34450,Sahakara Nagara,13.06473,77.58385,780209.2748551392,1445722.9515629697,7936
23523,Sahakara Nagara Police Station,13.06414,77.58336,780156.7696048117,1445657.1030128067,7937
24113,Sahakara Nagara Police Station,13.06409,77.58348,780169.8476271951,1445651.7013976506,7938
23525,Sahakara Nagara Post Office,13.06133,77.58736,780593.9994928128,1445350.4978665023,7939
28108,Sahukarapalya,13.06533,77.28899,748215.7902898156,1445481.6290359264,7940
34451,Sahukarapalya,13.06512,77.28903,748220.3399388718,1445458.4282636563,7941
34452,Sahyadribalaga Layout,13.06592,77.49912,771013.9513872021,1445762.412578465,7942
22441,Sai Baba General Hospital,12.97454,77.75065,798418.3925178086,1435929.3810878887,7943
22442,Sai Baba General Hospital,12.97383,77.75042,798394.2701739802,1435850.5137147508,7944
28112,Sai Baba Temple (Avathi),13.2829,77.72301,795048.8975376051,1470032.6830559878,7945
34453,Sai Baba Temple (Avathi),13.2829,77.72277,795022.8749508855,1470032.3986988883,7946
22443,Sai Lakshmi Industries,13.02454,77.76162,799549.302582137,1441477.3817771603,7947
22444,Sai Lakshmi Industries,13.02458,77.76173,799561.1943599617,1441481.939690073,7948
22445,Sajjan Rao Circle,12.95262,77.57653,779540.6599718677,1433305.6799971184,7949
22679,Sajjan Rao Circle,12.95301,77.57738,779632.5015220966,1433349.7789226663,7950
28115,Sajjan Rao Circle,12.95233,77.57713,779606.1205941415,1433274.237785789,7951
28116,Sakalavara,12.8207,77.60905,783219.5130007721,1418739.3832292808,7952
35224,Sakalavara,12.82073,77.60909,783223.8242575062,1418742.7478290417,7953
28118,Sakamma Layout,13.00723,77.52867,774285.0479400906,1439298.1936213593,7954
34455,Sakamma Layout,13.00719,77.52873,774291.6039786991,1439293.8309988396,7955
38140,Salarpuria Apartment,12.90692,77.63254,785673.343043518,1428309.0800110865,7956
38141,Salarpuria Apartment,12.90696,77.63256,785675.4692793695,1428313.529967884,7957
22446,Saluhunase,12.81092,77.51158,772643.1365968795,1417551.8719000968,7958
22447,Saluhunase,12.81088,77.51151,772635.5764252855,1417547.3707053144,7959
28123,Samanahalli,12.83263,77.7477,798266.4923297688,1420216.3829499464,7960
31408,Samanahalli,12.83272,77.74773,798269.6449328212,1420226.3807152554,7961
28125,Samanduru,12.71526,77.753,798980.358993483,1407229.6233710283,7962
34458,Samanduru,12.71526,77.75291,798970.5780016948,1407229.5198492245,7963
28127,Sambhram College,13.08824,77.54663,776144.2918563103,1448284.2680383,7964
34459,Sambhram College,13.08826,77.54666,776147.5245518168,1448286.5145372916,7965
22448,Samethanahalli,12.9803,77.79019,802704.1633012181,1436613.6805384469,7966
22449,Samethanahalli,12.98018,77.7902,802705.394393638,1436600.4078406992,7967
28129,Sampangere,12.87447,77.88289,812900.6342400401,1425008.9818547673,7968
34460,Sampangere,12.87444,77.88294,812906.1025217962,1425005.7214290546,7969
23779,Sampangiram Nagara,12.82533,77.58621,780733.495160898,1419226.8883084746,7970
24133,Sampangiram Nagara,12.82495,77.58593,780703.5040560266,1419184.522310265,7971
28131,Sampige Nagara,12.83447,77.69733,792792.9285449436,1420362.2757767874,7972
35305,Sampige Nagara,12.83451,77.69732,792791.7959861465,1420366.6922537026,7973
24248,Sampige Nagara Gate,12.83937,77.69797,792856.7676639452,1420905.4147031235,7974
35681,Sampige Nagara Gate,12.83931,77.698,792860.0958134554,1420898.8070545387,7975
39445,Sampige Talkies,12.99331,77.57145,778943.7613053983,1437803.9727787,7976
28133,Sampigehalli,13.08187,77.61784,783878.0513192294,1447658.0736060007,7977
34462,Sampigehalli,13.08187,77.61792,783886.731961352,1447658.1634427677,7978
35054,Sampigehalli Bannerughatta,12.80536,77.57887,779958.3307946107,1417008.4981284775,7979
35280,Sampigehalli Bannerughatta,12.80519,77.57879,779949.8286220122,1416989.5946998743,7980
21148,Sangam Circle,12.91704,77.57875,779821.3699544182,1429369.8608515048,7981
21149,Sangam Circle,12.91763,77.57733,779666.5336979323,1429433.6143344622,7982
37083,Sangam Circle,12.91756,77.57789,779727.4145516031,1429426.4781584428,7983
38115,Sanjay Gandhi Hospital,12.92687,77.5936,781422.7235249708,1430474.2069631745,7984
35099,Sanjay Gandhi Hospital,12.92707,77.59309,781367.126614145,1430495.7835549559,7985
35205,Sanjay Gandhi Hospital,12.927,77.59299,781356.3477480198,1430487.925373038,7986
24010,Sanjay Gandhi Nagara,13.01871,77.52626,774010.8580799303,1440566.2432753844,7987
21150,Sanjayanagara,13.03425,77.57569,779358.0805031895,1442340.1703888876,7988
21151,Sanjayanagara,13.03418,77.57566,779354.9033434205,1442332.38922205,7989
28138,Sanjeeva Nagara,13.28569,77.53651,774825.4106509031,1470128.1116134766,7990
34464,Sanjeeva Nagara,13.28564,77.53654,774828.7193417135,1470122.6104073175,7991
34465,Sanjeevanapalya,13.08085,77.15461,733622.7373500073,1447071.1719205421,7992
35275,Sanjeevini Nagara,13.05757,77.59062,780952.0128087243,1444937.9222777295,7993
28141,SanjeeviniNagara,13.05747,77.59072,780962.9776209991,1444926.964311799,7994
28143,Sanna Amanikere,13.23419,77.6946,792026.7096129475,1464607.0629884868,7995
34466,Sanna Amanikere,13.23411,77.69477,792045.2410018882,1464598.405751644,7996
22452,Sannathammanahalli,13.04803,77.76052,799401.6201870837,1444076.4905944841,7997
22453,Sannathammanahalli,13.04786,77.76068,799419.1905632865,1444057.8601672868,7998
23603,Santekatte,12.80664,77.51056,772536.9514954307,1417077.079645937,7999
23635,Santekatte,12.8067,77.51063,772544.4903050864,1417083.7944066965,8000
28145,Santhe Devanagondhi,12.96581,77.83936,808060.3363016788,1435068.4617537907,8001
34467,Santhe Devanagondhi,12.96585,77.83932,808055.9439482451,1435072.84178309,8002
22454,Santhe Gate,13.07669,77.79532,803143.6516610067,1447290.6964486162,8003
28146,Santhe Gate,13.07696,77.79507,803116.190314377,1447320.2873270211,8004
34468,Sapalamma Devi Temple,13.09789,77.91117,815689.7731725469,1449779.66025869,8005
37325,Sapthagiri Badavane,12.92218,77.53451,775012.3728155096,1429890.830211687,8006
37326,Sapthagiri Badavane,12.9222,77.53457,775018.8651788415,1429893.1083698943,8007
21154,Sapthagiri College,13.06685,77.50328,771464.3193582975,1445869.8046787938,8008
21155,Sapthagiri College,13.06675,77.50335,771472.0241719071,1445858.8115282548,8009
28149,Sapthagiri College,13.06678,77.503,771434.0142965238,1445861.756637926,8010
22455,Sapthagiri Convention Hall,13.05027,77.75648,798960.4464070303,1444319.6942629796,8011
22456,Sapthagiri Convention Hall,13.0509,77.75676,798990.0773209963,1444389.7672357522,8012
21156,Sapthagiri Hospital,13.07067,77.50387,771524.1570935824,1446293.2439972954,8013
21157,Sapthagiri Hospital,13.07066,77.50395,771532.8483773132,1446292.2230191112,8014
22457,Sapthagiri Layout,13.10457,77.61045,783050.2269956912,1450162.4678845732,8015
22458,Sapthagiri Layout,13.10449,77.61054,783060.083310697,1450153.7135570343,8016
28151,Sapthagiri Vidya Mandir Opp Carmelaram Station,12.90716,77.70549,793594.5857853472,1428418.132910587,8017
39926,Sarada Math (Nandidurga Road),13.00321,77.59646,781647.2729919581,1438927.3398017506,8018
39927,Sarada Math (Nandidurga Road),13.00333,77.59643,781643.8812374955,1438940.5892654783,8019
28157,Sarakari Guttahalli Cross,13.04637,77.7849,802049.7300159312,1443921.6536015486,8020
34470,Sarakari Guttahalli Cross,13.04632,77.78485,802044.3639432304,1443916.0587681362,8021
22459,Sarakki,12.9097,77.57299,779204.1273361917,1428551.1316212814,8022
22460,Sarakki,12.90966,77.57288,779192.228026039,1428546.5842474543,8023
39240,Sarakki Market,12.91137,77.57307,779210.9577061994,1428736.0654603967,8024
39241,Sarakki Market,12.91148,77.57302,779205.406503102,1428748.1864733547,8025
28162,Sarakki Signal,12.9067,77.57334,779245.4641030474,1428219.453361208,8026
34472,Sarakki Signal,12.90657,77.57367,779281.4402936364,1428205.4238335795,8027
34473,Sarakki Signal,12.90639,77.57373,779288.155193853,1428185.5656509432,8028
24076,Sarala Birla Academy,12.8117,77.58446,780558.5240032012,1417716.3208572515,8029
24234,Sarala Birla Academy,12.81158,77.58449,780561.915637405,1417703.071053849,8030
39659,Sarapura Cross,13.10111,77.37262,757252.0080129767,1449524.9848922929,8031
21597,Saraswathi Nagara,12.9738,77.53041,774510.6550164458,1435599.911260719,8032
28163,Saraswathi Nagara,12.9736,77.53031,774500.0197852044,1435577.6668253127,8033
28165,Saraswathipuram,13.00913,77.53821,775318.3657495743,1439518.805634336,8034
34474,Saraswathipuram,13.00918,77.53818,775315.0545128942,1439524.3073706497,8035
28166,Sarathi Nagara,12.87382,77.57316,779262.406452169,1424579.8858891763,8036
35344,Sarathi Nagara,12.87402,77.57312,779257.840985775,1424601.979667029,8037
22461,Sarayipalya,13.04746,77.62858,785082.9610015027,1443861.2453614397,8038
28167,Sarayipalya,13.04745,77.62868,785093.8248704546,1443860.2509248294,8039
22462,Sarjapura,12.86125,77.78568,802357.9229920118,1423429.0032457109,8040
23907,Sarjapura,12.86136,77.7856,802349.1016876727,1423441.0865395234,8041
22391,Sarjapura Circle,12.86102,77.78352,802123.5845240724,1423401.0013423506,8042
22392,Sarjapura Circle,12.86089,77.78331,802100.9305631339,1423386.363043439,8043
23570,Sarjapura Circle,12.86066,77.78366,802139.222310519,1423361.312645166,8044
20888,Sarjapura Ring Road Junction,12.92203,77.66825,789533.5598567864,1430021.7653336958,8045
20889,Sarjapura Ring Road Junction,12.92113,77.66604,789294.6317105354,1429919.640781446,8046
30401,Sarjapura Road Ibbaluru Junction,12.9204,77.66585,789274.8424485724,1429838.6192798282,8047
38204,Sarjapura Road Ibbaluru Junction,12.92043,77.66518,789202.0577690939,1429841.1827841897,8048
28170,Sarvajna College/Vijayanagara,12.97572,77.5391,775451.8287801822,1435821.8003415,8049
28172,Sasuveghatta,13.09251,77.47537,768408.164904224,1448680.0932967777,8050
34476,Sasuveghatta,13.09275,77.47534,768404.6500008113,1448706.6247008462,8051
28174,Sasuveghatta Cross,13.0847,77.47534,768413.3725712742,1447815.6483286936,8052
34477,Sasuveghatta Cross,13.08473,77.47535,768414.4250338534,1447818.9793551771,8053
28176,Sathanur,13.13186,77.6474,787027.559793722,1453225.0413060454,8054
34478,Sathanur,13.13183,77.6474,787027.5946797406,1453221.7204855392,8055
28178,Sathanur Colony,13.12786,77.64662,786947.5883016401,1452781.376710944,8056
34479,Sathanur Colony,13.12788,77.64651,786935.6311530697,1452783.4652977185,8057
28180,Sathya Nagara,13.00047,77.63991,786366.5902528565,1438672.5675928965,8058
34480,Sathya Nagara,13.00038,77.63984,786359.0954069225,1438662.5264547553,8059
22464,Sathya Sai Baba Mandir,13.00118,77.75753,799133.4019155822,1438886.5533677903,8060
22465,Sathya Sai Baba Mandir,13.00124,77.75765,799146.356488874,1438893.3366597148,8061
21161,Sathya Sai Hospital,12.9823,77.72773,795920.8980192302,1436761.68031153,8062
21160,Sathya Sai Hospital,12.98267,77.72815,795966.0549112607,1436803.1272395987,8063
39782,Sattva Anugraha Apartment,12.98291,77.51833,773189.4344157036,1436595.252888963,8064
21665,Savandarbar Ashrama,12.90938,77.49244,770458.6301018166,1428429.2835671238,8065
22466,Savandarbar Ashrama,12.90934,77.49249,770464.1018393836,1428424.9091465385,8066
28181,Savandurga,12.91561,77.29748,749286.3127535789,1428920.9555127665,8067
34481,Savandurga Cross,12.90483,77.27795,747176.8111029268,1427709.0585436742,8068
35845,Savandurga Cross,12.90475,77.27793,747174.7185475286,1427700.1860802996,8069
28185,Savukanahalli,13.2674,77.69459,791985.9655369595,1468283.3536097652,8070
34482,Savukanahalli,13.26741,77.69453,791979.4476564189,1468284.390326482,8071
28187,Savukanahalli Gate,13.25813,77.69537,792081.6259203863,1467258.0894098072,8072
34483,Savukanahalli Gate,13.25801,77.6956,792106.7096980314,1467245.0748454006,8073
28195,Seebekatte,12.72904,77.38181,758631.7717470662,1408356.57768753,8074
34487,Seebekatte,12.72898,77.38179,758629.6597422455,1408349.9175217452,8075
34492,Seegehalli,13.01426,77.71697,794715.0294032926,1440287.1365520286,8076
34490,Seegehalli,12.81845,77.45252,766220.3957877348,1418323.6103323589,8077
34491,Seegehalli,12.81844,77.45246,766213.889708587,1418322.4416412185,8078
28202,Seegehalli,12.97325,77.44906,765681.0640653354,1435452.8389974753,8079
39940,Seegehalli Cross,12.97946,77.4442,765146.9595118933,1436135.0841619398,8080
39941,Seegehalli Cross,12.97946,77.44428,765155.6426843072,1436135.167411346,8081
28204,Seegehalli Cross,12.82536,77.44927,765860.1542268868,1419085.0328510145,8082
34494,Seegehalli Cross,12.82536,77.44934,765867.7566978254,1419085.1050379411,8083
21598,Seegehalli Gate,12.98408,77.44376,765094.299845781,1436645.9549200642,8084
21599,Seegehalli Gate,12.98401,77.44389,765108.4840283906,1436638.3428175964,8085
28205,Seegehalli Gate Kadugodi,13.01331,77.76101,799496.596564759,1440233.4714718182,8086
28206,Seegehalli Gate Kadugodi,13.0131,77.76109,799505.5329942796,1440210.3182306287,8087
28208,Seegehalli Junction,13.01628,77.71696,794711.5540676665,1440510.7367856437,8088
34495,Seegehalli Junction,13.01627,77.71693,794708.3095597427,1440509.5949913152,8089
28210,Seeresandra,13.19185,77.48337,769167.6837373474,1459683.6843641847,8090
34496,Seeresandra,13.19185,77.48341,769172.0217100012,1459683.727300558,8091
39102,Seetanayakanahalli,12.95457,77.91071,815821.704789307,1433911.3196979119,8092
39103,Seetanayakanahalli,12.95462,77.91081,815832.5004782211,1433916.9792346188,8093
36226,Seetanayakanahalli Gate Malur Road,12.9537,77.91509,816298.4202126644,1433820.422580611,8094
36227,Seetanayakanahalli Gate Malur Road,12.95368,77.91541,816333.1938696825,1433818.6049434908,8095
22471,Seetha Circle,12.93705,77.54882,776549.6418280341,1431552.1366636131,8096
22472,Seetha Circle,12.93779,77.54968,776642.1919534241,1431634.974187529,8097
28212,Seethakempanahalli,13.17125,77.5186,773011.2700068976,1457441.6741891697,8098
34497,Seethakempanahalli,13.17132,77.51868,773019.8692319822,1457449.509049715,8099
28214,Seethakempanahalli Cross,13.16883,77.52107,773281.8561215028,1457176.504536757,8100
34498,Seethakempanahalli Cross,13.16885,77.52102,773276.4108014305,1457178.663824852,8101
28216,Seethakempanahalli Gate,13.17377,77.52541,773747.0880201652,1457728.0127680593,8102
34499,Seethakempanahalli Gate,13.17362,77.52539,773745.0856983496,1457711.388259006,8103
28218,Seethanayakanahalli,12.76923,77.65995,788807.0371467528,1413098.4780681122,8104
34500,Seethanayakanahalli,12.76926,77.65996,788808.0895170914,1413101.8100033074,8105
28220,Seetharam Bhattarapalya,13.06111,77.33447,753154.3431870341,1445059.6326419984,8106
34501,Seetharam Bhattarapalya,13.06088,77.33455,753163.2573934635,1445034.2585599446,8107
28222,Seetharampalya,12.98044,77.7219,795290.1913986087,1436549.0130019633,8108
34502,Seetharampalya,12.98042,77.72192,795292.3862558453,1436546.8222060923,8109
37984,Seetharampalya Metro Station,12.98025,77.70886,793874.7902489707,1436512.8992871186,8110
37988,Seetharampalya Metro Station,12.98077,77.70891,793879.6064593233,1436570.5199502532,8111
28224,Selection Corner Mallasandra,13.04991,77.51666,772934.7543910197,1444009.2193447237,8112
38215,Senior Officers Quaters,12.96812,77.65477,788016.8904256199,1435108.4068027723,8113
38217,Senior Officers Quaters,12.96816,77.65469,788008.1595012373,1435112.7441746716,8114
28227,Sevanagara Varadenahalli,12.97008,77.31384,751007.7586361931,1434964.9958391297,8115
34504,Sevanagara Varadenahalli,12.97011,77.3139,751014.2405932781,1434968.3749273967,8116
28229,Sevanayakanahalli,12.74039,77.5832,780500.4090432103,1409821.896828164,8117
34505,Sevanayakanahalli,12.74033,77.5837,780554.8017983523,1409815.7962369288,8118
36720,Seventh Day School (Coles Park),12.9956,77.61107,783241.7032175614,1438101.2137086464,8119
28238,Shamarajapura,13.10427,77.54666,776129.665454562,1450058.594262222,8120
34507,Shamarajapura,13.1043,77.54661,776124.2073357122,1450061.8601358852,8121
38709,Shamarajapura Cross,13.1062,77.54676,776138.3602811712,1450272.3274054201,8122
38710,Shamarajapura Cross,13.10623,77.54676,776138.3267899591,1450275.6479818288,8123
28241,Shampura,13.02637,77.61431,783558.3773267509,1441510.7707415433,8124
34509,Shampura,13.02639,77.61427,783554.0132603532,1441512.9398749266,8125
28245,Shaneshwara Temple Hoskerehalli,12.92611,77.53131,774660.6440579592,1430322.3791605842,8126
34511,Shaneshwara Temple Hoskerehalli,12.92619,77.53138,774668.156341927,1430331.3089954234,8127
38784,Shaneshwaraswamy Temple Sheshagirihalli,12.84289,77.42114,762786.8540565178,1420996.3150961918,8128
35136,Shanimahathma Temple,12.7162,77.69523,792701.1079937955,1407267.925961422,8129
35294,Shanimahathma Temple,12.71611,77.69522,792700.1245043017,1407257.9521348649,8130
28251,Shanimahathma Temple,12.78633,77.39983,760530.8524506977,1414715.0091291044,8131
34515,Shanimahathma Temple,12.78641,77.39989,760537.287520078,1414723.9233853696,8132
38664,Shanimahathma Temple,13.3043,77.7888,802155.9797289703,1472480.7063201542,8133
38665,Shanimahathma Temple,13.30425,77.78885,802161.4629459386,1472475.2317485053,8134
34512,Shanimahathma Temple,12.89315,77.54314,775981.2256161313,1426686.9573887805,8135
34513,Shanimahathma Temple,12.8934,77.54338,776007.0116330425,1426714.8867171532,8136
22473,Shanimahathma Temple,12.83721,77.51608,773103.5357688663,1420466.4489293373,8137
22474,Shanimahathma Temple,12.8372,77.51626,773123.0957658774,1420465.5329830342,8138
31042,Shanimahathma Temple,12.74251,77.52744,774439.736082613,1409996.9147063654,8139
33468,Shanimahathma Temple,12.74265,77.52776,774474.3525957847,1410012.7487027897,8140
35067,Shanimahathma Temple,12.94948,77.77044,800597.0353167352,1433178.422286634,8141
39952,Shankanadasana Doddi Cross,12.67289,77.51878,773573.4116974878,1402282.1579957078,8142
39953,Shankanadasana Doddi Cross,12.67294,77.51881,773576.6186040158,1402287.723498999,8143
28253,Shankanipura Gate,13.10697,77.7762,801031.8552258804,1450619.981013906,8144
34516,Shankanipura Gate,13.10692,77.77618,801029.7458991568,1450614.421924619,8145
34517,Shankar Mutt,12.99945,77.54095,775626.4477524502,1438450.3465875217,8146
21164,Shankar Mutt,12.99897,77.5417,775708.381891072,1438398.0306263422,8147
21165,Shankar Mutt,12.99915,77.54161,775698.4145058937,1438417.8563448708,8148
35808,Shankar Mutt,12.99939,77.54103,775635.1971011653,1438443.792184057,8149
28257,Shankara Nagara,13.01594,77.54378,775915.3595931084,1440278.6097369657,8150
34518,Shankara Nagara,13.01598,77.54372,775908.8034231481,1440282.9719812688,8151
28258,Shankarnagh Bus Stand,12.99472,77.52677,774092.5802428925,1437911.4926583432,8152
28260,Shankarnagh Circle,12.93657,77.55949,777708.5761893549,1431510.5764532068,8153
34519,Shankarnagh Circle,12.93651,77.55954,777714.0709987828,1431503.9896347953,8154
28268,Shanthi Talkies,12.93686,77.57724,779635.3280133051,1431562.0278720285,8155
34523,Shanthi Talkies,12.93673,77.57744,779657.1866657303,1431547.8573672536,8156
28270,Shanthinagara,13.02626,77.47343,768269.2610172416,1441345.4864904096,8157
34524,Shanthinagara,13.02631,77.47336,768261.6106401037,1441350.9465140458,8158
21166_ST,Shanthinagara Bus Station,12.954565,77.59263,781286.321320039,1433538.6538145584,8159
21166,Shanthinagara Bus Station,12.95449,77.59258,781280.9775050718,1433530.2970810065,8160
21167,Shanthinagara Bus Station,12.95483,77.59235,781255.6263252731,1433567.6776973745,8161
21166_PF1,Shanthinagara Bus Station - Platform 1,12.954421,77.59242,781263.6851549129,1433522.4832659273,8162
21166_PF2,Shanthinagara Bus Station - Platform 2,12.954526,77.59248,781270.0808871705,1433534.1716672715,8163
21166_PF8,Shanthinagara Bus Station - Platform 8,12.954738,77.59284,781308.9248727806,1433558.034352325,8164
23640,Shanthinagara KH Road,12.95501,77.59193,781209.8282836538,1433587.138837736,8165
23667,Shanthinagara KH Road,12.95505,77.59178,781193.4991385381,1433591.4011140096,8166
28271,Shanthinagara Manchanabele,12.87955,77.34722,754722.5342589784,1424979.1592469302,8167
28272,Shanthinagara Manchanabele,12.87952,77.34728,754729.0791556444,1424975.8986875745,8168
27424,Shanthinagara Nelamangala,13.07879,77.36703,756668.7244721133,1447049.0902735323,8169
34140,Shanthinagara Nelamangala,13.07899,77.36737,756705.4042350939,1447071.5697912895,8170
28274,Shanthinagara Ravuttanahalli,13.01994,77.42194,762688.2588713764,1440592.1779671023,8171
34525,Shanthinagara Ravuttanahalli,13.01993,77.42188,762681.7581946668,1440591.0091643217,8172
23581,Shanthiniketan Layout,12.88283,77.60348,782544.9402738172,1425610.3557882628,8173
24236,Shanthiniketan Layout,12.88282,77.60342,782538.4358776795,1425609.182844445,8174
39772,Shanthiniketan School,12.88449,77.60165,782344.3524358326,1425792.084994929,8175
39773,Shanthiniketan School,12.88459,77.60161,782339.8965732153,1425803.109852155,8176
21600,Shanubhoganahalli,12.96147,77.32488,752214.662983404,1434023.033338743,8177
21601,Shanubhoganahalli,12.96149,77.32508,752236.3506190223,1434025.4443928478,8178
28281,Shanubhoganahalli,13.17915,77.53126,774375.5820532844,1458329.884266525,8179
34528,Shanubhoganahalli,13.17917,77.5313,774379.8980808498,1458332.1416980657,8180
23742,Shanubhoganahalli 1st Cross,12.828,77.56254,778159.6139121286,1419496.758055339,8181
23856,Shanubhoganahalli 1st Cross,12.82804,77.56248,778153.0530722165,1419501.120708397,8182
23743,Shanubhoganahalli Bannerughatta,12.8267,77.56146,778043.7398458129,1419351.702015334,8183
23855,Shanubhoganahalli Bannerughatta,12.82672,77.56141,778038.2871311789,1419353.8617826125,8184
28283,Shanubhoganahalli Colony,13.17391,77.53005,774250.1892602895,1457748.5720414065,8185
34529,Shanubhoganahalli Colony,13.17388,77.53001,774245.8842700764,1457745.207799853,8186
24985,Shanubhoganahalli Gate (Dibbur Cross),13.1726,77.53019,774266.8339758944,1457603.7275304662,8187
32484,Shanubhoganahalli Gate (Dibbur Cross),13.17262,77.53023,774271.1501363921,1457605.9849207373,8188
24060,Sharada Colony,12.99232,77.53408,774888.6468036084,1437653.7353273942,8189
24065,Sharada Colony,12.9922,77.53454,774938.70773545,1437640.9500640735,8190
28285,Sharadamba Nagara,13.04588,77.5413,775613.0386207264,1443589.8249928278,8191
34530,Sharadamba Nagara,13.04588,77.54125,775607.6127258786,1443589.7706324887,8192
22586,Sharadanagara,12.89261,77.55948,777756.1028412158,1426644.828148841,8193
22587,Sharadanagara,12.89257,77.55945,777752.8894200693,1426640.3682412873,8194
33289,Sharadha Colony,12.99184,77.53436,774919.5668908842,1437600.9093519698,8195
22475,Sharavathi Hotel,13.09797,77.58442,780233.5387250958,1449402.8734845289,8196
22476,Sharavathi Hotel,13.09794,77.58437,780228.1477738158,1449399.4973307375,8197
22477,Shastri Bakery,12.92369,77.57365,779260.2309199469,1430100.3579981062,8198
22478,Shastri Bakery,12.92347,77.57353,779247.4468763492,1430075.8759410323,8199
28289,Shastri Palya,13.17157,77.43596,764047.9591985143,1457388.7317531498,8200
34532,Shastri Palya,13.17158,77.43601,764053.3712095835,1457389.8911003384,8201
35330,Sheganayakanahalli,12.9263,77.80927,804841.3827493044,1430658.2939278504,8202
24324,Sheganayakanahalli Cross,12.92269,77.80882,804796.9022539728,1430258.1085809204,8203
24326,Sheganayakanahalli Cross,12.9227,77.80893,804808.8353401967,1430259.3467110626,8204
28292,Shell Company,13.15406,77.70048,792759.8769270346,1455743.6497985208,8205
34533,Shell Company,13.15422,77.70052,792764.0261172557,1455761.4081357543,8206
22479,Shell Petrol Bunk,13.01756,77.7621,799609.8035228974,1440705.2431080758,8207
22480,Shell Petrol Bunk,13.01774,77.76225,799625.8691326869,1440725.3465483855,8208
28294,Sheshadri Nagara,13.06396,77.48857,769871.3491645082,1445534.2061776102,8209
22481,Sheshadripuram College,13.09951,77.58834,780657.1064716834,1449577.688507824,8210
22482,Sheshadripuram College,13.09943,77.58817,780638.7525369964,1449568.644409605,8211
28297,Sheshadripuram College,13.10041,77.58864,780688.6350368033,1449677.6422214573,8212
34534,Sheshadripuram College,13.10022,77.58866,780691.020505433,1449656.6335258821,8213
21168,Sheshagirihalli,12.84352,77.4215,762825.2936018402,1421066.4075345749,8214
21169,Sheshagirihalli,12.84359,77.42102,762773.0942981441,1421073.6647939424,8215
28299,Sheshagiripura,12.88088,77.41809,762416.1094887735,1425197.726218269,8216
34535,Sheshagiripura,12.88086,77.418,762406.3580802788,1425195.420733377,8217
28303,Shettarahalli Cross,13.26615,77.67635,790009.6622775835,1468123.6919810337,8218
34537,Shettarahalli Cross,13.26652,77.67638,790012.4758466689,1468164.6848663294,8219
28306,Shettigere,13.17921,77.66688,789085.3613497993,1458488.7684692424,8220
34539,Shettigere,13.1798,77.66724,789123.7164759659,1458554.4938084867,8221
28307,Shettigowdanahalli,12.81143,77.36831,757081.7381822912,1417461.2883994011,8222
28308,Shettigowdanahalli,12.81137,77.36829,757079.6269422005,1417454.6282519537,8223
28311,Shettyhalli,13.06465,77.51582,772827.4072908632,1445639.7845815718,8224
34540,Shettyhalli,13.06493,77.51583,772828.1845514285,1445670.7866573324,8225
28313,Shettyhalli Anekal Road,12.75312,77.7309,796534.5358900758,1411395.3410097067,8226
34541,Shettyhalli Anekal Road,12.75303,77.73077,796520.5150350193,1411385.2294187925,8227
22483,Shettyhalli Cross,13.05024,77.52568,773913.1923783545,1444055.476597594,8228
22484,Shettyhalli Cross,13.05011,77.52546,773889.4624285792,1444040.8499206353,8229
34542,Shettyhalli Cross,13.05034,77.52554,773897.8900663636,1444066.3936683235,8230
38804,Shettyhalli Cross,13.05019,77.52561,773905.6514631672,1444049.866746116,8231
28319,Shikaripalya,12.83388,77.65573,788274.996980654,1420250.043304477,8232
34544,Shikaripalya,12.83386,77.65582,788284.7954914575,1420247.930173808,8233
28321,Shilpa Bakery Horamavu Road,13.03778,77.65063,787487.1283699137,1442814.6369256442,8234
34545,Shilpa Bakery Horamavu Road,13.03782,77.65059,787482.7409297577,1442819.0193320177,8235
28323,Shine Bakery,12.95074,77.62375,784669.1474912628,1433149.7624897538,8236
34546,Shine Bakery,12.95067,77.6239,784685.5119395081,1433142.1813788137,8237
28325,Shiradi Sai Temple Arakere,12.88304,77.61011,783264.6815000721,1425640.9091076737,8238
34547,Shiradi Sai Temple Arakere,12.88302,77.61003,783256.0164762805,1425638.607020521,8239
24098,Shirdi Sai Nagara,13.06672,77.63807,786090.6641709248,1446003.8817031311,8240
35158,Shirdi Sai Nagara,13.06676,77.63803,786086.2773970414,1446008.2641991866,8241
22664,Shirke KHB Quarters,12.93193,77.48776,769926.2594143082,1430920.1824553055,8242
22665,Shirke KHB Quarters,12.93193,77.48762,769911.0605211165,1430920.0346769933,8243
28328,Shiva Ittige Factory,12.92745,77.85012,809275.9981612448,1430834.6593552472,8244
34548,Shiva Ittige Factory,12.92749,77.85015,809279.2066715916,1430839.1240283167,8245
22733,Shivaji Hotel,12.94311,77.47649,768690.7711794529,1432145.707961036,8246
28331,Shivaji Hotel,12.943,77.4766,768702.830487737,1432133.6489119004,8247
21172_ST,Shivajinagara Bus Station,12.983356,77.60302,782381.7659311122,1436736.9843649226,8248
21172,Shivajinagara Bus Station,12.98396,77.60323,782403.8784737538,1436804.073656746,8249
35779,Shivajinagara Bus Station,12.98328,77.60341,782424.1863577176,1436729.0044049586,8250
21173,Shivajinagara Bus Station,12.98328,77.60304,782384.0228558269,1436728.594140566,8251
21172_PF1,Shivajinagara Bus Station - Platform 1,12.98301,77.60308,782388.6701181525,1436698.7523348273,8252
21172_PF10,Shivajinagara Bus Station - Platform 10,12.98337,77.60292,782370.8951081822,1436738.423145314,8253
21172_PF2,Shivajinagara Bus Station - Platform 2,12.983285,77.60316,782397.0432020277,1436729.2806402443,8254
21172_PF3,Shivajinagara Bus Station - Platform 3,12.983526,77.60323,782404.3692057716,1436756.0344215697,8255
21172_PF4,Shivajinagara Bus Station - Platform 4,12.983741,77.603294,782411.0732908733,1436779.9036280443,8256
21172_PF5,Shivajinagara Bus Station - Platform 5,12.983067,77.60294,782373.4086629746,1436704.9064144066,8257
21172_PF8,Shivajinagara Bus Station - Platform 8,12.983799,77.60318,782398.6330325161,1436786.1972072308,8258
21172_PF9,Shivajinagara Bus Station - Platform 9,12.983127,77.60283,782361.4003257598,1436711.4258285058,8259
28337,Shivakote,13.13334,77.51474,772634.5433621721,1453241.4609979994,8260
34550,Shivakote,13.13393,77.51471,772630.637353728,1453306.7318458634,8261
34553,Shivakote,13.13333,77.51478,772638.8935072019,1453240.3974632232,8262
34551,Shivakote,13.13401,77.51473,772632.7185313674,1453315.6081852634,8263
34552,Shivakote,13.13403,77.51476,772635.9507550288,1453317.85433465,8264
28339,Shivakote Cross,13.13555,77.51331,772476.9807965625,1453484.523961386,8265
34554,Shivakote Cross,13.13552,77.51326,772471.590098449,1453481.1493531845,8266
39750,Shivakumara Swamiji Layout,13.0178,77.46704,767584.9010566082,1440402.3973896417,8267
39751,Shivakumara Swamiji Layout,13.01781,77.46711,767592.4870379223,1440403.5779092964,8268
28341,Shivanaapura,13.15356,77.90411,814852.581338203,1455934.3833508298,8269
34555,Shivanaapura,13.15356,77.90404,814844.9863349199,1455934.2956727117,8270
34556,Shivanahalli,12.72333,77.57245,779351.0877952813,1407922.0073885478,8271
35324,Shivanahalli,12.72333,77.57256,779363.0403701799,1407922.1256641939,8272
28344,Shivanahalli,12.92844,77.49061,770239.4254204633,1430536.9181689245,8273
34557,Shivanahalli,12.9283,77.4906,770238.4905633256,1430521.4123555322,8274
28346,Shivanahalli 4th Main,12.98895,77.54683,776276.2771616012,1437294.5310228833,8275
34558,Shivanahalli 4th Main,12.98886,77.54683,776276.376753483,1437284.569365424,8276
25916,Shivanahalli Hongemara,12.72445,77.56985,779067.3471684814,1408043.1805715144,8277
35323,Shivanahalli Hongemara,12.72442,77.5699,779072.8129506997,1408039.913729221,8278
21175,Shivananda Store,12.98735,77.58022,779902.3705429877,1437153.9026998854,8279
23354,Shivananda Store,12.98755,77.58039,779920.5992237459,1437176.2271291732,8280
21174,Shivananda Store,12.98666,77.57938,779811.9647715597,1437076.6049721024,8281
24239,Shivananda Store,12.98724,77.57873,779740.7596618037,1437140.0895656957,8282
28350,Shivanapura,13.04924,77.42153,762612.8359816899,1443834.5579005298,8283
34559,Shivanapura,13.04928,77.42154,762613.8787855746,1443838.9953014657,8284
34560,Shivanapura,12.87417,77.85416,809780.3789700039,1424940.9277436924,8285
34561,Shivanapura,12.874,77.85405,809768.6400615552,1424921.9743751478,8286
34562,Shivanapura Colony,13.04503,77.42277,762751.8360227913,1443369.8966711648,8287
34838,Shivanapura Colony 1,13.04501,77.4227,762744.2614989359,1443367.6106101538,8288
34567,Shivanapura Colony Cross,13.04341,77.42922,763453.4404301558,1443197.2937280175,8289
34568,Shivanapura Colony Cross,13.04342,77.42916,763446.9191946697,1443198.3381573602,8290
34564,Shivanapura Cross,13.17693,77.88456,812701.7277424685,1458497.3697303962,8291
34565,Shivanapura Cross,13.17689,77.88459,812705.0332524654,1458492.9785433458,8292
28362,Shivanapura Cross,13.04139,77.42228,762702.5125235908,1442966.528238842,8293
34840,Shivanapura Cross 1,13.04142,77.42223,762697.055278185,1442969.79672841,8294
34566,Shivanapura Cross Hosakote,13.15329,77.89664,814042.4325844995,1455895.1457080035,8295
34839,Shivanapura Cross Hosakote,13.15327,77.8967,814048.9680527817,1455893.0063627365,8296
34569,Shivanasandra,13.02359,77.16401,734696.4823726196,1440743.595102955,8297
28366,Shivaparvathi Kalyanamantapa,13.00861,77.65134,787597.8797176634,1439586.5093533571,8298
34570,Shivaparvathi Kalyanamantapa,13.00861,77.65142,787606.5631371202,1439586.5998696124,8299
28370,Shobha Apartment,12.73952,77.73455,796947.0097606494,1409894.0184954705,8300
34572,Shobha Apartment,12.73958,77.73447,796938.2465410822,1409900.568847529,8301
34574,Shobha Hills View Apartment,12.86634,77.52045,773546.5790438432,1423695.2565119292,8302
28376,Shobha Tulip JP Nagara,12.89805,77.58591,780619.9883998919,1427275.7412247418,8303
34575,Shobha Tulip JP Nagara,12.89458,77.59138,781217.8330195941,1426897.6483301474,8304
23797,Shoolay Circle Brigade Road,12.96586,77.60689,782821.6520981253,1434804.6511986847,8305
22486,Shoolay Circle Brigade Road,12.96656,77.6066,782789.3788385403,1434881.8123484561,8306
22701,Shopping Complex HMT,13.04964,77.53772,775220.3807560243,1444002.1102713372,8307
22710,Shopping Complex HMT,13.04962,77.53739,775184.5926370698,1443999.538228581,8308
39152,Shreeram Public School,13.04619,77.49136,770193.4118930735,1443570.3756472704,8309
39153,Shreeram Public School,13.04625,77.49143,770200.9426458343,1443577.0911281807,8310
28382,Shri Rama Temple,12.744,77.52307,773963.3415733336,1410157.2115708077,8311
34576,Shri Rama Temple,12.744,77.52313,773969.8604022345,1410157.2749378858,8312
39641,Shri Shanthamurthy Ayyappa Temple,13.02445,77.4666,767530.006619921,1441137.9504633297,8313
39642,Shri Shanthamurthy Ayyappa Temple,13.02442,77.46657,767526.7832041564,1441134.5984813485,8314
22675,Shri Vidhyanagara,12.93431,77.53985,775578.8201402067,1431239.173813997,8315
28383,Shri Vishnu Garden,12.94548,77.45743,766619.1505459973,1432388.0478155215,8316
34577,Shri Vishnu Garden,12.94573,77.45761,766638.4244703039,1432415.9051803118,8317
26644,Shrinivagilu Bus Stand,12.93759,77.63319,785709.0074575345,1431704.7122564514,8318
22509,Shrinivagilu Ejipura,12.93842,77.63291,785677.6612926892,1431796.2732316563,8319
22510,Shrinivagilu Ejipura,12.93859,77.63265,785649.2388789918,1431814.8001521034,8320
26646,Shrinivagilu Junction,12.93927,77.63235,785615.8924774884,1431889.7350568352,8321
34683,Shrinivagilu Junction,12.93917,77.63229,785609.4921441053,1431878.5988430541,8322
24189,Shrinivasa Temple,13.00833,77.54506,776062.7095423453,1439437.6864745384,8323
24192,Shrinivasa Temple,13.00838,77.54501,776057.2274419365,1439443.1664330042,8324
26409,Shrunga School Devanagondi,12.97411,77.8326,807316.1543616083,1435979.1836349457,8325
34578,Shrunga School Devanagundi,12.97416,77.83259,807315.0071440511,1435984.706996871,8326
39582,Shrungagiri Sri Shanmukha Swami Temple,12.91274,77.52817,774334.345650459,1428839.1760264041,8327
26411,Shrusti School Yelahanka,13.10706,77.57596,779305.383701182,1450399.6548903678,8328
34579,Shrusti School Yelahanka,13.10703,77.57594,779303.24770536,1450396.3121076166,8329
26413,Shyanumangala,12.79432,77.43282,764105.9445472105,1415632.7687503458,8330
34580,Shyanumangala,12.79482,77.43213,764030.4770323108,1415687.401203165,8331
38840,Shykaladevanapura,13.24788,77.42803,763106.0770249651,1465826.2168353081,8332
38841,Shykaladevanapura,13.2476,77.42778,763079.2730218852,1465794.963659937,8333
26415,Shylendra Doddy,12.80071,77.55289,777141.3615819477,1416465.7861815167,8334
34581,Shylendra Doddy,12.80117,77.55338,777194.0848239013,1416517.2268209062,8335
26419,Siddabhovipalya,12.85467,77.37176,757412.4082388796,1422250.134752144,8336
34583,Siddabhovipalya,12.85472,77.37178,757414.5290171846,1422255.688314888,8337
26421,Siddaganga College,13.08227,77.39278,759458.7410600382,1447460.510514861,8338
34584,Siddaganga College,13.08213,77.39274,759454.5479688243,1447444.9750920911,8339
20890,Siddaiah Puranik Road Junction,12.98217,77.5373,775249.3365893879,1436533.7691025126,8340
20891,Siddaiah Puranik Road Junction,12.98212,77.53716,775234.1953218936,1436528.0836128562,8341
26426,Siddana Hosahalli,13.05685,77.46017,766797.448590857,1444717.1787166002,8342
34586,Siddana Hosahalli,13.05682,77.46014,766794.2256088603,1444713.8267520599,8343
26434,Siddanapalya,12.7247,77.65966,788826.0523413178,1408169.0196378136,8344
34591,Siddanapalya,12.72474,77.65947,788805.3604911307,1408173.2360768255,8345
26436,Siddanayakanahalli,13.2982,77.54978,776249.8622671741,1471527.495177996,8346
34592,Siddanayakanahalli,13.29816,77.54992,776265.084608437,1471523.2231452388,8347
22487,Siddapura,12.95634,77.73191,796405.4569541939,1433892.7724331487,8348
22488,Siddapura,12.95607,77.73057,796260.2901360006,1433861.327387936,8349
26437,Siddapura,12.95637,77.73108,796315.3066880344,1433895.129460276,8350
21602,Siddapura Ashoka Pillar,12.94633,77.58873,780872.1674398782,1432622.8426048364,8351
21603,Siddapura Ashoka Pillar,12.94621,77.58879,780878.8158855006,1432609.626017885,8352
26438,Siddapura Cross,12.69298,77.45818,766966.7569037301,1404442.8520767407,8353
35975,Siddapura Cross,12.69293,77.45819,766967.8957443526,1404437.3285128318,8354
26440,Siddapura Naknalhalli,13.12949,77.86873,811044.2647904402,1453225.4847492285,8355
34593,Siddapura Nallurhalli,13.12947,77.86869,811039.9496897331,1453223.2210922753,8356
26442,Siddartha Badavane,12.99557,77.50862,772121.6802722379,1437986.0946952961,8357
34594,Siddartha Badavane,12.99552,77.50865,772124.9909187846,1437980.5926666637,8358
26444,Siddartha International School,13.02854,77.48842,769893.5328435318,1441613.725634846,8359
34595,Siddartha International School,13.02848,77.48843,769894.6831206544,1441607.0954149056,8360
26446,Siddartha Nagara,13.08098,77.80616,804314.7958530432,1447778.6503509982,8361
34596,Siddartha Nagara,13.08105,77.80643,804344.0112689368,1447786.7249142937,8362
26448,Siddartha School Cross,13.02615,77.48901,769960.1525616697,1441349.8256435134,8363
34597,Siddartha School Cross,13.02611,77.48905,769964.5368432635,1441345.4409391768,8364
21178,Sidedahalli,13.06256,77.49523,770595.5271487357,1445386.3607409392,8365
21179,Sidedahalli,13.06258,77.49527,770599.8456307477,1445388.6171224334,8366
34601,Sidi Hoskote,12.72971,77.68767,791864.0843951382,1408754.9084508254,8367
21180,Siemens,12.84556,77.66215,788958.9725590739,1421550.1341732768,8368
23992,Siemens,12.84542,77.66228,788973.252634437,1421534.7830767354,8369
26456,Siemens Bank,13.14916,77.49674,770664.6021426006,1454973.0392203925,8370
34602,Siemens ‌ Bank,13.14911,77.49667,770657.0641948555,1454967.4297882116,8371
26458,Sikayanahalli,13.2556,77.64544,786670.4703240686,1466920.1182753611,8372
34603,Sikayanahalli,13.25555,77.64546,786672.6976311086,1466914.6065166858,8373
21758,Silk Farm,12.81704,77.78543,802383.6828622571,1418534.5056486474,8374
22490,Silk Farm,12.81695,77.78539,802379.4449278988,1418524.495441419,8375
35891,Silk Institute Metro Station,12.8616,77.52993,774581.2180479311,1423180.729458665,8376
36170,Silk Institute metro station,12.86182,77.52985,774572.2907883112,1423204.9942505606,8377
26464,Siluvepura,13.11424,77.50108,771173.7146279546,1451112.6784730766,8378
34605,Siluvepura,13.11427,77.50106,771171.5120222978,1451115.9774424294,8379
26465,Simpadipura,13.2275,77.41276,761472.2691855186,1463554.58898865,8380
26467,Sinclair High School,13.03166,77.64357,786727.9637536601,1442129.2036756552,8381
34606,Sinclair High School,13.03165,77.64361,786732.3165605899,1442128.141944367,8382
36722,Sindhi Colony,12.99557,77.61708,783894.0956940446,1438104.5907888685,8383
23437,Sindhi Colony,12.99562,77.61663,783845.1932446491,1438109.6232871476,8384
23752,Sindhi Colony,12.9962,77.6177,783960.6770770575,1438175.0177725959,8385
26471,Sindhi High School Kuvempu Road,13.04994,77.59846,781811.4422390868,1444102.0709929368,8386
34608,Sindhi High School Kuvempu Road,13.05,77.59837,781801.6073374131,1444108.6122807981,8387
26473,Singahalli,13.1616,77.72401,795303.4593937024,1456605.8506283546,8388
34609,Singahalli,13.16164,77.72406,795308.8354894428,1456610.3374113985,8389
22492,Singaianapalya Phoenix,12.99554,77.69541,792396.7606142203,1438189.9769934006,8390
22493,Singaianapalya Phoenix,12.99534,77.69543,792399.1660420408,1438167.860574532,8391
26476,Singanayakanahalli,13.1476,77.56535,778108.608397788,1454875.20512162,8392
34610,Singanayakanahalli,13.14764,77.5653,778103.1395253413,1454879.5773519333,8393
26477,Singanayakanahalli Gate,13.1476,77.56967,778577.2212649288,1454879.9848766702,8394
35778,Singanayakanahalli Gate,13.14759,77.56985,778596.7581323404,1454879.077328577,8395
26479,Singapura,13.07965,77.53834,775254.3735627412,1447324.4387755736,8396
34611,Singapura,13.07975,77.53823,775242.3272061648,1447335.3875402014,8397
26481,Singapura LT,13.07498,77.53999,775438.5916959762,1446809.3358032969,8398
34612,Singapura LT,13.07501,77.53983,775421.1975677602,1446812.482137213,8399
26483,Singarahalli,13.22688,77.6254,784530.8707738158,1463718.0807947584,8400
34613,Singarahalli,13.22683,77.62534,784524.4221651435,1463712.4778837478,8401
26487,Singarapura,13.09958,77.74374,797518.5606339634,1449763.3898166097,8402
34615,Singarapura,13.09961,77.74378,797522.8649737634,1449766.75801331,8403
21181,Singasandra,12.87886,77.64651,787222.3251678763,1425218.6737241393,8404
21182,Singasandra,12.87729,77.64686,787262.1253591762,1425045.2784831568,8405
35786,Singasandra FLY,12.87879,77.64633,787202.8572220376,1425210.723876721,8406
35787,Singasandra FLY,12.87741,77.64708,787285.8803714548,1425058.807725458,8407
39044,Singasandra Koli Farm,12.68518,77.69714,792944.2375301889,1403836.3115724905,8408
39045,Singasandra Kolifarm,12.68526,77.69715,792945.2327781899,1403845.1784264618,8409
39870,Singasandra Metro Station,12.88064,77.64486,787041.1085006068,1425413.8601398019,8410
39871,Singasandra Metro Station,12.88106,77.64508,787064.5212265227,1425460.5968835833,8411
26489,Singena Agrahara,12.83771,77.71615,794833.428304522,1420742.40522475,8412
34616,Singena Agrahara,12.83768,77.71611,794829.1184260258,1420739.038494256,8413
26474,Singena Agrahara Cross,12.83497,77.71904,795150.5468726179,1420442.4037212457,8414
26490,Singena Agrahara Cross,12.83498,77.71896,795141.8453122353,1420443.4190220835,8415
26491,Singena Agrahara Cross Fruits Market,12.84257,77.68718,791681.0685077608,1421247.3913068157,8416
35058,Singena Agrahara Cross Fruits Market,12.84235,77.68709,791671.5469682089,1421222.9363540728,8417
35304,Singena Agrahara Cross Fruits Market,12.84243,77.68732,791696.4366639196,1421232.0526032245,8418
26493,Sipgere Gate,12.82227,77.57717,779754.9835277465,1418878.360231261,8419
34617,Sipgere Gate,12.82223,77.57723,779761.5448181614,1418873.9978786192,8420
26495,Sir M Vishweshwaraiah Layout 9th Blk Mallathahalli,12.96233,77.49634,770824.870547058,1434293.954715262,8421
34618,Sir M Vishweshwaraiah Layout 9th Blk Mallathahalli,12.96228,77.49636,770827.0956861475,1434288.4418957834,8422
37713,Sir M Visvesvaraya Terminal,12.99966,77.64099,786484.7496789154,1438584.122781763,8423
35955,Sir M Visvesvaraya Terminal,13.02209,77.63469,785775.1902299738,1441059.8612785083,8424
35956,Sir M Visvesvaraya Terminal,12.99835,77.64109,786497.1088558111,1438439.2280861186,8425
39776,Siri Convention Hall,12.89727,77.61101,783346.3922496969,1427217.0138849902,8426
39777,Siri Convention Hall,12.89729,77.61105,783350.7132346842,1427219.2718873227,8427
21495,Sirsi Circle,12.96258,77.5601,777745.9557208817,1434390.1782554348,8428
21605,Sirsi Circle,12.96223,77.55995,777730.0608912408,1434351.274869707,8429
35393,Sirsi Circle,12.96036,77.55687,777397.782454567,1434140.9415246407,8430
35403,Sirsi Circle,12.96022,77.55921,777651.9599819607,1434127.9907809629,8431
23761,Sirsi Circle 1,12.9603,77.55696,777407.6190462387,1434134.3982360002,8432
26499,Sivanchetty Gardens,12.98966,77.61539,783717.3719018162,1437448.524906885,8433
35358,Sivanchetty Gardens,12.9898,77.61549,783728.0675989045,1437464.1330319648,8434
26505,Skylark Arcadia Sadaramangala,13.00634,77.73552,796737.9941898196,1439431.980983956,8435
34622,Skylark Arcadia Sadaramangala,13.00641,77.7355,796735.7398507351,1439439.7066669222,8436
39513,Smondo 3 Apartment,12.82026,77.66052,788810.8359399303,1418747.7694748626,8437
26522,Soladevanahalli,13.00771,77.35088,754989.4945958096,1439166.275008186,8438
34630,Soladevanahalli,13.00808,77.3509,754991.2866176906,1439207.2431752032,8439
21187,Soladevanahalli Police Station,13.09342,77.48882,769866.4041597468,1448795.1421509038,8440
21607,Soladevanahalli Police Station,13.09344,77.48885,769869.6371557519,1448797.387827223,8441
26528,Sollepura,12.83008,77.75638,799212.3951471739,1419944.162030391,8442
34631,Sollepura,12.83007,77.75644,799218.9247052708,1419943.124703609,8443
26532,Solur,13.07085,77.84313,808339.5748172823,1446701.9619546512,8444
34635,Solur,13.07078,77.84309,808335.3206081615,1446694.1634963371,8445
34633,Solur,13.26464,77.65552,787752.8372260563,1467932.4081099413,8446
34634,Solur,13.26464,77.65558,787759.3430374374,1467932.4773466603,8447
39257,Solur Gate,13.27009,77.65704,787911.225895004,1468537.454224772,8448
39258,Solur Gate,13.27005,77.65705,787912.3573416653,1468533.0379458684,8449
26534,Solur Gate,13.26996,77.6563,787831.1425362527,1468522.2091810596,8450
34636,Solur Gate,13.27013,77.65629,787829.8578520145,1468541.0158980268,8451
36371,Solur Hassan Road,13.07317,77.24471,743404.1777701844,1446306.242706024,8452
36372,Solur Hassan Road,13.07326,77.24483,743417.1076268072,1446316.3178578916,8453
36373,Solur Railway Station,13.06492,77.25694,744739.0875750569,1445405.0571395964,8454
36374,Solur Railway Station,13.06514,77.25698,744743.2102306955,1445429.4419656994,8455
26550,Somalapura,12.9689,77.86114,810421.3240122737,1435436.9757104635,8456
34644,Somalapura,12.9688,77.8613,810438.8205770673,1435426.0994779516,8457
23725,Somanahalli,12.77258,77.50358,771815.2789732553,1413299.9472846356,8458
23727,Somanahalli,12.77267,77.50359,771816.2690157848,1413309.919010545,8459
35171,Somanahalli Gate,12.78049,77.49674,771063.7857389641,1414168.2513714142,8460
35187,Somanahalli Gate,12.78058,77.49663,771051.7404093631,1414178.0972928558,8461
39557,Somanahalli Toll,12.78338,77.50034,771451.7623040441,1414491.8917889483,8462
39558,Somanahalli Toll,12.78337,77.50044,771462.6358548547,1414490.889947928,8463
24055,Somasandarpalya,12.8988,77.6513,787719.7149085687,1427431.2505850687,8464
23711,Somasandra Palya,12.89881,77.65121,787709.9303227011,1427432.2564872429,8465
26541,Somasandra palya  Lake,12.89949,77.64863,787428.9898264792,1427504.6328246966,8466
34637,Somashettyhalli,13.08733,77.52117,773382.9175157106,1448155.862778675,8467
26540,Somashettyhalli Cross,13.08147,77.51724,772962.9754576496,1447503.0097349018,8468
34640,Somashettyhalli Cross,13.08142,77.51721,772959.775509752,1447497.4431748907,8469
34638,Somashettyhalli Cross,13.09288,77.52358,773638.266521459,1448772.7671641624,8470
34639,Somashettyhalli Cross,13.09282,77.52357,773637.2478660427,1448766.1152920797,8471
26542,Somasundra Palya Lake,12.89955,77.64881,787448.4674293528,1427511.4762464513,8472
26544,Somathanahalli,13.16917,77.76858,800129.3249737371,1457496.693157883,8473
34641,Somathanahalli,13.16917,77.76864,800135.833874658,1457496.7648706248,8474
26546,Somathanahalli Circle,13.16939,77.76708,799966.3343599648,1457519.255755445,8475
34642,Somathanahalli Circle,13.16947,77.7669,799946.710181389,1457527.8970696977,8476
22498,Somathanahalli Gate,13.1711,77.76016,799213.5651777788,1457700.302801643,8477
22499,Somathanahalli Gate,13.17112,77.76021,799218.9648612342,1457702.5764591778,8478
26548,Someshwara Colony Magadi,12.96423,77.20785,739510.176142809,1434215.7032654255,8479
34643,Someshwara Colony Magadi,12.96417,77.20795,739521.0865548314,1434209.1575188008,8480
26552,Sompura,12.87766,77.4966,770944.4548024338,1424922.8922085671,8481
34645,Sompura Gate,12.86187,77.77186,800856.0947160656,1423481.4210686483,8482
22497,Sompura Gate,12.86207,77.77213,800885.1824665517,1423503.8776630948,8483
22500,Sompura Gate,12.86209,77.77196,800866.6938486899,1423505.8926920078,8484
26556,Sompura Tumakur Road,13.21814,77.25163,744011.4335097634,1462355.9556847592,8485
34646,Sompura Tumakur Road,13.21807,77.25141,743987.65045851,1462347.994686692,8486
26559,Sonadenahalli Gate,13.08776,77.80763,804465.9922946349,1448531.0142096644,8487
34647,Sonadenahalli Gate,13.08779,77.80761,804463.784995364,1448534.3113178115,8488
26557,Sonadenahalli Hosakote,13.08997,77.80614,804301.5805321583,1448773.8813001255,8489
26571,Sonadenahalli Hosakote,13.08995,77.80607,804294.008730711,1448771.5828334012,8490
26560,Sonal Garments Laggere Cross,13.0215,77.52652,774036.0056413871,1440875.3313331914,8491
35253,Sonal Garments Laggere Cross,13.02163,77.52674,774059.7386104653,1440889.9576102328,8492
26562,Sonare Doddy,12.70958,77.51944,773605.8821674214,1406343.7342554897,8493
34648,Sonare Doddy,12.70958,77.51949,773611.3152461889,1406343.786852125,8494
26564,Sondekoppa,13.02102,77.38432,758604.6518435507,1440673.1054507114,8495
34649,Sondekoppa,13.02089,77.3843,758602.6164748089,1440658.6975897776,8496
26565,Sondekoppa Circle,13.09289,77.39476,759662.4227003551,1448637.9042799936,8497
39656,Sondekoppa Circle,13.09244,77.39496,759684.5918570233,1448588.306383165,8498
26567,Sondekoppa Circle Nelamangala,13.09228,77.39483,759670.6563464472,1448570.4648734077,8499
34650,Sondekoppa Circle Nelamangala,13.09226,77.39486,759673.9319191315,1448568.2822195478,8500
26569,Sondekoppa Cross,13.0194,77.35082,754971.0235375991,1440459.9542139277,8501
34651,Sondekoppa Cross,13.01946,77.35086,754975.3027460652,1440466.634597307,8502
25875,Sondekoppa High School,13.02562,77.38461,758631.3443094199,1441182.4970337714,8503
32917,Sondekoppa High School,13.02564,77.38464,758634.578990211,1441184.7410521982,8504
26573,Sonnallipura,13.13597,77.78986,802478.5892969628,1453846.7875792999,8505
34652,Sonnallipura,13.136,77.78982,802474.2125917338,1453850.0606907841,8506
39175,Sonnallipura,13.13464,77.7898,802473.7099409269,1453699.4767282156,8507
39176,Sonnallipura,13.13467,77.7898,802473.6731638387,1453702.7979030325,8508
22501,Sonnappanahalli,13.10764,77.66576,789047.7543463124,1450564.9958573664,8509
26575,Sonnappanahalli,13.15612,77.6172,783723.3336552962,1455876.1995227789,8510
34653,Sonnappanahalli,13.15615,77.61716,783718.9600950675,1455879.4751323804,8511
22014,Sonnappanahalli(Hamsa Farm),13.10772,77.66564,789034.6407863253,1450573.7140075152,8512
36239,Sonnenahalli,13.30982,77.68272,790648.3067341393,1472965.2888673283,8513
34656,Sonnenahalli,13.19768,77.50036,771003.8163430018,1460347.2654871254,8514
34657,Sonnenahalli,13.19773,77.50035,771002.6766885603,1460352.7888224728,8515
26582,Sonnenahalli,12.94218,77.47922,768988.1325558114,1432045.6485154766,8516
34658,Sonnenahalli,12.94205,77.4791,768975.2450647377,1432031.1338474164,8517
22735,Sonnenahalli Bridge,12.94197,77.48357,769460.5882762582,1432026.989145837,8518
30196,Sonnenahalli Bridge,12.94208,77.48285,769382.3076826506,1432038.4047506717,8519
26584,Sonnenahalli Govt Hospital,13.19311,77.50265,771257.2091823886,1459843.9207941152,8520
34659,Sonnenahalli Govt Hospital,13.19325,77.50281,771274.4066248673,1459859.5895310645,8521
26586,Sonnur Gate,12.89106,77.89368,814051.9517701878,1426858.8899011924,8522
22502,Sony World 100ft Road  Koramangala,12.93685,77.62659,784993.2737336943,1431615.4316749913,8523
22503,Sony World 100ft Road  Koramangala,12.93793,77.62766,785108.2175085356,1431736.1714697322,8524
35137,Sony World 80ft Road Koramangala,12.93782,77.62639,784970.456631926,1431722.5789567444,8525
35103,Sony World 80ft Road Koramangala,12.93694,77.62734,785074.6004348632,1431626.230305186,8526
23356,Sophiya School,12.98609,77.58864,780817.7513757936,1437023.7067503447,8527
24174,Sophiya School,12.98573,77.58934,780894.1396938921,1436984.6310012513,8528
36180,Sophiya School (KIA),12.98586,77.58971,780934.156156371,1436999.4286663265,8529
26589,Soppahalli,12.74718,77.67972,790980.2329645646,1410679.810298104,8530
34661,Soppahalli,12.74717,77.67967,790974.8114939003,1410678.6472497964,8531
26591,Sorahunse,12.94665,77.75426,798843.6283255112,1432846.141573051,8532
34662,Sorahunse,12.94666,77.75421,798838.187490437,1432847.1900743796,8533
24198,Sorahunse Gate,12.94337,77.75098,798491.4012001101,1432479.2049876363,8534
24212,Sorahunse Gate,12.94332,77.75098,798491.460773357,1432473.6699228035,8535
30404,Soukya Hospital Junction,12.98811,77.78194,801799.0536413771,1437468.4896466732,8536
33156,Soukya Hospital Junction,12.98795,77.78205,801811.1889459891,1437450.90739455,8537
39218,Soundarya Collage,13.07015,77.4946,770518.8932860021,1446225.7608651267,8538
39219,Soundarya Collage,13.07019,77.49469,770528.6150030376,1446230.2843442748,8539
22504,South End Circle,12.93625,77.58016,779953.0285909672,1431497.7050805665,8540
22505,South End Circle,12.93717,77.57965,779896.6314438587,1431598.9788678011,8541
23483,South End Circle,12.9368,77.58128,780074.0111218167,1431559.8101231407,8542
39976,South End Circle Metro Station,12.93827,77.58024,779959.4582415695,1431721.3811469462,8543
22506,Sowdamini Kalyana Mantapa,12.88387,77.56657,778535.6518207784,1425685.1224283895,8544
22507,Sowdamini Kalyana Mantapa,12.88387,77.56663,778542.1672399854,1425685.1875509399,8545
40025,Sowparnika Apartment,12.99574,77.72265,795353.509596572,1438243.5806881718,8546
40026,Sowparnika Apartment,12.99578,77.72265,795353.4622426677,1438248.0086590312,8547
26597,Sowthegowdanahalli,13.23108,77.73036,795908.5785503264,1464304.8444306366,8548
34665,Sowthegowdanahalli,13.23103,77.7304,795912.9770129189,1464299.3567085564,8549
22508,Spriling School,13.13765,77.74421,797523.7109507027,1453978.3643404779,8550
26600,Spriling School,13.1377,77.74422,797524.7355829971,1453983.9112608433,8551
23360,Sri Adishakthi Temple,12.85514,77.58484,780551.5859232079,1422524.9779484612,8552
23368,Sri Adishakthi Temple,12.8556,77.58514,780583.6556885662,1422576.2213253311,8553
26602,Sri Banashankari Layout,13.17155,77.55795,777278.9327317369,1457517.9927792074,8554
34666,Sri Banashankari Layout,13.17153,77.558,777284.3784628456,1457515.8342435258,8555
39837,Sri Bayalu Basaveshwara Circle,12.90831,77.46289,767251.4491099493,1428279.8427357944,8556
26604,Sri Bhuvaneshwari Nagara,13.0552,77.60257,782251.48513822,1444688.8740810722,8557
34667,Sri Bhuvaneshwari Nagara,13.05519,77.60245,782238.4742802612,1444687.6334746038,8558
39583,Sri Devi Karumaari Ammanvara Temple,12.91396,77.52922,774447.0163356524,1428975.3346392452,8559
23452,Sri Dharmaraya Circle,12.89213,77.58192,780193.3264525554,1426616.1085874196,8560
38507,Sri Dharmaraya Circle,12.89217,77.58329,780342.0474200785,1426622.0332398422,8561
23474,Sri Dharmaraya Circle,12.89226,77.5818,780180.1511332094,1426630.366819053,8562
39580,Sri Gali Anjaneya Swami Temple,12.9525,77.54123,775708.6268512071,1433254.0098917265,8563
38094,Sri Kamadhenu Kshetra,13.02419,77.4488,765598.6097859944,1441090.4888612088,8564
39581,Sri Rajarajeshwari Temple,12.92676,77.51119,772475.5386582823,1430372.8061831936,8565
39048,Sri Rama Devastan Vanakanahalli,12.67168,77.69514,792742.3055367677,1402339.6822838257,8566
39049,Sri Rama Devastan Vanakanahalli,12.67164,77.69517,792745.612006292,1402335.2881607248,8567
39036,Sri Ramadevasthana,12.70916,77.69834,793047.162571099,1406492.1345436126,8568
39037,Sri Ramadevasthana,12.70912,77.69837,793050.4687569127,1406487.740533446,8569
26613,Sri Ramanahalli,13.19505,77.56285,777783.8530202287,1460124.5684106203,8570
34670,Sri Ramanahalli,13.19517,77.56296,777795.6472283581,1460137.972835756,8571
26615,Sri Ramapura,13.06586,77.62003,784134.0284742932,1445888.3641076763,8572
34671,Sri Ramapura,13.06593,77.62003,784133.948315772,1445896.1125039188,8573
39877,Sri Renuka Yellamma Layout,12.83919,77.6142,783758.1608345348,1420791.6909604059,8574
34673,Sri Sai Packaging Company,12.99762,77.46325,767195.2197506444,1438164.9100660265,8575
26622,Sri Shiradi Sai Temple,12.91364,77.45057,765908.207660141,1428856.9318935259,8576
34674,Sri Shiradi Sai Temple,12.91352,77.45054,765905.0776240586,1428843.6194759142,8577
26624,Sri Swananda Ashrama,12.84397,77.49425,770725.4282847334,1421191.5990689218,8578
34675,Sri Swananda Ashrama,12.84398,77.49432,770733.019710453,1421192.7794854192,8579
39733,Sri Venkateshwara Layout,13.10661,77.53902,775298.1793120492,1450309.2518356768,8580
39734,Sri Venkateshwara Layout,13.10664,77.53921,775318.7592263842,1450312.779680884,8581
26630,Sri Venkateshwara Nagara,13.07478,77.6189,784001.1928599458,1446874.462362967,8582
34677,Sri Venkateshwara Nagara,13.07482,77.61888,783998.9768202133,1446878.8675601312,8583
26633,Sridhara Gudda,12.89926,77.48761,769945.0875320478,1427304.107601299,8584
34678,Sridhara Gudda,12.89926,77.48766,769950.5164158442,1427304.160253896,8585
26635,Srigandha Nagara,13.00399,77.51009,772272.0402310214,1438919.6122392728,8586
34679,Srigandha Nagara,13.00404,77.5101,772273.0709786682,1438925.1570630325,8587
22689,Srigandhada Kaval,12.97871,77.50174,771393.2677884253,1436112.6560259804,8588
26636,Srigandhada Kaval,12.97868,77.50174,771393.3003709784,1436109.33557984,8589
22726,Srikanteshwara Park,12.92643,77.55369,777090.0913178772,1430381.9338116446,8590
35930,Srikanteshwara Park,12.92648,77.55377,777098.7217721154,1430387.5547307145,8591
21188,Srinagara Bus Station,12.94425,77.55479,777189.8185775707,1432355.5383535854,8592
34681,Srinidhi Hotel,13.01162,77.6474,787166.7536168137,1439915.2413476468,8593
34682,Srinidhi Hotel,13.01175,77.64725,787150.3226468943,1439929.461969286,8594
23966,Srinivasa Kalyana Mantapa,12.926,77.54438,776079.7727043317,1430324.2731362074,8595
24346,Srinivasa Kalyana Mantapa,12.92585,77.54428,776069.0806964536,1430307.5625471992,8596
22511,Srinivasa Nagara,12.93816,77.55687,777422.3715510656,1431683.7212983095,8597
22512,Srinivasa Nagara,12.93787,77.55717,777455.2623413505,1431651.9481574784,8598
26652,Srinivasa Nagara PattegarPalya,12.97645,77.52365,773773.9660112677,1435885.9511096377,8599
34686,Srinivasa Nagara PattegarPalya,12.97649,77.52346,773753.2982926206,1435890.1743286292,8600
35965,Srinivasa Saligrama,12.90122,77.41071,761593.6438740052,1427441.3053735741,8601
34689,Srinivasapura Colony,13.08125,77.35051,754873.9386993657,1447304.6347813313,8602
36801,Srinivasapura Cross,12.90404,77.51074,772451.3293606518,1427857.6365500463,8603
36802,Srinivasapura Cross,12.90408,77.51069,772445.8571411802,1427862.0106576162,8604
34690,Srinivasapura Cross,13.12602,77.64512,786786.9903440218,1452575.992047424,8605
34691,Srinivasapura Cross,13.12599,77.64522,786797.8742614649,1452572.7850597526,8606
26662,Srinivasapura Cross,13.07502,77.36488,756439.3683598711,1446629.6757048885,8607
34693,Srinivasapura Cross,13.07494,77.36505,756457.8947600529,1446620.9942633475,8608
34692,Srinivasapura Cross,13.07511,77.36469,756418.6617909459,1446639.4436061245,8609
22513,Srinivasapura Kogilu,13.10347,77.62349,784466.3055899065,1450055.3686793114,8610
22514,Srinivasapura Kogilu,13.10338,77.62356,784474.0040100925,1450045.4853054774,8611
26654,Srinivasapura Kullegowdanapalya,12.85122,77.4433,765184.637174187,1421940.9693534425,8612
34687,Srinivasapura Kullegowdanapalya,12.85125,77.44323,765177.0040031514,1421944.2174968955,8613
34694,Srinivasapura Nelamangala,13.08512,77.34075,753811.1316651349,1447723.112504325,8614
26666,Srinivasapura Uttarahalli Road,12.90086,77.51092,772474.3197113571,1427505.8600713632,8615
34695,Srinivasapura Uttarahalli Road,12.90129,77.51091,772472.767948292,1427553.4425756307,8616
34696,Sripathihalli,12.96262,77.16667,735042.4861117722,1433999.250261446,8617
39515,Sripathihalli,12.96265,77.16667,735042.4579381468,1434002.5699877937,8618
22515,Sriram Properties,12.81068,77.78464,802305.4551376912,1417829.5064100379,8619
22516,Sriram Properties,12.81145,77.78476,802317.5724717415,1417914.888557292,8620
26611,Srirama Layout Avalahalli Road,13.03981,77.72938,796031.691767443,1443129.9512263006,8621
26670,Srirama Layout Avalahalli Road,13.03967,77.72937,796030.7731158471,1443114.4415349485,8622
22517,Srirama Reddy Layout,12.97172,77.68152,790916.7277667251,1435537.2815190463,8623
24154,Srirama Reddy Layout,12.97176,77.6815,790914.5099910917,1435541.6865210477,8624
22923,Sriramapura 5th Cross,12.99214,77.56647,778404.5223522063,1437669.0164690956,8625
26673,Sriramapura Bommasandra Road,12.80229,77.66208,789000.7995726431,1416760.3627647073,8626
34697,Sriramapura Bommasandra Road,12.80231,77.66218,789011.6400618164,1416762.6885513866,8627
26617,Sriramapura Circle,13.06657,77.60977,783019.856576592,1445955.4590927549,8628
34672,Sriramapura Circle,13.06658,77.60966,783007.9086190461,1445956.4429931645,8629
35174,Sriramapura Circle,13.06668,77.60981,783024.0716635858,1445967.6797853257,8630
26675,Sriramapura Colony,13.02284,77.31237,750795.1890668267,1440802.3797877321,8631
34698,Sriramapura Colony,13.0229,77.31241,750799.4690993275,1440809.0593598885,8632
26618,Sriramapura Cross,13.06767,77.61321,783391.8891038857,1446081.0683461467,8633
35175,Sriramapura Cross,13.06771,77.61311,783380.9920253726,1446085.3839998466,8634
26671,Sriramapura OMEX,12.80328,77.66602,789427.6833923352,1416874.3622548878,8635
26676,Sriramapura OMEX,12.80323,77.66592,789416.8772148443,1416868.715491924,8636
26677,Sriramapura Police Station,12.9899,77.56502,778249.631540505,1437419.4930950243,8637
29414,Srirampura 7th Cross,12.99051,77.56787,778558.3020469521,1437490.1288344427,8638
29415,Srirampura 7th Cross,12.99057,77.56655,778414.9569608845,1437495.325952565,8639
26124,Srirangam Silk House HSR Layout,12.9124,77.63527,785963.5440649946,1428918.7158076689,8640
38144,Srirangam Silk House HSR Layout,12.91245,77.63521,785956.972142058,1428924.1833779698,8641
39251,St Benedict's Church,12.88463,77.46253,767237.5196628821,1425658.6121793173,8642
26687,St Bentic School,12.88709,77.45876,766825.558264141,1425926.956523967,8643
34703,St Bentic School,12.88689,77.45889,766839.8857700541,1425904.9561796475,8644
26688,St Clare School,12.91462,77.44773,765598.8366129658,1428962.4480408735,8645
23808,St Francis School,12.88898,77.62568,784948.7760825191,1426315.6485136251,8646
23816,St Francis School,12.8888,77.62563,784943.5502581401,1426295.668657029,8647
37046,St Johns High School Thomas Cafe,12.99458,77.60995,783121.289904964,1437987.0633456933,8648
21191,St Johns Hospital,12.92959,77.61584,783834.3462603491,1430799.8586754524,8649
21192,St Johns Hospital,12.92907,77.61527,783773.0471661214,1430741.6672486644,8650
35369,St Johns Hospital,12.92933,77.61594,783845.4979067626,1430771.1902359568,8651
26692,St Johns School Thamos Cafe,12.99165,77.61155,783298.2889603879,1437664.5217406056,8652
26693,St Johns Wood Apartment Tavarekere,12.93022,77.60969,783165.9043361496,1430862.775167114,8653
23433,St Joseph Boys High School Musuem Road,12.97176,77.60441,782545.7620783416,1435454.9700900516,8654
21194,St Joseph College,12.97036,77.60368,782468.0986247261,1435299.1958571316,8655
39040,St Joseph's High School,12.69718,77.70552,793841.2376643851,1405174.0986663075,8656
39041,St Joseph's High School,12.69729,77.70559,793848.7188908436,1405186.3542368112,8657
22685,St Josephine School Annapoorneshwarinagara,12.97784,77.50569,771822.9644789365,1436020.5733579884,8658
22695,St Josephine School Annapoorneshwarinagara,12.9778,77.50574,771828.4352349357,1436016.1994217038,8659
21193,St Josephs Indian School/ Malya Hospital,12.97052,77.5943,781449.669776317,1435306.5318833417,8660
21195,St Marthas Hospital,12.96945,77.58716,780675.7911206775,1435180.223936744,8661
24141,St Marys School,12.84594,77.60942,783231.421391332,1421533.5791936351,8662
24338,St Marys School,12.84573,77.60954,783244.6901359505,1421510.4665556883,8663
22518,St Patrick Church,12.97029,77.60512,782624.497994734,1435293.0435372684,8664
23893,St francis College,12.92441,77.63086,785471.035761111,1430243.1967577059,8665
23921,St francis College,12.92432,77.63124,785512.3977196792,1430233.65861179,8666
38982,St joseph CBSE Gate-2,12.97164,77.59523,781549.3645476033,1435431.5301990877,8667
40472,St. Xavier's School,12.84341,77.63822,786362.2914950809,1421285.4003759178,8668
40473,St. Xavier's School,12.84334,77.63827,786367.801530478,1421277.7076067026,8669
21608,State Bank India Garage,12.97465,77.60154,782230.9461764046,1435771.6827131896,8670
22519,State Bank of India,13.04999,77.55345,776926.9564403206,1444057.9858260725,8671
39538,State Bank of India,13.05042,77.55315,776893.9221098605,1444105.2529968326,8672
22661,Steel Factory Banasawadi,13.01328,77.64958,787401.4587517974,1440101.4567770916,8673
36246,Steel Factory Banasawadi,13.01318,77.64955,787398.3178826622,1440090.3535061223,8674
26703,Sterling Apartment,13.05783,77.58845,780716.2380995216,1444964.2951799799,8675
34706,Sterling Apartment,13.05778,77.58834,780704.3578359442,1444958.6388187085,8676
26707,Stone Factory,12.84424,77.49762,771091.127846525,1421225.0291866972,8677
34708,Stone Factory,12.84428,77.49759,771087.8268518652,1421229.4248063073,8678
39446,Sub-Registrar Office,12.99926,77.57838,779689.2976556328,1438470.169777274,8679
21196,Subbaiah Circle,12.96262,77.59111,781112.2595312936,1434428.5739030966,8680
23999,Subbaiah Circle,12.96255,77.5911,781111.2526047518,1434420.8146966,8681
34709,Subbanna Garden,12.96468,77.5322,774714.9759018889,1434592.403348487,8682
36351,Subbanna Garden,12.96464,77.53225,774720.4474621429,1434588.0298493903,8683
26710,Subbarayappanapalya,12.87866,77.42027,762655.1300412283,1424954.2576556758,8684
31413,Subbarayappanapalya 1,12.87871,77.42019,762646.3913807345,1424959.709558496,8685
26712,Subbarayappanapalya Cross,12.88927,77.43773,764539.8292589881,1426146.455548435,8686
34710,Subbarayappanapalya Cross,12.88923,77.4377,764536.6139507939,1426141.9975714334,8687
34711,Subhashnagara Hosa Road,12.87083,77.63833,786343.1167272802,1424320.6822454005,8688
26714,Subhashnagara Hosa Road,12.87084,77.63828,786337.6752875425,1424321.7334233937,8689
39632,Subramanya Swamy Temple,12.88672,77.74249,797636.7092405359,1426198.1210674013,8690
21197,Subramanya Swamy Temple,12.94171,77.562,777975.3792254084,1432082.23053865,8691
21198,Subramanya Swamy Temple,12.94359,77.56165,777935.2963375114,1432289.9393192206,8692
39633,Subramanya swamy Temple,12.88657,77.74248,797635.8006072529,1426181.5044327504,8693
26716,Subramanyanagara Cross,13.00409,77.56133,777833.302422484,1438986.1009264938,8694
34712,Subramanyanagara Cross,13.00415,77.56136,777836.4917017673,1438992.7748822838,8695
27714,Subramanyanagara Police Station,13.0034,77.55341,776974.4526811211,1438901.088236519,8696
34265,Subramanyanagara Police Station,13.00347,77.55356,776990.655538865,1438908.999606523,8697
26718,Subramanyanagara Thyamagondlu,13.21185,77.31256,750624.0972118262,1461720.0443975714,8698
34713,Subramanyanagara Thyamagondlu,13.21171,77.31246,750613.3973845763,1461704.4506200291,8699
22159,Subramanyapura KEB,12.89766,77.5463,776319.3987589369,1427189.5468014397,8700
22160,Subramanyapura KEB,12.89759,77.54631,776320.5614959861,1427181.8096702774,8701
22393,Subramanyapura Police Station,12.90149,77.54417,776083.9124712924,1427611.1727199936,8702
22394,Subramanyapura Police Station,12.90146,77.54411,776077.4305549666,1427607.787558551,8703
34276,Subramanyapura Post Office,12.89878,77.54389,776056.4850114845,1427310.9167915399,8704
22398,Subramanyapura Post Office,12.89883,77.54391,776058.601766018,1427316.47254184,8705
23957,Sudduguntepalya,12.93123,77.60988,783185.3929648595,1430974.78212408,8706
23964,Sudduguntepalya,12.9312,77.60985,783182.1696428154,1430971.4282090801,8707
26720,Sugalla,13.2574,77.63232,785245.7300752726,1467104.3319559644,8708
34714,Sugalla,13.25756,77.63244,785258.55512209,1467122.180134569,8709
26722,Sugaturu,13.25698,77.83276,806981.8984817476,1467295.740038413,8710
34715,Sugaturu,13.25697,77.83283,806989.5024101574,1467294.719076927,8711
26724,Sugganahalli,12.79946,77.31889,751726.3630385081,1416087.896916056,8712
26726,Sugganahalli Circle,12.80091,77.31467,751266.5986817736,1416244.2553823225,8713
38486,Sugganahalli Circle,12.8009,77.31466,751265.522516832,1416243.1389903317,8714
26728,Suggatta,13.14464,77.60332,782230.849143241,1454589.8481122742,8715
34718,Suggatta,13.14482,77.60357,782257.7629250663,1454610.0528517317,8716
26730,Sulibele,13.18673,77.80293,803834.020951024,1459482.0228315492,8717
34719,Sulibele,13.18673,77.80311,803853.5467697936,1459482.2409233898,8718
26732,Sulibele KEB,13.18553,77.80024,803543.7010581691,1459345.9167815447,8719
34720,Sulibele KEB,13.18563,77.80042,803563.1034043536,1459357.2053513515,8720
26734,Sulibele Quarters,13.18893,77.80546,804105.744452847,1459728.6460438988,8721
34721,Sulibele Quarters,13.18895,77.80541,804100.295896973,1459730.7995512942,8722
26736,Sulikere,12.93913,77.4481,765613.0615983525,1431675.5282128789,8723
34722,Sulikere,12.93913,77.44806,765608.7192996065,1431675.4866432059,8724
26738,Sulikere Cross,12.93484,77.44647,765440.6546837408,1431199.0301531183,8725
34723,Sulikere Cross,12.93479,77.44652,765446.1355699527,1431193.5482123017,8726
26740,Sulikere Palya,12.94457,77.44959,765769.0436843893,1432279.16190332,8727
26742,Sulikunte,13.25409,77.59933,781672.4286347136,1466700.4663625623,8728
35124,Sulikunte,12.89246,77.72846,796106.2607605885,1426817.297043368,8729
35238,Sulikunte,12.89228,77.72851,796111.9026152466,1426797.428948065,8730
26744,Sulivara,12.90299,77.36218,756322.9648996793,1427588.165479453,8731
34726,Sulivara,12.90297,77.36215,756319.7282801988,1427585.9220647882,8732
26746,Sulivara Cross,12.90252,77.36757,756908.6219545896,1427541.5466240179,8733
34727,Sulivara Cross,12.90253,77.36752,756903.1833612731,1427542.6032187417,8734
35078,Sultan palya,13.02661,77.604,782439.1435787168,1441525.8428324712,8735
35285,Sultan palya,13.02662,77.60404,782443.4734774516,1441526.99423508,8736
26749,Sultanpalya,12.82755,77.77873,801643.2858818665,1419690.146108525,8737
34728,Sultanpalya,12.82749,77.77868,801637.9258738437,1419683.4454048919,8738
23345,Sultanpalya Ashwathkatte,13.02463,77.60335,782370.8443750795,1441305.953981837,8739
23197,Sultanpalya Ashwathkatte,13.02463,77.60339,782375.1856538621,1441305.9984686535,8740
21201,Sultanpalya Cross Pushpanjali Talkies,13.02213,77.60242,782272.7440783579,1441028.195643998,8741
21202,Sultanpalya Cross Pushpanjali Talkies,13.02217,77.60241,782271.6134024693,1441032.6121154109,8742
26750,Summanahalli,12.98631,77.51934,773295.3431335258,1436972.6583073167,8743
35413,Summanahalli,12.98814,77.51951,773311.7923269747,1437175.3905741908,8744
21203,Summanahalli,12.98682,77.52077,773450.0001682965,1437030.6417966583,8745
21204,Summanahalli,12.98739,77.51914,773272.4527996217,1437091.9812348054,8746
26754,Sumuka Layout,12.8548,77.70004,793063.700413645,1422615.815921776,8747
34730,Sumuka Layout,12.85483,77.69997,793056.0626312005,1422619.057044963,8748
26756,Sun Shine School,13.03088,77.66821,789403.1248658262,1442070.8341761283,8749
34731,Sun Shine School,13.03098,77.66837,789420.3740375729,1442082.0861612142,8750
26758,Sun Valley Public School Thimmsandra,13.12852,77.77387,800752.794186558,1453002.88102708,8751
34732,Sun Valley Public School Thimmsandra,13.12839,77.77382,800747.5275610333,1452988.4297485193,8752
36762,Suncity Apartment ORR Road,12.92379,77.66535,789216.6447311569,1430213.306995313,8753
26760,Sundara Nagara,13.07151,77.42296,762744.433595218,1446300.7985999521,8754
34733,Sundara Nagara,13.07147,77.42291,762739.0510671276,1446296.319633274,8755
26762,Sundaram Estate,12.77732,77.47597,768810.9222720184,1413795.728548575,8756
34734,Sundaram Estate,12.77736,77.47598,768811.9662270113,1413800.1660652198,8757
22524,Sunkadakatte,12.98931,77.50583,771825.6783289006,1437290.243916562,8758
21205,Sunkadakatte,12.98946,77.50638,771885.2119527793,1437307.4334952598,8759
21206,Sunkadakatte,12.99018,77.5038,771604.3959624497,1437384.3705657495,8760
36607,Sunkadakatte,12.98989,77.50154,771359.412326707,1437349.8628665966,8761
35966,Sunkadakatte Junction,12.98936,77.50768,772026.4228472989,1437297.7539427935,8762
20729,Super Talkies (Cottonpet Hospital),12.96808,77.57023,778839.497429871,1435010.0065863975,8763
35114,Surabhi Layout,12.8675,77.58184,780212.0419490774,1423889.7982032439,8764
35351,Surabhi Layout,12.86759,77.58183,780210.8559265533,1423899.7491282371,8765
26767,Suradenapura Gate,13.20445,77.55912,777368.7016038948,1461160.90053282,8766
34736,Suradenapura Gate,13.20426,77.55907,777363.4938411062,1461139.8145446344,8767
24091,Suragajakkanahalli,12.73968,77.66913,789838.0861700119,1409837.7511822635,8768
24218,Suragajakkanahalli,12.73965,77.66906,789830.5140806797,1409834.3521914915,8769
23421,Suranjan Das Road/NGEF,12.98648,77.64797,787257.5720524449,1437133.0591925369,8770
26771,Suranjan Das Road/NGEF,12.98643,77.6481,787271.7413552816,1437127.6712078212,8771
26770,Surdenapura Gate,13.20635,77.56287,777773.2370473272,1461375.3625297917,8772
23833,Surya Nagara,12.79081,77.70578,793761.4404014518,1415538.8798745878,8773
23984,Surya Nagara,12.79071,77.70562,793744.1735863646,1415527.6283518716,8774
24318,Surya Nagara Apartment,12.9314,77.76252,799758.7263505968,1431167.6136445752,8775
24331,Surya Nagara Apartment,12.9313,77.76268,799776.2195584306,1431156.7310355331,8776
26775,Suryacity Gate,12.79258,77.70601,793784.3775548366,1415735.0742358293,8777
35227,Suryacity Gate,12.79265,77.70614,793798.4197492659,1415742.9708057137,8778
39303,Suryanagara 2nd Stage B Block,12.77274,77.6862,791655.0191834993,1413516.4475439172,8779
26778,Suvarna Karnataka Bus Stand,13.06185,77.58719,780574.9642163814,1445407.867621925,8780
34739,Suvarna Karnataka Bus Stand,13.06186,77.58724,780580.3786335648,1445409.0299185573,8781
26779,Suvarna Nagara,13.03327,77.49453,770551.4580371012,1442143.752622475,8782
26780,Suvarna Nagara,13.03324,77.49491,770592.7282297834,1442140.8373631996,8783
38146,Swabhiman Park,12.9122,77.64151,786641.3337959351,1428903.5545699578,8784
38145,Swabiman Park,12.91229,77.6414,786629.2868642951,1428913.3937188042,8785
21207,Swami Narayana Gurukula,12.86656,77.43692,764475.7213844701,1423632.1695873116,8786
21208,Swami Narayana Gurukula,12.8667,77.43659,764439.7405049014,1423647.3246315755,8787
39708,Swamy Vivekananda Metro Station Resurectio Church,12.98513,77.64527,786966.0330419978,1436980.579232642,8788
20862,Swamy Vivekananda Metro Station/Isolation Hospital,12.98507,77.6434,786763.1089010205,1436971.831038087,8789
22527,Swamy Vivekananda Metro Station/Isolation Hospital,12.9858,77.64501,786937.039512469,1437054.4504459966,8790
28295,Swastik Sheshadripuram,12.98784,77.57449,779279.8525979912,1437201.847399611,8791
26782,Swastik Sheshadripuram College,12.98851,77.57414,779241.1122357543,1437275.6239425286,8792
35073,Swastik Sheshadripuram College,12.98916,77.57416,779242.5561312615,1437347.5925709323,8793
35303,Swastik Sheshadripuram College,12.98798,77.57422,779250.3886570703,1437217.047461987,8794
20809,Syndicate Bank,12.9466,77.56423,778212.0493634891,1432625.9129454142,8795
26786,Syndicate Bank Layout,12.99796,77.48947,770040.6161120381,1438230.2221144908,8796
34741,Syndicate Bank Layout,12.99801,77.4894,770032.964552224,1438235.6818584849,8797
21209,Systems Peenya,13.03497,77.51794,773090.0631143906,1442356.9909342504,8798
21210,Systems Peenya,13.03506,77.51806,773102.9868163744,1442367.0815857067,8799
34745,T Agrahara,13.19031,77.85221,809175.3525605621,1459938.603808022,8800
34746,T Agrahara,13.19026,77.85222,809176.5002867511,1459933.0805632682,8801
34743,T Agrahara,13.18141,77.57877,779525.9626313716,1458632.4673464666,8802
34744,T Agrahara,13.18151,77.57876,779524.764337416,1458643.5250964453,8803
26796,T Begur,13.15005,77.33952,753611.065658683,1454907.7158916802,8804
34748,T Begur,13.14859,77.33898,753554.0000570557,1454745.5923330947,8805
21211,T Dasarahalli,13.04283,77.51276,772519.3123700616,1443221.3879381062,8806
21212,T Dasarahalli,13.04309,77.51288,772532.0493951489,1443250.2944459782,8807
38062,T Hosahalli,13.23604,77.67014,789371.9372235769,1464783.4007903556,8808
38063,T Hosahalli,13.23602,77.67022,789380.6363904072,1464781.279499264,8809
35130,T John College,12.84984,77.58834,780937.6000496363,1421942.1551684397,8810
35230,T John College,12.84936,77.5883,780933.7899187789,1421888.9815422487,8811
26809,TATA Advance Jigani Industrial Area,12.77498,77.64136,786780.8116006592,1413714.2848804255,8812
34753,TATA Advance Jigani Industrial Area,12.77495,77.64143,786788.4504917687,1413711.0417271426,8813
21611,TB Gate Thippagondanahalli,12.96245,77.34291,754170.6363991597,1434149.379537027,8814
22534,TB Nelamangala,13.09718,77.40144,760382.6026033303,1449119.574534758,8815
26838,TB Nelamangala,13.09706,77.40148,760387.0682211986,1449106.3347898899,8816
26840,TC Palya,13.02161,77.69986,792849.1843511793,1441080.9783512016,8817
34768,TC Palya,13.0216,77.69998,792862.2210276662,1441080.0097728241,8818
22535,TC Palya  Gate Hosakote Road,13.01705,77.7045,793358.1870013389,1440581.5516764878,8819
22536,TC Palya  Gate Hosakote Road,13.01734,77.70475,793384.9812282617,1440613.942814013,8820
26841,TC Palya  Gate Hosakote Road,13.01738,77.70438,793344.7731353719,1440617.943398751,8821
26843,TC Palya Cross,13.02084,77.7049,793397.1390842388,1441001.5589156451,8822
34769,TC Palya Cross,13.02087,77.70493,793400.3599844766,1441004.9145163696,8823
22537,TCI,13.05924,77.46527,767348.262230232,1444987.0793475055,8824
26844,TCI,13.05906,77.46474,767290.9476401238,1444966.597668602,8825
21612,TG Halli Quarters,12.95244,77.33529,753353.6952806024,1433034.003634021,8826
21613,TG Halli Quarters,12.95256,77.33555,753381.7952136596,1433047.5419052744,8827
22562,TISB Boys Hostel,12.89213,77.74957,798399.2051293247,1426805.2378121247,8828
22563,TISB Boys Hostel,12.89198,77.74945,798386.3508928957,1426788.4930437137,8829
21618,TP Gate Thippagondanahalli,12.96238,77.34318,754200.0132519734,1434141.9016325711,8830
21233,TR Mill,12.95683,77.55921,777655.7208958067,1433752.7657783881,8831
21234,TR Mill,12.9574,77.55926,777660.5164909316,1433815.9111027252,8832
23790,TV Tower,13.01002,77.5906,781003.5493180905,1439674.646736822,8833
24020,TV Tower,13.00999,77.59058,781001.4123942582,1439671.3039663662,8834
21236,TVS Cross Peenya,13.02868,77.51957,773273.8603037266,1441662.5481990925,8835
21237,TVS Cross Peenya,13.02835,77.51953,773269.8816799866,1441625.9796662861,8836
27085,TVS Cross Peenya,13.02837,77.51984,773303.5021368945,1441628.5270758846,8837
34749,Talaguppe,12.81141,77.43324,764133.7536130513,1417524.636533844,8838
26801,Talaguppe,12.81135,77.43327,764137.0745320667,1417518.0267232473,8839
26805,Talegere,12.8314,77.52934,774549.9761524671,1419837.480036441,8840
34751,Talegere,12.83117,77.52948,774565.4313242328,1419812.1721985566,8841
40415,Tamara Residencial Layout Kachmaranhalli,12.91116,77.73248,796520.771099424,1428892.022881301,8842
26807,Tarabahalli,13.23722,77.92617,817138.0320007117,1465224.7952970837,8843
34752,Tarabahalli,13.23708,77.92619,817140.382730291,1465209.320118834,8844
40333,Target Shooting Academy,13.11442,77.66776,789256.8227654379,1451317.803703399,8845
40334,Target Shooting Academy,13.11442,77.66789,789270.9274612538,1451317.9528268154,8846
21213,Tata Institute,13.01514,77.56382,778091.232709748,1440211.9090647965,8847
21214,Tata Institute,13.01313,77.56755,778498.3082086837,1439993.5138346108,8848
21215,Tata Institute,13.01437,77.56803,778549.0184285992,1440131.2916890671,8849
26820,Tata Nagara Entrance,13.05341,77.57525,779288.800724762,1444460.4618717209,8850
34758,Tata Nagara Entrance,13.0534,77.57516,779279.0454210965,1444459.2557819386,8851
22528,Tata Silk Farm,12.93583,77.57379,779261.9155437257,1431444.2484437802,8852
22529,Tata Silk Farm,12.93589,77.57384,779267.2771304713,1431450.9442801452,8853
36392,Tata Values Homes Apartments,13.10127,77.44443,765042.06305601,1449616.9668491653,8854
26821,Tataguni,12.84373,77.5092,772349.2960833872,1421180.8048963083,8855
26900,Tataguni,12.84369,77.50916,772344.995079162,1421176.3353314253,8856
39680,Tatanagara,13.05519,77.57318,779062.1702845241,1444655.2047703674,8857
22530,Tattaguppe,12.7737,77.52934,774612.4906140569,1413451.1019812021,8858
22531,Tattaguppe,12.77368,77.52926,774603.8214419959,1413448.80345411,8859
26822,Tattanalli Gate,12.73549,77.73079,796543.1186019443,1409443.6038992119,8860
26824,Tattanuru,12.91531,77.82413,806468.4824267443,1429459.380180007,8861
34759,Tattanuru,12.91515,77.82413,806468.6777312574,1429441.6670042835,8862
26826,Tattekere,12.67309,77.57266,779428.8294275829,1402361.4112107826,8863
34760,Tattekere,12.67304,77.57257,779419.1026720549,1402355.7805436652,8864
22532,Tavakkal Hospital,13.10594,77.66442,788904.3496697509,1450375.2791749465,8865
22533,Tavakkal Hospital,13.10578,77.66442,788904.5365644145,1450357.5679398894,8866
26828,Tavarekatte,12.91145,77.38282,758555.0987594887,1428545.183855538,8867
34761,Tavarekatte,12.91142,77.3828,758552.9583355489,1428541.843500759,8868
39650,Tavarekere,12.96566,77.39987,760349.8374502046,1434562.0744084923,8869
21610,Tavarekere,12.96581,77.40014,760378.9877878011,1434578.951079794,8870
34765,Tavarekere,12.96567,77.4001,760374.7918056535,1434563.4159107152,8871
21609,Tavarekere,12.9658,77.40008,760372.4856522568,1434577.7830947952,8872
23960,Tavarekere Aladamara,12.92215,77.61054,783267.3026159869,1429970.4508764225,8873
23961,Tavarekere Aladamara,12.92211,77.61055,783268.4335321442,1429966.0343611368,8874
23959,Tavarekere Mori,12.92504,77.60886,783081.6331651998,1430288.4843236401,8875
23962,Tavarekere Mori,12.925,77.60886,783081.6782904267,1430284.056742216,8876
38711,Teachers Colony Geddalahalli,13.05521,77.63908,786213.5372126707,1444730.9487336439,8877
34772,Telecom Layout,12.94843,77.54937,776596.7917255228,1432812.3267343096,8878
35055,Telecom Layout,13.06793,77.61654,783752.9434224903,1446113.5794138059,8879
35270,Telecom Layout,13.06791,77.61657,783756.2217192599,1446111.3992298797,8880
26850,Telecom Layout,12.94844,77.54928,776587.0101920967,1432813.3361072494,8881
26852,Telecom Layout Ashwath Nagara,13.05152,77.63151,785396.272655604,1444313.953153187,8882
34773,Telecom Layout Ashwath Nagara,13.05156,77.63151,785396.2266990733,1444318.3808410806,8883
21216,Telephone Exchange AGO/VSD,12.98225,77.58852,780809.0431444969,1436598.5312712076,8884
21217,Telephone Exchange AGO/VSD,12.98219,77.58869,780827.5639836637,1436592.0773960007,8885
23519,Tennis Court Thindlu,13.06835,77.56952,778650.2275322285,1446107.8212143222,8886
24116,Tennis Court Thindlu,13.06825,77.56946,778643.8292349117,1446096.6864106802,8887
26856,Thabarahalli,13.18848,77.64475,786674.1510202121,1459489.516610188,8888
34774,Thabarahalli,13.18861,77.64427,786621.9370870146,1459503.358205866,8889
26857,Thabarahalli Gate,13.18856,77.64409,786602.4720570882,1459497.6177816906,8890
26861,Thagachaguppe,12.96006,77.28965,748392.2777958995,1433832.438021993,8891
34777,Thagachaguppe,12.96017,77.28956,748382.400297878,1433844.5236766855,8892
34775,Thagachaguppe,12.86647,77.45507,766446.7019093109,1423640.9562762212,8893
34776,Thagachaguppe,12.86645,77.45504,766443.4653599949,1423638.7116288831,8894
22538,Thalagattapura,12.86958,77.53705,775345.7172870571,1424071.5992589924,8895
22539,Thalagattapura,12.86958,77.53685,775323.9984420191,1424071.3849211459,8896
35890,Thalaghattapura Metro Station,12.87143,77.53833,775482.6959523592,1424277.7361164256,8897
37739,Thalaghattapura Metro Station,12.87128,77.53854,775505.6645670233,1424261.358787424,8898
26866,Thalaker Cross,13.15853,77.32531,752061.2199918254,1455831.9145302402,8899
34779,Thalaker Cross,13.15833,77.32524,752053.8329020806,1455809.71039042,8900
36290,Thalakunte,12.9289,77.91897,816751.099952634,1431079.4824033496,8901
34781,Thammanayakanahalli,12.69564,77.63534,786215.8931540602,1404925.4441006086,8902
34782,Thammarasanahalli,13.19528,77.8335,807139.5036215773,1460465.8336052771,8903
34783,Thammarasanahalli,13.19525,77.83355,807144.9649244364,1460462.5735860008,8904
26874,Thammarasanahalli Madhugirihalli,13.12633,77.49753,770775.3445700385,1452447.0120760165,8905
21218,Thammenahalli,13.07818,77.4893,769935.083906472,1447108.8715109297,8906
21219,Thammenahalli,13.07823,77.48927,769931.7744712706,1447114.3735542425,8907
26878,Thammenahalli Cross,13.08435,77.48874,769867.605980817,1447791.177212015,8908
34786,Thammenahalli Cross,13.08431,77.48872,769865.4796016654,1447786.7286094055,8909
26880,Thammenahalli Palya,13.07598,77.48819,769817.0432587949,1446864.1884030283,8910
34787,Thammenahalli Palya,13.07597,77.48823,769821.3941692018,1446863.1242599976,8911
26882,Thandya,12.9459,77.26576,745813.2425134088,1432242.3033181156,8912
34788,Thandya,12.94578,77.26601,745840.4956531295,1432229.2641621295,8913
26884,Thandya Dabaspete,13.2132,77.2399,742744.5444144236,1461797.869738037,8914
30410,Thandya Junction,12.87616,77.40108,760574.0476478396,1424658.0224422785,8915
22540,Thanisandra,13.05614,77.6328,785530.955118114,1444826.8050556737,8916
22541,Thanisandra,13.0561,77.63291,785542.9383686604,1444822.5013693583,8917
26886,Thanisandra,13.05598,77.63222,785468.1971896652,1444808.4405193701,8918
34790,Thanisandra,13.05588,77.63225,785471.5677666848,1444797.4051025398,8919
26890,Tharabanahalli,12.99654,77.84406,808532.6823571317,1438476.2481237478,8920
34793,Tharabanahalli,12.99641,77.84401,808527.4149592018,1438461.7952306268,8921
21614,Tharabanahalli,13.10126,77.48088,768996.4516061042,1449654.4106425033,8922
21220,Tharabanahalli,13.10124,77.48081,768988.879110423,1449652.1224441305,8923
36328,Tharabanahalli,13.10129,77.48083,768990.9945429008,1449657.677792987,8924
34791,Tharabanahalli,13.19046,77.62767,784819.3169207918,1459689.227310251,8925
34792,Tharabanahalli,13.19037,77.62759,784810.7443749931,1459679.174088517,8926
21221,Tharabanahalli Choultry,13.10535,77.47916,768805.407067879,1450105.2626553047,8927
21615,Tharabanahalli Choultry,13.10537,77.47922,768811.8945648896,1450107.5401729697,8928
26892,Tharabanahalli Colony,13.19084,77.62535,784567.2476648781,1459728.6564808236,8929
34794,Tharabanahalli Colony,13.19116,77.62524,784554.9463758646,1459763.9532904685,8930
34796,Tharabanahalli Gate,13.1886,77.64397,786589.4098396318,1459501.9084099734,8931
26899,Tharahunase,13.17863,77.58859,780594.2267773502,1458335.709948599,8932
34798,Tharahunase,13.17859,77.58859,780594.272414603,1458331.282362698,8933
22542,Tharalu,12.78933,77.52241,773842.7922381631,1415173.7153585094,8934
22543,Tharalu,12.7893,77.52234,773835.220681218,1415170.3207513753,8935
22544,Tharalu Estate,12.78729,77.53539,775254.9989278698,1414961.7079906987,8936
22545,Tharalu Estate,12.78726,77.53541,775257.2040617691,1414958.4087987216,8937
34799,Thataguni BWSSB,12.84858,77.516,773082.555704942,1421724.8150838185,8938
26902,Thataguni BWSSB,12.84854,77.5161,773093.4591376574,1421720.4939354626,8939
26904,Thattanahalli,12.74541,77.72471,795870.8980086937,1410534.7863693023,8940
34800,Thattanahalli,12.74546,77.72474,795874.0997675091,1410540.355487726,8941
26905,Thattanalli Gate,12.73535,77.7308,796544.3682335619,1409428.1175697604,8942
26907,Thavatahalli,13.07707,77.86954,811198.1065331277,1447422.9361379743,8943
34801,Thavatahalli,13.07706,77.86952,811195.9484740604,1447421.8043967423,8944
26908,Thayappana Doddy,12.7105,77.4261,763462.7881270831,1406349.1920936238,8945
26910,The Golden Palm Resort Nagarur colony Nelamangala,13.08893,77.44564,765186.5480700315,1448252.4694918264,8946
24283,The HSR Club,12.90905,77.64467,786988.0579413557,1428558.4133560543,8947
24296,The HSR Club,12.90907,77.64464,786984.7775304217,1428560.5935861827,8948
37989,The Light House International Academy,13.13364,77.72209,795128.649092861,1453508.416508718,8949
26923,Thellahalli Gate,13.22041,77.74816,797851.9935070435,1463144.7845545497,8950
34802,Thellahalli Gate,13.22072,77.74818,797853.785906581,1463179.1262620802,8951
35018,Theneyuru,13.22634,77.83664,807441.1782671993,1463908.347113577,8952
31422,Theneyuru,13.22635,77.8366,807436.8272350588,1463909.4050331286,8953
27556,Therelek Engineers PVT LTD Peenya,13.02386,77.51844,773156.5174644713,1441127.839192864,8954
22546,Thigalara Chowdenahalli Cross,12.88181,77.75681,799197.7502596354,1425671.2356035556,8955
22547,Thigalara Chowdenahalli Cross,12.88176,77.75683,799199.9818087802,1425665.723852656,8956
31425,Thigalarapalya,13.01675,77.48307,769325.6952766567,1440303.121434473,8957
35015,Thigalarapalya,13.0168,77.48309,769327.8117480928,1440308.6766541225,8958
37795,Thigularapalya (Isuvanahalli),13.20862,77.34045,753651.5270151297,1461390.65670374,8959
31426,Thimmabhovipalya Shivanapura,13.05962,77.41933,762363.1558683278,1444981.095169479,8960
35014,Thimmabhovipalya Shivanapura,13.05961,77.41928,762357.741292722,1444979.9366159772,8961
31427,Thimmadanahalli Gate,12.95769,77.7754,801125.7073429988,1434093.142766633,8962
35013,Thimmadanahalli Gate,12.95762,77.77544,801130.1345821898,1434085.4407352977,8963
39964,Thimmaiahna Doddi Cross,12.73532,77.60278,782633.4807222417,1409281.9574753686,8964
39965,Thimmaiahna Doddi Cross,12.73532,77.60273,782628.0478720362,1409281.903031622,8965
31429,Thimmappana Palya,12.84165,77.39244,759671.4209562478,1420829.9627848084,8966
31803,Thimmasandra,12.97337,77.24174,743179.403928265,1435259.2170994654,8967
31804,Thimmasandra,12.97302,77.24158,743162.3797892025,1435220.3325701526,8968
35009,Thimmasandra,13.12475,77.76944,800276.7247594853,1452580.2413201102,8969
35704,Thimmasandra,13.12475,77.7694,800272.3847051731,1452580.1936474312,8970
31801,Thimmasandra,13.17198,77.58129,779810.0119379954,1457591.4780303193,8971
31802,Thimmasandra,13.17202,77.58133,779814.3050714268,1457595.9501638194,8972
31436,Thimmasandra Circle,13.1699,77.58039,779714.7572661672,1457360.2423217732,8973
35008,Thimmasandra Circle,13.16981,77.58048,779724.6215316867,1457350.38055508,8974
38496,Thimmasandra Gate,12.80981,77.28479,748012.724748317,1417200.2936722715,8975
31437,Thimmasandra Gate,13.12416,77.77332,800698.4291021432,1452519.5532800762,8976
35007,Thimmasandra Gate,13.12419,77.77336,800702.732648954,1452522.9221494533,8977
35005,Thimmayya Garden,13.01838,77.59867,781869.9903708838,1440608.9451654127,8978
31439,Thimmayya Garden,13.01825,77.59872,781875.5642100018,1440594.6110325288,8979
35004,Thimmegowdana Doddy,12.78319,77.30844,750607.477849728,1414277.2018191703,8980
38483,Thimmegowdana Doddy,12.78319,77.3085,750613.994736088,1414277.259947622,8981
31805,Thimmegowdana Doddy,12.76223,77.41606,762318.6467173832,1412064.1801283988,8982
31806,Thimmegowdana Doddy,12.76217,77.41598,762310.0180979767,1412057.4587110023,8983
31443,Thimmegowdarapalya,12.82437,77.49,770284.8251870164,1419017.812197744,8984
35003,Thimmegowdarapalya,12.8243,77.48999,770283.8138676242,1419010.0541432423,8985
31807,Thindlu,13.23438,77.59394,781110.6341259414,1464512.6793855294,8986
31808,Thindlu,13.23444,77.59397,781113.8184066695,1464519.3545539835,8987
35002,Thindlu,12.99049,77.86492,810804.879806952,1437831.839273398,8988
35702,Thindlu,12.99053,77.86493,810805.91567154,1437836.2799418468,8989
23518,Thindlu,13.07348,77.56684,778353.6634381617,1446672.6971906943,8990
35277,Thindlu,13.07339,77.56674,778342.913678404,1446662.6253098296,8991
31447,Thindlu Cross,13.22855,77.59992,781765.8068747127,1463874.0848978192,8992
35001,Thindlu Cross,13.22853,77.59998,781772.3363922684,1463871.938691242,8993
23397,Thindlu Gate,12.86042,77.79879,803782.9080263821,1423352.5776351579,8994
23417,Thindlu Gate,12.86038,77.79881,803785.1285940561,1423348.1730807265,8995
37214,Thindlu Gate Penesola Park,12.86359,77.79456,803319.6364850709,1423698.515090807,8996
31448,Thindlu Sarjapura,12.86346,77.80806,804786.1365732556,1423700.0972826753,8997
35000,Thindlu Sarjapura,12.86332,77.80812,804792.8229385116,1423684.6696604402,8998
26971,Thippagondanahalli,12.96193,77.33628,753451.5457685426,1434085.2364902268,8999
31449,Thippagondanahalli Tumkur Road,13.16007,77.3227,751776.5848788404,1455999.730621167,9000
34999,Thippagondanahalli Tumkur Road,13.1602,77.32295,751803.5649667254,1456014.3680714194,9001
22548,Thippasandra,12.97371,77.6469,787156.0995799564,1435718.303185985,9002
22549,Thippasandra,12.97361,77.64689,787155.1288906971,1435707.222627444,9003
34998,Thippasandra,12.87355,77.55638,777440.4876270662,1424531.8145759061,9004
35701,Thippasandra,12.87351,77.55638,777440.5316683585,1424527.3871740971,9005
31809,Thippasandra,12.913,77.75308,798755.588544046,1429119.6592975496,9006
31810,Thippasandra,12.91287,77.75307,798754.6572684811,1429105.2564621922,9007
24024,Thippasandra Gate,12.91824,77.75456,798910.0674022038,1429701.462302887,9008
24037,Thippasandra Gate,12.9182,77.75454,798907.9432229132,1429697.0108848996,9009
26978,Thippasandra Market,12.97249,77.65099,787601.5045963156,1435587.869265615,9010
26979,Thippasandra Theatre Anjanapur,12.87358,77.55874,777696.7366079387,1424537.6856640296,9011
26980,Thippasandra Theatre Anjanapura,12.87335,77.55851,777672.0134002161,1424511.9793923115,9012
29535,Thippenahalli Anjaneya Temple,13.03574,77.4845,769460.3318950867,1442406.4614261668,9013
35467,Thippenahalli Anjaneya Temple,13.03571,77.48451,769461.4495730805,1442403.151628338,9014
31453,Thippennahalli,13.0367,77.48707,769738.1825446268,1442515.4459619774,9015
34997,Thippennahalli,13.03662,77.48706,769737.1841211001,1442506.5808638865,9016
31454,Thippennahalli Cross,13.02943,77.48362,769371.6672202738,1441707.1328142078,9017
34996,Thippennahalli Cross,13.02936,77.48361,769370.6577760072,1441699.3745664454,9018
31455,Thippuru,12.8151,77.44123,764997.7008336228,1417941.220929876,9019
34995,Thippuru,12.81505,77.44129,765004.269797584,1417935.7487622295,9020
22551,Thirumala Dhaba,13.09762,77.563,777909.914624769,1449340.459312333,9021
22552,Thirumala Dhaba,13.09774,77.56304,777914.1197616969,1449353.7857863025,9022
31456,Thirumala Gate,12.95104,77.24054,743070.8567881036,1432786.9789936345,9023
34994,Thirumala Gate,12.95118,77.2404,743055.5256649427,1432802.338494787,9024
26021,Thirumala Theatre,12.91946,77.64899,787445.2328137662,1429715.5689302997,9025
21222,Thirumalapura,13.12539,77.48362,769267.4297107562,1452328.0664069587,9026
21616,Thirumalapura,13.12536,77.48364,769269.6319896732,1452324.7673414391,9027
35700,Thirumalapura,12.82674,77.31201,750952.1064000176,1419100.1835008075,9028
31811,Thirumalapura,13.02041,77.29358,748758.6997352113,1440514.9825062181,9029
31812,Thirumalapura,13.02042,77.29363,748764.1153049825,1440516.1381314236,9030
22553,Thirumalashettyhalli Cross,12.98602,77.78128,801729.9285913836,1437236.335568309,9031
22554,Thirumalashettyhalli Cross,12.9862,77.7811,801710.1696977644,1437256.0489860713,9032
31460,Thirumalashettyhalli Cross,12.98638,77.78122,801722.979729451,1437276.1179458497,9033
31462,Thirumenahalli,13.11069,77.7536,798575.0637321668,1451004.9376000043,9034
34989,Thirumenahalli Circle,13.11115,77.75189,798388.9629356582,1451053.837062222,9035
22555,Thirumenahalli Cross (KNS College),13.08871,77.6355,785786.4247022289,1448435.1102580254,9036
22556,Thirumenahalli Cross (KNS College),13.08853,77.63531,785766.0161692204,1448414.9706628032,9037
31464,Thirumenahalli Gate,13.11051,77.74517,797660.5757257773,1450975.0471183925,9038
34988,Thirumenahalli Gate,13.11048,77.74509,797651.931395482,1450971.6316506623,9039
31465,Thirupalya,12.82316,77.66572,789372.3708891983,1419074.6104011608,9040
34987,Thirupalya,12.82323,77.6658,789380.9807606258,1419082.4487427287,9041
31466,Thirupalya Circle,12.82337,77.66897,789725.1597876509,1419101.506375184,9042
34986,Thirupalya Circle,12.82341,77.66906,789734.890177642,1419106.03527415,9043
31467,Thirupalya Govt Hospital,12.81801,77.66858,789688.9327903502,1418507.7500580812,9044
34985,Thirupalya Govt Hospital,12.8174,77.66853,789684.1996548749,1418440.170774553,9045
34984,Thirupalya Muneshwara Temple,12.82321,77.66967,789801.3802298572,1419084.5821853478,9046
34981,Thiruvaranga,12.90181,77.8266,806753.2034793373,1427967.787543647,9047
31470,Thiruvaranga Gate,12.89596,77.82872,806990.5868457883,1427322.6870397378,9048
23402,Thiruvaranga Gate,12.89593,77.82876,806994.967724002,1427319.4137184157,9049
23412,Thiruvaranga Gate,12.89588,77.8288,806999.3730208739,1427313.926245004,9050
31472,Thittahalli,12.82179,77.46053,767086.839045264,1418701.553102237,9051
34980,Thittahalli,12.82176,77.46049,767082.5263441881,1418698.1913540678,9052
27019,Thogur Cross,12.84346,77.64425,787017.1748352961,1421297.6510193734,9053
35338,Thogur Cross,12.84356,77.64427,787019.2334722782,1421308.7425042724,9054
27020,Thokathimmana Doddy,12.7483,77.47984,769262.0484436462,1410587.8650601765,9055
31473,Thokathimmana Doddy Cross,12.74401,77.47878,769151.4229299277,1410111.9552320337,9056
34979,Thokathimmana Doddy Cross,12.74399,77.47896,769170.9999570445,1410109.9284269167,9057
31474,Thomas Cafe,12.99065,77.61371,783533.8865998632,1437556.2365546653,9058
31475,Thonachinakuppe,13.14163,77.34737,754471.1462993381,1453983.790287621,9059
34977,Thonachinakuppe,13.14218,77.34763,754498.778962597,1454044.9223372068,9060
31813,Thore Byrasandra,13.11037,77.32961,752576.8391701198,1450506.364513969,9061
35699,Thore Byrasandra,13.11038,77.32966,752582.2526679467,1450507.5212615032,9062
27031,Thore Doddy High School,12.75862,77.39134,759636.986012172,1411639.753598035,9063
31814,Thore Hosapalya,13.02583,77.32927,752626.0075228943,1441150.0284991101,9064
34975,Thore Hosapalya,13.09971,77.32735,752342.5591564752,1449324.3656464098,9065
35698,Thore Hosapalya,13.0997,77.32738,752345.8237130087,1449323.2889287542,9066
31480,Thore Hosapalya Cross,13.09588,77.32572,752169.6400431546,1448898.8735758436,9067
34974,Thore Hosapalya Cross,13.09592,77.32576,752173.9385175304,1448903.3402835808,9068
31481,Thore Kempahalli,13.12016,77.33024,752635.1735787607,1451590.4531511397,9069
34973,Thore Kempahalli,13.12013,77.33019,752629.7807489019,1451587.082957464,9070
31482,Thore Nagasandra,13.11457,77.47461,768301.7879959508,1451120.8943239737,9071
34972,Thore Nagasandra,13.11458,77.4747,768311.5405909357,1451122.0968703318,9072
21223,Thore Nagasandra Cross,13.11196,77.48188,769093.3004008746,1450839.7621064319,9073
21617,Thore Nagasandra Cross,13.11201,77.48192,769097.5853619477,1450845.3388232028,9074
31483,ThoreDoddy,12.75743,77.39736,760292.1645007186,1411514.0926147937,9075
34971,ThoreDoddy,12.75738,77.39737,760293.3019809601,1411508.569048265,9076
27041,Thorechannahalli,12.99786,77.27104,746335.1545038574,1437997.5260789494,9077
31815,Thorepalya,13.09478,77.33834,753539.7933219064,1448789.7688254954,9078
34970,Thorepalya,13.09482,77.33839,753545.176449011,1448794.2458194548,9079
31816,Thorepalya,12.99098,77.2436,743364.1143971455,1437209.7648967586,9080
35697,Thorepalya,12.99099,77.24355,743358.6786229971,1437210.8237381114,9081
21224,Thotada Guddadahalli,13.06819,77.48944,769961.1476722313,1446003.3152216962,9082
21225,Thotada Guddadahalli,13.06819,77.48948,769965.4878413465,1446003.35788833,9083
21226,Thotagere Basavanna Devastana,13.13818,77.45363,766000.4066130606,1453711.8005492627,9084
27053,Thotagere Basavanna Devastana,13.13821,77.45361,765998.204856601,1453715.0997896008,9085
31489,Thotagere Village,13.13615,77.44599,765173.8730209626,1453479.0642671774,9086
34967,Thotagere Village,13.1361,77.446,765175.0114566081,1453473.5408763674,9087
22557,Thubarahalli,12.95592,77.72057,795174.7508723491,1433833.1340421096,9088
22558,Thubarahalli,12.95575,77.72042,795158.6656631336,1433814.1417409566,9089
31490,Thunga Nagara,12.99192,77.48526,769590.2093325183,1437557.2480874215,9090
34966,Thunga Nagara,12.99195,77.4853,769594.5184224669,1437560.6108622358,9091
31500,Thunganagara Cross,12.98551,77.48501,769569.9953827856,1436847.5223936946,9092
34956,Thunganagara Cross,12.9856,77.485,769568.8128403842,1436857.4730368434,9093
31492,Thyagadahalli,13.17425,77.39482,759583.3627566975,1457642.4544081641,9094
34964,Thyagadahalli,13.17427,77.39488,759589.8486969332,1457644.7299317108,9095
23682,Thyagaraja Nagara,12.93203,77.56755,778588.6721305955,1431016.8313976496,9096
23732,Thyagaraja Nagara,12.93215,77.56764,778598.3100870079,1431030.2118184129,9097
23683,Thyagaraja Nagara KEB Quarters,12.93504,77.56842,778679.7826162078,1431350.9455200508,9098
23731,Thyagaraja Nagara KEB Quarters,12.93515,77.56845,778682.9174052281,1431363.1537299335,9099
31493,Thyamagondlu,13.21573,77.30067,749330.946679431,1462137.569519063,9100
34963,Thyamagondlu,13.2158,77.30064,749327.622754092,1462145.2864373415,9101
31494,Thyamagondlu Cross,13.15183,77.33767,753408.5898596199,1455102.8454304428,9102
34962,Thyamagondlu Cross,13.15178,77.33772,753414.0640852461,1455097.3622686353,9103
27066,Thyavakanahalli Gate,12.82769,77.78598,802430.7001254297,1419714.1426703443,9104
22559,Thyavakanahalli Gate,12.82758,77.78623,802457.9897573162,1419702.258717873,9105
35183,Thyavakanahalli Gate,12.82794,77.78634,802469.5086635151,1419742.2411132394,9106
21228,Tin Factory,12.99645,77.66857,789482.1988160121,1438260.0179878804,9107
21229,Tin Factory,12.99698,77.66937,789568.4232146887,1438319.5966765108,9108
36640,Tippu Palace,12.95997,77.5737,779225.2327417659,1434116.132018998,9109
22560,Tirumagondanahalli,12.79407,77.72165,795481.7919294451,1415917.8478604637,9110
22561,Tirumagondanahalli,12.79438,77.72032,795336.9379328096,1415950.6434310118,9111
31496,Tirumagondanahalli Ghati Subramanya,13.35289,77.53889,775007.4476792086,1477568.889086885,9112
34960,Tirumagondanahalli Ghati Subramanya,13.35293,77.53895,775013.9052448713,1477573.3831608,9113
21231,Town Hall,12.96384,77.58434,780375.955947491,1434556.1622414992,9114
21232,Town Hall,12.96355,77.58375,780312.2322818798,1434523.414313706,9115
31416,Town Hall,12.96409,77.58404,780343.108681412,1434583.5044523007,9116
22565,Town Hall,12.96353,77.58507,780455.5501208862,1434522.6515332249,9117
22693,Trinity Circle,12.97071,77.61959,784194.8313416446,1435355.6197566853,9118
22756,Trinity Circle,12.97093,77.6197,784206.5224936078,1435380.0943443177,9119
38187,Trinity Metro Station,12.97295,77.61689,783899.1845287788,1435600.5580230232,9120
39974,Trinity Metro Station,12.97315,77.61685,783894.6151592173,1435622.6515690056,9121
35806,Trumpet (KIA),13.19762,77.65547,787826.1704681162,1460513.5487331555,9122
35807,Trumpet (KIA),13.19655,77.65464,787737.4025199601,1460394.1519333238,9123
38706,Tubagere,13.37522,77.57194,778563.8441534252,1480077.5098546995,9124
31499,Tulasipura,12.845,77.55786,777632.6252842341,1421373.3551824773,9125
27082,Tulips Resort,12.82857,77.59552,781741.1144434446,1419595.6743214151,9126
35223,Tulips Resort,12.8286,77.59556,781745.4256768613,1419599.03868685,9127
30415,Tumkur Road Junction,13.09816,77.38615,758722.8499469436,1449212.3216557507,9128
33158,Tumkur Road Junction,13.09758,77.38535,758636.6690904226,1449147.3114862463,9129
33159,Tumkur Road Junction,13.09812,77.38544,758645.8684350698,1449207.1674527682,9130
40496,Tumkur Road Junction,13.09776,77.38619,758727.607345257,1449168.0931317662,9131
31491,Turahalli,12.89752,77.53952,775583.3625536576,1427166.7530739708,9132
34965,Turahalli,12.89751,77.53948,775579.0302174464,1427165.6032374748,9133
39647,Turahalli Cross,12.89339,77.53819,775443.4704790454,1426708.1997716043,9134
39648,Turahalli Cross,12.89342,77.53819,775443.4376340293,1426711.5202844804,9135
39362,Tyamasandra,12.67542,77.46342,767554.5168823713,1402504.7475042378,9136
39363,Tyamasandra,12.67542,77.46327,767538.2160950626,1402504.5936267,9137
37780,Udakunte,13.13218,77.23564,742362.4306353296,1452827.7711637302,9138
37781,Udakunte,13.13214,77.23562,742360.3007326981,1452823.3253878036,9139
31501,Udaya Badavane,12.96165,77.46698,767638.5736894296,1434187.709596346,9140
34955,Udaya Badavane,12.9617,77.467,767640.6911921143,1434193.2645154085,9141
22566,Udayapura,12.81324,77.51201,772687.3440292613,1417809.106561889,9142
22567,Udayapura,12.8131,77.51197,772683.1501244118,1417793.5689235993,9143
31503,Uddandahalli,12.88646,77.3838,758687.1940889264,1425780.4754363392,9144
34953,Uddandahalli,12.88637,77.38375,758681.8577809061,1425770.464546459,9145
39378,Uddandahalli Cross,12.88717,77.3765,757893.8666146884,1425851.7048494562,9146
31504,Uddandahalli Cross,12.88717,77.37655,757899.2953546708,1425851.7550998402,9147
34952,Uddandahalli Cross,12.88722,77.37655,757899.2441332242,1425857.2886785604,9148
38152,Udhbhava School,12.92668,77.41741,762294.4865517586,1430265.9317751352,9149
31505,Udichikkanahalli,13.17702,77.4001,760153.0542798708,1457954.4892062405,9150
34951,Udichikkanahalli,13.17706,77.40012,760155.1809761374,1457958.9369440766,9151
23636,Udipalya,12.82039,77.51401,772896.869468426,1418602.5928149484,9152
23602,Udipalya,12.82044,77.5142,772917.4521501937,1418608.327948314,9153
31506,Udupi Garden Petrol Bunk,12.91717,77.61007,783221.8897746236,1429418.6964097812,9154
34950,Udupi Garden Petrol Bunk,12.91714,77.61023,783239.2963012636,1429415.552763656,9155
31507,Uduvegere,12.93322,77.21639,740466.7837228443,1430792.1447808428,9156
34949,Uduvegere,12.93318,77.21641,740468.9929430523,1430787.7371592983,9157
31508,Uganawadi,13.23901,77.65698,787941.3265397418,1465096.9650300834,9158
34948,Uganawadi,13.23921,77.6569,787932.4159188871,1465119.0119334473,9159
31818,Uganawadi Cross,13.2319,77.65594,787836.9062963827,1464308.7223219173,9160
34947,Uganawadi Cross,13.23208,77.65594,787836.6947285009,1464328.6474909666,9161
35696,Uganawadi Cross,13.23219,77.65601,787844.1565611421,1464340.9045890304,9162
27106,UjinappanaDoddy,12.71754,77.58787,781033.0088591588,1407297.762132889,9163
35327,UjinappanaDoddy,12.71749,77.58762,781005.8980639636,1407291.9575187145,9164
27107,Ullala Lake,12.95872,77.47928,768976.8820811831,1433876.3528513724,9165
27108,Ullala Lake,12.95874,77.47942,768992.0577637972,1433878.7140109239,9166
21238,Ullala Satelite Town,12.96283,77.47502,768510.0443856008,1434326.7589099961,9167
21239,Ullala Satellite Town Cross,12.96215,77.47858,768897.2106417292,1434255.2463531273,9168
35914,Ullala Satellite Town Cross,12.96212,77.4785,768888.5589029603,1434251.8416471418,9169
21240,Ullalu,12.95568,77.48014,769073.5039681552,1433540.7930258745,9170
40383,Ullalu Basti,12.95174,77.47544,768567.5333849175,1433099.7665417506,9171
40384,Ullalu Basti,12.95188,77.47539,768561.9555454116,1433115.2090591392,9172
21241,Ullalu Village,12.95591,77.48012,769071.0857106645,1433566.2282823068,9173
31512,Ummalu,13.07389,77.93865,818702.9636515628,1447156.9476236813,9174
27109,Ummalu Gate,13.07826,77.91775,816428.9557693165,1447614.5311257206,9175
27113,Ummulu Gate,13.07828,77.91783,816437.6129835806,1447616.8456007934,9176
21747,Univesity Quarters,12.9528,77.50008,771241.1786104525,1433243.1354623134,9177
31513,Upadhyaya Badavane,12.9353,77.49909,771152.6452545782,1431305.1646555478,9178
21242,Upkar Layout Cross,12.96375,77.47989,769037.6903783621,1434433.7150489294,9179
35915,Upkar Layout Cross,12.96371,77.48,769049.6737979017,1434429.4038717963,9180
31515,Upkar Residency Layout,12.96052,77.48327,769408.0645353661,1434079.785744638,9181
34943,Upkar Residency Layout,12.96058,77.48326,769406.9144342649,1434086.415986587,9182
31338,Upparahalli (Kumbalahalli Gate),13.08858,77.78078,801551.2399033362,1448589.5889386185,9183
33618,Upparahalli (Kumbalahalli Gate),13.08851,77.78079,801552.4103252988,1448581.8515419695,9184
31516,Uragahalli Bidadi,12.74357,77.37747,758145.5421630527,1409960.3039502646,9185
34942,Uragahalli Bidadi,12.74362,77.37748,758146.5778493987,1409965.847432102,9186
31517,Uragana Doddy,12.71741,77.59427,781728.5999887281,1407290.3011941188,9187
34941,Uragana Doddy,12.71748,77.59427,781728.5227037892,1407298.0492834793,9188
22568,Uttarahalli,12.90621,77.54337,775991.8653923711,1428132.7406635021,9189
22571,Uttarahalli,12.90575,77.54257,775905.5072988927,1428080.964265992,9190
22569,Uttarahalli Bus Stand,12.90535,77.54327,775981.9518439221,1428037.4444924332,9191
22570,Uttarahalli Bus Stand,12.90521,77.5432,775974.5050169472,1428021.8733005042,9192
36200,Uttari Cross,12.80837,77.51047,772525.3147222047,1417268.4628351878,9193
36201,Uttari Cross,12.80843,77.51047,772525.2501732777,1417275.1036979076,9194
31519,Utthari,12.81793,77.49323,770642.5237048902,1418308.42259047,9195
34939,Utthari,12.81798,77.49322,770641.3841137784,1418313.9460876938,9196
38977,V CARE HOSPITAL,13.01594,77.5976,781756.6186136077,1440337.6762780966,9197
31564,VBHC Apartment Gate,12.75747,77.70462,793673.9656523215,1411846.9460494248,9198
34911,VBHC Apartment Gate,12.75752,77.70463,793674.9944704754,1411852.4921951282,9199
34938,Vabasandra,12.81462,77.65048,787726.6551731844,1418112.2416567393,9200
35695,Vabasandra,12.81454,77.65059,787738.6950452995,1418103.5089749447,9201
31523,Vabasandra Gate,13.12358,77.77325,800691.5401858882,1452455.2612141059,9202
34937,Vabasandra Gate,13.12358,77.77328,800694.7952516349,1452455.297015474,9203
34936,Vaddahalli Gate,13.20078,77.91485,815957.1921142284,1461175.9158494372,9204
31525,Vaddarahalli Cross,13.01496,77.44694,765406.5965294159,1440066.989207607,9205
34935,Vaddarahalli Cross,13.01494,77.44696,765408.7883199977,1440064.796543096,9206
35112,Vaddarapalya,12.76405,77.64472,787158.2052744536,1412508.1542651379,9207
35135,Vaddarapalya,12.76407,77.64468,787153.8367606464,1412510.323739635,9208
34934,Vaddarapalya,13.03865,77.64638,787024.8726623626,1442906.1266375089,9209
35694,Vaddarapalya,13.0387,77.64635,787021.559071256,1442911.6273508323,9210
35172,Vaddarapalya,12.8438,77.612,783514.0378858378,1421299.5449330062,9211
35282,Vaddarapalya,12.84387,77.61194,783507.4426428685,1421307.2270943916,9212
23462,Vaddarapalya JP Nagara 8th Phase,12.86405,77.57513,779487.1715180906,1423500.6218591763,9213
23464,Vaddarapalya JP Nagara 8th Phase,12.86412,77.57524,779499.0398815824,1423508.4895317468,9214
31827,Vaderahalli,12.83541,77.52681,774270.8422854211,1420278.6223724736,9215
35716,Vaderahalli,12.83538,77.52685,774275.2191662604,1420275.3444881043,9216
31822,Vaderahalli,12.74075,77.48076,769369.9857661083,1409753.1989839142,9217
31823,Vaderahalli,12.74088,77.4808,769374.1940997178,1409767.6286894951,9218
31536,Vaderahalli Cross,13.09932,77.44484,765088.6311071623,1449401.5750213698,9219
34931,Vaderahalli Cross,13.0993,77.44488,765092.9920188813,1449399.4034524597,9220
24121,Vaderamanchanahalli Jigani,12.76836,77.63027,785583.4066953699,1412969.2504887215,9221
24276,Vaderamanchanahalli Jigani,12.7683,77.63028,785584.5605769184,1412962.6201069641,9222
31537,Vagata,13.02308,77.83578,807601.0118888633,1441404.4355005424,9223
34930,Vagata,13.02304,77.83572,807594.5482253178,1441399.9344381057,9224
24317,Vagdevi Vilas School,12.93238,77.7606,799549.0718603828,1431273.8511501239,9225
24332,Vagdevi Vilas School,12.93227,77.76075,799565.4909987405,1431261.8496999438,9226
31538,Vahale Gate,12.87696,77.34209,754168.1531348787,1424687.4429076463,9227
34929,Vahale Gate,12.87692,77.34209,754168.1934846636,1424683.0161469837,9228
31828,Vajarahalli,12.82392,77.39154,759591.8870324295,1418866.8356888355,9229
31829,Vajarahalli,12.82396,77.39157,759595.1040892078,1418871.292780639,9230
31542,Vajarahalli Colony,12.82303,77.39717,760204.239092445,1418774.0117190657,9231
34927,Vajarahalli Colony,12.82308,77.39719,760206.3597566757,1418779.565532104,9232
30417,Vajarahalli Junction,12.82511,77.38214,758569.8045170119,1418989.0900522717,9233
33160,Vajarahalli Junction,12.82512,77.38208,758563.2781799139,1418990.1365965118,9234
38360,Vajarahalli Metro Station,12.87768,77.54498,776197.9934159478,1424976.6530816192,9235
38361,Vajarahalli Metro Station,12.8773,77.54459,776156.0593825784,1424934.1736042486,9236
31543,Vajragiri Estate,12.85769,77.55663,777485.0896556478,1422776.620366291,9237
34926,Vajragiri Estate,12.85767,77.55657,777478.5955996279,1422774.3419220573,9238
31544,Vajrakattepalya,13.15792,77.38126,758129.8972860569,1455821.1722473514,9239
34925,Vajrakattepalya,13.15804,77.38128,758131.940702094,1455834.4736401946,9240
22574,Vajramuneshwara Gate,12.86481,77.53334,774948.0351295654,1423539.6671449975,9241
22575,Vajramuneshwara Gate,12.86483,77.53314,774926.294123725,1423541.6668590428,9242
31546,Valagere Kallahalli,12.88243,77.77592,801272.4918195556,1425762.2297919919,9243
34923,Valagere Kallahalli,12.88242,77.77587,801267.0734007265,1425761.0640580205,9244
31547,Valagere Kallahalli Cross,12.88182,77.76551,800142.6171862499,1425682.5022310154,9245
34922,Valagere Kallahalli Cross,12.8818,77.76555,800146.9853150625,1425680.3349735604,9246
31830,Valepura,12.95576,77.76635,800145.4215976822,1433868.822775094,9247
34921,Valepura,12.9562,77.76519,800018.9470604281,1433916.1677711566,9248
35715,Valepura 1,12.95622,77.76516,800015.6658398727,1433918.3465497473,9249
27183,Valepura Cross,12.94648,77.76694,800220.6086747055,1432842.19583508,9250
35291,Valepura Cross,12.94649,77.76688,800214.0819366584,1432843.2323207003,9251
27184,Valepura Gate,12.94896,77.77234,800803.9586749617,1433123.0945650407,9252
35293,Valepura Gate,12.94894,77.7724,800810.4974146252,1433120.951195503,9253
31832,Vallaba Education Trust School,12.89051,77.55146,776887.5565353523,1426403.7177802757,9254
31833,Vallaba Education Trust School,12.89055,77.55138,776878.8256207437,1426408.058814712,9255
27189,Valley School Kanakapura Road,12.85436,77.51004,772429.0532059767,1422358.23581219,9256
38436,Vanakanahalli,12.67272,77.69458,792680.2496893352,1402454.1764348492,9257
38437,Vanakanahalli,12.6727,77.69454,792675.9249063716,1402451.9176485878,9258
23931,Vannarapet,12.95645,77.6211,784374.9624410575,1433778.8531988228,9259
23951,Vannarapet,12.95625,77.62095,784358.9051951009,1433756.5479142452,9260
31556,Varadanayakanahalli,13.17031,77.35547,755319.9717649817,1457166.0640429847,9261
31835,Varadenahalli,13.21643,77.80343,803851.488201732,1462770.6392351736,9262
34916,Varadenahalli,12.96097,77.31245,750866.0302860839,1433955.446852855,9263
35692,Varadenahalli,12.96098,77.31238,750858.4225813267,1433956.4847150494,9264
21619,Varadenahalli Handpost,12.95535,77.31204,750827.1605269352,1433333.0927519004,9265
21620,Varadenahalli Handpost,12.95535,77.31193,750815.2210475679,1433332.984681349,9266
31560,Varahasandra,12.87403,77.48672,769875.5003010385,1424510.720162431,9267
38603,Varthur Kodi,12.95679,77.74555,797885.8512708682,1433958.4714963615,9268
22578,Varthur Kodi,12.95642,77.74524,797852.6340251411,1433917.1502775787,9269
22829,Varthur Kodi,12.95664,77.74472,797795.9142505697,1433940.8975408464,9270
22577,Varthur kodi,12.95897,77.74642,797977.7138242375,1434200.815527595,9271
22579,Varthuru,12.94011,77.74735,798101.1377145213,1432114.0804798156,9272
22580,Varthuru,12.94016,77.74727,798092.3918092556,1432119.5221848886,9273
31561,Varthuru,12.98557,77.40216,760577.6438963326,1436767.9334170136,9274
34914,Varthuru,12.98568,77.40221,760582.9558304308,1436780.1587274598,9275
36312,Varthuru Govt College,12.94257,77.74708,798068.8946375689,1432386.0898093535,9276
22581,Varthuru Govt College,12.94221,77.74711,798072.5803058362,1432346.2724689564,9277
22582,Varthuru Govt College,12.94276,77.74697,798056.7248849336,1432406.994634715,9278
31562,Varthuru Police Station,12.93773,77.74638,797998.6447962297,1431849.4807805486,9279
34913,Varthuru Police Station,12.93828,77.74692,798056.6246392234,1431910.9960933183,9280
36306,Varthuru Police Station,12.93798,77.74674,798037.4367871843,1431877.5758638051,9281
27209,Vasantavihar Colony Billamaranahalli,13.14952,77.6352,785683.5528823088,1455166.0092035604,9282
35712,Vasantavihar Colony Billamaranahalli,13.14961,77.6352,785683.4485699575,1455175.9715875438,9283
38863,Vasanth Enclave,13.01161,77.59353,781319.7693201962,1439853.88315717,9284
31563,Vasantha Nagara,13.05359,77.36033,755967.8275821646,1444253.3747223492,9285
34912,Vasantha Nagara,13.05356,77.36028,755962.4334285255,1444250.004069154,9286
22585,Vasantha Nagara,12.99278,77.59503,781503.8285670509,1437771.2709844436,9287
24700,Vasantha Vallabha Nagara City Engineering College,12.8875,77.55042,776777.9371062226,1426069.434459983,9288
32369,Vasantha Vallabha Nagara City Engineering College,12.88746,77.55039,776774.7234656255,1426064.9747094552,9289
23340,Vasanthanagara,12.99395,77.59547,781550.2685279518,1437901.2637474444,9290
21246,Vasanthappa Block,13.02624,77.58909,780821.370160073,1441468.3468464124,9291
21247,Vasanthappa Block,13.02627,77.58904,780815.9098076315,1441471.612197427,9292
22588,Vasanthapura,12.89635,77.55242,776985.3696043133,1427051.1539104972,9293
22589,Vasanthapura,12.89626,77.55244,776987.6403928855,1427041.21387706,9294
21248,Vasavi Vidya Mandira,12.94832,77.57564,779448.8387335999,1432828.7511887373,9295
38143,Vasudev Adigas Hotel,12.91069,77.63247,785661.4556857923,1428726.3082188237,9296
38142,Vasudev Adigas Hotel,12.91066,77.63244,785658.2322840018,1428722.954014684,9297
22590,Vasudevapura,12.79809,77.52029,773603.0513000559,1416141.0422347635,9298
22591,Vasudevapura,12.79801,77.52034,773608.5688236384,1416132.2406521945,9299
21249,Veerabhadranagara,12.93807,77.53368,774904.8441247648,1431648.7017254347,9300
21250,Veerabhadranagara,12.93828,77.53343,774877.4727809938,1431671.6764130585,9301
31566,Veeraiah Enclave Arishinakunte,13.07406,77.42326,762774.2814545627,1446583.3346736934,9302
34909,Veeraiah Enclave Arishinakunte,13.07408,77.4233,762778.6001356978,1446585.5897463115,9303
31567,Veeranahalli,13.02735,77.73639,796807.3946687158,1441758.815353472,9304
34908,Veeranahalli,13.0273,77.73631,796798.770989061,1441753.1867700191,9305
31568,Veerananjipura,13.13068,77.36841,756764.5871872178,1452793.2880379877,9306
21621,Veeranjaneya Temple,12.82864,77.41254,761867.683114949,1419410.4507413816,9307
21622,Veeranjaneya Temple,12.82904,77.41214,761823.8279960047,1419454.3139012547,9308
21252,Veerannapalya,13.04217,77.61352,783454.6321630143,1443258.800587701,9309
22593,Veerannapalya,13.04231,77.61382,783487.0300422398,1443274.6326835428,9310
35839,Veerannapalya,13.04257,77.61369,783472.6253017529,1443303.2669242073,9311
37852,Veerannapalya,13.0425,77.61357,783459.6821306688,1443295.3844152864,9312
31572,Veerasagara,13.10482,77.55408,776934.06762028,1450127.6015227234,9313
34903,Veerasagara,13.10478,77.55406,776931.942538601,1450123.1521194726,9314
22594,Veerasandra,12.83997,77.67709,790588.1113076203,1420948.1737208592,9315
22595,Veerasandra,12.84012,77.67674,790549.9225080088,1420964.3828836237,9316
31577,Veeregowdana doddy,12.89447,77.27848,747244.5317417642,1426563.083633097,9317
35847,Veeregowdana doddy,12.89442,77.27842,747238.0669821324,1426557.492564858,9318
23330,Velankani Drive,12.85104,77.65748,788445.4833738364,1422151.4926383188,9319
23998,Velankani Drive,12.85116,77.65763,788461.6379797887,1422164.9439897714,9320
31578,Venkatagiri Kote,13.32716,77.72547,795261.950788422,1474935.2502909428,9321
34898,Venkatagiri Kote,13.32732,77.72567,795283.4379870286,1474953.2004983875,9322
31579,Venkatala,13.11139,77.60456,782403.3901829296,1450910.7780474424,9323
34897,Venkatala,13.1111,77.60498,782449.2889736571,1450879.148064675,9324
39274,Venkatala FLY,13.11138,77.6047,782418.5907685028,1450909.8278868739,9325
39275,Venkatala FLY,13.1113,77.60488,782438.2110846615,1450901.174189105,9326
31581,Venkatapura,13.27979,77.82066,805641.1266193832,1469806.1619510963,9327
34895,Venkatapura,13.2798,77.82075,805650.8734101818,1469807.3795002783,9328
27250,Venkatapura Gate Lakkondahalli,13.1146,77.77367,800748.0430830794,1451461.6373313845,9329
27251,Venkatapura Gate Lakkondahalli,13.11453,77.77365,800745.9581457602,1451453.86417269,9330
22596,Venkateshapura,13.01537,77.61749,783916.0511205267,1440296.7254119732,9331
22597,Venkateshapura,13.01544,77.61757,783924.6543116323,1440304.5631706198,9332
31582,Venkateshwara College,13.16039,77.63637,785797.8647713037,1456370.5744547695,9333
34894,Venkateshwara College,13.16037,77.63641,785802.2269773566,1456368.406077543,9334
31583,Venkateshwara Layout,12.99335,77.4886,769951.1776246303,1437719.0610990427,9335
34893,Venkateshwara Layout,12.99331,77.48856,769946.8794112828,1437714.5914494037,9336
27257,Venkateshwara Nagara Cross,13.07185,77.61906,784021.9104892958,1446550.3163733426,9337
35176,Venkateshwara Nagara Cross,13.07181,77.61905,784020.8711722688,1446545.8774932218,9338
38165,Venkateshwara Nagara Cross,13.07056,77.62066,784197.0087696107,1446409.3212068668,9339
31584,Venugopala Nagara,13.03973,77.49415,770503.1950827602,1442858.349071952,9340
34892,Venugopala Nagara,13.03968,77.49407,770494.5681073435,1442852.7296832916,9341
24256,Venugopala Temple Devasandra,13.00525,77.70229,793132.1871937738,1439272.7676911678,9342
24261,Venugopala Temple Devasandra,13.00518,77.7023,793133.3549832716,1439265.0303855536,9343
21253,Veterinary Hospital,13.03018,77.58697,780586.8443737049,1441902.1153825496,9344
21254,Veterinary Hospital,13.03242,77.58777,780671.1402245641,1442150.9423998094,9345
27263,Vidhana Soudha,12.98104,77.58853,780811.4888404064,1436464.6094495694,9346
21258,Vidhana Soudha Karnataka High Court,12.97821,77.59135,781120.7839845885,1436154.4713317442,9347
21259,Vidhana Soudha Karnataka High Court,12.9802,77.59296,781293.3112083422,1436376.5186609873,9348
31586,Vidhana Soudha Layout,13.01564,77.52353,773717.948395466,1440223.5018409737,9349
34890,Vidhana Soudha Layout,13.01557,77.5236,773725.6223866537,1440215.82940773,9350
31588,Vidyamanyanagara,13.0046,77.48746,769815.2784537359,1438963.0089151377,9351
34888,Vidyamanyanagara,13.00461,77.48742,769810.9263585517,1438964.0732824767,9352
31589,Vidyanagara Chikkajala,13.16001,77.64073,786271.2577954157,1456333.473268041,9353
34887,Vidyanagara Chikkajala,13.15958,77.64073,786271.7576080223,1456285.8749904616,9354
31417,Vidyanagara Chikkajala 1,13.15991,77.64068,786265.9502596331,1456322.3469479906,9355
27274,Vidyanagara Cross,13.161,77.6269,784769.905623999,1456427.3468198793,9356
31590,Vidyanagara Cross Chikkajala,13.16139,77.6265,784726.0651604082,1456470.063674599,9357
34886,Vidyanagara Cross Chikkajala,13.16101,77.62724,784806.7751854401,1456428.8390499237,9358
21260,Vidyaniketan Public School,12.95111,77.4862,769736.2574019602,1433041.3805517287,9359
21261,Vidyaniketan Public School,12.95118,77.48631,769748.1230637624,1433049.2443684796,9360
34884,Vidyapeeta Circle,12.9352,77.56073,777844.7174426655,1431360.2844640678,9361
35690,Vidyapeeta Circle,12.93521,77.56066,777837.1066279875,1431361.3152398092,9362
22603,Vidyaranyapura,13.08391,77.56024,777625.8324946592,1447819.9070248224,9363
22602,Vidyaranyapura,13.08381,77.56027,777629.1996180599,1447808.8712966281,9364
21631,Vidyaranyapura 1st Block,13.07024,77.55543,777119.2149926035,1446301.5466442774,9365
21632,Vidyaranyapura 1st Block,13.07023,77.55539,777114.8858320178,1446300.3959743837,9366
21633,Vidyaranyapura 3rd Block,13.0723,77.55641,777223.2507469753,1446530.634092565,9367
21634,Vidyaranyapura 3rd Block,13.07226,77.55635,777216.7850081925,1446526.1408919059,9368
22604,Vidyaranyapura Bus Station,13.08374,77.5607,777675.9342368483,1447801.5955371032,9369
22399,Vidyaranyapura Post Office,13.07654,77.55829,777422.5013539993,1447002.0058954114,9370
22400,Vidyaranyapura Post Office,13.07651,77.55825,777418.1946916105,1446998.6414226124,9371
22600,Vidyasagara,13.04563,77.62747,784964.5979440189,1443657.4310238464,9372
22601,Vidyasagara,13.04559,77.62759,784977.6667720433,1443653.1382552348,9373
21262,Vigneshwara Nagara,12.99255,77.4993,771113.3954616244,1437641.8889876518,9374
23781,Vijaya Bank Bannerughatta,12.81559,77.58317,780414.0923917587,1418145.4901204777,9375
24131,Vijaya Bank Bannerughatta,12.81549,77.58299,780394.6513637665,1418134.225791012,9376
35310,Vijaya Bank Colony Ayyappa Temple,12.89128,77.60629,782840.5929219653,1426548.7738010462,9377
27284,Vijaya Bank Colony Ayyappa Temple,12.89125,77.60631,782842.7984497338,1426545.4751840504,9378
21263,Vijaya Bank Colony Ring Road,13.01726,77.65992,788519.1628185036,1440553.7379410735,9379
21264,Vijaya Bank Colony Ring Road,13.01695,77.66021,788550.9984448588,1440519.7521168399,9380
35311,Vijaya Bank Layout Devarachikkanahalli,12.89283,77.61046,783291.6694259895,1426724.9448268982,9381
27286,Vijaya Bank Layout Devarachikkanahalli,12.89276,77.61049,783295.005946357,1426717.229706574,9382
34882,Vijaya Bank Layout Petrol Bunk,12.89229,77.61167,783423.6715442353,1426666.509471036,9383
35312,Vijaya Bank Layout Petrol Bunk,12.89206,77.61172,783429.3601592999,1426641.1061349383,9384
31595,Vijaya Bank Layout Petrol Bunk,12.89223,77.61162,783418.3096261142,1426659.8128408655,9385
24269,Vijaya College,12.93958,77.57996,779927.5962868627,1431866.074849155,9386
27289,Vijaya College,12.94076,77.5803,779963.1910502848,1431997.058422635,9387
31597,Vijaya School,13.13048,77.6725,789752.2624883349,1453101.0232434543,9388
34880,Vijaya School,13.13045,77.67249,789751.2127928841,1453097.6908579885,9389
21266,Vijayanagara,12.97192,77.53766,775299.704236021,1435399.6441596486,9390
21623,Vijayanagara,12.97197,77.53786,775321.3591561606,1435405.394367256,9391
35407,Vijayanagara,12.97311,77.53816,775352.6684980338,1435531.8984915533,9392
37817,Vijayanagara,12.97433,77.53843,775380.632836345,1435667.2250493402,9393
35395_ST,Vijayanagara Bus Station,12.965652,77.534836,775000.0523424807,1434702.8287390226,9394
34878,Vijayanagara Bus Station,12.96449,77.53437,774950.7441455044,1434573.7115726646,9395
21267,Vijayanagara Bus Station,12.966,77.53555,775077.1760812713,1434742.1167584201,9396
35395,Vijayanagara Bus Station,12.96558,77.53492,775009.2499058398,1434694.950064421,9397
39061,Vijayanagara Bus Station,12.96599,77.53477,774992.5162875142,1434740.1687648918,9398
35395_PF1,Vijayanagara Bus Station - Platform 1,12.965845,77.53486,775002.4454109466,1434724.2166281238,9399
35395_PF3,Vijayanagara Bus Station - Platform 3,12.965923,77.53497,775014.300408452,1434732.9685919832,9400
35395_PF4,Vijayanagara Bus Station - Platform 4,12.965808,77.53492,775008.9992313341,1434720.18601656,9401
35395_PF5,Vijayanagara Bus Station - Platform 5,12.965483,77.53478,774994.159202043,1434684.062764301,9402
21269,Vijayanagara Vijaya Bank,12.97359,77.54155,775720.1220606811,1435588.6915275347,9403
25534,Vijayapura Anjanaya Temple (Ashoka Nagara),13.29577,77.79465,802800.8622820668,1471543.4905079152,9404
32752,Vijayapura Anjanaya Temple (Ashoka Nagara),13.29585,77.79493,802831.1225733476,1471552.687942334,9405
22608,Vijayapura Bus Stand,13.29479,77.80199,803597.9442172219,1471443.9431755482,9406
22609,Vijayapura Bus Stand,13.29499,77.80215,803615.0435780108,1471466.280028284,9407
31600,Vijayapura Cross,13.25678,77.71718,794448.2664000036,1467134.2819458395,9408
34877,Vijayapura Cross,13.25686,77.7173,794461.1826469247,1467143.2796145163,9409
31601,Vijayapura Gate,13.03924,77.88166,812561.1403554922,1443249.603157019,9410
34876,Vijayapura Gate,13.03928,77.88171,812566.517479898,1443254.0933236266,9411
31602,Vijayapura Kere Kodi,13.3034,77.79136,802434.6615541393,1472384.1828623198,9412
34875,Vijayapura Kere Kodi,13.30336,77.79135,802433.6269979372,1472379.7424149143,9413
29081,Vijayapura Muncipal Office,13.29602,77.8004,803424.0109630075,1471578.1738990946,9414
33972,Vijayapura Muncipal Office,13.29599,77.80052,803437.0596835526,1471574.9990430786,9415
31604,Vijayapura Toll Gate,13.29156,77.80606,804043.2795585727,1471091.326089406,9416
34873,Vijayapura Toll Gate,13.2915,77.80605,804042.2701070998,1471084.6713761108,9417
28330,Vijyapura Govt Hospital,13.29274,77.78708,801983.8229499981,1471198.8472719993,9418
34549,Vijyapura Govt Hospital,13.29286,77.78729,802006.4441835996,1471212.3869549977,9419
31606,Vinayaka Layout,12.96491,77.53041,774520.4143897356,1434615.9333743202,9420
36352,Vinayaka Layout,12.96486,77.53038,774517.2126879417,1434610.3669035847,9421
21624,Vinayaka Layout Nagarabhavi,12.96069,77.50759,772047.8566549626,1434124.405982871,9422
22610,Vinayaka Layout Nagarabhavi,12.96076,77.50745,772032.5832067297,1434132.0044441824,9423
31842,Vinayaka Nagara,13.0827,77.54308,775765.2844189338,1447667.1939263516,9424
35689,Vinayaka Nagara,13.08258,77.5433,775789.2883832536,1447654.151666755,9425
31840,Vinayaka Nagara,12.96463,77.75518,798922.0447711763,1434837.6355380958,9426
31841,Vinayaka Nagara,12.96466,77.75514,798917.6661021952,1434840.9097036805,9427
34870,Vinayaka Nagara,13.06746,77.42082,762516.5335127099,1445850.3393717334,9428
27320,Vinayaka Nagara Arishinakunte,13.06747,77.42076,762510.0129631828,1445851.3839062063,9429
31614,Vinayaka Nagara Cross,13.06754,77.4224,762687.8781418039,1445860.8326488892,9430
34868,Vinayaka Nagara Cross,13.06756,77.42245,762693.2819485558,1445863.098063506,9431
21625,Vinayaka Nagara Hesarghatta,13.13859,77.47477,768293.0503999237,1453779.6105158564,9432
21626,Vinayaka Nagara Hesarghatta,13.13865,77.47451,768264.782396669,1453785.974293392,9433
34867,Vinayaka Nagara JP Nagara,12.89928,77.59141,781215.8352749416,1427417.9146451843,9434
27327,Vinayaka Nagara Old Gudadahalli,12.96087,77.55068,776725.2557983736,1434190.6692169025,9435
27329,Vinayaka Nagara Old Gudadahalli,12.96092,77.55069,776726.286060036,1434196.2143228073,9436
27328,Vinayaka Nagara Rachammanahalli,12.71645,77.73146,796638.077331529,1407336.67486851,9437
23488,Vinayaka Talkies,12.87498,77.56983,778899.5009394602,1424704.6631871546,9438
31616,Vinayaka Talkies,12.87488,77.56985,778901.7835247874,1424693.6162971144,9439
34866,Vinayaka Talkies,12.96333,77.56779,778579.916054268,1434481.5784729805,9440
35396,Vinayaka Talkies,12.96374,77.56825,778629.395153038,1434527.4623909593,9441
31617,Vinayaka Talkies Sunkadakatte,12.9929,77.50829,772088.7738181127,1437690.2205064986,9442
34865,Vinayaka Talkies Sunkadakatte,12.99265,77.50811,772069.5093858468,1437662.3575634346,9443
31838,Vinayakanagara Ramohalli,12.90324,77.43007,763693.4769437087,1427684.707322919,9444
31839,Vinayakanagara Ramohalli,12.90319,77.43002,763688.1007995713,1427679.1220972696,9445
22611,Vinayakanagara Varthur,12.92864,77.73954,797266.7275336822,1430835.248530186,9446
22612,Vinayakanagara Varthur,12.92883,77.73962,797275.1891187744,1430856.374580069,9447
27336,Vindyagiri BDA Nivasa,13.03414,77.75152,798441.4901460945,1442528.223830684,9448
27337,Vindyagiri BDA Nivasa,13.03417,77.75163,798453.3935119065,1442531.6743048867,9449
31619,Virat Nagara Cross,12.90301,77.6242,784772.1730814086,1427866.9935952055,9450
23520,Virupakshapura,13.06383,77.57179,778901.6263255946,1445610.014032777,9451
24115,Virupakshapura,13.06378,77.57179,778901.6825152463,1445604.4796556553,9452
27342,Vishal Mart 4th Phase Yelahanka,13.10367,77.57695,779416.6217756027,1450025.5178267735,9453
39038,Vishwa Chethana College,12.70081,77.70334,793600.1412860495,1405573.4642748616,9454
39039,Vishwa Chethana College,12.70076,77.70327,793592.5911585866,1405567.8505121889,9455
20627,Vishwa Okkaligara Mata Basavanagara,12.90099,77.46746,767755.420436871,1427474.4486361134,9456
20628,Vishwa Okkaligara Mata Basavanagara,12.90109,77.46733,767741.1991520927,1427485.3806787508,9457
22613,Vishwa Shanti Ashrama,13.08378,77.41777,762168.3562688925,1447653.4090203433,9458
27343,Vishwa Shanti Ashrama,13.08402,77.41724,762110.6016092114,1447679.4216887627,9459
34862,Vishwanath Nagenahalli,13.03952,77.60496,782528.6716324774,1442955.918408083,9460
31620,Vishwanath Nagenahalli,13.03957,77.60496,782528.6148197025,1442961.452907889,9461
34861,Vishwanathapura,13.27199,77.64898,787035.0659345393,1468738.4794776724,9462
31621,Vishwanathapura,13.27181,77.64928,787067.8055188309,1468718.8998777699,9463
23850,Vishwapriya Layout Cross,12.88203,77.62475,784855.649589184,1425545.3163311149,9464
29837,Vishwapriya Layout Cross,12.88185,77.62471,784851.5093948229,1425525.347642589,9465
29392,Vishweshwaraiah Layout 1st Block,12.93746,77.47873,768940.0029932447,1431522.7253906494,9466
35600,Vishweshwaraiah Layout 1st Block,12.93748,77.47888,768956.2656071299,1431525.0968105134,9467
35584,Vishweshwaraiah Layout 5th Block,12.95838,77.4816,769229.0869363004,1433841.1681457893,9468
28072,Vishweshwaraiah Layout RTO Office,12.9613,77.4868,769790.4082999511,1434169.8461588686,9469
34437,Vishweshwaraiah Layout RTO Office,12.96133,77.48685,769795.8034896236,1434173.2194385238,9470
31624,Visthar Gate,13.06655,77.66016,788488.0053244674,1446010.139736813,9471
34858,Visthar Gate,13.06652,77.66016,788488.0402077644,1446006.818898522,9472
31625,Vittal Nagara,12.95464,77.55713,777432.3473029581,1433508.1021739792,9473
34857,Vittal Nagara,12.95414,77.55696,777414.4463335082,1433452.5745900827,9474
24287,Vittasandra Bettadasanapura,12.85737,77.6357,786072.765138817,1422827.8472481573,9475
24349,Vittasandra Bettadasanapura,12.85724,77.63575,786078.3429069824,1422813.5130152707,9476
24288,Vittasandra Cross,12.84382,77.63482,785992.5421837169,1421327.003670921,9477
24348,Vittasandra Cross,12.84379,77.63471,785980.6287298566,1421323.560721352,9478
31626,Vivek Nagara,12.95443,77.62302,784585.7002445983,1433557.397907596,9479
34856,Vivek Nagara,12.95417,77.62303,784587.0814553176,1433528.6294325793,9480
23932,Vivek Nagara Cross,12.95469,77.62074,784337.8789550369,1433583.6364599792,9481
23950,Vivek Nagara Cross,12.95457,77.62069,784332.5870621492,1433570.2978780419,9482
23324,Vivekananda College,13.00804,77.55431,777066.9801609498,1439415.650622865,9483
23326,Vivekananda College,13.00927,77.55449,777085.1493023686,1439551.9903541997,9484
31628,Vivekananda Nagara,12.9304,77.55325,777037.9360905183,1430820.8773673803,9485
34854,Vivekananda Nagara,12.93036,77.55344,777058.6084100116,1430816.6558025074,9486
31629,Vivekananda School,13.06917,77.79127,802713.3085400641,1446453.3386639012,9487
34853,Vivekananda School,13.0691,77.7914,802727.5025724937,1446445.7448285045,9488
21271,Vivekananda Vidyavardhaka School,13.13955,77.46977,767749.6485556079,1453880.5406266206,9489
27367,Vivekananda Vidyavardhaka School,13.13958,77.46978,767750.7007125409,1453883.871669294,9490
22614,Vokkaliga School Kottigepalya,12.98622,77.51176,772472.6932255869,1436954.574206267,9491
22615,Vokkaliga School Kottigepalya,12.98604,77.51153,772447.9250051836,1436934.4053039176,9492
31630,Vrishabavatipura,12.7663,77.41567,762272.0820151563,1412514.2267919972,9493
34852,Vrishabavatipura,12.76621,77.41559,762263.4844974097,1412504.185155679,9494
31636,WIMAC Junction,13.06876,77.52998,774359.3401423695,1446110.000735949,9495
34846,WIMAC Junction,13.06872,77.52996,774357.2142367756,1446105.5516806215,9496
39967,WSL Officers Layout(Puttaiahna Palya),12.90158,77.38331,758618.4504018687,1427453.3439097742,9497
39968,WSL Officers Layout(Puttaiahna Palya),12.90154,77.38341,758629.3484482585,1427449.0179184258,9498
23744,Water Tank,12.90835,77.56143,777950.4453153394,1428389.1325779431,9499
23758,Water Tank,12.90847,77.56169,777978.543190863,1428402.697001826,9500
22728,Water Tank,12.93063,77.54705,776364.555485985,1430839.626294182,9501
22769,Water Tank,12.93043,77.54734,776396.2607543936,1430817.802776759,9502
21272,Water Tank Chamarajapet,12.96038,77.56493,778272.7272977647,1434151.9321447925,9503
21274,Water Tank Kamalanagara,12.99546,77.53977,775502.7785896756,1438007.4368669936,9504
23738,Weavers Colony,12.84445,77.58379,780449.4266779718,1421340.5883294672,9505
23860,Weavers Colony,12.84446,77.58375,780445.0712273931,1421341.651617727,9506
22618,Weavers Colony Nelamangala,13.09416,77.40559,760835.997799174,1448789.6177806056,9507
27377,Weavers Colony Nelamangala,13.09403,77.40561,760838.3044705369,1448775.2506622532,9508
22619,West Cross Kumaraswamy Layout,12.90094,77.55993,777795.7658536767,1427567.325606658,9509
23641,West Cross Kumaraswamy Layout,12.90087,77.55981,777782.8133011551,1427559.447558932,9510
34849,Wheel And Axle Plant,13.10603,77.58227,779991.146494071,1450292.6386762953,9511
31633,Wheel And Axle Plant,13.10572,77.58241,780006.6866718817,1450258.4805298697,9512
23656,White Field Bus Station (Vydehi Hospital),12.9774,77.72693,795839.8527579904,1436218.323218181,9513
21277,White Field Bus Station (Vydehi Hospital),12.97642,77.72684,795831.2424434228,1436109.7332047867,9514
22620,White Field Post Office,12.96932,77.74996,798349.7128891061,1435350.711832137,9515
22621,White Field Post Office,12.97056,77.75,798352.5757299243,1435488.0283681687,9516
35180,White Field Post Office,12.96982,77.75016,798370.8297195225,1435406.2966146397,9517
31635,Whitefiled ACP Police Station,12.97533,77.75079,798432.6482556227,1436016.999221437,9518
34847,Whitefiled ACP Police Station,12.97538,77.7507,798422.817666901,1436022.428886342,9519
22622,Widia Factory,13.04907,77.497,770802.293781088,1443895.1568026966,9520
23313,Widia Factory,13.04877,77.49664,770763.5559359547,1443861.5676984496,9521
21278,Widia School,13.0511,77.50773,771964.4223486981,1444131.331432408,9522
21279,Widia School,13.05126,77.50786,771978.3538928407,1444149.180154209,9523
20563,Wilson Garden 10th Cross,12.94645,77.59596,781656.9591798139,1432644.087264585,9524
20560,Wilson Garden 12th Cross,12.94725,77.59794,781871.0187467986,1432734.8226907135,9525
23599,Wilson Garden 12th Cross,12.94743,77.59814,781892.5292328717,1432754.9674301713,9526
22877,Wilson Garden 14th Main,12.94659,77.60052,782151.8608235684,1432664.616916619,9527
22929,Wilson Garden 7th Cross,12.94699,77.59436,781482.6477399804,1432702.0951388262,9528
23661,Wilson Garden 7th Cross,12.94684,77.59465,781514.3001995233,1432685.8114998795,9529
21280,Wilson Garden Police Station,12.95141,77.5951,781558.0168601184,1433192.1544825383,9530
21281,Wilson Garden Police Station,12.95064,77.59558,781610.9931607051,1433107.4536236883,9531
31637,Wind Tunnel Road (Murugeshpalya),12.9592,77.65427,787972.8788844598,1434120.4565156316,9532
34845,Wind Tunnel Road (Murugeshpalya),12.95911,77.65417,787962.1260034456,1434110.3812425376,9533
28169,Wipro Campus Sarjapura Road,12.89885,77.71371,794496.944875416,1427507.6696485116,9534
34475,Wipro Campus Sarjapura Road,12.89903,77.71354,794478.2728228429,1427527.3999352905,9535
21282,Wipro Gate Shikaripalya Cross,12.83905,77.6591,788635.1380241464,1420826.0999615765,9536
21283,Wipro Gate Shikaripalya Cross,12.83902,77.659,788624.3106026358,1420822.667075854,9537
23939,Wipro Park Koramangala,12.92945,77.63327,785726.9684244843,1430803.7724949399,9538
23942,Wipro Park Koramangala,12.92897,77.63319,785718.8291068224,1430750.5511836477,9539
21286,Wonderla Amusement Park,12.8365,77.40206,760721.4267700547,1420269.7169081208,9540
35748,YAPB Toll,13.21317,77.55414,776818.7861821335,1462120.583972202,9541
35749,YAPB Toll,13.21339,77.55423,776828.2979460263,1462145.034674293,9542
38372,YAPB Toll (Volvo),13.21285,77.55423,776828.9074100237,1462085.2635878026,9543
38373,YAPB Toll (Volvo),13.21308,77.55444,776851.4213269302,1462110.95386487,9544
22842,YHK Hospital,12.77955,77.63659,786257.4331587648,1414214.8599841602,9545
22843,YHK Hospital,12.77945,77.63652,786249.9410581549,1414203.7134407551,9546
22847,YMC Nandhidurga Road,12.99585,77.60181,782236.2948021998,1438118.5965725223,9547
22846,YMC Nandhidurga Road,12.99596,77.60178,782232.914045684,1438130.739135583,9548
22849,YMCA Public School,12.87354,77.44835,765709.530213294,1424416.483420929,9549
22850,YMCA Public School,12.87351,77.44832,765706.30426729,1424413.132084452,9550
31640,Yadagondanahalli,12.9497,77.81089,804988.8229219595,1433250.7542345007,9551
35019,Yadagondanahalli,12.94952,77.81091,804991.2138090597,1433230.8509715018,9552
35020,Yadala,13.25169,77.78949,802295.9711218916,1466657.2632529489,9553
22623,Yadalam Nagara,12.89647,77.54825,776532.4437564302,1427059.934755018,9554
22624,Yadalam Nagara,12.89639,77.54827,776534.7033816047,1427051.1015612164,9555
23608,Yadamadu Kanakapura Road,12.73537,77.48809,770172.063325017,1409165.3672531159,9556
23623,Yadamadu Kanakapura Road,12.7351,77.48788,770149.5334352579,1409135.265421079,9557
22625,Yadavanahalli,12.78558,77.75079,798657.6323236625,1415011.5086303682,9558
22626,Yadavanahalli,12.78543,77.75071,798649.1170907086,1414994.8111727836,9559
26398,Yadehalli Dabaspete,13.21378,77.25618,744509.0973176163,1461877.894182919,9560
26399,Yadehalli Dabaspete,13.2137,77.25601,744490.7450375888,1461868.8749608796,9561
31662,Yadiyurappa Nagara,13.15119,77.55896,777411.4143976215,1455265.516641181,9562
35039,Yadiyurappa Nagara,13.15116,77.55899,777414.7023526018,1455262.2291174165,9563
22634,Yadiyuru,12.93085,77.57646,779557.3449492506,1430895.9455938993,9564
22635,Yadiyuru,12.93067,77.57623,779532.5742868257,1430875.7704975263,9565
24361,Yadiyuru,12.93071,77.5763,779540.1296627984,1430880.2744986305,9566
22636,Yadiyuru Bagalur,13.13091,77.69547,792243.8118243698,1453175.1626315769,9567
22637,Yadiyuru Bagalur,13.13085,77.6955,792247.1376416809,1453168.55556788,9568
22810,Yalachagere Colony,13.09647,77.35798,755668.6416783131,1448996.5983617113,9569
22811,Yalachagere Cross,13.09266,77.35927,755812.5198405391,1448576.244961498,9570
22812,Yalachagere Cross,13.0927,77.35932,755817.9027266046,1448580.7224575148,9571
24960,Yalachagere Temple,13.10178,77.35828,755695.7012836604,1449584.5690223444,9572
31642,Yalachaguppe,12.95933,77.42103,762653.2559723295,1433883.1920936261,9573
35021,Yalachaguppe,12.95926,77.42103,762653.3294303449,1433875.4448199975,9574
22813,Yalachammanahalli,13.06551,77.91099,815711.5004030529,1446194.4506107657,9575
22814,Yalachammanahalli,13.06521,77.911,815712.9676185076,1446161.2483146733,9576
22638,Yalachenahalli,12.89654,77.57076,778976.5992501132,1427092.0690558983,9577
22639,Yalachenahalli,12.89655,77.57062,778961.3862372485,1427093.0235840883,9578
26364,Yale Doddy,12.78977,77.31341,751140.783392312,1415010.2064387174,9579
38479,Yale Doddy,12.78976,77.31337,751136.4487976476,1415009.0609213687,9580
31645,Yale Kodigehalli,12.9774,77.46529,767438.2816964881,1435929.1271137134,9581
35024,Yale Kodigehalli,12.97734,77.46513,767420.9791637914,1435922.318481907,9582
31646,Yale Kodigehalli Colony,12.98291,77.46846,767776.4553834621,1436542.297433866,9583
35025,Yale Kodigehalli Colony,12.98286,77.4683,767759.1425882094,1436536.5952927612,9584
31644,Yallammana doddi,12.74708,77.6082,783209.3250318717,1410589.5593271125,9585
35023,Yallammana doddi,12.74702,77.60822,783211.564834108,1410582.939871244,9586
39536,Yallammanapalya,12.75208,77.68233,791258.2226003344,1411225.142760903,9587
39537,Yallammanapalya,12.75195,77.68212,791235.5536116008,1411210.5165398053,9588
23703,Yamalur,12.94844,77.68076,790861.2824297709,1432959.4211286476,9589
23710,Yamalur,12.94846,77.68069,790853.6592112787,1432961.5553020597,9590
22627,Yamalur Cross,12.95525,77.68829,791670.8931957379,1433721.8514345193,9591
22628,Yamalur Cross,12.95498,77.68756,791591.952418034,1433691.1292988043,9592
31648,Yamarahalli Nagara,13.30799,77.69782,792287.537551343,1472780.418062049,9593
35027,Yamarahalli Nagara,13.30782,77.69771,792275.8160988097,1472761.469832212,9594
22629,Yamare,12.87225,77.76649,800260.4612520852,1424624.2288475062,9595
22630,Yamare,12.87208,77.76646,800257.405502832,1424605.3744070276,9596
31649,Yanagunte,13.15786,77.79077,802550.4535932059,1456271.2353344257,9597
35028,Yanagunte,13.1578,77.79079,802552.6970716154,1456264.6170477946,9598
31650,Yanasandra,12.75188,77.5348,775229.2577558936,1411041.8068143462,9599
35029,Yanasandra,12.75184,77.5348,775229.3010180795,1411037.379512575,9600
31651,Yantaganahalli,13.06298,77.34655,754463.0651942294,1445278.6929060034,9601
35030,Yantaganahalli,13.06275,77.34554,754353.7197382431,1445252.22395093,9602
33352,Yantaganahalli  Toll,13.06859,77.36108,756033.7348032946,1445914.2076258322,9603
31652,Yantaganahalli Hospital,13.0614,77.3423,754003.5735609878,1445099.5668528953,9604
35031,Yantaganahalli Hospital,13.06159,77.34219,753991.4445662451,1445120.4838926774,9605
31653,Yantaganahalli Palya,13.0642,77.34908,754736.3088142573,1445416.255077089,9606
35032,Yantaganahalli Palya,13.06405,77.34931,754761.4168057311,1445399.8858553863,9607
30812,Yantaganahalli Toll,13.06799,77.3601,755928.0288118322,1445846.8135318537,9608
22631,Yarab Nagara,12.91657,77.56914,778778.4713473393,1429307.3527797358,9609
23642,Yarab Nagara,12.91628,77.56917,778782.0505920209,1429275.2864128724,9610
26383,Yarahalli,12.80174,77.25469,744751.6374921162,1416278.5220401813,9611
35075,Yarandahalli,12.80818,77.66391,789192.8745786191,1417414.394520621,9612
35236,Yarandahalli,12.80815,77.66378,789178.7868521903,1417410.9280642548,9613
31655,Yarandahalli,12.80849,77.66556,789371.7610108656,1417450.5588447042,9614
35034,Yarandahalli,12.80848,77.66552,789367.4272117175,1417449.4070630681,9615
31656,Yarappana Bande,13.09434,77.68535,791188.9464109691,1449115.2534468465,9616
35035,Yarappana Bande,13.09432,77.68537,791191.1400946552,1449113.062570368,9617
31844,Yarappanahalli,13.08535,77.68716,791395.9241830271,1448122.1753941588,9618
31843,Yarappanahalli,13.08523,77.68714,791393.8950954741,1448108.8687008275,9619
35036,Yarappanahalli,13.21781,77.70255,792908.4475393737,1462803.1142264945,9620
35705,Yarappanahalli,13.2178,77.70269,792923.6431540331,1462802.1711227016,9621
22632,Yarayyanapalya,13.01157,77.67326,789973.7115644191,1439939.071388105,9622
22633,Yarayyanapalya,13.01149,77.67349,789998.7696039171,1439930.478217975,9623
35038,Yarthiganahalli,13.19304,77.67265,789694.9264306175,1460026.354070869,9624
31663,Yekashipura,13.2581,77.51453,772473.3290954735,1467050.1715807104,9625
35040,Yekashipura,13.25812,77.51457,772477.6436899231,1467052.4289491426,9626
22805,Yekashipura Cross,13.27006,77.50986,771953.684434219,1468368.8590819228,9627
22806,Yekashipura Cross,13.27012,77.50978,771944.944290044,1468375.412865453,9628
22808,Yelachagere,13.10383,77.34842,754623.9827109519,1449801.4802429266,9629
22925,Yelahanka 5th Phase,13.10575,77.57251,778932.5581787641,1450250.8375251514,9630
22819,Yelahanka Bakery,13.10329,77.57689,779410.5412281591,1449983.3898830006,9631
22820,Yelahanka Bakery,13.10345,77.57685,779406.0207124886,1450001.0557167835,9632
22641,Yelahanka Old Town,13.10063,77.59453,781327.4371703863,1449708.5501345522,9633
22640,Yelahanka Old Town,13.10091,77.59436,781308.6742014773,1449739.3537737357,9634
22844,Yelahanka Police Station,13.09462,77.59425,781303.8882580688,1449042.9939783786,9635
22845,Yelahanka Police Station,13.09478,77.59442,781322.1515428771,1449060.8936558897,9636
28074,Yelahanka RTO Office,13.15117,77.55614,777105.5434309854,1455260.194138577,9637
34438,Yelahanka RTO Office,13.15113,77.55618,777109.927313041,1455255.8107335665,9638
22645_ST,Yelahanka Santhe Circle,13.100964,77.59479,781355.2668753145,1449745.8102198374,9639
22642,Yelahanka Santhe Circle,13.09844,77.5968,781576.2195561344,1449468.6703541437,9640
22643,Yelahanka Santhe Circle,13.09919,77.59731,781630.7006312861,1449552.2565052134,9641
22644,Yelahanka Santhe Circle,13.0992,77.59712,781610.0744785734,1449553.151469932,9642
22645,Yelahanka Santhe Circle,13.09852,77.59698,781595.6583725319,1449477.7262779903,9643
22645_PF1,Yelahanka Santhe Circle - Platform 1,13.101021,77.5948,781356.2870416329,1449752.1306728192,9644
22645_PF3,Yelahanka Santhe Circle - Platform 3,13.100905,77.594765,781352.6215143309,1449739.2516699934,9645
22646,Yelahanka Satellite Town,13.0958,77.57921,779670.7151268215,1449156.9034054473,9646
22821,Yelahanka Satellite Town,13.09596,77.5791,779658.599492681,1449174.491726219,9647
22822,Yelenahalli,12.86791,77.61622,783945.2450341107,1423972.924499685,9648
22823,Yelenahalli,12.86787,77.61623,783946.3761012128,1423968.507961511,9649
22824,Yeliyur,13.25947,77.7653,799663.128026433,1467489.371755902,9650
22825,Yeliyur,13.25947,77.7653,799663.128026433,1467489.371755902,9651
36671,Yeliyur Cross,13.25277,77.76266,799385.0504420198,1466744.4826003443,9652
36672,Yeliyur Cross,13.25271,77.76262,799380.7861562211,1466737.7923557078,9653
22832,Yennigere,13.09561,77.30072,749457.9261086032,1448844.1707783248,9654
22835,Yeshawanthapura,13.01888,77.55766,777418.5054260094,1440619.1412864472,9655
22836,Yeshawanthapura,13.01878,77.55758,777409.934328003,1440607.9853048385,9656
22706,Yeshawanthapura ACP Office,13.01782,77.558,777456.5867130898,1440502.185313134,9657
21289,Yeshawanthapura ACP Office,13.01792,77.55812,777469.4990932022,1440513.3849955848,9658
21690,Yeshawanthapura Ayyappa Temple,13.02164,77.56317,778013.4310350183,1440930.6603711625,9659
21691,Yeshawanthapura Ayyappa Temple,13.02162,77.56312,778008.0268553675,1440928.391904772,9660
21288_ST,Yeshawanthapura Bus Station,13.017959,77.55656,777300.1467729788,1440515.9983559018,9661
21288,Yeshawanthapura Bus Station,13.01801,77.55662,777306.6018716319,1440521.7088402302,9662
24016,Yeshawanthapura Bus Station,13.01771,77.55657,777301.5092862204,1440488.4484481963,9663
21288_PF1,Yeshawanthapura Bus Station - Platform 1,13.017886,77.556755,777321.3916464233,1440508.1311419725,9664
21288_PF2,Yeshawanthapura Bus Station - Platform 2,13.017938,77.55665,777309.93796701,1440513.7721936828,9665
21288_PF3,Yeshawanthapura Bus Station - Platform 3,13.017996,77.55656,777300.1055822561,1440520.093739338,9666
21288_PF4,Yeshawanthapura Bus Station - Platform 4,13.01804,77.55647,777290.2887876097,1440524.8656832194,9667
36187,Yeshawanthapura Circle,13.0186,77.55827,777485.0212624338,1440588.815436961,9668
23334,Yeshawanthapura Market,13.01991,77.55553,777186.1883491348,1440730.8225642196,9669
24273,Yeshawanthapura Market,13.02003,77.55568,777202.3343355387,1440744.2685820758,9670
37921,Yeshawanthapura Market,13.02014,77.55559,777192.4441771158,1440756.3458177224,9671
27453,Yeshawanthapura New Railway Station,13.02349,77.55066,776653.6691252651,1441121.7674776525,9672
27535,Yeshawanthapura Railway Station,13.0216,77.55331,776943.371772774,1440915.4599434556,9673
22564,Yeshawanthapura Tollgate,13.01788,77.56092,777773.4319416995,1440512.0175309067,9674
22647,Yeshawanthapura Tollgate,13.0179,77.56099,777781.006852858,1440514.3078011572,9675
22840,Yettu Kodi,12.92116,77.85567,809886.468125836,1430145.0119321186,9676
22841,Yettu Kodi,12.92118,77.85556,809874.4976853665,1430147.0928903143,9677
22851,Yoga Gangothri Trust,12.80137,77.30082,749761.9368737924,1416281.730433234,9678
40469,Zudio R T Nagara,13.01683,77.59162,781106.5744865248,1440429.5650810455,9679
28547,lnoorDoddy,12.71708,77.52504,774206.3318699822,1407179.7430517909,9680
